system:time_start,precipitation
Jan 1, 1981,0
Jan 2, 1981,0
Jan 3, 1981,0
Jan 4, 1981,0
Jan 5, 1981,0
Jan 6, 1981,0
Jan 7, 1981,0
Jan 8, 1981,0
Jan 9, 1981,7.814
Jan 10, 1981,0
Jan 11, 1981,0
Jan 12, 1981,0
Jan 13, 1981,0
Jan 14, 1981,0
Jan 15, 1981,0
Jan 16, 1981,0
Jan 17, 1981,0
Jan 18, 1981,0
Jan 19, 1981,0
Jan 20, 1981,0
Jan 21, 1981,0
Jan 22, 1981,0
Jan 23, 1981,0
Jan 24, 1981,0
Jan 25, 1981,0
Jan 26, 1981,0
Jan 27, 1981,0
Jan 28, 1981,0
Jan 29, 1981,0
Jan 30, 1981,0
Jan 31, 1981,17.976
Feb 1, 1981,0
Feb 2, 1981,9.074
Feb 3, 1981,0
Feb 4, 1981,0
Feb 5, 1981,0
Feb 6, 1981,0
Feb 7, 1981,4.927
Feb 8, 1981,0
Feb 9, 1981,0
Feb 10, 1981,0
Feb 11, 1981,4.654
Feb 12, 1981,0
Feb 13, 1981,2.327
Feb 14, 1981,2.327
Feb 15, 1981,0
Feb 16, 1981,0
Feb 17, 1981,0
Feb 18, 1981,0
Feb 19, 1981,3.882
Feb 20, 1981,11.645
Feb 21, 1981,8.567
Feb 22, 1981,5.712
Feb 23, 1981,6.527
Feb 24, 1981,5.712
Feb 25, 1981,0
Feb 26, 1981,0
Feb 27, 1981,2.391
Feb 28, 1981,2.391
Mar 1, 1981,3.793
Mar 2, 1981,0
Mar 3, 1981,18.967
Mar 4, 1981,0
Mar 5, 1981,3.793
Mar 6, 1981,12.182
Mar 7, 1981,9.282
Mar 8, 1981,12.182
Mar 9, 1981,4.641
Mar 10, 1981,13.923
Mar 11, 1981,3.931
Mar 12, 1981,13.476
Mar 13, 1981,13.476
Mar 14, 1981,3.931
Mar 15, 1981,0
Mar 16, 1981,0
Mar 17, 1981,10.099
Mar 18, 1981,0
Mar 19, 1981,0
Mar 20, 1981,0
Mar 21, 1981,0
Mar 22, 1981,0
Mar 23, 1981,0
Mar 24, 1981,0
Mar 25, 1981,0
Mar 26, 1981,3.518
Mar 27, 1981,0
Mar 28, 1981,3.518
Mar 29, 1981,7.036
Mar 30, 1981,3.518
Mar 31, 1981,0
Apr 1, 1981,0
Apr 2, 1981,0
Apr 3, 1981,4.514
Apr 4, 1981,4.514
Apr 5, 1981,13.543
Apr 6, 1981,0
Apr 7, 1981,13.908
Apr 8, 1981,5.563
Apr 9, 1981,5.563
Apr 10, 1981,0
Apr 11, 1981,4.623
Apr 12, 1981,15.851
Apr 13, 1981,9.246
Apr 14, 1981,9.246
Apr 15, 1981,18.493
Apr 16, 1981,21.373
Apr 17, 1981,0
Apr 18, 1981,21.373
Apr 19, 1981,21.373
Apr 20, 1981,0
Apr 21, 1981,7.529
Apr 22, 1981,7.529
Apr 23, 1981,7.529
Apr 24, 1981,15.058
Apr 25, 1981,0
Apr 26, 1981,14.449
Apr 27, 1981,33.714
Apr 28, 1981,0
Apr 29, 1981,4.816
Apr 30, 1981,4.816
May 1, 1981,0
May 2, 1981,0
May 3, 1981,0
May 4, 1981,0
May 5, 1981,20.74
May 6, 1981,14.866
May 7, 1981,0
May 8, 1981,22.3
May 9, 1981,22.3
May 10, 1981,14.866
May 11, 1981,12.521
May 12, 1981,0
May 13, 1981,0
May 14, 1981,25.042
May 15, 1981,6.26
May 16, 1981,14.694
May 17, 1981,7.347
May 18, 1981,3.673
May 19, 1981,0
May 20, 1981,3.673
May 21, 1981,9.185
May 22, 1981,0
May 23, 1981,18.369
May 24, 1981,9.185
May 25, 1981,18.369
May 26, 1981,4.155
May 27, 1981,14.245
May 28, 1981,16.619
May 29, 1981,12.464
May 30, 1981,9.497
May 31, 1981,16.619
Jun 1, 1981,5.854
Jun 2, 1981,11.709
Jun 3, 1981,0
Jun 4, 1981,0
Jun 5, 1981,11.709
Jun 6, 1981,9.434
Jun 7, 1981,9.434
Jun 8, 1981,18.869
Jun 9, 1981,28.303
Jun 10, 1981,0
Jun 11, 1981,6.398
Jun 12, 1981,0
Jun 13, 1981,25.59
Jun 14, 1981,6.398
Jun 15, 1981,6.398
Jun 16, 1981,15.597
Jun 17, 1981,7.799
Jun 18, 1981,11.698
Jun 19, 1981,0
Jun 20, 1981,0
Jun 21, 1981,3.13
Jun 22, 1981,0
Jun 23, 1981,4.695
Jun 24, 1981,1.788
Jun 25, 1981,6.26
Jun 26, 1981,0
Jun 27, 1981,0
Jun 28, 1981,0
Jun 29, 1981,17.962
Jun 30, 1981,14.37
Jul 1, 1981,0
Jul 2, 1981,6.265
Jul 3, 1981,0
Jul 4, 1981,12.53
Jul 5, 1981,6.265
Jul 6, 1981,0
Jul 7, 1981,6.06
Jul 8, 1981,6.06
Jul 9, 1981,12.12
Jul 10, 1981,24.241
Jul 11, 1981,2.76
Jul 12, 1981,6.308
Jul 13, 1981,2.76
Jul 14, 1981,2.76
Jul 15, 1981,5.52
Jul 16, 1981,0
Jul 17, 1981,11.989
Jul 18, 1981,3.996
Jul 19, 1981,11.989
Jul 20, 1981,3.996
Jul 21, 1981,3.235
Jul 22, 1981,0
Jul 23, 1981,0
Jul 24, 1981,0
Jul 25, 1981,0
Jul 26, 1981,0
Jul 27, 1981,0
Jul 28, 1981,0
Jul 29, 1981,0
Jul 30, 1981,2.606
Jul 31, 1981,0
Aug 1, 1981,0
Aug 2, 1981,0
Aug 3, 1981,5.015
Aug 4, 1981,0
Aug 5, 1981,0
Aug 6, 1981,6.583
Aug 7, 1981,6.583
Aug 8, 1981,19.749
Aug 9, 1981,0
Aug 10, 1981,0
Aug 11, 1981,3.013
Aug 12, 1981,15.063
Aug 13, 1981,9.038
Aug 14, 1981,6.025
Aug 15, 1981,0
Aug 16, 1981,0
Aug 17, 1981,5.431
Aug 18, 1981,0
Aug 19, 1981,9.505
Aug 20, 1981,0
Aug 21, 1981,8.268
Aug 22, 1981,16.536
Aug 23, 1981,8.268
Aug 24, 1981,12.402
Aug 25, 1981,12.402
Aug 26, 1981,10.011
Aug 27, 1981,10.011
Aug 28, 1981,0
Aug 29, 1981,20.022
Aug 30, 1981,20.022
Aug 31, 1981,10.011
Sep 1, 1981,20.115
Sep 2, 1981,6.705
Sep 3, 1981,7.663
Sep 4, 1981,15.326
Sep 5, 1981,0
Sep 6, 1981,21.64
Sep 7, 1981,0
Sep 8, 1981,10.82
Sep 9, 1981,5.41
Sep 10, 1981,5.41
Sep 11, 1981,9.913
Sep 12, 1981,4.956
Sep 13, 1981,4.956
Sep 14, 1981,0
Sep 15, 1981,4.956
Sep 16, 1981,6.631
Sep 17, 1981,7.578
Sep 18, 1981,0
Sep 19, 1981,0
Sep 20, 1981,0
Sep 21, 1981,0
Sep 22, 1981,4.614
Sep 23, 1981,0
Sep 24, 1981,0
Sep 25, 1981,2.307
Sep 26, 1981,0
Sep 27, 1981,0
Sep 28, 1981,6.17
Sep 29, 1981,6.17
Sep 30, 1981,12.34
Oct 1, 1981,14.824
Oct 2, 1981,2.965
Oct 3, 1981,2.965
Oct 4, 1981,0
Oct 5, 1981,0
Oct 6, 1981,12.112
Oct 7, 1981,48.45
Oct 8, 1981,0
Oct 9, 1981,0
Oct 10, 1981,0
Oct 11, 1981,8.184
Oct 12, 1981,16.368
Oct 13, 1981,16.368
Oct 14, 1981,8.184
Oct 15, 1981,16.368
Oct 16, 1981,11.999
Oct 17, 1981,0
Oct 18, 1981,23.998
Oct 19, 1981,0
Oct 20, 1981,0
Oct 21, 1981,7.171
Oct 22, 1981,14.342
Oct 23, 1981,7.171
Oct 24, 1981,14.342
Oct 25, 1981,7.171
Oct 26, 1981,0
Oct 27, 1981,23.541
Oct 28, 1981,0
Oct 29, 1981,11.771
Oct 30, 1981,23.541
Oct 31, 1981,0
Nov 1, 1981,19.517
Nov 2, 1981,0
Nov 3, 1981,0
Nov 4, 1981,0
Nov 5, 1981,0
Nov 6, 1981,3.709
Nov 7, 1981,14.607
Nov 8, 1981,5.367
Nov 9, 1981,4.183
Nov 10, 1981,4.709
Nov 11, 1981,0
Nov 12, 1981,18.995
Nov 13, 1981,18.995
Nov 14, 1981,0
Nov 15, 1981,0
Nov 16, 1981,0
Nov 17, 1981,14.461
Nov 18, 1981,0
Nov 19, 1981,0
Nov 20, 1981,14.461
Nov 21, 1981,18.415
Nov 22, 1981,9.208
Nov 23, 1981,0
Nov 24, 1981,9.208
Nov 25, 1981,9.208
Nov 26, 1981,0
Nov 27, 1981,0
Nov 28, 1981,42.315
Nov 29, 1981,0
Nov 30, 1981,0
Dec 1, 1981,0
Dec 2, 1981,3.429
Dec 3, 1981,3.479
Dec 4, 1981,5.117
Dec 5, 1981,9.974
Dec 6, 1981,4.096
Dec 7, 1981,5.056
Dec 8, 1981,2.273
Dec 9, 1981,3.976
Dec 10, 1981,5.978
Dec 11, 1981,0
Dec 12, 1981,0
Dec 13, 1981,0
Dec 14, 1981,4.738
Dec 15, 1981,9.476
Dec 16, 1981,0
Dec 17, 1981,0
Dec 18, 1981,13.98
Dec 19, 1981,0
Dec 20, 1981,0
Dec 21, 1981,8.66
Dec 22, 1981,4.33
Dec 23, 1981,0
Dec 24, 1981,0
Dec 25, 1981,8.66
Dec 26, 1981,0
Dec 27, 1981,0
Dec 28, 1981,0
Dec 29, 1981,18.518
Dec 30, 1981,3.704
Dec 31, 1981,7.407
Jan 1, 1982,0
Jan 2, 1982,0
Jan 3, 1982,0
Jan 4, 1982,42.658
Jan 5, 1982,0
Jan 6, 1982,0
Jan 7, 1982,0
Jan 8, 1982,0
Jan 9, 1982,0
Jan 10, 1982,0
Jan 11, 1982,0
Jan 12, 1982,0
Jan 13, 1982,0
Jan 14, 1982,7.811
Jan 15, 1982,0
Jan 16, 1982,0
Jan 17, 1982,0
Jan 18, 1982,0
Jan 19, 1982,0
Jan 20, 1982,0
Jan 21, 1982,0
Jan 22, 1982,0
Jan 23, 1982,0
Jan 24, 1982,0
Jan 25, 1982,0
Jan 26, 1982,0
Jan 27, 1982,0
Jan 28, 1982,0
Jan 29, 1982,22.928
Jan 30, 1982,0
Jan 31, 1982,22.928
Feb 1, 1982,0
Feb 2, 1982,13.605
Feb 3, 1982,0
Feb 4, 1982,0
Feb 5, 1982,13.605
Feb 6, 1982,18.167
Feb 7, 1982,9.083
Feb 8, 1982,0
Feb 9, 1982,18.167
Feb 10, 1982,0
Feb 11, 1982,0
Feb 12, 1982,0
Feb 13, 1982,0
Feb 14, 1982,0
Feb 15, 1982,30.36
Feb 16, 1982,0
Feb 17, 1982,0
Feb 18, 1982,0
Feb 19, 1982,0
Feb 20, 1982,0
Feb 21, 1982,9.514
Feb 22, 1982,0
Feb 23, 1982,0
Feb 24, 1982,9.514
Feb 25, 1982,0
Feb 26, 1982,0
Feb 27, 1982,7.555
Feb 28, 1982,10.074
Mar 1, 1982,21.544
Mar 2, 1982,0
Mar 3, 1982,0
Mar 4, 1982,0
Mar 5, 1982,0
Mar 6, 1982,0
Mar 7, 1982,0
Mar 8, 1982,0
Mar 9, 1982,0
Mar 10, 1982,0
Mar 11, 1982,0
Mar 12, 1982,0
Mar 13, 1982,0
Mar 14, 1982,0
Mar 15, 1982,20.713
Mar 16, 1982,10.644
Mar 17, 1982,0
Mar 18, 1982,0
Mar 19, 1982,21.287
Mar 20, 1982,0
Mar 21, 1982,0
Mar 22, 1982,0
Mar 23, 1982,4.666
Mar 24, 1982,18.664
Mar 25, 1982,4.666
Mar 26, 1982,14.263
Mar 27, 1982,7.131
Mar 28, 1982,0
Mar 29, 1982,7.131
Mar 30, 1982,14.263
Mar 31, 1982,14.263
Apr 1, 1982,6.286
Apr 2, 1982,11
Apr 3, 1982,16.5
Apr 4, 1982,16.5
Apr 5, 1982,11
Apr 6, 1982,18.829
Apr 7, 1982,12.552
Apr 8, 1982,12.552
Apr 9, 1982,0
Apr 10, 1982,12.552
Apr 11, 1982,19.073
Apr 12, 1982,19.073
Apr 13, 1982,0
Apr 14, 1982,0
Apr 15, 1982,0
Apr 16, 1982,5.872
Apr 17, 1982,11.744
Apr 18, 1982,5.872
Apr 19, 1982,5.872
Apr 20, 1982,11.744
Apr 21, 1982,6.8
Apr 22, 1982,6.8
Apr 23, 1982,13.601
Apr 24, 1982,3.4
Apr 25, 1982,0
Apr 26, 1982,20.177
Apr 27, 1982,20.177
Apr 28, 1982,25.222
Apr 29, 1982,5.044
Apr 30, 1982,5.044
May 1, 1982,9.512
May 2, 1982,14.268
May 3, 1982,4.756
May 4, 1982,19.024
May 5, 1982,4.756
May 6, 1982,5.038
May 7, 1982,5.038
May 8, 1982,5.038
May 9, 1982,0
May 10, 1982,30.226
May 11, 1982,3.23
May 12, 1982,0
May 13, 1982,9.689
May 14, 1982,9.689
May 15, 1982,3.23
May 16, 1982,11.634
May 17, 1982,0
May 18, 1982,29.084
May 19, 1982,17.45
May 20, 1982,0
May 21, 1982,31.327
May 22, 1982,10.442
May 23, 1982,10.442
May 24, 1982,5.221
May 25, 1982,15.664
May 26, 1982,5.178
May 27, 1982,5.178
May 28, 1982,5.178
May 29, 1982,15.533
May 30, 1982,10.356
May 31, 1982,5.178
Jun 1, 1982,4.281
Jun 2, 1982,0
Jun 3, 1982,4.281
Jun 4, 1982,4.281
Jun 5, 1982,2.854
Jun 6, 1982,12.641
Jun 7, 1982,9.481
Jun 8, 1982,9.481
Jun 9, 1982,3.16
Jun 10, 1982,9.481
Jun 11, 1982,5.876
Jun 12, 1982,0
Jun 13, 1982,0
Jun 14, 1982,5.876
Jun 15, 1982,0
Jun 16, 1982,0
Jun 17, 1982,6.553
Jun 18, 1982,1.638
Jun 19, 1982,0
Jun 20, 1982,5.617
Jun 21, 1982,4.455
Jun 22, 1982,2.227
Jun 23, 1982,2.227
Jun 24, 1982,15.591
Jun 25, 1982,0
Jun 26, 1982,0
Jun 27, 1982,0
Jun 28, 1982,1.252
Jun 29, 1982,0
Jun 30, 1982,1.252
Jul 1, 1982,0
Jul 2, 1982,7.542
Jul 3, 1982,0
Jul 4, 1982,0
Jul 5, 1982,7.542
Jul 6, 1982,0
Jul 7, 1982,4.36
Jul 8, 1982,0
Jul 9, 1982,0
Jul 10, 1982,4.36
Jul 11, 1982,13.958
Jul 12, 1982,11.964
Jul 13, 1982,13.958
Jul 14, 1982,3.489
Jul 15, 1982,0
Jul 16, 1982,0
Jul 17, 1982,0
Jul 18, 1982,0
Jul 19, 1982,0
Jul 20, 1982,11.656
Jul 21, 1982,0
Jul 22, 1982,0
Jul 23, 1982,5.151
Jul 24, 1982,0
Jul 25, 1982,0
Jul 26, 1982,3.496
Jul 27, 1982,3.995
Jul 28, 1982,3.496
Jul 29, 1982,0
Jul 30, 1982,10.488
Jul 31, 1982,0
Aug 1, 1982,0
Aug 2, 1982,7.62
Aug 3, 1982,3.81
Aug 4, 1982,0
Aug 5, 1982,0
Aug 6, 1982,5.206
Aug 7, 1982,15.619
Aug 8, 1982,10.413
Aug 9, 1982,0
Aug 10, 1982,5.206
Aug 11, 1982,0
Aug 12, 1982,0
Aug 13, 1982,3.883
Aug 14, 1982,0
Aug 15, 1982,7.766
Aug 16, 1982,3.178
Aug 17, 1982,1.589
Aug 18, 1982,1.589
Aug 19, 1982,1.589
Aug 20, 1982,1.589
Aug 21, 1982,3.331
Aug 22, 1982,1.11
Aug 23, 1982,0
Aug 24, 1982,1.11
Aug 25, 1982,2.221
Aug 26, 1982,0
Aug 27, 1982,1.539
Aug 28, 1982,3.078
Aug 29, 1982,1.539
Aug 30, 1982,0
Aug 31, 1982,3.078
Sep 1, 1982,2.211
Sep 2, 1982,0
Sep 3, 1982,0
Sep 4, 1982,4.422
Sep 5, 1982,2.211
Sep 6, 1982,0
Sep 7, 1982,0
Sep 8, 1982,0
Sep 9, 1982,4.141
Sep 10, 1982,8.282
Sep 11, 1982,19.262
Sep 12, 1982,11.557
Sep 13, 1982,7.705
Sep 14, 1982,11.557
Sep 15, 1982,0
Sep 16, 1982,8.015
Sep 17, 1982,4.007
Sep 18, 1982,4.007
Sep 19, 1982,12.022
Sep 20, 1982,0
Sep 21, 1982,7.152
Sep 22, 1982,0
Sep 23, 1982,0
Sep 24, 1982,14.304
Sep 25, 1982,14.304
Sep 26, 1982,6.795
Sep 27, 1982,5.946
Sep 28, 1982,11.891
Sep 29, 1982,11.891
Sep 30, 1982,0
Oct 1, 1982,15.435
Oct 2, 1982,0
Oct 3, 1982,0
Oct 4, 1982,5.145
Oct 5, 1982,10.29
Oct 6, 1982,8.621
Oct 7, 1982,8.621
Oct 8, 1982,17.242
Oct 9, 1982,0
Oct 10, 1982,8.621
Oct 11, 1982,0
Oct 12, 1982,18.574
Oct 13, 1982,0
Oct 14, 1982,6.191
Oct 15, 1982,12.382
Oct 16, 1982,8.404
Oct 17, 1982,10.898
Oct 18, 1982,19.677
Oct 19, 1982,0
Oct 20, 1982,16.261
Oct 21, 1982,9.038
Oct 22, 1982,18.077
Oct 23, 1982,18.077
Oct 24, 1982,9.038
Oct 25, 1982,18.077
Oct 26, 1982,19.016
Oct 27, 1982,6.339
Oct 28, 1982,6.339
Oct 29, 1982,0
Oct 30, 1982,6.339
Oct 31, 1982,0
Nov 1, 1982,20.837
Nov 2, 1982,31.255
Nov 3, 1982,0
Nov 4, 1982,0
Nov 5, 1982,0
Nov 6, 1982,8.057
Nov 7, 1982,4.028
Nov 8, 1982,0
Nov 9, 1982,0
Nov 10, 1982,8.057
Nov 11, 1982,8.025
Nov 12, 1982,0
Nov 13, 1982,0
Nov 14, 1982,0
Nov 15, 1982,8.025
Nov 16, 1982,9.437
Nov 17, 1982,2.359
Nov 18, 1982,7.078
Nov 19, 1982,0
Nov 20, 1982,11.796
Nov 21, 1982,0
Nov 22, 1982,0
Nov 23, 1982,0
Nov 24, 1982,0
Nov 25, 1982,18.831
Nov 26, 1982,15.773
Nov 27, 1982,0
Nov 28, 1982,13.802
Nov 29, 1982,0
Nov 30, 1982,0
Dec 1, 1982,0
Dec 2, 1982,0
Dec 3, 1982,1.726
Dec 4, 1982,3.452
Dec 5, 1982,5.918
Dec 6, 1982,4.054
Dec 7, 1982,4.054
Dec 8, 1982,12.162
Dec 9, 1982,16.216
Dec 10, 1982,0
Dec 11, 1982,27.303
Dec 12, 1982,0
Dec 13, 1982,0
Dec 14, 1982,0
Dec 15, 1982,0
Dec 16, 1982,0
Dec 17, 1982,0
Dec 18, 1982,0
Dec 19, 1982,0
Dec 20, 1982,17.764
Dec 21, 1982,0
Dec 22, 1982,6.812
Dec 23, 1982,5.961
Dec 24, 1982,11.921
Dec 25, 1982,0
Dec 26, 1982,0
Dec 27, 1982,0
Dec 28, 1982,0
Dec 29, 1982,0
Dec 30, 1982,0
Dec 31, 1982,0
Jan 1, 1983,0
Jan 2, 1983,0
Jan 3, 1983,0
Jan 4, 1983,0
Jan 5, 1983,0
Jan 6, 1983,0
Jan 7, 1983,0
Jan 8, 1983,35.151
Jan 9, 1983,0
Jan 10, 1983,0
Jan 11, 1983,0
Jan 12, 1983,0
Jan 13, 1983,0
Jan 14, 1983,0
Jan 15, 1983,0
Jan 16, 1983,0
Jan 17, 1983,0
Jan 18, 1983,0
Jan 19, 1983,0
Jan 20, 1983,0
Jan 21, 1983,0
Jan 22, 1983,0
Jan 23, 1983,0
Jan 24, 1983,0
Jan 25, 1983,0
Jan 26, 1983,0
Jan 27, 1983,0
Jan 28, 1983,0
Jan 29, 1983,0
Jan 30, 1983,0
Jan 31, 1983,0
Feb 1, 1983,0
Feb 2, 1983,0
Feb 3, 1983,0
Feb 4, 1983,6.217
Feb 5, 1983,12.502
Feb 6, 1983,11.247
Feb 7, 1983,9.724
Feb 8, 1983,0
Feb 9, 1983,0
Feb 10, 1983,0
Feb 11, 1983,0
Feb 12, 1983,0
Feb 13, 1983,0
Feb 14, 1983,0
Feb 15, 1983,0
Feb 16, 1983,0
Feb 17, 1983,0
Feb 18, 1983,0
Feb 19, 1983,0
Feb 20, 1983,0
Feb 21, 1983,8.742
Feb 22, 1983,0
Feb 23, 1983,0
Feb 24, 1983,0
Feb 25, 1983,7.025
Feb 26, 1983,0
Feb 27, 1983,0
Feb 28, 1983,0
Mar 1, 1983,0
Mar 2, 1983,10.351
Mar 3, 1983,20.703
Mar 4, 1983,5.915
Mar 5, 1983,5.915
Mar 6, 1983,19.111
Mar 7, 1983,21.408
Mar 8, 1983,0
Mar 9, 1983,0
Mar 10, 1983,0
Mar 11, 1983,3.883
Mar 12, 1983,3.883
Mar 13, 1983,0
Mar 14, 1983,0
Mar 15, 1983,0
Mar 16, 1983,0
Mar 17, 1983,0
Mar 18, 1983,0
Mar 19, 1983,0
Mar 20, 1983,0
Mar 21, 1983,0
Mar 22, 1983,0
Mar 23, 1983,0
Mar 24, 1983,13.307
Mar 25, 1983,0
Mar 26, 1983,8.517
Mar 27, 1983,8.517
Mar 28, 1983,0
Mar 29, 1983,17.034
Mar 30, 1983,8.517
Mar 31, 1983,8.517
Apr 1, 1983,4.502
Apr 2, 1983,4.545
Apr 3, 1983,0
Apr 4, 1983,2.819
Apr 5, 1983,3.748
Apr 6, 1983,0
Apr 7, 1983,39.79
Apr 8, 1983,0
Apr 9, 1983,20.647
Apr 10, 1983,0
Apr 11, 1983,15.075
Apr 12, 1983,3.627
Apr 13, 1983,11.384
Apr 14, 1983,3.54
Apr 15, 1983,3.125
Apr 16, 1983,14.917
Apr 17, 1983,8.524
Apr 18, 1983,7.459
Apr 19, 1983,7.459
Apr 20, 1983,14.917
Apr 21, 1983,19.454
Apr 22, 1983,3.891
Apr 23, 1983,0
Apr 24, 1983,13.618
Apr 25, 1983,0
Apr 26, 1983,18.274
Apr 27, 1983,18.274
Apr 28, 1983,20.885
Apr 29, 1983,6.091
Apr 30, 1983,12.183
May 1, 1983,8.075
May 2, 1983,5.383
May 3, 1983,10.767
May 4, 1983,5.383
May 5, 1983,8.075
May 6, 1983,3.559
May 7, 1983,8.134
May 8, 1983,7.117
May 9, 1983,3.559
May 10, 1983,7.117
May 11, 1983,0
May 12, 1983,0
May 13, 1983,0
May 14, 1983,12.507
May 15, 1983,14.6
May 16, 1983,6.965
May 17, 1983,0
May 18, 1983,6.965
May 19, 1983,13.93
May 20, 1983,13.93
May 21, 1983,0
May 22, 1983,0
May 23, 1983,0
May 24, 1983,17.277
May 25, 1983,8.639
May 26, 1983,9.391
May 27, 1983,6.261
May 28, 1983,10.956
May 29, 1983,5.478
May 30, 1983,8.217
May 31, 1983,0
Jun 1, 1983,11.943
Jun 2, 1983,5.972
Jun 3, 1983,14.929
Jun 4, 1983,8.958
Jun 5, 1983,2.986
Jun 6, 1983,3.173
Jun 7, 1983,3.173
Jun 8, 1983,9.518
Jun 9, 1983,0
Jun 10, 1983,6.345
Jun 11, 1983,11.236
Jun 12, 1983,6.742
Jun 13, 1983,2.247
Jun 14, 1983,0
Jun 15, 1983,0
Jun 16, 1983,2.204
Jun 17, 1983,0
Jun 18, 1983,0
Jun 19, 1983,1.102
Jun 20, 1983,3.306
Jun 21, 1983,7.391
Jun 22, 1983,0
Jun 23, 1983,0
Jun 24, 1983,0
Jun 25, 1983,0
Jun 26, 1983,6.448
Jun 27, 1983,3.224
Jun 28, 1983,0
Jun 29, 1983,6.448
Jun 30, 1983,0
Jul 1, 1983,3.497
Jul 2, 1983,3.497
Jul 3, 1983,10.49
Jul 4, 1983,0
Jul 5, 1983,10.49
Jul 6, 1983,0
Jul 7, 1983,0
Jul 8, 1983,18.67
Jul 9, 1983,12.447
Jul 10, 1983,12.447
Jul 11, 1983,10.298
Jul 12, 1983,3.433
Jul 13, 1983,0
Jul 14, 1983,0
Jul 15, 1983,3.433
Jul 16, 1983,0
Jul 17, 1983,0
Jul 18, 1983,7.071
Jul 19, 1983,8.081
Jul 20, 1983,7.071
Jul 21, 1983,1.654
Jul 22, 1983,4.963
Jul 23, 1983,9.453
Jul 24, 1983,1.891
Jul 25, 1983,0
Jul 26, 1983,0
Jul 27, 1983,4.527
Jul 28, 1983,0
Jul 29, 1983,0
Jul 30, 1983,9.055
Jul 31, 1983,0
Aug 1, 1983,9.784
Aug 2, 1983,6.523
Aug 3, 1983,0
Aug 4, 1983,3.261
Aug 5, 1983,6.523
Aug 6, 1983,4.509
Aug 7, 1983,9.018
Aug 8, 1983,0
Aug 9, 1983,0
Aug 10, 1983,13.527
Aug 11, 1983,0
Aug 12, 1983,3.09
Aug 13, 1983,0
Aug 14, 1983,3.09
Aug 15, 1983,0
Aug 16, 1983,0.938
Aug 17, 1983,1.877
Aug 18, 1983,1.877
Aug 19, 1983,3.754
Aug 20, 1983,0
Aug 21, 1983,4.264
Aug 22, 1983,4.264
Aug 23, 1983,2.132
Aug 24, 1983,8.529
Aug 25, 1983,0
Aug 26, 1983,15.441
Aug 27, 1983,5.147
Aug 28, 1983,5.147
Aug 29, 1983,10.294
Aug 30, 1983,15.441
Aug 31, 1983,0
Sep 1, 1983,10.859
Sep 2, 1983,10.859
Sep 3, 1983,0
Sep 4, 1983,0
Sep 5, 1983,0
Sep 6, 1983,14.058
Sep 7, 1983,8.201
Sep 8, 1983,0
Sep 9, 1983,0
Sep 10, 1983,12.301
Sep 11, 1983,0
Sep 12, 1983,0
Sep 13, 1983,0
Sep 14, 1983,16.174
Sep 15, 1983,0
Sep 16, 1983,7.2
Sep 17, 1983,14.399
Sep 18, 1983,7.2
Sep 19, 1983,0
Sep 20, 1983,14.399
Sep 21, 1983,8.61
Sep 22, 1983,8.61
Sep 23, 1983,0
Sep 24, 1983,8.61
Sep 25, 1983,0
Sep 26, 1983,0
Sep 27, 1983,0
Sep 28, 1983,0
Sep 29, 1983,0
Sep 30, 1983,6.098
Oct 1, 1983,0
Oct 2, 1983,8.841
Oct 3, 1983,4.42
Oct 4, 1983,8.841
Oct 5, 1983,0
Oct 6, 1983,0
Oct 7, 1983,0
Oct 8, 1983,0
Oct 9, 1983,7.83
Oct 10, 1983,15.661
Oct 11, 1983,0
Oct 12, 1983,6.994
Oct 13, 1983,13.989
Oct 14, 1983,13.989
Oct 15, 1983,13.989
Oct 16, 1983,4.64
Oct 17, 1983,0
Oct 18, 1983,4.64
Oct 19, 1983,4.64
Oct 20, 1983,23.2
Oct 21, 1983,8.589
Oct 22, 1983,0
Oct 23, 1983,8.589
Oct 24, 1983,0
Oct 25, 1983,25.766
Oct 26, 1983,6.214
Oct 27, 1983,0
Oct 28, 1983,6.214
Oct 29, 1983,12.429
Oct 30, 1983,6.214
Oct 31, 1983,6.214
Nov 1, 1983,4.613
Nov 2, 1983,13.84
Nov 3, 1983,0
Nov 4, 1983,9.227
Nov 5, 1983,0
Nov 6, 1983,0
Nov 7, 1983,0
Nov 8, 1983,16.867
Nov 9, 1983,0
Nov 10, 1983,5.622
Nov 11, 1983,8.182
Nov 12, 1983,0
Nov 13, 1983,8.182
Nov 14, 1983,8.182
Nov 15, 1983,8.182
Nov 16, 1983,6.093
Nov 17, 1983,6.093
Nov 18, 1983,12.186
Nov 19, 1983,0
Nov 20, 1983,6.093
Nov 21, 1983,10.445
Nov 22, 1983,5.222
Nov 23, 1983,5.222
Nov 24, 1983,10.445
Nov 25, 1983,5.222
Nov 26, 1983,5.082
Nov 27, 1983,15.246
Nov 28, 1983,5.082
Nov 29, 1983,0
Nov 30, 1983,10.164
Dec 1, 1983,0
Dec 2, 1983,0
Dec 3, 1983,0
Dec 4, 1983,0
Dec 5, 1983,0
Dec 6, 1983,0
Dec 7, 1983,0
Dec 8, 1983,0
Dec 9, 1983,0
Dec 10, 1983,0
Dec 11, 1983,0
Dec 12, 1983,9.804
Dec 13, 1983,8.676
Dec 14, 1983,0
Dec 15, 1983,0
Dec 16, 1983,34.176
Dec 17, 1983,11.392
Dec 18, 1983,22.784
Dec 19, 1983,22.784
Dec 20, 1983,0
Dec 21, 1983,0
Dec 22, 1983,0
Dec 23, 1983,0
Dec 24, 1983,0
Dec 25, 1983,0
Dec 26, 1983,8.801
Dec 27, 1983,17.602
Dec 28, 1983,0
Dec 29, 1983,8.801
Dec 30, 1983,8.801
Dec 31, 1983,8.801
Jan 1, 1984,0
Jan 2, 1984,0
Jan 3, 1984,0
Jan 4, 1984,0
Jan 5, 1984,42.065
Jan 6, 1984,0
Jan 7, 1984,0
Jan 8, 1984,0
Jan 9, 1984,0
Jan 10, 1984,0
Jan 11, 1984,0
Jan 12, 1984,0
Jan 13, 1984,0
Jan 14, 1984,0
Jan 15, 1984,15.113
Jan 16, 1984,0
Jan 17, 1984,0
Jan 18, 1984,0
Jan 19, 1984,15.594
Jan 20, 1984,38.985
Jan 21, 1984,0
Jan 22, 1984,0
Jan 23, 1984,0
Jan 24, 1984,0
Jan 25, 1984,0
Jan 26, 1984,0
Jan 27, 1984,0
Jan 28, 1984,0
Jan 29, 1984,0
Jan 30, 1984,0
Jan 31, 1984,0
Feb 1, 1984,0
Feb 2, 1984,0
Feb 3, 1984,0
Feb 4, 1984,0
Feb 5, 1984,24.691
Feb 6, 1984,9.961
Feb 7, 1984,9.961
Feb 8, 1984,0
Feb 9, 1984,0
Feb 10, 1984,0
Feb 11, 1984,0
Feb 12, 1984,0
Feb 13, 1984,5.387
Feb 14, 1984,10.775
Feb 15, 1984,0
Feb 16, 1984,3.668
Feb 17, 1984,0
Feb 18, 1984,0
Feb 19, 1984,7.336
Feb 20, 1984,0
Feb 21, 1984,0
Feb 22, 1984,9.165
Feb 23, 1984,0
Feb 24, 1984,9.165
Feb 25, 1984,0
Feb 26, 1984,0
Feb 27, 1984,0
Feb 28, 1984,8.023
Feb 29, 1984,0
Mar 1, 1984,7.321
Mar 2, 1984,0
Mar 3, 1984,14.641
Mar 4, 1984,0
Mar 5, 1984,21.962
Mar 6, 1984,0
Mar 7, 1984,0
Mar 8, 1984,0
Mar 9, 1984,0
Mar 10, 1984,0
Mar 11, 1984,0
Mar 12, 1984,0
Mar 13, 1984,0
Mar 14, 1984,0
Mar 15, 1984,0
Mar 16, 1984,0
Mar 17, 1984,0
Mar 18, 1984,0
Mar 19, 1984,0
Mar 20, 1984,0
Mar 21, 1984,0
Mar 22, 1984,0
Mar 23, 1984,0
Mar 24, 1984,0
Mar 25, 1984,0
Mar 26, 1984,0
Mar 27, 1984,0
Mar 28, 1984,0
Mar 29, 1984,0
Mar 30, 1984,25.687
Mar 31, 1984,12.843
Apr 1, 1984,4.25
Apr 2, 1984,2.125
Apr 3, 1984,0
Apr 4, 1984,0
Apr 5, 1984,2.125
Apr 6, 1984,0
Apr 7, 1984,0
Apr 8, 1984,4.483
Apr 9, 1984,0
Apr 10, 1984,8.967
Apr 11, 1984,4.083
Apr 12, 1984,12.25
Apr 13, 1984,0
Apr 14, 1984,8.166
Apr 15, 1984,8.166
Apr 16, 1984,0
Apr 17, 1984,11.486
Apr 18, 1984,0
Apr 19, 1984,0
Apr 20, 1984,0
Apr 21, 1984,0
Apr 22, 1984,11.587
Apr 23, 1984,11.587
Apr 24, 1984,0
Apr 25, 1984,34.76
Apr 26, 1984,0
Apr 27, 1984,26.341
Apr 28, 1984,6.585
Apr 29, 1984,13.171
Apr 30, 1984,0
May 1, 1984,0
May 2, 1984,4.07
May 3, 1984,0
May 4, 1984,8.141
May 5, 1984,4.07
May 6, 1984,6.319
May 7, 1984,6.319
May 8, 1984,0
May 9, 1984,12.639
May 10, 1984,6.319
May 11, 1984,32.271
May 12, 1984,19.362
May 13, 1984,19.362
May 14, 1984,6.454
May 15, 1984,0
May 16, 1984,0
May 17, 1984,8.044
May 18, 1984,24.133
May 19, 1984,8.044
May 20, 1984,0
May 21, 1984,15.259
May 22, 1984,15.259
May 23, 1984,0
May 24, 1984,0
May 25, 1984,0
May 26, 1984,16.169
May 27, 1984,8.085
May 28, 1984,0
May 29, 1984,8.085
May 30, 1984,8.085
May 31, 1984,16.169
Jun 1, 1984,23.101
Jun 2, 1984,0
Jun 3, 1984,0
Jun 4, 1984,9.24
Jun 5, 1984,9.24
Jun 6, 1984,0
Jun 7, 1984,17.65
Jun 8, 1984,29.416
Jun 9, 1984,0
Jun 10, 1984,5.883
Jun 11, 1984,0
Jun 12, 1984,13.594
Jun 13, 1984,0
Jun 14, 1984,0
Jun 15, 1984,13.594
Jun 16, 1984,0
Jun 17, 1984,5.123
Jun 18, 1984,7.347
Jun 19, 1984,3.654
Jun 20, 1984,3.415
Jun 21, 1984,0
Jun 22, 1984,10.203
Jun 23, 1984,8.053
Jun 24, 1984,12.118
Jun 25, 1984,26.7
Jun 26, 1984,4.405
Jun 27, 1984,4.405
Jun 28, 1984,13.216
Jun 29, 1984,13.216
Jun 30, 1984,8.811
Jul 1, 1984,11.371
Jul 2, 1984,11.371
Jul 3, 1984,0
Jul 4, 1984,5.685
Jul 5, 1984,2.843
Jul 6, 1984,22.801
Jul 7, 1984,5.7
Jul 8, 1984,11.401
Jul 9, 1984,0
Jul 10, 1984,0
Jul 11, 1984,9.926
Jul 12, 1984,5.652
Jul 13, 1984,5.533
Jul 14, 1984,8.121
Jul 15, 1984,5.984
Jul 16, 1984,4.969
Jul 17, 1984,0
Jul 18, 1984,2.485
Jul 19, 1984,2.485
Jul 20, 1984,2.485
Jul 21, 1984,5.608
Jul 22, 1984,0
Jul 23, 1984,0
Jul 24, 1984,5.608
Jul 25, 1984,5.608
Jul 26, 1984,0
Jul 27, 1984,0
Jul 28, 1984,8.251
Jul 29, 1984,4.125
Jul 30, 1984,0
Jul 31, 1984,12.376
Aug 1, 1984,0
Aug 2, 1984,2.136
Aug 3, 1984,5.328
Aug 4, 1984,10.6
Aug 5, 1984,2.529
Aug 6, 1984,10.049
Aug 7, 1984,9.856
Aug 8, 1984,0
Aug 9, 1984,10.822
Aug 10, 1984,0
Aug 11, 1984,7.331
Aug 12, 1984,8.378
Aug 13, 1984,0
Aug 14, 1984,7.331
Aug 15, 1984,10.996
Aug 16, 1984,0
Aug 17, 1984,11.884
Aug 18, 1984,29.71
Aug 19, 1984,0
Aug 20, 1984,17.826
Aug 21, 1984,9.276
Aug 22, 1984,9.276
Aug 23, 1984,4.058
Aug 24, 1984,0
Aug 25, 1984,0
Aug 26, 1984,15.583
Aug 27, 1984,4.445
Aug 28, 1984,6.206
Aug 29, 1984,0
Aug 30, 1984,0
Aug 31, 1984,0
Sep 1, 1984,15.147
Sep 2, 1984,0
Sep 3, 1984,8.836
Sep 4, 1984,8.836
Sep 5, 1984,8.836
Sep 6, 1984,12.122
Sep 7, 1984,20.203
Sep 8, 1984,0
Sep 9, 1984,16.163
Sep 10, 1984,0
Sep 11, 1984,17.662
Sep 12, 1984,0
Sep 13, 1984,7.727
Sep 14, 1984,15.455
Sep 15, 1984,15.455
Sep 16, 1984,0
Sep 17, 1984,27.002
Sep 18, 1984,9.001
Sep 19, 1984,0
Sep 20, 1984,0
Sep 21, 1984,6.231
Sep 22, 1984,6.956
Sep 23, 1984,13.076
Sep 24, 1984,4.027
Sep 25, 1984,4.427
Sep 26, 1984,7.359
Sep 27, 1984,14.717
Sep 28, 1984,0
Sep 29, 1984,7.359
Sep 30, 1984,0
Oct 1, 1984,12.812
Oct 2, 1984,0
Oct 3, 1984,4.271
Oct 4, 1984,8.541
Oct 5, 1984,8.541
Oct 6, 1984,25.899
Oct 7, 1984,8.633
Oct 8, 1984,0
Oct 9, 1984,0
Oct 10, 1984,8.633
Oct 11, 1984,7.993
Oct 12, 1984,0
Oct 13, 1984,18.271
Oct 14, 1984,0
Oct 15, 1984,23.98
Oct 16, 1984,0
Oct 17, 1984,19.697
Oct 18, 1984,19.697
Oct 19, 1984,0
Oct 20, 1984,19.697
Oct 21, 1984,4.54
Oct 22, 1984,13.619
Oct 23, 1984,18.159
Oct 24, 1984,4.54
Oct 25, 1984,4.54
Oct 26, 1984,21.734
Oct 27, 1984,0
Oct 28, 1984,7.275
Oct 29, 1984,13.43
Oct 30, 1984,9.071
Oct 31, 1984,22.931
Nov 1, 1984,0
Nov 2, 1984,0
Nov 3, 1984,0
Nov 4, 1984,0
Nov 5, 1984,31.241
Nov 6, 1984,4.824
Nov 7, 1984,9.737
Nov 8, 1984,9.167
Nov 9, 1984,0
Nov 10, 1984,6.836
Nov 11, 1984,0
Nov 12, 1984,26.164
Nov 13, 1984,13.082
Nov 14, 1984,6.541
Nov 15, 1984,7.475
Nov 16, 1984,7.001
Nov 17, 1984,0
Nov 18, 1984,14.002
Nov 19, 1984,0
Nov 20, 1984,14.002
Nov 21, 1984,0
Nov 22, 1984,5.311
Nov 23, 1984,37.18
Nov 24, 1984,0
Nov 25, 1984,10.623
Nov 26, 1984,5.309
Nov 27, 1984,4.297
Nov 28, 1984,5.342
Nov 29, 1984,7.959
Nov 30, 1984,7.073
Dec 1, 1984,1.635
Dec 2, 1984,0
Dec 3, 1984,6.539
Dec 4, 1984,0
Dec 5, 1984,0
Dec 6, 1984,0
Dec 7, 1984,0
Dec 8, 1984,8.023
Dec 9, 1984,0
Dec 10, 1984,0
Dec 11, 1984,0
Dec 12, 1984,0
Dec 13, 1984,0
Dec 14, 1984,0
Dec 15, 1984,11.01
Dec 16, 1984,6.806
Dec 17, 1984,17.864
Dec 18, 1984,11.91
Dec 19, 1984,5.955
Dec 20, 1984,0
Dec 21, 1984,0
Dec 22, 1984,10.876
Dec 23, 1984,0
Dec 24, 1984,0
Dec 25, 1984,0
Dec 26, 1984,0
Dec 27, 1984,3.507
Dec 28, 1984,3.507
Dec 29, 1984,0
Dec 30, 1984,0
Dec 31, 1984,0
Jan 1, 1985,0
Jan 2, 1985,0
Jan 3, 1985,0
Jan 4, 1985,5.335
Jan 5, 1985,9.316
Jan 6, 1985,0
Jan 7, 1985,0
Jan 8, 1985,0
Jan 9, 1985,0
Jan 10, 1985,0
Jan 11, 1985,0
Jan 12, 1985,0
Jan 13, 1985,0
Jan 14, 1985,0
Jan 15, 1985,0
Jan 16, 1985,0
Jan 17, 1985,0
Jan 18, 1985,0
Jan 19, 1985,0
Jan 20, 1985,0
Jan 21, 1985,0
Jan 22, 1985,7.482
Jan 23, 1985,0
Jan 24, 1985,0
Jan 25, 1985,0
Jan 26, 1985,0
Jan 27, 1985,0
Jan 28, 1985,0
Jan 29, 1985,0
Jan 30, 1985,0
Jan 31, 1985,9.108
Feb 1, 1985,0
Feb 2, 1985,0
Feb 3, 1985,0
Feb 4, 1985,0
Feb 5, 1985,0
Feb 6, 1985,0
Feb 7, 1985,0
Feb 8, 1985,0
Feb 9, 1985,0
Feb 10, 1985,0
Feb 11, 1985,0
Feb 12, 1985,0
Feb 13, 1985,0
Feb 14, 1985,0
Feb 15, 1985,0
Feb 16, 1985,0
Feb 17, 1985,0
Feb 18, 1985,0
Feb 19, 1985,0
Feb 20, 1985,0
Feb 21, 1985,0
Feb 22, 1985,0
Feb 23, 1985,29.519
Feb 24, 1985,29.519
Feb 25, 1985,29.519
Feb 26, 1985,0
Feb 27, 1985,0
Feb 28, 1985,0
Mar 1, 1985,0
Mar 2, 1985,0
Mar 3, 1985,0
Mar 4, 1985,6.089
Mar 5, 1985,7.575
Mar 6, 1985,0
Mar 7, 1985,8.941
Mar 8, 1985,0
Mar 9, 1985,7.824
Mar 10, 1985,17.883
Mar 11, 1985,11.522
Mar 12, 1985,0
Mar 13, 1985,0
Mar 14, 1985,0
Mar 15, 1985,0
Mar 16, 1985,0
Mar 17, 1985,0
Mar 18, 1985,0
Mar 19, 1985,0
Mar 20, 1985,0
Mar 21, 1985,0
Mar 22, 1985,0
Mar 23, 1985,0
Mar 24, 1985,0
Mar 25, 1985,0
Mar 26, 1985,0
Mar 27, 1985,0
Mar 28, 1985,0
Mar 29, 1985,35.368
Mar 30, 1985,0
Mar 31, 1985,21.221
Apr 1, 1985,0
Apr 2, 1985,29.843
Apr 3, 1985,0
Apr 4, 1985,0
Apr 5, 1985,0
Apr 6, 1985,14.029
Apr 7, 1985,0
Apr 8, 1985,0
Apr 9, 1985,4.676
Apr 10, 1985,9.353
Apr 11, 1985,9.093
Apr 12, 1985,0
Apr 13, 1985,5.196
Apr 14, 1985,0
Apr 15, 1985,4.546
Apr 16, 1985,0
Apr 17, 1985,0
Apr 18, 1985,0
Apr 19, 1985,0
Apr 20, 1985,12.454
Apr 21, 1985,0
Apr 22, 1985,11.941
Apr 23, 1985,0
Apr 24, 1985,31.346
Apr 25, 1985,0
Apr 26, 1985,31.527
Apr 27, 1985,0
Apr 28, 1985,0
Apr 29, 1985,0
Apr 30, 1985,0
May 1, 1985,0
May 2, 1985,5.947
May 3, 1985,0
May 4, 1985,23.787
May 5, 1985,13.593
May 6, 1985,17.727
May 7, 1985,11.818
May 8, 1985,23.636
May 9, 1985,17.727
May 10, 1985,5.909
May 11, 1985,19.498
May 12, 1985,6.499
May 13, 1985,5.687
May 14, 1985,5.687
May 15, 1985,17.061
May 16, 1985,3.606
May 17, 1985,13.589
May 18, 1985,4.981
May 19, 1985,2.541
May 20, 1985,0
May 21, 1985,0
May 22, 1985,12.689
May 23, 1985,6.345
May 24, 1985,6.345
May 25, 1985,6.345
May 26, 1985,9.033
May 27, 1985,0
May 28, 1985,0
May 29, 1985,11.292
May 30, 1985,2.258
May 31, 1985,5.162
Jun 1, 1985,0
Jun 2, 1985,15.879
Jun 3, 1985,10.586
Jun 4, 1985,21.172
Jun 5, 1985,10.586
Jun 6, 1985,2.55
Jun 7, 1985,2.55
Jun 8, 1985,0
Jun 9, 1985,2.55
Jun 10, 1985,0
Jun 11, 1985,0
Jun 12, 1985,0
Jun 13, 1985,1.621
Jun 14, 1985,0
Jun 15, 1985,0
Jun 16, 1985,0.969
Jun 17, 1985,0
Jun 18, 1985,1.938
Jun 19, 1985,2.214
Jun 20, 1985,0
Jun 21, 1985,3.69
Jun 22, 1985,0
Jun 23, 1985,2.46
Jun 24, 1985,0
Jun 25, 1985,1.23
Jun 26, 1985,6.698
Jun 27, 1985,2.233
Jun 28, 1985,0
Jun 29, 1985,0
Jun 30, 1985,2.233
Jul 1, 1985,0
Jul 2, 1985,0
Jul 3, 1985,0
Jul 4, 1985,0
Jul 5, 1985,0
Jul 6, 1985,0
Jul 7, 1985,0
Jul 8, 1985,5.908
Jul 9, 1985,2.865
Jul 10, 1985,2.662
Jul 11, 1985,1.08
Jul 12, 1985,0
Jul 13, 1985,0
Jul 14, 1985,1.08
Jul 15, 1985,1.08
Jul 16, 1985,0
Jul 17, 1985,0
Jul 18, 1985,7.162
Jul 19, 1985,0
Jul 20, 1985,7.162
Jul 21, 1985,19.158
Jul 22, 1985,8.758
Jul 23, 1985,7.663
Jul 24, 1985,3.832
Jul 25, 1985,11.495
Jul 26, 1985,14.14
Jul 27, 1985,17.023
Jul 28, 1985,0
Jul 29, 1985,3.623
Jul 30, 1985,11.024
Jul 31, 1985,13.206
Aug 1, 1985,4.127
Aug 2, 1985,0
Aug 3, 1985,4.127
Aug 4, 1985,12.382
Aug 5, 1985,0
Aug 6, 1985,17.506
Aug 7, 1985,5.835
Aug 8, 1985,20.424
Aug 9, 1985,23.341
Aug 10, 1985,5.835
Aug 11, 1985,0
Aug 12, 1985,0
Aug 13, 1985,3.136
Aug 14, 1985,12.545
Aug 15, 1985,3.584
Aug 16, 1985,8.44
Aug 17, 1985,7.385
Aug 18, 1985,29.541
Aug 19, 1985,0
Aug 20, 1985,7.385
Aug 21, 1985,8.118
Aug 22, 1985,0
Aug 23, 1985,9.278
Aug 24, 1985,0
Aug 25, 1985,8.118
Aug 26, 1985,8.499
Aug 27, 1985,8.499
Aug 28, 1985,16.999
Aug 29, 1985,22.311
Aug 30, 1985,8.499
Aug 31, 1985,0
Sep 1, 1985,0
Sep 2, 1985,0
Sep 3, 1985,0
Sep 4, 1985,12.293
Sep 5, 1985,24.587
Sep 6, 1985,14.39
Sep 7, 1985,4.797
Sep 8, 1985,4.797
Sep 9, 1985,9.593
Sep 10, 1985,14.39
Sep 11, 1985,5.511
Sep 12, 1985,27.557
Sep 13, 1985,5.511
Sep 14, 1985,11.023
Sep 15, 1985,5.511
Sep 16, 1985,10.283
Sep 17, 1985,0
Sep 18, 1985,0
Sep 19, 1985,0
Sep 20, 1985,4.719
Sep 21, 1985,0
Sep 22, 1985,13.656
Sep 23, 1985,6.828
Sep 24, 1985,27.312
Sep 25, 1985,20.484
Sep 26, 1985,8.328
Sep 27, 1985,12.492
Sep 28, 1985,8.328
Sep 29, 1985,4.164
Sep 30, 1985,4.759
Oct 1, 1985,8.729
Oct 2, 1985,6.485
Oct 3, 1985,3.768
Oct 4, 1985,0
Oct 5, 1985,5.434
Oct 6, 1985,6.592
Oct 7, 1985,6.592
Oct 8, 1985,13.185
Oct 9, 1985,13.185
Oct 10, 1985,0
Oct 11, 1985,8.29
Oct 12, 1985,8.29
Oct 13, 1985,0
Oct 14, 1985,0
Oct 15, 1985,4.737
Oct 16, 1985,4.652
Oct 17, 1985,4.652
Oct 18, 1985,4.652
Oct 19, 1985,4.652
Oct 20, 1985,18.608
Oct 21, 1985,14.853
Oct 22, 1985,0
Oct 23, 1985,14.918
Oct 24, 1985,23.849
Oct 25, 1985,20.937
Oct 26, 1985,7.293
Oct 27, 1985,0
Oct 28, 1985,16.67
Oct 29, 1985,7.293
Oct 30, 1985,14.586
Oct 31, 1985,0
Nov 1, 1985,0
Nov 2, 1985,0
Nov 3, 1985,0
Nov 4, 1985,0
Nov 5, 1985,0
Nov 6, 1985,0
Nov 7, 1985,0
Nov 8, 1985,0
Nov 9, 1985,15.322
Nov 10, 1985,7.661
Nov 11, 1985,5.835
Nov 12, 1985,11.67
Nov 13, 1985,0
Nov 14, 1985,23.339
Nov 15, 1985,11.67
Nov 16, 1985,0
Nov 17, 1985,0
Nov 18, 1985,5.143
Nov 19, 1985,20.571
Nov 20, 1985,5.143
Nov 21, 1985,28.186
Nov 22, 1985,0
Nov 23, 1985,0
Nov 24, 1985,0
Nov 25, 1985,0
Nov 26, 1985,0
Nov 27, 1985,0
Nov 28, 1985,0
Nov 29, 1985,7.221
Nov 30, 1985,21.664
Dec 1, 1985,16.939
Dec 2, 1985,9.679
Dec 3, 1985,0
Dec 4, 1985,0
Dec 5, 1985,25.408
Dec 6, 1985,4.089
Dec 7, 1985,7.804
Dec 8, 1985,0
Dec 9, 1985,3.768
Dec 10, 1985,0
Dec 11, 1985,2.89
Dec 12, 1985,2.309
Dec 13, 1985,0
Dec 14, 1985,0
Dec 15, 1985,0
Dec 16, 1985,0
Dec 17, 1985,0
Dec 18, 1985,0
Dec 19, 1985,0
Dec 20, 1985,0
Dec 21, 1985,0
Dec 22, 1985,0
Dec 23, 1985,0
Dec 24, 1985,0
Dec 25, 1985,0
Dec 26, 1985,0
Dec 27, 1985,0
Dec 28, 1985,0
Dec 29, 1985,0
Dec 30, 1985,0
Dec 31, 1985,0
Jan 1, 1986,0
Jan 2, 1986,0
Jan 3, 1986,0
Jan 4, 1986,4.669
Jan 5, 1986,9.338
Jan 6, 1986,0
Jan 7, 1986,0
Jan 8, 1986,0
Jan 9, 1986,0
Jan 10, 1986,0
Jan 11, 1986,0
Jan 12, 1986,0
Jan 13, 1986,0
Jan 14, 1986,0
Jan 15, 1986,7.87
Jan 16, 1986,19.383
Jan 17, 1986,0
Jan 18, 1986,0
Jan 19, 1986,0
Jan 20, 1986,0
Jan 21, 1986,0
Jan 22, 1986,0
Jan 23, 1986,6.555
Jan 24, 1986,6.555
Jan 25, 1986,6.555
Jan 26, 1986,0
Jan 27, 1986,8.273
Jan 28, 1986,0
Jan 29, 1986,0
Jan 30, 1986,0
Jan 31, 1986,13.789
Feb 1, 1986,0
Feb 2, 1986,0
Feb 3, 1986,0
Feb 4, 1986,0
Feb 5, 1986,0
Feb 6, 1986,0
Feb 7, 1986,0
Feb 8, 1986,0
Feb 9, 1986,21.897
Feb 10, 1986,0
Feb 11, 1986,0
Feb 12, 1986,0
Feb 13, 1986,18.85
Feb 14, 1986,0
Feb 15, 1986,0
Feb 16, 1986,0
Feb 17, 1986,0
Feb 18, 1986,31.514
Feb 19, 1986,13.652
Feb 20, 1986,0
Feb 21, 1986,0
Feb 22, 1986,18.556
Feb 23, 1986,9.278
Feb 24, 1986,9.278
Feb 25, 1986,9.278
Feb 26, 1986,0
Feb 27, 1986,0
Feb 28, 1986,0
Mar 1, 1986,12.207
Mar 2, 1986,0
Mar 3, 1986,0
Mar 4, 1986,0
Mar 5, 1986,0
Mar 6, 1986,0
Mar 7, 1986,0
Mar 8, 1986,0
Mar 9, 1986,0
Mar 10, 1986,0
Mar 11, 1986,10.286
Mar 12, 1986,10.286
Mar 13, 1986,0
Mar 14, 1986,23.512
Mar 15, 1986,0
Mar 16, 1986,4.579
Mar 17, 1986,4.579
Mar 18, 1986,0
Mar 19, 1986,5.233
Mar 20, 1986,4.579
Mar 21, 1986,10.057
Mar 22, 1986,0
Mar 23, 1986,0
Mar 24, 1986,0
Mar 25, 1986,0
Mar 26, 1986,2.946
Mar 27, 1986,2.946
Mar 28, 1986,0
Mar 29, 1986,2.946
Mar 30, 1986,5.892
Mar 31, 1986,17.675
Apr 1, 1986,3.686
Apr 2, 1986,12.638
Apr 3, 1986,4.213
Apr 4, 1986,11.059
Apr 5, 1986,7.372
Apr 6, 1986,7.609
Apr 7, 1986,15.219
Apr 8, 1986,0
Apr 9, 1986,30.437
Apr 10, 1986,7.609
Apr 11, 1986,0
Apr 12, 1986,0
Apr 13, 1986,11.348
Apr 14, 1986,17.022
Apr 15, 1986,0
Apr 16, 1986,19.534
Apr 17, 1986,14.883
Apr 18, 1986,6.511
Apr 19, 1986,19.534
Apr 20, 1986,6.511
Apr 21, 1986,5.227
Apr 22, 1986,5.227
Apr 23, 1986,8.711
Apr 24, 1986,1.742
Apr 25, 1986,8.711
Apr 26, 1986,8.708
Apr 27, 1986,0
Apr 28, 1986,0
Apr 29, 1986,6.635
Apr 30, 1986,5.805
May 1, 1986,0
May 2, 1986,0
May 3, 1986,0
May 4, 1986,7.617
May 5, 1986,19.792
May 6, 1986,6.299
May 7, 1986,0
May 8, 1986,12.597
May 9, 1986,0
May 10, 1986,12.597
May 11, 1986,0
May 12, 1986,15.365
May 13, 1986,3.841
May 14, 1986,4.39
May 15, 1986,11.523
May 16, 1986,0
May 17, 1986,2.584
May 18, 1986,0
May 19, 1986,5.169
May 20, 1986,0
May 21, 1986,10.916
May 22, 1986,3.639
May 23, 1986,18.193
May 24, 1986,3.639
May 25, 1986,3.639
May 26, 1986,2.873
May 27, 1986,4.127
May 28, 1986,10.433
May 29, 1986,13.92
May 30, 1986,6.075
May 31, 1986,6.111
Jun 1, 1986,25.571
Jun 2, 1986,5.594
Jun 3, 1986,11.187
Jun 4, 1986,11.187
Jun 5, 1986,11.187
Jun 6, 1986,6.738
Jun 7, 1986,10.107
Jun 8, 1986,0
Jun 9, 1986,3.369
Jun 10, 1986,6.738
Jun 11, 1986,16.469
Jun 12, 1986,4.117
Jun 13, 1986,0
Jun 14, 1986,4.117
Jun 15, 1986,0
Jun 16, 1986,0
Jun 17, 1986,0
Jun 18, 1986,6.796
Jun 19, 1986,0
Jun 20, 1986,2.265
Jun 21, 1986,20.575
Jun 22, 1986,12.757
Jun 23, 1986,0
Jun 24, 1986,0
Jun 25, 1986,0
Jun 26, 1986,0
Jun 27, 1986,0
Jun 28, 1986,38.62
Jun 29, 1986,0
Jun 30, 1986,0
Jul 1, 1986,0
Jul 2, 1986,0
Jul 3, 1986,2.372
Jul 4, 1986,3.115
Jul 5, 1986,1.027
Jul 6, 1986,2.425
Jul 7, 1986,4.849
Jul 8, 1986,0
Jul 9, 1986,0
Jul 10, 1986,0
Jul 11, 1986,0
Jul 12, 1986,2.263
Jul 13, 1986,0
Jul 14, 1986,0
Jul 15, 1986,1.98
Jul 16, 1986,0
Jul 17, 1986,7.96
Jul 18, 1986,23.879
Jul 19, 1986,0
Jul 20, 1986,0
Jul 21, 1986,0
Jul 22, 1986,7.388
Jul 23, 1986,0
Jul 24, 1986,0
Jul 25, 1986,0
Jul 26, 1986,0
Jul 27, 1986,0
Jul 28, 1986,0
Jul 29, 1986,0
Jul 30, 1986,0
Jul 31, 1986,0
Aug 1, 1986,0
Aug 2, 1986,0
Aug 3, 1986,0
Aug 4, 1986,2.431
Aug 5, 1986,2.431
Aug 6, 1986,0
Aug 7, 1986,0
Aug 8, 1986,0
Aug 9, 1986,3.005
Aug 10, 1986,0
Aug 11, 1986,9.906
Aug 12, 1986,2.476
Aug 13, 1986,4.953
Aug 14, 1986,8.491
Aug 15, 1986,0
Aug 16, 1986,15.054
Aug 17, 1986,5.735
Aug 18, 1986,10.036
Aug 19, 1986,0
Aug 20, 1986,15.054
Aug 21, 1986,5.05
Aug 22, 1986,10.099
Aug 23, 1986,0
Aug 24, 1986,15.149
Aug 25, 1986,10.099
Aug 26, 1986,0
Aug 27, 1986,0
Aug 28, 1986,6.456
Aug 29, 1986,12.912
Aug 30, 1986,6.456
Aug 31, 1986,0
Sep 1, 1986,8.921
Sep 2, 1986,0
Sep 3, 1986,0
Sep 4, 1986,0
Sep 5, 1986,4.46
Sep 6, 1986,0
Sep 7, 1986,0
Sep 8, 1986,2.153
Sep 9, 1986,0
Sep 10, 1986,1.579
Sep 11, 1986,5.712
Sep 12, 1986,0
Sep 13, 1986,8.568
Sep 14, 1986,8.568
Sep 15, 1986,0
Sep 16, 1986,0
Sep 17, 1986,2.368
Sep 18, 1986,7.104
Sep 19, 1986,9.473
Sep 20, 1986,14.209
Sep 21, 1986,0
Sep 22, 1986,7.523
Sep 23, 1986,0
Sep 24, 1986,13.166
Sep 25, 1986,6.583
Sep 26, 1986,7.255
Sep 27, 1986,24.873
Sep 28, 1986,0
Sep 29, 1986,3.627
Sep 30, 1986,4.145
Oct 1, 1986,10.538
Oct 2, 1986,15.807
Oct 3, 1986,0
Oct 4, 1986,4.61
Oct 5, 1986,13.831
Oct 6, 1986,14.327
Oct 7, 1986,9.551
Oct 8, 1986,0
Oct 9, 1986,9.551
Oct 10, 1986,4.776
Oct 11, 1986,0
Oct 12, 1986,24.471
Oct 13, 1986,12.235
Oct 14, 1986,24.471
Oct 15, 1986,0
Oct 16, 1986,13.313
Oct 17, 1986,11.649
Oct 18, 1986,17.474
Oct 19, 1986,17.474
Oct 20, 1986,23.298
Oct 21, 1986,5.782
Oct 22, 1986,17.346
Oct 23, 1986,0
Oct 24, 1986,11.564
Oct 25, 1986,17.346
Oct 26, 1986,8.043
Oct 27, 1986,8.043
Oct 28, 1986,0
Oct 29, 1986,16.086
Oct 30, 1986,8.043
Oct 31, 1986,8.043
Nov 1, 1986,20.004
Nov 2, 1986,0
Nov 3, 1986,6.668
Nov 4, 1986,6.668
Nov 5, 1986,0
Nov 6, 1986,0
Nov 7, 1986,17.354
Nov 8, 1986,8.677
Nov 9, 1986,8.677
Nov 10, 1986,4.338
Nov 11, 1986,0
Nov 12, 1986,4.431
Nov 13, 1986,13.293
Nov 14, 1986,0
Nov 15, 1986,8.862
Nov 16, 1986,0
Nov 17, 1986,5.87
Nov 18, 1986,8.805
Nov 19, 1986,2.935
Nov 20, 1986,3.354
Nov 21, 1986,14.972
Nov 22, 1986,5.47
Nov 23, 1986,8.481
Nov 24, 1986,12.562
Nov 25, 1986,6.22
Nov 26, 1986,0
Nov 27, 1986,0
Nov 28, 1986,0
Nov 29, 1986,0
Nov 30, 1986,0
Dec 1, 1986,0
Dec 2, 1986,0
Dec 3, 1986,0
Dec 4, 1986,0
Dec 5, 1986,0
Dec 6, 1986,12.498
Dec 7, 1986,6.249
Dec 8, 1986,6.249
Dec 9, 1986,0
Dec 10, 1986,0
Dec 11, 1986,0
Dec 12, 1986,0
Dec 13, 1986,4.703
Dec 14, 1986,4.703
Dec 15, 1986,10.75
Dec 16, 1986,0
Dec 17, 1986,0
Dec 18, 1986,0
Dec 19, 1986,0
Dec 20, 1986,0
Dec 21, 1986,0
Dec 22, 1986,0
Dec 23, 1986,6.131
Dec 24, 1986,0
Dec 25, 1986,0
Dec 26, 1986,0
Dec 27, 1986,0
Dec 28, 1986,0
Dec 29, 1986,0
Dec 30, 1986,0
Dec 31, 1986,18.409
Jan 1, 1987,0
Jan 2, 1987,0
Jan 3, 1987,0
Jan 4, 1987,0
Jan 5, 1987,11.075
Jan 6, 1987,0
Jan 7, 1987,13.44
Jan 8, 1987,0
Jan 9, 1987,0
Jan 10, 1987,0
Jan 11, 1987,0
Jan 12, 1987,0
Jan 13, 1987,0
Jan 14, 1987,0
Jan 15, 1987,0
Jan 16, 1987,8.557
Jan 17, 1987,0
Jan 18, 1987,0
Jan 19, 1987,0
Jan 20, 1987,0
Jan 21, 1987,0
Jan 22, 1987,0
Jan 23, 1987,0
Jan 24, 1987,0
Jan 25, 1987,0
Jan 26, 1987,0
Jan 27, 1987,0
Jan 28, 1987,5.245
Jan 29, 1987,0
Jan 30, 1987,0
Jan 31, 1987,5.245
Feb 1, 1987,0
Feb 2, 1987,0
Feb 3, 1987,0
Feb 4, 1987,0
Feb 5, 1987,0
Feb 6, 1987,0
Feb 7, 1987,12.607
Feb 8, 1987,0
Feb 9, 1987,0
Feb 10, 1987,0
Feb 11, 1987,5.674
Feb 12, 1987,17.021
Feb 13, 1987,11.347
Feb 14, 1987,5.674
Feb 15, 1987,0
Feb 16, 1987,0
Feb 17, 1987,23.105
Feb 18, 1987,0
Feb 19, 1987,0
Feb 20, 1987,0
Feb 21, 1987,0
Feb 22, 1987,0
Feb 23, 1987,0
Feb 24, 1987,0
Feb 25, 1987,0
Feb 26, 1987,0
Feb 27, 1987,0
Feb 28, 1987,0
Mar 1, 1987,0
Mar 2, 1987,5.041
Mar 3, 1987,10.083
Mar 4, 1987,0
Mar 5, 1987,0
Mar 6, 1987,13.307
Mar 7, 1987,8.872
Mar 8, 1987,0
Mar 9, 1987,0
Mar 10, 1987,0
Mar 11, 1987,0
Mar 12, 1987,0
Mar 13, 1987,9.449
Mar 14, 1987,9.449
Mar 15, 1987,0
Mar 16, 1987,2.435
Mar 17, 1987,2.783
Mar 18, 1987,0
Mar 19, 1987,2.435
Mar 20, 1987,0
Mar 21, 1987,3.991
Mar 22, 1987,1.996
Mar 23, 1987,0
Mar 24, 1987,1.996
Mar 25, 1987,2.281
Mar 26, 1987,0
Mar 27, 1987,13.116
Mar 28, 1987,8.617
Mar 29, 1987,5.579
Mar 30, 1987,7.39
Mar 31, 1987,8.938
Apr 1, 1987,22.594
Apr 2, 1987,8.837
Apr 3, 1987,9.487
Apr 4, 1987,0
Apr 5, 1987,7.66
Apr 6, 1987,13.216
Apr 7, 1987,0
Apr 8, 1987,0
Apr 9, 1987,9.008
Apr 10, 1987,0
Apr 11, 1987,0
Apr 12, 1987,0
Apr 13, 1987,0
Apr 14, 1987,0
Apr 15, 1987,8.496
Apr 16, 1987,5.448
Apr 17, 1987,3.609
Apr 18, 1987,0
Apr 19, 1987,4.793
Apr 20, 1987,4.283
Apr 21, 1987,19.57
Apr 22, 1987,3.262
Apr 23, 1987,0
Apr 24, 1987,17.124
Apr 25, 1987,5.708
Apr 26, 1987,9.209
Apr 27, 1987,25.077
Apr 28, 1987,8.105
Apr 29, 1987,21.31
Apr 30, 1987,7.611
May 1, 1987,23.036
May 2, 1987,0
May 3, 1987,12.475
May 4, 1987,12.779
May 5, 1987,7.455
May 6, 1987,0
May 7, 1987,0
May 8, 1987,0
May 9, 1987,0
May 10, 1987,16.761
May 11, 1987,0
May 12, 1987,0
May 13, 1987,0
May 14, 1987,0
May 15, 1987,16.859
May 16, 1987,23.958
May 17, 1987,9.583
May 18, 1987,14.375
May 19, 1987,4.792
May 20, 1987,0
May 21, 1987,6.618
May 22, 1987,4.214
May 23, 1987,12.335
May 24, 1987,6.081
May 25, 1987,26.835
May 26, 1987,14.301
May 27, 1987,11.56
May 28, 1987,0
May 29, 1987,0
May 30, 1987,0
May 31, 1987,0
Jun 1, 1987,0
Jun 2, 1987,0
Jun 3, 1987,2.534
Jun 4, 1987,9.583
Jun 5, 1987,4.745
Jun 6, 1987,3.248
Jun 7, 1987,10.934
Jun 8, 1987,0
Jun 9, 1987,0
Jun 10, 1987,0
Jun 11, 1987,0
Jun 12, 1987,8.107
Jun 13, 1987,4.208
Jun 14, 1987,2.924
Jun 15, 1987,0
Jun 16, 1987,0
Jun 17, 1987,0
Jun 18, 1987,0
Jun 19, 1987,0
Jun 20, 1987,6.445
Jun 21, 1987,0
Jun 22, 1987,2.478
Jun 23, 1987,4.336
Jun 24, 1987,7.433
Jun 25, 1987,4.336
Jun 26, 1987,0
Jun 27, 1987,0
Jun 28, 1987,0
Jun 29, 1987,1.86
Jun 30, 1987,2.309
Jul 1, 1987,10.017
Jul 2, 1987,3.467
Jul 3, 1987,8.63
Jul 4, 1987,6.318
Jul 5, 1987,0
Jul 6, 1987,3.033
Jul 7, 1987,0
Jul 8, 1987,0
Jul 9, 1987,0
Jul 10, 1987,10.184
Jul 11, 1987,6.327
Jul 12, 1987,0
Jul 13, 1987,3.164
Jul 14, 1987,0
Jul 15, 1987,7.231
Jul 16, 1987,0
Jul 17, 1987,10.712
Jul 18, 1987,10.712
Jul 19, 1987,3.571
Jul 20, 1987,3.571
Jul 21, 1987,8.817
Jul 22, 1987,17.634
Jul 23, 1987,0
Jul 24, 1987,8.817
Jul 25, 1987,8.817
Jul 26, 1987,17.108
Jul 27, 1987,25.662
Jul 28, 1987,8.554
Jul 29, 1987,0
Jul 30, 1987,17.108
Jul 31, 1987,9.776
Aug 1, 1987,21.022
Aug 2, 1987,4.204
Aug 3, 1987,8.409
Aug 4, 1987,0
Aug 5, 1987,4.204
Aug 6, 1987,8.844
Aug 7, 1987,4.217
Aug 8, 1987,9.909
Aug 9, 1987,0
Aug 10, 1987,0
Aug 11, 1987,4.08
Aug 12, 1987,0
Aug 13, 1987,4.08
Aug 14, 1987,0
Aug 15, 1987,0
Aug 16, 1987,0
Aug 17, 1987,0
Aug 18, 1987,3.059
Aug 19, 1987,1.02
Aug 20, 1987,0
Aug 21, 1987,1.15
Aug 22, 1987,1.15
Aug 23, 1987,0
Aug 24, 1987,0
Aug 25, 1987,0
Aug 26, 1987,0
Aug 27, 1987,0
Aug 28, 1987,3.674
Aug 29, 1987,4.964
Aug 30, 1987,5.512
Aug 31, 1987,4.613
Sep 1, 1987,15.153
Sep 2, 1987,0
Sep 3, 1987,11.365
Sep 4, 1987,3.788
Sep 5, 1987,11.365
Sep 6, 1987,0
Sep 7, 1987,7.02
Sep 8, 1987,7.02
Sep 9, 1987,7.02
Sep 10, 1987,4.011
Sep 11, 1987,0
Sep 12, 1987,10.365
Sep 13, 1987,5.182
Sep 14, 1987,23.691
Sep 15, 1987,0
Sep 16, 1987,0
Sep 17, 1987,0
Sep 18, 1987,0
Sep 19, 1987,0
Sep 20, 1987,38.737
Sep 21, 1987,16.95
Sep 22, 1987,0
Sep 23, 1987,16.95
Sep 24, 1987,11.3
Sep 25, 1987,16.95
Sep 26, 1987,8.581
Sep 27, 1987,2.86
Sep 28, 1987,5.721
Sep 29, 1987,14.301
Sep 30, 1987,8.581
Oct 1, 1987,4.355
Oct 2, 1987,5.693
Oct 3, 1987,8.946
Oct 4, 1987,11.677
Oct 5, 1987,8.317
Oct 6, 1987,9.118
Oct 7, 1987,9.118
Oct 8, 1987,0
Oct 9, 1987,18.236
Oct 10, 1987,10.421
Oct 11, 1987,6.71
Oct 12, 1987,5.342
Oct 13, 1987,5.392
Oct 14, 1987,37.564
Oct 15, 1987,0
Oct 16, 1987,3.383
Oct 17, 1987,12.873
Oct 18, 1987,3.625
Oct 19, 1987,14.17
Oct 20, 1987,17.819
Oct 21, 1987,8.109
Oct 22, 1987,6.001
Oct 23, 1987,5.403
Oct 24, 1987,9.325
Oct 25, 1987,4.977
Oct 26, 1987,9.884
Oct 27, 1987,19.768
Oct 28, 1987,9.884
Oct 29, 1987,9.884
Oct 30, 1987,9.884
Oct 31, 1987,19.768
Nov 1, 1987,8.024
Nov 2, 1987,5.858
Nov 3, 1987,0
Nov 4, 1987,6.954
Nov 5, 1987,6.486
Nov 6, 1987,0
Nov 7, 1987,12.379
Nov 8, 1987,0
Nov 9, 1987,4.126
Nov 10, 1987,0
Nov 11, 1987,6.417
Nov 12, 1987,0
Nov 13, 1987,6.417
Nov 14, 1987,0
Nov 15, 1987,0
Nov 16, 1987,15.329
Nov 17, 1987,0
Nov 18, 1987,0
Nov 19, 1987,17.519
Nov 20, 1987,0
Nov 21, 1987,10.853
Nov 22, 1987,0
Nov 23, 1987,0
Nov 24, 1987,10.853
Nov 25, 1987,21.706
Nov 26, 1987,0
Nov 27, 1987,0
Nov 28, 1987,0
Nov 29, 1987,0
Nov 30, 1987,25.765
Dec 1, 1987,0
Dec 2, 1987,10.271
Dec 3, 1987,0
Dec 4, 1987,20.543
Dec 5, 1987,46.955
Dec 6, 1987,20.208
Dec 7, 1987,0
Dec 8, 1987,0
Dec 9, 1987,0
Dec 10, 1987,0
Dec 11, 1987,0
Dec 12, 1987,0
Dec 13, 1987,0
Dec 14, 1987,0
Dec 15, 1987,0
Dec 16, 1987,0
Dec 17, 1987,0
Dec 18, 1987,0
Dec 19, 1987,0
Dec 20, 1987,0
Dec 21, 1987,0
Dec 22, 1987,0
Dec 23, 1987,0
Dec 24, 1987,0
Dec 25, 1987,0
Dec 26, 1987,0
Dec 27, 1987,0
Dec 28, 1987,18.703
Dec 29, 1987,7.125
Dec 30, 1987,6.234
Dec 31, 1987,0
Jan 1, 1988,0
Jan 2, 1988,0
Jan 3, 1988,0
Jan 4, 1988,0
Jan 5, 1988,7.262
Jan 6, 1988,0
Jan 7, 1988,0
Jan 8, 1988,0
Jan 9, 1988,0
Jan 10, 1988,0
Jan 11, 1988,5.859
Jan 12, 1988,0
Jan 13, 1988,0
Jan 14, 1988,0
Jan 15, 1988,0
Jan 16, 1988,0
Jan 17, 1988,0
Jan 18, 1988,0
Jan 19, 1988,5.536
Jan 20, 1988,0
Jan 21, 1988,5.576
Jan 22, 1988,0
Jan 23, 1988,0
Jan 24, 1988,0
Jan 25, 1988,0
Jan 26, 1988,0
Jan 27, 1988,0
Jan 28, 1988,0
Jan 29, 1988,0
Jan 30, 1988,10.331
Jan 31, 1988,0
Feb 1, 1988,0
Feb 2, 1988,16.693
Feb 3, 1988,4.173
Feb 4, 1988,8.347
Feb 5, 1988,0
Feb 6, 1988,0
Feb 7, 1988,0
Feb 8, 1988,0
Feb 9, 1988,39.803
Feb 10, 1988,0
Feb 11, 1988,0
Feb 12, 1988,0
Feb 13, 1988,0
Feb 14, 1988,0
Feb 15, 1988,0
Feb 16, 1988,3.159
Feb 17, 1988,0
Feb 18, 1988,0
Feb 19, 1988,0
Feb 20, 1988,0
Feb 21, 1988,0
Feb 22, 1988,0
Feb 23, 1988,0
Feb 24, 1988,0
Feb 25, 1988,22.949
Feb 26, 1988,0
Feb 27, 1988,19.947
Feb 28, 1988,0
Feb 29, 1988,0
Mar 1, 1988,0
Mar 2, 1988,0
Mar 3, 1988,0
Mar 4, 1988,0
Mar 5, 1988,0
Mar 6, 1988,0
Mar 7, 1988,0
Mar 8, 1988,0
Mar 9, 1988,12.735
Mar 10, 1988,14.173
Mar 11, 1988,3.693
Mar 12, 1988,0
Mar 13, 1988,0
Mar 14, 1988,4.265
Mar 15, 1988,4.805
Mar 16, 1988,0
Mar 17, 1988,0
Mar 18, 1988,0
Mar 19, 1988,0
Mar 20, 1988,0
Mar 21, 1988,0
Mar 22, 1988,0
Mar 23, 1988,0
Mar 24, 1988,0
Mar 25, 1988,0
Mar 26, 1988,0
Mar 27, 1988,0
Mar 28, 1988,0
Mar 29, 1988,6.77
Mar 30, 1988,7.154
Mar 31, 1988,6.629
Apr 1, 1988,0
Apr 2, 1988,8.837
Apr 3, 1988,0
Apr 4, 1988,43.732
Apr 5, 1988,0
Apr 6, 1988,12.496
Apr 7, 1988,15.882
Apr 8, 1988,0
Apr 9, 1988,3.982
Apr 10, 1988,7.592
Apr 11, 1988,11.669
Apr 12, 1988,1.77
Apr 13, 1988,5.439
Apr 14, 1988,2.223
Apr 15, 1988,5.426
Apr 16, 1988,0
Apr 17, 1988,0
Apr 18, 1988,0
Apr 19, 1988,0
Apr 20, 1988,0
Apr 21, 1988,3.635
Apr 22, 1988,8.213
Apr 23, 1988,0
Apr 24, 1988,0
Apr 25, 1988,3.069
Apr 26, 1988,0
Apr 27, 1988,0
Apr 28, 1988,0
Apr 29, 1988,12.319
Apr 30, 1988,24.638
May 1, 1988,0
May 2, 1988,0
May 3, 1988,0
May 4, 1988,8.266
May 5, 1988,8.266
May 6, 1988,7.847
May 7, 1988,3.924
May 8, 1988,0
May 9, 1988,7.847
May 10, 1988,0
May 11, 1988,0
May 12, 1988,13.334
May 13, 1988,0
May 14, 1988,20.001
May 15, 1988,0
May 16, 1988,7.019
May 17, 1988,7.019
May 18, 1988,14.038
May 19, 1988,0
May 20, 1988,14.038
May 21, 1988,0
May 22, 1988,0
May 23, 1988,0
May 24, 1988,0
May 25, 1988,11.169
May 26, 1988,28.313
May 27, 1988,0
May 28, 1988,28.313
May 29, 1988,0
May 30, 1988,0
May 31, 1988,0
Jun 1, 1988,17.716
Jun 2, 1988,8.858
Jun 3, 1988,13.287
Jun 4, 1988,0
Jun 5, 1988,0
Jun 6, 1988,2.083
Jun 7, 1988,0
Jun 8, 1988,1.441
Jun 9, 1988,2.25
Jun 10, 1988,2.055
Jun 11, 1988,3.259
Jun 12, 1988,3.682
Jun 13, 1988,6.539
Jun 14, 1988,5.03
Jun 15, 1988,0
Jun 16, 1988,10.123
Jun 17, 1988,10.123
Jun 18, 1988,8.858
Jun 19, 1988,0
Jun 20, 1988,0
Jun 21, 1988,0
Jun 22, 1988,10.686
Jun 23, 1988,32.058
Jun 24, 1988,0
Jun 25, 1988,0
Jun 26, 1988,9.59
Jun 27, 1988,26.722
Jun 28, 1988,0
Jun 29, 1988,7.092
Jun 30, 1988,8.774
Jul 1, 1988,23.294
Jul 2, 1988,0
Jul 3, 1988,0
Jul 4, 1988,15.529
Jul 5, 1988,23.294
Jul 6, 1988,12.397
Jul 7, 1988,0
Jul 8, 1988,6.198
Jul 9, 1988,0
Jul 10, 1988,6.198
Jul 11, 1988,3.622
Jul 12, 1988,0
Jul 13, 1988,0
Jul 14, 1988,0
Jul 15, 1988,1.811
Jul 16, 1988,0
Jul 17, 1988,0
Jul 18, 1988,0
Jul 19, 1988,2.809
Jul 20, 1988,0
Jul 21, 1988,0
Jul 22, 1988,3.49
Jul 23, 1988,5.488
Jul 24, 1988,1.518
Jul 25, 1988,2.529
Jul 26, 1988,6.052
Jul 27, 1988,6.052
Jul 28, 1988,0
Jul 29, 1988,6.052
Jul 30, 1988,20.749
Jul 31, 1988,0
Aug 1, 1988,16.513
Aug 2, 1988,16.513
Aug 3, 1988,16.513
Aug 4, 1988,8.257
Aug 5, 1988,0
Aug 6, 1988,0
Aug 7, 1988,0
Aug 8, 1988,14.712
Aug 9, 1988,0
Aug 10, 1988,14.712
Aug 11, 1988,0
Aug 12, 1988,0
Aug 13, 1988,10.23
Aug 14, 1988,0
Aug 15, 1988,30.691
Aug 16, 1988,0
Aug 17, 1988,28.106
Aug 18, 1988,9.369
Aug 19, 1988,18.737
Aug 20, 1988,0
Aug 21, 1988,9.742
Aug 22, 1988,9.742
Aug 23, 1988,0
Aug 24, 1988,9.742
Aug 25, 1988,9.742
Aug 26, 1988,1.963
Aug 27, 1988,1.643
Aug 28, 1988,0
Aug 29, 1988,0.897
Aug 30, 1988,2.307
Aug 31, 1988,5.968
Sep 1, 1988,6.212
Sep 2, 1988,6.212
Sep 3, 1988,6.212
Sep 4, 1988,0
Sep 5, 1988,12.423
Sep 6, 1988,17.284
Sep 7, 1988,8.642
Sep 8, 1988,8.642
Sep 9, 1988,8.642
Sep 10, 1988,0
Sep 11, 1988,0
Sep 12, 1988,11.793
Sep 13, 1988,17.689
Sep 14, 1988,13.478
Sep 15, 1988,11.793
Sep 16, 1988,11.342
Sep 17, 1988,12.962
Sep 18, 1988,0
Sep 19, 1988,0
Sep 20, 1988,11.342
Sep 21, 1988,0
Sep 22, 1988,0
Sep 23, 1988,12.713
Sep 24, 1988,12.713
Sep 25, 1988,0
Sep 26, 1988,0
Sep 27, 1988,0
Sep 28, 1988,0
Sep 29, 1988,7.543
Sep 30, 1988,18.693
Oct 1, 1988,17.509
Oct 2, 1988,3.049
Oct 3, 1988,6.812
Oct 4, 1988,4.598
Oct 5, 1988,2.653
Oct 6, 1988,0
Oct 7, 1988,13.532
Oct 8, 1988,13.874
Oct 9, 1988,0
Oct 10, 1988,0
Oct 11, 1988,0
Oct 12, 1988,25.288
Oct 13, 1988,0
Oct 14, 1988,0
Oct 15, 1988,25.288
Oct 16, 1988,0
Oct 17, 1988,16.214
Oct 18, 1988,24.321
Oct 19, 1988,8.107
Oct 20, 1988,0
Oct 21, 1988,0
Oct 22, 1988,23.413
Oct 23, 1988,0
Oct 24, 1988,0
Oct 25, 1988,15.608
Oct 26, 1988,0
Oct 27, 1988,0
Oct 28, 1988,18.819
Oct 29, 1988,9.409
Oct 30, 1988,21.507
Oct 31, 1988,0
Nov 1, 1988,14.988
Nov 2, 1988,22.482
Nov 3, 1988,7.494
Nov 4, 1988,0
Nov 5, 1988,0
Nov 6, 1988,17.338
Nov 7, 1988,8.899
Nov 8, 1988,9.61
Nov 9, 1988,21.471
Nov 10, 1988,0
Nov 11, 1988,10.207
Nov 12, 1988,0
Nov 13, 1988,30.621
Nov 14, 1988,10.207
Nov 15, 1988,10.207
Nov 16, 1988,30.516
Nov 17, 1988,15.258
Nov 18, 1988,0
Nov 19, 1988,0
Nov 20, 1988,0
Nov 21, 1988,0
Nov 22, 1988,18.319
Nov 23, 1988,18.319
Nov 24, 1988,18.319
Nov 25, 1988,20.936
Nov 26, 1988,0
Nov 27, 1988,0
Nov 28, 1988,0
Nov 29, 1988,16.59
Nov 30, 1988,0
Dec 1, 1988,9.363
Dec 2, 1988,18.725
Dec 3, 1988,28.088
Dec 4, 1988,0
Dec 5, 1988,0
Dec 6, 1988,8.668
Dec 7, 1988,2.965
Dec 8, 1988,5.127
Dec 9, 1988,9.451
Dec 10, 1988,5.193
Dec 11, 1988,0
Dec 12, 1988,0
Dec 13, 1988,5.63
Dec 14, 1988,11.26
Dec 15, 1988,0
Dec 16, 1988,0
Dec 17, 1988,6.213
Dec 18, 1988,0
Dec 19, 1988,6.213
Dec 20, 1988,0
Dec 21, 1988,0
Dec 22, 1988,28.087
Dec 23, 1988,0
Dec 24, 1988,0
Dec 25, 1988,0
Dec 26, 1988,0
Dec 27, 1988,0
Dec 28, 1988,7.321
Dec 29, 1988,6.884
Dec 30, 1988,18.023
Dec 31, 1988,29.004
Jan 1, 1989,6.992
Jan 2, 1989,0
Jan 3, 1989,0
Jan 4, 1989,6.917
Jan 5, 1989,20.296
Jan 6, 1989,8.588
Jan 7, 1989,0
Jan 8, 1989,0
Jan 9, 1989,0
Jan 10, 1989,0
Jan 11, 1989,0
Jan 12, 1989,8.852
Jan 13, 1989,0
Jan 14, 1989,0
Jan 15, 1989,0
Jan 16, 1989,0
Jan 17, 1989,5.141
Jan 18, 1989,0
Jan 19, 1989,5.141
Jan 20, 1989,15.423
Jan 21, 1989,11.572
Jan 22, 1989,0
Jan 23, 1989,0
Jan 24, 1989,0
Jan 25, 1989,0
Jan 26, 1989,0
Jan 27, 1989,11.084
Jan 28, 1989,7.482
Jan 29, 1989,0
Jan 30, 1989,0
Jan 31, 1989,7.798
Feb 1, 1989,0
Feb 2, 1989,0
Feb 3, 1989,25.409
Feb 4, 1989,0
Feb 5, 1989,0
Feb 6, 1989,0
Feb 7, 1989,18.184
Feb 8, 1989,9.649
Feb 9, 1989,0
Feb 10, 1989,0
Feb 11, 1989,0
Feb 12, 1989,0
Feb 13, 1989,0
Feb 14, 1989,15.839
Feb 15, 1989,0
Feb 16, 1989,0
Feb 17, 1989,0
Feb 18, 1989,0
Feb 19, 1989,0
Feb 20, 1989,8.712
Feb 21, 1989,0
Feb 22, 1989,0
Feb 23, 1989,8.589
Feb 24, 1989,0
Feb 25, 1989,0
Feb 26, 1989,0
Feb 27, 1989,0
Feb 28, 1989,0
Mar 1, 1989,0
Mar 2, 1989,0
Mar 3, 1989,0
Mar 4, 1989,18.742
Mar 5, 1989,0
Mar 6, 1989,10.404
Mar 7, 1989,0
Mar 8, 1989,7.698
Mar 9, 1989,11.38
Mar 10, 1989,9.985
Mar 11, 1989,9.16
Mar 12, 1989,0
Mar 13, 1989,0
Mar 14, 1989,0
Mar 15, 1989,9.314
Mar 16, 1989,18.69
Mar 17, 1989,12.901
Mar 18, 1989,0
Mar 19, 1989,0
Mar 20, 1989,12.624
Mar 21, 1989,10.276
Mar 22, 1989,20.768
Mar 23, 1989,0
Mar 24, 1989,7
Mar 25, 1989,0
Mar 26, 1989,0
Mar 27, 1989,11.6
Mar 28, 1989,0
Mar 29, 1989,11.057
Mar 30, 1989,9.01
Mar 31, 1989,10.883
Apr 1, 1989,0
Apr 2, 1989,7.197
Apr 3, 1989,5.768
Apr 4, 1989,7.826
Apr 5, 1989,7.748
Apr 6, 1989,0
Apr 7, 1989,0
Apr 8, 1989,8.536
Apr 9, 1989,4.268
Apr 10, 1989,0
Apr 11, 1989,0
Apr 12, 1989,0
Apr 13, 1989,5.853
Apr 14, 1989,13.395
Apr 15, 1989,0
Apr 16, 1989,0
Apr 17, 1989,0
Apr 18, 1989,0
Apr 19, 1989,17.753
Apr 20, 1989,0
Apr 21, 1989,10.871
Apr 22, 1989,16.586
Apr 23, 1989,0
Apr 24, 1989,0
Apr 25, 1989,7.807
Apr 26, 1989,12.205
Apr 27, 1989,5.543
Apr 28, 1989,15.163
Apr 29, 1989,0
Apr 30, 1989,14.333
May 1, 1989,25.932
May 2, 1989,10.817
May 3, 1989,10.333
May 4, 1989,30.13
May 5, 1989,17.88
May 6, 1989,7.497
May 7, 1989,5.563
May 8, 1989,18.558
May 9, 1989,6.686
May 10, 1989,3.905
May 11, 1989,13.492
May 12, 1989,0
May 13, 1989,4.433
May 14, 1989,10.895
May 15, 1989,3.923
May 16, 1989,2.446
May 17, 1989,0
May 18, 1989,0
May 19, 1989,0
May 20, 1989,0
May 21, 1989,0
May 22, 1989,0
May 23, 1989,10.263
May 24, 1989,11.264
May 25, 1989,11.56
May 26, 1989,3.845
May 27, 1989,5.814
May 28, 1989,5.205
May 29, 1989,4.204
May 30, 1989,4.97
May 31, 1989,5.705
Jun 1, 1989,0
Jun 2, 1989,5.233
Jun 3, 1989,8.272
Jun 4, 1989,6.355
Jun 5, 1989,8.168
Jun 6, 1989,12.616
Jun 7, 1989,0
Jun 8, 1989,10.791
Jun 9, 1989,13.473
Jun 10, 1989,11.363
Jun 11, 1989,10.666
Jun 12, 1989,4.848
Jun 13, 1989,6.303
Jun 14, 1989,4.04
Jun 15, 1989,0
Jun 16, 1989,9.205
Jun 17, 1989,0
Jun 18, 1989,0
Jun 19, 1989,13.808
Jun 20, 1989,4.603
Jun 21, 1989,8.556
Jun 22, 1989,8.556
Jun 23, 1989,7.234
Jun 24, 1989,0
Jun 25, 1989,12.668
Jun 26, 1989,7.837
Jun 27, 1989,6.499
Jun 28, 1989,4.755
Jun 29, 1989,0
Jun 30, 1989,0
Jul 1, 1989,4.987
Jul 2, 1989,0
Jul 3, 1989,0
Jul 4, 1989,4.364
Jul 5, 1989,2.894
Jul 6, 1989,0
Jul 7, 1989,0
Jul 8, 1989,1.918
Jul 9, 1989,2.426
Jul 10, 1989,1.777
Jul 11, 1989,0
Jul 12, 1989,0
Jul 13, 1989,0
Jul 14, 1989,0
Jul 15, 1989,0
Jul 16, 1989,0
Jul 17, 1989,0
Jul 18, 1989,0
Jul 19, 1989,6.039
Jul 20, 1989,9.058
Jul 21, 1989,3.986
Jul 22, 1989,11.959
Jul 23, 1989,3.986
Jul 24, 1989,4.556
Jul 25, 1989,11.959
Jul 26, 1989,5.533
Jul 27, 1989,2.973
Jul 28, 1989,7.342
Jul 29, 1989,5.935
Jul 30, 1989,4.549
Jul 31, 1989,4.094
Aug 1, 1989,10.585
Aug 2, 1989,15.302
Aug 3, 1989,0
Aug 4, 1989,0
Aug 5, 1989,0
Aug 6, 1989,9.336
Aug 7, 1989,0
Aug 8, 1989,11.865
Aug 9, 1989,3.541
Aug 10, 1989,4.093
Aug 11, 1989,14.582
Aug 12, 1989,5.082
Aug 13, 1989,0
Aug 14, 1989,6.451
Aug 15, 1989,0
Aug 16, 1989,6.594
Aug 17, 1989,13.187
Aug 18, 1989,0
Aug 19, 1989,0
Aug 20, 1989,3.768
Aug 21, 1989,8.113
Aug 22, 1989,9.08
Aug 23, 1989,0
Aug 24, 1989,5.613
Aug 25, 1989,5.138
Aug 26, 1989,6.004
Aug 27, 1989,5.362
Aug 28, 1989,7.012
Aug 29, 1989,10.404
Aug 30, 1989,12.925
Aug 31, 1989,24.841
Sep 1, 1989,3.42
Sep 2, 1989,0
Sep 3, 1989,4.111
Sep 4, 1989,7.468
Sep 5, 1989,14.396
Sep 6, 1989,29.459
Sep 7, 1989,5.372
Sep 8, 1989,8.076
Sep 9, 1989,8.27
Sep 10, 1989,12.158
Sep 11, 1989,0
Sep 12, 1989,13.669
Sep 13, 1989,13.669
Sep 14, 1989,13.669
Sep 15, 1989,0
Sep 16, 1989,0
Sep 17, 1989,0
Sep 18, 1989,0
Sep 19, 1989,17.625
Sep 20, 1989,17.625
Sep 21, 1989,13.082
Sep 22, 1989,13.141
Sep 23, 1989,13.786
Sep 24, 1989,0
Sep 25, 1989,14.226
Sep 26, 1989,10.158
Sep 27, 1989,11.805
Sep 28, 1989,15.48
Sep 29, 1989,0
Sep 30, 1989,0
Oct 1, 1989,0
Oct 2, 1989,5.892
Oct 3, 1989,4.334
Oct 4, 1989,12.952
Oct 5, 1989,10.761
Oct 6, 1989,0
Oct 7, 1989,6.059
Oct 8, 1989,11.545
Oct 9, 1989,13.596
Oct 10, 1989,13.644
Oct 11, 1989,6.849
Oct 12, 1989,12.832
Oct 13, 1989,14.304
Oct 14, 1989,5.607
Oct 15, 1989,5.721
Oct 16, 1989,13.53
Oct 17, 1989,12.081
Oct 18, 1989,5.592
Oct 19, 1989,0
Oct 20, 1989,6.408
Oct 21, 1989,0
Oct 22, 1989,8.855
Oct 23, 1989,10.417
Oct 24, 1989,8.358
Oct 25, 1989,8.252
Oct 26, 1989,15.001
Oct 27, 1989,16.615
Oct 28, 1989,19.126
Oct 29, 1989,9.709
Oct 30, 1989,13.61
Oct 31, 1989,8.408
Nov 1, 1989,3.323
Nov 2, 1989,5.58
Nov 3, 1989,2.664
Nov 4, 1989,7.151
Nov 5, 1989,4.087
Nov 6, 1989,4.841
Nov 7, 1989,2.796
Nov 8, 1989,0
Nov 9, 1989,3.709
Nov 10, 1989,4.927
Nov 11, 1989,0
Nov 12, 1989,7.314
Nov 13, 1989,10.03
Nov 14, 1989,0
Nov 15, 1989,0
Nov 16, 1989,6.308
Nov 17, 1989,6.383
Nov 18, 1989,5.173
Nov 19, 1989,3.977
Nov 20, 1989,5.373
Nov 21, 1989,9.66
Nov 22, 1989,1.834
Nov 23, 1989,2.609
Nov 24, 1989,2.443
Nov 25, 1989,2.164
Nov 26, 1989,12.877
Nov 27, 1989,11.816
Nov 28, 1989,0
Nov 29, 1989,0
Nov 30, 1989,11.875
Dec 1, 1989,35.508
Dec 2, 1989,0
Dec 3, 1989,0
Dec 4, 1989,24.972
Dec 5, 1989,0
Dec 6, 1989,0
Dec 7, 1989,0
Dec 8, 1989,0
Dec 9, 1989,0
Dec 10, 1989,8.692
Dec 11, 1989,0
Dec 12, 1989,0
Dec 13, 1989,5.159
Dec 14, 1989,0
Dec 15, 1989,0
Dec 16, 1989,0
Dec 17, 1989,0
Dec 18, 1989,0
Dec 19, 1989,0
Dec 20, 1989,0
Dec 21, 1989,0
Dec 22, 1989,0
Dec 23, 1989,0
Dec 24, 1989,0
Dec 25, 1989,31.597
Dec 26, 1989,4.155
Dec 27, 1989,3.365
Dec 28, 1989,1.999
Dec 29, 1989,2.646
Dec 30, 1989,1.825
Dec 31, 1989,1.825
Jan 1, 1990,0
Jan 2, 1990,3.906
Jan 3, 1990,0
Jan 4, 1990,4.644
Jan 5, 1990,3.986
Jan 6, 1990,25.041
Jan 7, 1990,0
Jan 8, 1990,0
Jan 9, 1990,0
Jan 10, 1990,0
Jan 11, 1990,0
Jan 12, 1990,0
Jan 13, 1990,0
Jan 14, 1990,0
Jan 15, 1990,0
Jan 16, 1990,2.278
Jan 17, 1990,0
Jan 18, 1990,6.834
Jan 19, 1990,4.556
Jan 20, 1990,0
Jan 21, 1990,2.861
Jan 22, 1990,11.445
Jan 23, 1990,0
Jan 24, 1990,0
Jan 25, 1990,0
Jan 26, 1990,0
Jan 27, 1990,0
Jan 28, 1990,11.697
Jan 29, 1990,0
Jan 30, 1990,0
Jan 31, 1990,0
Feb 1, 1990,0
Feb 2, 1990,0
Feb 3, 1990,0
Feb 4, 1990,16.857
Feb 5, 1990,42.265
Feb 6, 1990,6.67
Feb 7, 1990,0
Feb 8, 1990,0
Feb 9, 1990,13.339
Feb 10, 1990,3.335
Feb 11, 1990,0
Feb 12, 1990,0
Feb 13, 1990,0
Feb 14, 1990,0
Feb 15, 1990,0
Feb 16, 1990,0
Feb 17, 1990,0
Feb 18, 1990,0
Feb 19, 1990,0
Feb 20, 1990,0
Feb 21, 1990,0
Feb 22, 1990,3.663
Feb 23, 1990,3.894
Feb 24, 1990,5.926
Feb 25, 1990,4.393
Feb 26, 1990,0
Feb 27, 1990,0
Feb 28, 1990,0
Mar 1, 1990,0
Mar 2, 1990,0
Mar 3, 1990,0
Mar 4, 1990,10.282
Mar 5, 1990,10.282
Mar 6, 1990,0
Mar 7, 1990,0
Mar 8, 1990,0
Mar 9, 1990,0
Mar 10, 1990,8.727
Mar 11, 1990,4.462
Mar 12, 1990,0
Mar 13, 1990,0
Mar 14, 1990,2.677
Mar 15, 1990,5.1
Mar 16, 1990,0
Mar 17, 1990,0
Mar 18, 1990,16.686
Mar 19, 1990,11.674
Mar 20, 1990,0
Mar 21, 1990,10.117
Mar 22, 1990,0
Mar 23, 1990,5.901
Mar 24, 1990,0
Mar 25, 1990,8.852
Mar 26, 1990,13.684
Mar 27, 1990,6.509
Mar 28, 1990,0
Mar 29, 1990,0
Mar 30, 1990,8.528
Mar 31, 1990,6.319
Apr 1, 1990,12.563
Apr 2, 1990,8.233
Apr 3, 1990,10.53
Apr 4, 1990,9.382
Apr 5, 1990,0
Apr 6, 1990,4.701
Apr 7, 1990,5.383
Apr 8, 1990,4.39
Apr 9, 1990,0
Apr 10, 1990,0
Apr 11, 1990,0
Apr 12, 1990,6.858
Apr 13, 1990,8.867
Apr 14, 1990,7.339
Apr 15, 1990,14.147
Apr 16, 1990,20.722
Apr 17, 1990,0
Apr 18, 1990,0
Apr 19, 1990,20.722
Apr 20, 1990,0
Apr 21, 1990,17.411
Apr 22, 1990,0
Apr 23, 1990,11.607
Apr 24, 1990,11.607
Apr 25, 1990,17.411
Apr 26, 1990,12.812
Apr 27, 1990,6.406
Apr 28, 1990,25.625
Apr 29, 1990,6.406
Apr 30, 1990,6.406
May 1, 1990,4.682
May 2, 1990,8.539
May 3, 1990,11.972
May 4, 1990,12.555
May 5, 1990,4.257
May 6, 1990,11.04
May 7, 1990,3.68
May 8, 1990,14.72
May 9, 1990,4.206
May 10, 1990,4.206
May 11, 1990,13.724
May 12, 1990,6.862
May 13, 1990,15.684
May 14, 1990,20.586
May 15, 1990,0
May 16, 1990,0
May 17, 1990,0
May 18, 1990,0
May 19, 1990,0
May 20, 1990,5.748
May 21, 1990,8.781
May 22, 1990,5.223
May 23, 1990,0
May 24, 1990,0
May 25, 1990,0
May 26, 1990,4.771
May 27, 1990,14.313
May 28, 1990,5.453
May 29, 1990,21.811
May 30, 1990,0
May 31, 1990,0
Jun 1, 1990,6.323
Jun 2, 1990,0
Jun 3, 1990,0
Jun 4, 1990,0
Jun 5, 1990,6.323
Jun 6, 1990,0
Jun 7, 1990,0
Jun 8, 1990,5.665
Jun 9, 1990,28.325
Jun 10, 1990,12.948
Jun 11, 1990,15.733
Jun 12, 1990,5.244
Jun 13, 1990,15.733
Jun 14, 1990,20.977
Jun 15, 1990,5.244
Jun 16, 1990,7.389
Jun 17, 1990,1.041
Jun 18, 1990,0
Jun 19, 1990,0
Jun 20, 1990,0
Jun 21, 1990,0
Jun 22, 1990,0
Jun 23, 1990,3.305
Jun 24, 1990,1.652
Jun 25, 1990,3.305
Jun 26, 1990,1.825
Jun 27, 1990,1.653
Jun 28, 1990,0
Jun 29, 1990,1.928
Jun 30, 1990,1.24
Jul 1, 1990,3.695
Jul 2, 1990,3.908
Jul 3, 1990,0
Jul 4, 1990,0
Jul 5, 1990,19.113
Jul 6, 1990,8.936
Jul 7, 1990,5.794
Jul 8, 1990,2.739
Jul 9, 1990,8.374
Jul 10, 1990,6.496
Jul 11, 1990,0
Jul 12, 1990,4.672
Jul 13, 1990,0
Jul 14, 1990,4.672
Jul 15, 1990,9.345
Jul 16, 1990,0
Jul 17, 1990,4.04
Jul 18, 1990,13.73
Jul 19, 1990,20.817
Jul 20, 1990,0
Jul 21, 1990,3.028
Jul 22, 1990,10.744
Jul 23, 1990,3.533
Jul 24, 1990,0
Jul 25, 1990,0
Jul 26, 1990,2.07
Jul 27, 1990,4.499
Jul 28, 1990,0
Jul 29, 1990,1.652
Jul 30, 1990,2.667
Jul 31, 1990,0
Aug 1, 1990,0
Aug 2, 1990,0
Aug 3, 1990,4.442
Aug 4, 1990,5.923
Aug 5, 1990,2.962
Aug 6, 1990,0
Aug 7, 1990,4.343
Aug 8, 1990,4.343
Aug 9, 1990,2.171
Aug 10, 1990,2.171
Aug 11, 1990,6.071
Aug 12, 1990,0
Aug 13, 1990,3.036
Aug 14, 1990,6.071
Aug 15, 1990,3.036
Aug 16, 1990,10.508
Aug 17, 1990,10.508
Aug 18, 1990,15.761
Aug 19, 1990,0
Aug 20, 1990,10.508
Aug 21, 1990,0
Aug 22, 1990,0
Aug 23, 1990,2.154
Aug 24, 1990,2.154
Aug 25, 1990,2.154
Aug 26, 1990,6.404
Aug 27, 1990,25.616
Aug 28, 1990,12.808
Aug 29, 1990,0
Aug 30, 1990,6.404
Aug 31, 1990,14.638
Sep 1, 1990,13.167
Sep 2, 1990,6.543
Sep 3, 1990,0
Sep 4, 1990,0
Sep 5, 1990,0
Sep 6, 1990,0
Sep 7, 1990,14.298
Sep 8, 1990,0
Sep 9, 1990,16.611
Sep 10, 1990,13.823
Sep 11, 1990,12.378
Sep 12, 1990,18.794
Sep 13, 1990,17.628
Sep 14, 1990,0
Sep 15, 1990,0
Sep 16, 1990,0
Sep 17, 1990,0
Sep 18, 1990,8.259
Sep 19, 1990,4.13
Sep 20, 1990,0
Sep 21, 1990,6.413
Sep 22, 1990,11.543
Sep 23, 1990,21.528
Sep 24, 1990,9.079
Sep 25, 1990,0
Sep 26, 1990,5.376
Sep 27, 1990,7.967
Sep 28, 1990,8.474
Sep 29, 1990,6.837
Sep 30, 1990,7.889
Oct 1, 1990,8.776
Oct 2, 1990,5.153
Oct 3, 1990,10.025
Oct 4, 1990,6.777
Oct 5, 1990,28.669
Oct 6, 1990,0
Oct 7, 1990,22.26
Oct 8, 1990,22.26
Oct 9, 1990,0
Oct 10, 1990,22.26
Oct 11, 1990,11.55
Oct 12, 1990,13.135
Oct 13, 1990,9.93
Oct 14, 1990,9.233
Oct 15, 1990,16.829
Oct 16, 1990,6.632
Oct 17, 1990,6.632
Oct 18, 1990,6.632
Oct 19, 1990,0
Oct 20, 1990,26.528
Oct 21, 1990,11.925
Oct 22, 1990,17.887
Oct 23, 1990,5.962
Oct 24, 1990,20.442
Oct 25, 1990,6.814
Oct 26, 1990,6.465
Oct 27, 1990,12.929
Oct 28, 1990,25.859
Oct 29, 1990,6.465
Oct 30, 1990,12.929
Oct 31, 1990,6.465
Nov 1, 1990,0
Nov 2, 1990,13.784
Nov 3, 1990,13.784
Nov 4, 1990,0
Nov 5, 1990,15.753
Nov 6, 1990,0
Nov 7, 1990,0
Nov 8, 1990,0
Nov 9, 1990,9.555
Nov 10, 1990,9.555
Nov 11, 1990,0
Nov 12, 1990,0
Nov 13, 1990,0
Nov 14, 1990,0
Nov 15, 1990,0
Nov 16, 1990,0
Nov 17, 1990,0
Nov 18, 1990,0
Nov 19, 1990,0
Nov 20, 1990,27.856
Nov 21, 1990,0
Nov 22, 1990,7.194
Nov 23, 1990,26.456
Nov 24, 1990,0
Nov 25, 1990,3.537
Nov 26, 1990,3.436
Nov 27, 1990,3.641
Nov 28, 1990,3.165
Nov 29, 1990,0
Nov 30, 1990,0
Dec 1, 1990,0
Dec 2, 1990,14.432
Dec 3, 1990,6.314
Dec 4, 1990,12.628
Dec 5, 1990,18.942
Dec 6, 1990,0
Dec 7, 1990,0
Dec 8, 1990,22.121
Dec 9, 1990,0
Dec 10, 1990,0
Dec 11, 1990,6.077
Dec 12, 1990,0
Dec 13, 1990,0
Dec 14, 1990,0
Dec 15, 1990,0
Dec 16, 1990,0
Dec 17, 1990,4.537
Dec 18, 1990,0
Dec 19, 1990,5.185
Dec 20, 1990,0
Dec 21, 1990,6.14
Dec 22, 1990,0
Dec 23, 1990,0
Dec 24, 1990,5.373
Dec 25, 1990,0
Dec 26, 1990,9.87
Dec 27, 1990,0
Dec 28, 1990,0
Dec 29, 1990,9.87
Dec 30, 1990,0
Dec 31, 1990,0
Jan 1, 1991,0
Jan 2, 1991,0
Jan 3, 1991,0
Jan 4, 1991,0
Jan 5, 1991,0
Jan 6, 1991,10.385
Jan 7, 1991,0
Jan 8, 1991,0
Jan 9, 1991,0
Jan 10, 1991,10.385
Jan 11, 1991,4.934
Jan 12, 1991,6.747
Jan 13, 1991,5.196
Jan 14, 1991,9.184
Jan 15, 1991,0
Jan 16, 1991,13.172
Jan 17, 1991,0
Jan 18, 1991,0
Jan 19, 1991,0
Jan 20, 1991,0
Jan 21, 1991,0
Jan 22, 1991,0
Jan 23, 1991,0
Jan 24, 1991,0
Jan 25, 1991,0
Jan 26, 1991,0
Jan 27, 1991,0
Jan 28, 1991,0
Jan 29, 1991,0
Jan 30, 1991,0
Jan 31, 1991,0
Feb 1, 1991,0
Feb 2, 1991,0
Feb 3, 1991,9.793
Feb 4, 1991,0
Feb 5, 1991,0
Feb 6, 1991,0
Feb 7, 1991,0
Feb 8, 1991,0
Feb 9, 1991,0
Feb 10, 1991,0
Feb 11, 1991,0
Feb 12, 1991,3.59
Feb 13, 1991,4.103
Feb 14, 1991,3.59
Feb 15, 1991,3.59
Feb 16, 1991,15.021
Feb 17, 1991,0
Feb 18, 1991,0
Feb 19, 1991,0
Feb 20, 1991,0
Feb 21, 1991,0
Feb 22, 1991,0
Feb 23, 1991,0
Feb 24, 1991,0
Feb 25, 1991,0
Feb 26, 1991,2.962
Feb 27, 1991,0
Feb 28, 1991,5.923
Mar 1, 1991,0
Mar 2, 1991,0
Mar 3, 1991,29.21
Mar 4, 1991,0
Mar 5, 1991,0
Mar 6, 1991,0
Mar 7, 1991,22.691
Mar 8, 1991,11.345
Mar 9, 1991,0
Mar 10, 1991,0
Mar 11, 1991,0
Mar 12, 1991,5.876
Mar 13, 1991,2.938
Mar 14, 1991,8.815
Mar 15, 1991,0
Mar 16, 1991,5.006
Mar 17, 1991,0
Mar 18, 1991,0
Mar 19, 1991,0
Mar 20, 1991,0
Mar 21, 1991,0
Mar 22, 1991,0
Mar 23, 1991,6.352
Mar 24, 1991,19.057
Mar 25, 1991,6.352
Mar 26, 1991,37.859
Mar 27, 1991,0
Mar 28, 1991,0
Mar 29, 1991,0
Mar 30, 1991,18.93
Mar 31, 1991,0
Apr 1, 1991,0
Apr 2, 1991,0
Apr 3, 1991,0
Apr 4, 1991,0
Apr 5, 1991,0
Apr 6, 1991,2.288
Apr 7, 1991,6.863
Apr 8, 1991,11.439
Apr 9, 1991,6.863
Apr 10, 1991,2.288
Apr 11, 1991,5.874
Apr 12, 1991,17.623
Apr 13, 1991,0
Apr 14, 1991,11.749
Apr 15, 1991,5.874
Apr 16, 1991,17.571
Apr 17, 1991,15.114
Apr 18, 1991,14.517
Apr 19, 1991,0
Apr 20, 1991,0
Apr 21, 1991,3.261
Apr 22, 1991,4.869
Apr 23, 1991,3.95
Apr 24, 1991,4.306
Apr 25, 1991,0
Apr 26, 1991,0
Apr 27, 1991,13.716
Apr 28, 1991,9.144
Apr 29, 1991,18.288
Apr 30, 1991,4.572
May 1, 1991,8.298
May 2, 1991,8.298
May 3, 1991,16.597
May 4, 1991,2.766
May 5, 1991,0
May 6, 1991,0
May 7, 1991,0
May 8, 1991,2.972
May 9, 1991,0
May 10, 1991,8.916
May 11, 1991,7.466
May 12, 1991,6.83
May 13, 1991,0
May 14, 1991,0
May 15, 1991,10.093
May 16, 1991,25.675
May 17, 1991,17.117
May 18, 1991,0
May 19, 1991,8.558
May 20, 1991,0
May 21, 1991,18.318
May 22, 1991,6.106
May 23, 1991,6.106
May 24, 1991,18.318
May 25, 1991,0
May 26, 1991,0
May 27, 1991,0
May 28, 1991,0
May 29, 1991,13.658
May 30, 1991,0
May 31, 1991,6.829
Jun 1, 1991,4.839
Jun 2, 1991,2.419
Jun 3, 1991,4.839
Jun 4, 1991,8.295
Jun 5, 1991,4.839
Jun 6, 1991,5.052
Jun 7, 1991,2.687
Jun 8, 1991,0
Jun 9, 1991,0
Jun 10, 1991,0
Jun 11, 1991,6.584
Jun 12, 1991,0
Jun 13, 1991,2.195
Jun 14, 1991,6.584
Jun 15, 1991,0
Jun 16, 1991,0
Jun 17, 1991,9.468
Jun 18, 1991,9.404
Jun 19, 1991,11.068
Jun 20, 1991,4.158
Jun 21, 1991,9.086
Jun 22, 1991,6.243
Jun 23, 1991,11.167
Jun 24, 1991,9.035
Jun 25, 1991,6.751
Jun 26, 1991,12.249
Jun 27, 1991,0
Jun 28, 1991,0
Jun 29, 1991,4.083
Jun 30, 1991,0
Jul 1, 1991,4.693
Jul 2, 1991,0
Jul 3, 1991,6.816
Jul 4, 1991,13.297
Jul 5, 1991,7.039
Jul 6, 1991,13.246
Jul 7, 1991,6.417
Jul 8, 1991,4.907
Jul 9, 1991,0
Jul 10, 1991,2.951
Jul 11, 1991,0.798
Jul 12, 1991,2.103
Jul 13, 1991,2.763
Jul 14, 1991,0.798
Jul 15, 1991,0
Jul 16, 1991,1.396
Jul 17, 1991,0
Jul 18, 1991,5.584
Jul 19, 1991,0
Jul 20, 1991,0
Jul 21, 1991,0
Jul 22, 1991,0
Jul 23, 1991,0
Jul 24, 1991,1.725
Jul 25, 1991,3.067
Jul 26, 1991,7.394
Jul 27, 1991,0
Jul 28, 1991,0
Jul 29, 1991,0
Jul 30, 1991,15.264
Jul 31, 1991,28.928
Aug 1, 1991,16.661
Aug 2, 1991,0
Aug 3, 1991,0
Aug 4, 1991,0
Aug 5, 1991,0
Aug 6, 1991,5.389
Aug 7, 1991,0
Aug 8, 1991,16.168
Aug 9, 1991,10.778
Aug 10, 1991,10.778
Aug 11, 1991,0
Aug 12, 1991,0
Aug 13, 1991,0
Aug 14, 1991,0
Aug 15, 1991,0
Aug 16, 1991,0
Aug 17, 1991,0
Aug 18, 1991,1.63
Aug 19, 1991,0
Aug 20, 1991,3.35
Aug 21, 1991,0
Aug 22, 1991,3.29
Aug 23, 1991,0
Aug 24, 1991,0
Aug 25, 1991,0
Aug 26, 1991,0
Aug 27, 1991,0
Aug 28, 1991,0
Aug 29, 1991,0
Aug 30, 1991,5.061
Aug 31, 1991,3.585
Sep 1, 1991,4.395
Sep 2, 1991,0
Sep 3, 1991,2.564
Sep 4, 1991,1.465
Sep 5, 1991,0
Sep 6, 1991,11.202
Sep 7, 1991,0
Sep 8, 1991,0
Sep 9, 1991,0
Sep 10, 1991,0
Sep 11, 1991,0
Sep 12, 1991,0
Sep 13, 1991,0
Sep 14, 1991,0
Sep 15, 1991,31.391
Sep 16, 1991,13.915
Sep 17, 1991,5.587
Sep 18, 1991,10.723
Sep 19, 1991,6.385
Sep 20, 1991,5.153
Sep 21, 1991,6.791
Sep 22, 1991,6.667
Sep 23, 1991,6.372
Sep 24, 1991,6.791
Sep 25, 1991,4.196
Sep 26, 1991,11.646
Sep 27, 1991,14.564
Sep 28, 1991,0
Sep 29, 1991,5.279
Sep 30, 1991,8.224
Oct 1, 1991,10.7
Oct 2, 1991,10.7
Oct 3, 1991,21.401
Oct 4, 1991,0
Oct 5, 1991,9.363
Oct 6, 1991,0
Oct 7, 1991,7.956
Oct 8, 1991,23.869
Oct 9, 1991,31.826
Oct 10, 1991,0
Oct 11, 1991,0
Oct 12, 1991,12.112
Oct 13, 1991,13.842
Oct 14, 1991,12.112
Oct 15, 1991,6.056
Oct 16, 1991,0
Oct 17, 1991,17.754
Oct 18, 1991,13.547
Oct 19, 1991,0
Oct 20, 1991,0
Oct 21, 1991,0
Oct 22, 1991,0
Oct 23, 1991,0
Oct 24, 1991,5.973
Oct 25, 1991,0
Oct 26, 1991,14.72
Oct 27, 1991,19.313
Oct 28, 1991,0
Oct 29, 1991,0
Oct 30, 1991,0
Oct 31, 1991,14.117
Nov 1, 1991,0
Nov 2, 1991,4.279
Nov 3, 1991,6.182
Nov 4, 1991,10.063
Nov 5, 1991,3.698
Nov 6, 1991,26.752
Nov 7, 1991,26.752
Nov 8, 1991,0
Nov 9, 1991,0
Nov 10, 1991,0
Nov 11, 1991,0
Nov 12, 1991,0
Nov 13, 1991,11.87
Nov 14, 1991,11.87
Nov 15, 1991,11.87
Nov 16, 1991,7.517
Nov 17, 1991,15.035
Nov 18, 1991,0
Nov 19, 1991,0
Nov 20, 1991,0
Nov 21, 1991,0
Nov 22, 1991,0
Nov 23, 1991,12.645
Nov 24, 1991,12.645
Nov 25, 1991,31.612
Nov 26, 1991,24.691
Nov 27, 1991,0
Nov 28, 1991,0
Nov 29, 1991,0
Nov 30, 1991,0
Dec 1, 1991,0
Dec 2, 1991,11.2
Dec 3, 1991,0
Dec 4, 1991,11.552
Dec 5, 1991,11.827
Dec 6, 1991,0
Dec 7, 1991,0
Dec 8, 1991,0
Dec 9, 1991,0
Dec 10, 1991,12.031
Dec 11, 1991,0
Dec 12, 1991,0
Dec 13, 1991,26.67
Dec 14, 1991,0
Dec 15, 1991,0
Dec 16, 1991,5.333
Dec 17, 1991,10.666
Dec 18, 1991,0
Dec 19, 1991,0
Dec 20, 1991,0
Dec 21, 1991,0
Dec 22, 1991,0
Dec 23, 1991,0
Dec 24, 1991,0
Dec 25, 1991,0
Dec 26, 1991,0
Dec 27, 1991,0
Dec 28, 1991,0
Dec 29, 1991,13.142
Dec 30, 1991,0
Dec 31, 1991,0
Jan 1, 1992,0
Jan 2, 1992,10.21
Jan 3, 1992,0
Jan 4, 1992,0
Jan 5, 1992,0
Jan 6, 1992,6.737
Jan 7, 1992,6.737
Jan 8, 1992,0
Jan 9, 1992,3.368
Jan 10, 1992,0
Jan 11, 1992,0
Jan 12, 1992,0
Jan 13, 1992,0
Jan 14, 1992,8.351
Jan 15, 1992,0
Jan 16, 1992,0
Jan 17, 1992,0
Jan 18, 1992,0
Jan 19, 1992,0
Jan 20, 1992,0
Jan 21, 1992,0
Jan 22, 1992,7.844
Jan 23, 1992,3.922
Jan 24, 1992,7.844
Jan 25, 1992,0
Jan 26, 1992,0
Jan 27, 1992,0
Jan 28, 1992,0
Jan 29, 1992,0
Jan 30, 1992,0
Jan 31, 1992,0
Feb 1, 1992,2.403
Feb 2, 1992,0
Feb 3, 1992,0
Feb 4, 1992,0
Feb 5, 1992,0
Feb 6, 1992,0
Feb 7, 1992,0
Feb 8, 1992,0
Feb 9, 1992,0
Feb 10, 1992,5.359
Feb 11, 1992,13.381
Feb 12, 1992,4.46
Feb 13, 1992,0
Feb 14, 1992,0
Feb 15, 1992,4.46
Feb 16, 1992,0
Feb 17, 1992,0
Feb 18, 1992,0
Feb 19, 1992,0
Feb 20, 1992,24.427
Feb 21, 1992,9.669
Feb 22, 1992,0
Feb 23, 1992,3.223
Feb 24, 1992,0
Feb 25, 1992,0
Feb 26, 1992,0
Feb 27, 1992,0
Feb 28, 1992,0
Feb 29, 1992,9.671
Mar 1, 1992,0
Mar 2, 1992,2.301
Mar 3, 1992,5.258
Mar 4, 1992,4.601
Mar 5, 1992,0
Mar 6, 1992,0
Mar 7, 1992,9.692
Mar 8, 1992,0
Mar 9, 1992,0
Mar 10, 1992,0
Mar 11, 1992,4.082
Mar 12, 1992,8.165
Mar 13, 1992,4.082
Mar 14, 1992,8.165
Mar 15, 1992,0
Mar 16, 1992,0
Mar 17, 1992,0
Mar 18, 1992,0
Mar 19, 1992,0
Mar 20, 1992,0
Mar 21, 1992,0
Mar 22, 1992,0
Mar 23, 1992,0
Mar 24, 1992,0
Mar 25, 1992,5.144
Mar 26, 1992,0
Mar 27, 1992,0
Mar 28, 1992,0
Mar 29, 1992,0
Mar 30, 1992,3.644
Mar 31, 1992,7.289
Apr 1, 1992,0
Apr 2, 1992,0
Apr 3, 1992,0
Apr 4, 1992,0
Apr 5, 1992,9.183
Apr 6, 1992,0
Apr 7, 1992,0
Apr 8, 1992,0
Apr 9, 1992,0
Apr 10, 1992,0
Apr 11, 1992,4.242
Apr 12, 1992,12.726
Apr 13, 1992,4.242
Apr 14, 1992,12.726
Apr 15, 1992,12.726
Apr 16, 1992,4.797
Apr 17, 1992,9.594
Apr 18, 1992,0
Apr 19, 1992,9.594
Apr 20, 1992,4.797
Apr 21, 1992,0
Apr 22, 1992,2.596
Apr 23, 1992,2.596
Apr 24, 1992,7.787
Apr 25, 1992,5.192
Apr 26, 1992,7.805
Apr 27, 1992,0
Apr 28, 1992,0
Apr 29, 1992,8.783
Apr 30, 1992,11.905
May 1, 1992,0
May 2, 1992,2.901
May 2, 1992,11.603
May 4, 1992,8.702
May 5, 1992,5.802
May 6, 1992,11.807
May 7, 1992,17.71
May 8, 1992,0
May 9, 1992,11.807
May 10, 1992,0
May 11, 1992,4.581
May 12, 1992,11.453
May 13, 1992,4.581
May 14, 1992,2.291
May 15, 1992,6.872
May 16, 1992,0
May 17, 1992,7.937
May 18, 1992,3.968
May 19, 1992,11.905
May 20, 1992,7.937
May 21, 1992,16.636
May 22, 1992,4.159
May 23, 1992,4.159
May 24, 1992,12.477
May 25, 1992,4.159
May 26, 1992,0
May 27, 1992,4.779
May 28, 1992,11.638
May 29, 1992,15.807
May 30, 1992,3.596
May 31, 1992,4.206
Jun 1, 1992,4.208
Jun 2, 1992,6.726
Jun 3, 1992,4.778
Jun 4, 1992,4.219
Jun 5, 1992,0
Jun 6, 1992,0
Jun 7, 1992,3.512
Jun 8, 1992,3.662
Jun 9, 1992,2.273
Jun 10, 1992,0
Jun 11, 1992,0
Jun 12, 1992,2.742
Jun 13, 1992,0
Jun 14, 1992,0
Jun 15, 1992,0
Jun 16, 1992,0
Jun 17, 1992,3.958
Jun 18, 1992,4.523
Jun 19, 1992,0
Jun 20, 1992,18.094
Jun 21, 1992,0
Jun 22, 1992,0
Jun 23, 1992,0
Jun 24, 1992,3.274
Jun 25, 1992,0
Jun 26, 1992,0
Jun 27, 1992,9.257
Jun 28, 1992,0
Jun 29, 1992,0
Jun 30, 1992,4.628
Jul 1, 1992,0
Jul 2, 1992,0
Jul 3, 1992,0
Jul 4, 1992,0
Jul 5, 1992,10.36
Jul 6, 1992,0
Jul 7, 1992,0
Jul 8, 1992,3.296
Jul 9, 1992,0
Jul 10, 1992,1.648
Jul 11, 1992,0
Jul 12, 1992,7.466
Jul 13, 1992,18.666
Jul 14, 1992,3.733
Jul 15, 1992,3.733
Jul 16, 1992,7.055
Jul 17, 1992,4.483
Jul 18, 1992,0
Jul 19, 1992,0
Jul 20, 1992,0
Jul 21, 1992,4.414
Jul 22, 1992,2.943
Jul 23, 1992,0
Jul 24, 1992,0
Jul 25, 1992,0
Jul 26, 1992,9.014
Jul 27, 1992,0
Jul 28, 1992,0
Jul 29, 1992,18.028
Jul 30, 1992,0
Jul 31, 1992,0
Aug 1, 1992,9.388
Aug 2, 1992,9.388
Aug 3, 1992,4.694
Aug 4, 1992,0
Aug 5, 1992,4.694
Aug 6, 1992,0
Aug 7, 1992,17.174
Aug 8, 1992,0
Aug 9, 1992,3.435
Aug 10, 1992,3.435
Aug 11, 1992,6.615
Aug 12, 1992,0
Aug 13, 1992,6.615
Aug 14, 1992,6.615
Aug 15, 1992,3.308
Aug 16, 1992,0
Aug 17, 1992,0
Aug 18, 1992,0
Aug 19, 1992,7.748
Aug 20, 1992,7.748
Aug 21, 1992,0
Aug 22, 1992,2.85
Aug 23, 1992,2.85
Aug 24, 1992,4.276
Aug 25, 1992,0
Aug 26, 1992,0
Aug 27, 1992,5.749
Aug 28, 1992,5.749
Aug 29, 1992,17.246
Aug 30, 1992,11.497
Aug 31, 1992,17.246
Sep 1, 1992,0
Sep 2, 1992,0
Sep 3, 1992,0
Sep 4, 1992,20.518
Sep 5, 1992,0
Sep 6, 1992,4.846
Sep 7, 1992,14.537
Sep 8, 1992,0
Sep 9, 1992,9.691
Sep 10, 1992,9.691
Sep 11, 1992,0
Sep 12, 1992,0
Sep 13, 1992,6.111
Sep 14, 1992,12.222
Sep 15, 1992,6.111
Sep 16, 1992,0
Sep 17, 1992,9.984
Sep 18, 1992,9.984
Sep 19, 1992,9.984
Sep 20, 1992,0
Sep 21, 1992,36.925
Sep 22, 1992,0
Sep 23, 1992,9.231
Sep 24, 1992,0
Sep 25, 1992,18.462
Sep 26, 1992,3.796
Sep 27, 1992,17.354
Sep 28, 1992,3.796
Sep 29, 1992,3.796
Sep 30, 1992,0
Oct 1, 1992,6.5
Oct 2, 1992,9.75
Oct 3, 1992,6.5
Oct 4, 1992,0
Oct 5, 1992,6.5
Oct 6, 1992,0
Oct 7, 1992,0
Oct 8, 1992,0
Oct 9, 1992,0
Oct 10, 1992,37.889
Oct 11, 1992,5.28
Oct 12, 1992,10.56
Oct 13, 1992,0
Oct 14, 1992,0
Oct 15, 1992,0
Oct 16, 1992,7.439
Oct 17, 1992,0
Oct 18, 1992,3.72
Oct 19, 1992,3.72
Oct 20, 1992,0
Oct 21, 1992,9.027
Oct 22, 1992,0
Oct 23, 1992,0
Oct 24, 1992,9.027
Oct 25, 1992,0
Oct 26, 1992,0
Oct 27, 1992,5.165
Oct 28, 1992,10.329
Oct 29, 1992,5.165
Oct 30, 1992,0
Oct 31, 1992,0
Nov 1, 1992,5.716
Nov 2, 1992,11.432
Nov 3, 1992,5.716
Nov 4, 1992,0
Nov 5, 1992,11.432
Nov 6, 1992,5.944
Nov 7, 1992,0
Nov 8, 1992,0
Nov 9, 1992,0
Nov 10, 1992,11.888
Nov 11, 1992,6.438
Nov 12, 1992,12.875
Nov 13, 1992,0
Nov 14, 1992,0
Nov 15, 1992,6.438
Nov 16, 1992,0
Nov 17, 1992,0
Nov 18, 1992,13.475
Nov 19, 1992,0
Nov 20, 1992,4.492
Nov 21, 1992,4.291
Nov 22, 1992,8.583
Nov 23, 1992,12.874
Nov 24, 1992,4.291
Nov 25, 1992,4.291
Nov 26, 1992,6.798
Nov 27, 1992,0
Nov 28, 1992,0
Nov 29, 1992,20.393
Nov 30, 1992,0
Dec 1, 1992,0
Dec 2, 1992,18.264
Dec 3, 1992,9.132
Dec 4, 1992,9.132
Dec 5, 1992,18.264
Dec 6, 1992,5.033
Dec 7, 1992,0
Dec 8, 1992,0
Dec 9, 1992,15.098
Dec 10, 1992,5.033
Dec 11, 1992,0
Dec 12, 1992,0
Dec 13, 1992,0
Dec 14, 1992,0
Dec 15, 1992,19.627
Dec 16, 1992,0
Dec 17, 1992,3.696
Dec 18, 1992,0
Dec 19, 1992,4.224
Dec 20, 1992,0
Dec 21, 1992,2.793
Dec 22, 1992,0.931
Dec 23, 1992,0
Dec 24, 1992,0
Dec 25, 1992,0
Dec 26, 1992,0
Dec 27, 1992,0
Dec 28, 1992,2.966
Dec 29, 1992,5.932
Dec 30, 1992,2.966
Dec 31, 1992,0
Jan 1, 1993,0
Jan 2, 1993,3.119
Jan 3, 1993,12.475
Jan 4, 1993,0
Jan 5, 1993,3.119
Jan 6, 1993,44.815
Jan 7, 1993,0
Jan 8, 1993,0
Jan 9, 1993,7.469
Jan 10, 1993,0
Jan 11, 1993,7.987
Jan 12, 1993,7.987
Jan 13, 1993,7.987
Jan 14, 1993,0
Jan 15, 1993,0
Jan 16, 1993,0
Jan 17, 1993,8.346
Jan 18, 1993,12.519
Jan 19, 1993,4.173
Jan 20, 1993,4.173
Jan 21, 1993,0
Jan 22, 1993,1.485
Jan 23, 1993,1.485
Jan 24, 1993,2.97
Jan 25, 1993,5.94
Jan 26, 1993,2.835
Jan 27, 1993,0
Jan 28, 1993,1.417
Jan 29, 1993,0
Jan 30, 1993,0
Jan 31, 1993,1.417
Feb 1, 1993,0
Feb 2, 1993,0
Feb 3, 1993,0
Feb 4, 1993,0
Feb 5, 1993,4.634
Feb 6, 1993,0
Feb 7, 1993,4.191
Feb 8, 1993,4.191
Feb 9, 1993,4.191
Feb 10, 1993,8.381
Feb 11, 1993,13.719
Feb 12, 1993,4.573
Feb 13, 1993,0
Feb 14, 1993,0
Feb 15, 1993,0
Feb 16, 1993,0
Feb 17, 1993,0
Feb 18, 1993,0
Feb 19, 1993,0
Feb 20, 1993,0
Feb 21, 1993,0
Feb 22, 1993,0
Feb 23, 1993,0
Feb 24, 1993,0
Feb 25, 1993,0
Feb 26, 1993,0
Feb 27, 1993,0
Feb 28, 1993,0
Mar 1, 1993,0
Mar 2, 1993,0
Mar 3, 1993,0
Mar 4, 1993,0
Mar 5, 1993,0
Mar 6, 1993,0
Mar 7, 1993,0
Mar 8, 1993,0
Mar 9, 1993,10.377
Mar 10, 1993,12.496
Mar 11, 1993,1.333
Mar 12, 1993,0
Mar 13, 1993,1.333
Mar 14, 1993,3.998
Mar 15, 1993,0
Mar 16, 1993,3.613
Mar 17, 1993,14.453
Mar 18, 1993,3.613
Mar 19, 1993,0
Mar 20, 1993,3.613
Mar 21, 1993,7.861
Mar 22, 1993,7.861
Mar 23, 1993,8.984
Mar 24, 1993,15.722
Mar 25, 1993,11.791
Mar 26, 1993,0
Mar 27, 1993,11.195
Mar 28, 1993,0
Mar 29, 1993,4.898
Mar 30, 1993,14.693
Mar 31, 1993,0
Apr 1, 1993,3.337
Apr 2, 1993,6.674
Apr 3, 1993,6.674
Apr 4, 1993,0
Apr 5, 1993,13.348
Apr 6, 1993,6.142
Apr 7, 1993,3.071
Apr 8, 1993,18.425
Apr 9, 1993,3.071
Apr 10, 1993,0
Apr 11, 1993,0
Apr 12, 1993,12.822
Apr 13, 1993,24.423
Apr 14, 1993,0
Apr 15, 1993,4.274
Apr 16, 1993,0
Apr 17, 1993,0
Apr 18, 1993,8.207
Apr 19, 1993,21.803
Apr 20, 1993,6.274
Apr 21, 1993,5.908
Apr 22, 1993,5.908
Apr 23, 1993,2.954
Apr 24, 1993,2.954
Apr 25, 1993,5.908
Apr 26, 1993,21.124
Apr 27, 1993,5.281
Apr 28, 1993,5.281
Apr 29, 1993,5.281
Apr 30, 1993,5.281
May 1, 1993,9.967
May 2, 1993,5.814
May 3, 1993,8.721
May 4, 1993,2.907
May 5, 1993,8.721
May 6, 1993,15.486
May 7, 1993,15.486
May 8, 1993,5.162
May 9, 1993,10.324
May 10, 1993,17.699
May 11, 1993,2.525
May 12, 1993,10.099
May 13, 1993,5.05
May 14, 1993,2.525
May 15, 1993,2.525
May 16, 1993,4.348
May 17, 1993,0
May 18, 1993,26.088
May 19, 1993,0
May 20, 1993,13.044
May 21, 1993,21.886
May 22, 1993,0
May 23, 1993,5.471
May 24, 1993,10.943
May 25, 1993,10.943
May 26, 1993,3.419
May 27, 1993,3.419
May 28, 1993,6.838
May 29, 1993,20.513
May 30, 1993,3.419
May 31, 1993,3.419
Jun 1, 1993,0
Jun 2, 1993,0
Jun 3, 1993,0
Jun 4, 1993,0
Jun 5, 1993,0
Jun 6, 1993,1.163
Jun 7, 1993,0
Jun 8, 1993,3.49
Jun 9, 1993,2.327
Jun 10, 1993,2.327
Jun 11, 1993,3.168
Jun 12, 1993,0
Jun 13, 1993,3.621
Jun 14, 1993,0
Jun 15, 1993,3.168
Jun 16, 1993,1.932
Jun 17, 1993,3.864
Jun 18, 1993,5.796
Jun 19, 1993,3.864
Jun 20, 1993,0
Jun 21, 1993,4.408
Jun 22, 1993,0
Jun 23, 1993,4.408
Jun 24, 1993,4.408
Jun 25, 1993,4.408
Jun 26, 1993,13.818
Jun 27, 1993,6.909
Jun 28, 1993,20.727
Jun 29, 1993,6.909
Jun 30, 1993,0
Jul 1, 1993,19.683
Jul 2, 1993,19.683
Jul 3, 1993,4.921
Jul 4, 1993,4.921
Jul 5, 1993,19.683
Jul 6, 1993,0
Jul 7, 1993,0
Jul 8, 1993,0
Jul 9, 1993,8.174
Jul 10, 1993,9.222
Jul 11, 1993,1.317
Jul 12, 1993,1.317
Jul 13, 1993,1.317
Jul 14, 1993,3.95
Jul 15, 1993,1.317
Jul 16, 1993,6.606
Jul 17, 1993,0
Jul 18, 1993,0
Jul 19, 1993,0
Jul 20, 1993,0
Jul 21, 1993,0
Jul 22, 1993,0
Jul 23, 1993,4.683
Jul 24, 1993,13.224
Jul 25, 1993,6.887
Jul 26, 1993,4.532
Jul 27, 1993,4.532
Jul 28, 1993,4.532
Jul 29, 1993,4.532
Jul 30, 1993,4.532
Jul 31, 1993,6.043
Aug 1, 1993,0
Aug 2, 1993,2.755
Aug 3, 1993,0
Aug 4, 1993,0
Aug 5, 1993,0
Aug 6, 1993,0
Aug 7, 1993,0
Aug 8, 1993,4.418
Aug 9, 1993,17.67
Aug 10, 1993,13.253
Aug 11, 1993,13.895
Aug 12, 1993,9.263
Aug 13, 1993,4.632
Aug 14, 1993,4.632
Aug 15, 1993,0
Aug 16, 1993,10.881
Aug 17, 1993,0
Aug 18, 1993,6.218
Aug 19, 1993,0
Aug 20, 1993,5.44
Aug 21, 1993,3.315
Aug 22, 1993,3.315
Aug 23, 1993,16.574
Aug 24, 1993,9.944
Aug 25, 1993,0
Aug 26, 1993,3.694
Aug 27, 1993,7.387
Aug 28, 1993,22.162
Aug 29, 1993,3.694
Aug 30, 1993,0
Aug 31, 1993,3.694
Sep 1, 1993,8.389
Sep 2, 1993,8.389
Sep 3, 1993,0
Sep 4, 1993,12.584
Sep 5, 1993,4.195
Sep 6, 1993,11.026
Sep 7, 1993,5.513
Sep 8, 1993,0
Sep 9, 1993,5.513
Sep 10, 1993,22.052
Sep 11, 1993,0
Sep 12, 1993,13.511
Sep 13, 1993,13.511
Sep 14, 1993,33.779
Sep 15, 1993,20.267
Sep 16, 1993,6.958
Sep 17, 1993,5.494
Sep 18, 1993,6.424
Sep 19, 1993,0
Sep 20, 1993,0
Sep 21, 1993,14.186
Sep 22, 1993,3.103
Sep 23, 1993,9.309
Sep 24, 1993,3.103
Sep 25, 1993,0
Sep 26, 1993,13.033
Sep 27, 1993,8.689
Sep 28, 1993,17.378
Sep 29, 1993,0
Sep 30, 1993,0
Oct 1, 1993,0
Oct 2, 1993,15.898
Oct 3, 1993,5.299
Oct 4, 1993,10.598
Oct 5, 1993,6.056
Oct 6, 1993,0
Oct 7, 1993,0
Oct 8, 1993,15.239
Oct 9, 1993,9.001
Oct 10, 1993,14.055
Oct 11, 1993,0
Oct 12, 1993,0
Oct 13, 1993,0
Oct 14, 1993,9.329
Oct 15, 1993,8.455
Oct 16, 1993,3.955
Oct 17, 1993,0
Oct 18, 1993,3.955
Oct 19, 1993,15.821
Oct 20, 1993,11.866
Oct 21, 1993,0
Oct 22, 1993,6.462
Oct 23, 1993,5.654
Oct 24, 1993,5.654
Oct 25, 1993,9.423
Oct 26, 1993,0
Oct 27, 1993,0
Oct 28, 1993,7.371
Oct 29, 1993,12.328
Oct 30, 1993,17.529
Oct 31, 1993,22.149
Nov 1, 1993,8.986
Nov 2, 1993,8.986
Nov 3, 1993,0
Nov 4, 1993,8.986
Nov 5, 1993,8.986
Nov 6, 1993,5.039
Nov 7, 1993,25.196
Nov 8, 1993,0
Nov 9, 1993,5.039
Nov 10, 1993,10.078
Nov 11, 1993,14.364
Nov 12, 1993,7.182
Nov 13, 1993,7.182
Nov 14, 1993,21.547
Nov 15, 1993,14.364
Nov 16, 1993,0
Nov 17, 1993,0
Nov 18, 1993,0
Nov 19, 1993,0
Nov 20, 1993,21.678
Nov 21, 1993,5.722
Nov 22, 1993,0
Nov 23, 1993,30.81
Nov 24, 1993,0
Nov 25, 1993,8.069
Nov 26, 1993,26.319
Nov 27, 1993,0
Nov 28, 1993,26.319
Nov 29, 1993,13.159
Nov 30, 1993,0
Dec 1, 1993,27.329
Dec 2, 1993,0
Dec 3, 1993,0
Dec 4, 1993,0
Dec 5, 1993,0
Dec 6, 1993,6.035
Dec 7, 1993,0
Dec 8, 1993,6.035
Dec 9, 1993,0
Dec 10, 1993,3.017
Dec 11, 1993,9.023
Dec 12, 1993,0
Dec 13, 1993,0
Dec 14, 1993,9.023
Dec 15, 1993,27.069
Dec 16, 1993,0
Dec 17, 1993,0
Dec 18, 1993,0
Dec 19, 1993,0
Dec 20, 1993,0
Dec 21, 1993,0
Dec 22, 1993,0
Dec 23, 1993,4.631
Dec 24, 1993,0
Dec 25, 1993,0
Dec 26, 1993,0
Dec 27, 1993,0
Dec 28, 1993,0
Dec 29, 1993,0
Dec 30, 1993,12.27
Dec 31, 1993,0
Jan 1, 1994,0
Jan 2, 1994,0
Jan 3, 1994,0
Jan 4, 1994,3.517
Jan 5, 1994,3.517
Jan 6, 1994,0
Jan 7, 1994,0
Jan 8, 1994,11.63
Jan 9, 1994,0
Jan 10, 1994,11.63
Jan 11, 1994,0
Jan 12, 1994,0
Jan 13, 1994,0
Jan 14, 1994,0
Jan 15, 1994,0
Jan 16, 1994,0
Jan 17, 1994,0
Jan 18, 1994,10.312
Jan 19, 1994,0
Jan 20, 1994,0
Jan 21, 1994,0
Jan 22, 1994,0
Jan 23, 1994,0
Jan 24, 1994,0
Jan 25, 1994,0
Jan 26, 1994,0
Jan 27, 1994,0
Jan 28, 1994,9.397
Jan 29, 1994,9.397
Jan 30, 1994,0
Jan 31, 1994,9.397
Feb 1, 1994,0
Feb 2, 1994,0
Feb 3, 1994,8.284
Feb 4, 1994,0
Feb 5, 1994,8.284
Feb 6, 1994,4.554
Feb 7, 1994,0
Feb 8, 1994,0
Feb 9, 1994,0
Feb 10, 1994,0
Feb 11, 1994,0
Feb 12, 1994,0
Feb 13, 1994,0
Feb 14, 1994,6.902
Feb 15, 1994,3.451
Feb 16, 1994,0
Feb 17, 1994,0
Feb 18, 1994,0
Feb 19, 1994,0
Feb 20, 1994,10.149
Feb 21, 1994,9.362
Feb 22, 1994,10.699
Feb 23, 1994,0
Feb 24, 1994,9.362
Feb 25, 1994,0
Feb 26, 1994,0
Feb 27, 1994,8.925
Feb 28, 1994,0
Mar 1, 1994,0
Mar 2, 1994,7.409
Mar 3, 1994,7.409
Mar 4, 1994,0
Mar 5, 1994,0
Mar 6, 1994,0
Mar 7, 1994,0
Mar 8, 1994,8.221
Mar 9, 1994,0
Mar 10, 1994,0
Mar 11, 1994,8.101
Mar 12, 1994,8.101
Mar 13, 1994,0
Mar 14, 1994,0
Mar 15, 1994,8.101
Mar 16, 1994,4.085
Mar 17, 1994,4.085
Mar 18, 1994,0
Mar 19, 1994,8.171
Mar 20, 1994,8.171
Mar 21, 1994,0
Mar 22, 1994,16.112
Mar 23, 1994,0
Mar 24, 1994,8.056
Mar 25, 1994,0
Mar 26, 1994,21.304
Mar 27, 1994,14.202
Mar 28, 1994,7.101
Mar 29, 1994,7.101
Mar 30, 1994,7.101
Mar 31, 1994,0
Apr 1, 1994,0
Apr 2, 1994,6.361
Apr 3, 1994,12.722
Apr 4, 1994,19.082
Apr 5, 1994,6.361
Apr 6, 1994,13.789
Apr 7, 1994,0
Apr 8, 1994,0
Apr 9, 1994,0
Apr 10, 1994,0
Apr 11, 1994,12.846
Apr 12, 1994,17.128
Apr 13, 1994,4.282
Apr 14, 1994,8.564
Apr 15, 1994,0
Apr 16, 1994,10.063
Apr 17, 1994,5.032
Apr 18, 1994,25.158
Apr 19, 1994,5.032
Apr 20, 1994,5.032
Apr 21, 1994,6.508
Apr 22, 1994,6.508
Apr 23, 1994,6.508
Apr 24, 1994,0
Apr 25, 1994,13.017
Apr 26, 1994,17.933
Apr 27, 1994,17.933
Apr 28, 1994,0
Apr 29, 1994,8.966
Apr 30, 1994,0
May 1, 1994,0
May 2, 1994,0
May 3, 1994,4.208
May 4, 1994,21.038
May 5, 1994,0
May 6, 1994,0
May 7, 1994,0
May 8, 1994,8.625
May 9, 1994,17.25
May 10, 1994,0
May 11, 1994,4.707
May 12, 1994,4.707
May 13, 1994,9.414
May 14, 1994,7.06
May 15, 1994,2.353
May 16, 1994,17.914
May 17, 1994,8.957
May 18, 1994,4.479
May 19, 1994,4.479
May 20, 1994,4.479
May 21, 1994,0
May 22, 1994,7.738
May 23, 1994,17.686
May 24, 1994,7.738
May 25, 1994,7.738
May 26, 1994,5.811
May 27, 1994,5.811
May 28, 1994,0
May 29, 1994,6.641
May 30, 1994,17.433
May 31, 1994,11.622
Jun 1, 1994,7.058
Jun 2, 1994,0
Jun 3, 1994,3.529
Jun 4, 1994,17.646
Jun 5, 1994,0
Jun 6, 1994,0
Jun 7, 1994,4.878
Jun 8, 1994,4.878
Jun 9, 1994,0
Jun 10, 1994,0
Jun 11, 1994,3.026
Jun 12, 1994,0
Jun 13, 1994,3.026
Jun 14, 1994,3.026
Jun 15, 1994,9.077
Jun 16, 1994,3.362
Jun 17, 1994,0
Jun 18, 1994,13.446
Jun 19, 1994,0
Jun 20, 1994,6.723
Jun 21, 1994,7.111
Jun 22, 1994,17.778
Jun 23, 1994,0
Jun 24, 1994,3.556
Jun 25, 1994,0
Jun 26, 1994,4.403
Jun 27, 1994,8.806
Jun 28, 1994,0
Jun 29, 1994,4.403
Jun 30, 1994,0
Jul 1, 1994,2.994
Jul 2, 1994,8.981
Jul 3, 1994,5.987
Jul 4, 1994,14.968
Jul 5, 1994,8.981
Jul 6, 1994,0
Jul 7, 1994,13.918
Jul 8, 1994,0
Jul 9, 1994,0
Jul 10, 1994,0
Jul 11, 1994,0
Jul 12, 1994,3.36
Jul 13, 1994,0
Jul 14, 1994,0
Jul 15, 1994,0
Jul 16, 1994,0
Jul 17, 1994,2.631
Jul 18, 1994,7.892
Jul 19, 1994,0
Jul 20, 1994,7.892
Jul 21, 1994,11.573
Jul 22, 1994,3.858
Jul 23, 1994,3.858
Jul 24, 1994,0
Jul 25, 1994,11.573
Jul 26, 1994,4.605
Jul 27, 1994,2.303
Jul 28, 1994,4.605
Jul 29, 1994,4.605
Jul 30, 1994,2.303
Jul 31, 1994,4.605
Aug 1, 1994,0
Aug 2, 1994,8.715
Aug 3, 1994,4.358
Aug 4, 1994,0
Aug 5, 1994,0
Aug 6, 1994,13.315
Aug 7, 1994,0
Aug 8, 1994,23.302
Aug 9, 1994,0
Aug 10, 1994,0
Aug 11, 1994,7.254
Aug 12, 1994,3.173
Aug 13, 1994,9.52
Aug 14, 1994,0
Aug 15, 1994,6.347
Aug 16, 1994,4.417
Aug 17, 1994,0
Aug 18, 1994,4.417
Aug 19, 1994,0
Aug 20, 1994,4.417
Aug 21, 1994,8.979
Aug 22, 1994,4.49
Aug 23, 1994,4.49
Aug 24, 1994,4.49
Aug 25, 1994,13.469
Aug 26, 1994,0
Aug 27, 1994,0
Aug 28, 1994,0
Aug 29, 1994,5.136
Aug 30, 1994,10.272
Aug 31, 1994,15.407
Sep 1, 1994,8.509
Sep 2, 1994,4.254
Sep 3, 1994,4.254
Sep 4, 1994,4.254
Sep 5, 1994,0
Sep 6, 1994,0
Sep 7, 1994,2.683
Sep 8, 1994,2.683
Sep 9, 1994,0
Sep 10, 1994,0
Sep 11, 1994,0
Sep 12, 1994,6.262
Sep 13, 1994,4.175
Sep 14, 1994,0
Sep 15, 1994,6.262
Sep 16, 1994,11.149
Sep 17, 1994,0
Sep 18, 1994,4.46
Sep 19, 1994,0
Sep 20, 1994,0
Sep 21, 1994,19.183
Sep 22, 1994,12.789
Sep 23, 1994,6.394
Sep 24, 1994,12.789
Sep 25, 1994,6.394
Sep 26, 1994,6.543
Sep 27, 1994,6.543
Sep 28, 1994,19.629
Sep 29, 1994,0
Sep 30, 1994,6.543
Oct 1, 1994,6.147
Oct 2, 1994,0
Oct 3, 1994,5.379
Oct 4, 1994,5.379
Oct 5, 1994,10.758
Oct 6, 1994,0
Oct 7, 1994,16.108
Oct 8, 1994,16.108
Oct 9, 1994,16.108
Oct 10, 1994,0
Oct 11, 1994,28.149
Oct 12, 1994,0
Oct 13, 1994,28.149
Oct 14, 1994,0
Oct 15, 1994,0
Oct 16, 1994,2.193
Oct 17, 1994,2.926
Oct 18, 1994,13.897
Oct 19, 1994,10.174
Oct 20, 1994,5.135
Oct 21, 1994,0
Oct 22, 1994,9.62
Oct 23, 1994,9.62
Oct 24, 1994,9.62
Oct 25, 1994,38.479
Oct 26, 1994,0
Oct 27, 1994,0
Oct 28, 1994,0
Oct 29, 1994,16.743
Oct 30, 1994,0
Oct 31, 1994,16.743
Nov 1, 1994,20.101
Nov 2, 1994,6.7
Nov 3, 1994,13.401
Nov 4, 1994,6.7
Nov 5, 1994,6.7
Nov 6, 1994,17.22
Nov 7, 1994,8.406
Nov 8, 1994,10.313
Nov 9, 1994,0
Nov 10, 1994,5.993
Nov 11, 1994,12.35
Nov 12, 1994,0
Nov 13, 1994,0
Nov 14, 1994,10.806
Nov 15, 1994,5.403
Nov 16, 1994,0
Nov 17, 1994,0
Nov 18, 1994,17.258
Nov 19, 1994,0
Nov 20, 1994,0
Nov 21, 1994,0
Nov 22, 1994,12.707
Nov 23, 1994,12.707
Nov 24, 1994,25.414
Nov 25, 1994,12.707
Nov 26, 1994,0
Nov 27, 1994,0
Nov 28, 1994,0
Nov 29, 1994,0
Nov 30, 1994,0
Dec 1, 1994,16.42
Dec 2, 1994,0
Dec 3, 1994,0
Dec 4, 1994,0
Dec 5, 1994,4.105
Dec 6, 1994,9.737
Dec 7, 1994,0
Dec 8, 1994,9.737
Dec 9, 1994,0
Dec 10, 1994,0
Dec 11, 1994,2.463
Dec 12, 1994,2.463
Dec 13, 1994,9.851
Dec 14, 1994,0
Dec 15, 1994,0
Dec 16, 1994,0
Dec 17, 1994,0
Dec 18, 1994,22.68
Dec 19, 1994,0
Dec 20, 1994,0
Dec 21, 1994,3.32
Dec 22, 1994,0
Dec 23, 1994,13.279
Dec 24, 1994,0
Dec 25, 1994,0
Dec 26, 1994,0
Dec 27, 1994,0
Dec 28, 1994,0
Dec 29, 1994,0
Dec 30, 1994,0
Dec 31, 1994,0
Jan 1, 1995,0
Jan 2, 1995,0
Jan 3, 1995,0
Jan 4, 1995,0
Jan 5, 1995,0
Jan 6, 1995,0
Jan 7, 1995,0
Jan 8, 1995,0
Jan 9, 1995,0
Jan 10, 1995,0
Jan 11, 1995,0
Jan 12, 1995,0
Jan 13, 1995,0
Jan 14, 1995,0
Jan 15, 1995,0
Jan 16, 1995,0
Jan 17, 1995,0
Jan 18, 1995,0
Jan 19, 1995,3.098
Jan 20, 1995,9.294
Jan 21, 1995,5.141
Jan 22, 1995,0
Jan 23, 1995,0
Jan 24, 1995,5.141
Jan 25, 1995,0
Jan 26, 1995,0
Jan 27, 1995,0
Jan 28, 1995,0
Jan 29, 1995,0
Jan 30, 1995,0
Jan 31, 1995,0
Feb 1, 1995,0
Feb 2, 1995,0
Feb 3, 1995,0
Feb 4, 1995,12.135
Feb 5, 1995,0
Feb 6, 1995,0
Feb 7, 1995,0
Feb 8, 1995,0
Feb 9, 1995,0
Feb 10, 1995,0
Feb 11, 1995,0
Feb 12, 1995,0
Feb 13, 1995,0
Feb 14, 1995,0
Feb 15, 1995,0
Feb 16, 1995,0
Feb 17, 1995,0
Feb 18, 1995,0
Feb 19, 1995,0
Feb 20, 1995,18.429
Feb 21, 1995,0
Feb 22, 1995,0
Feb 23, 1995,0
Feb 24, 1995,0
Feb 25, 1995,0
Feb 26, 1995,0
Feb 27, 1995,0
Feb 28, 1995,0
Mar 1, 1995,0
Mar 2, 1995,0
Mar 3, 1995,0
Mar 4, 1995,16.381
Mar 5, 1995,0
Mar 6, 1995,2.537
Mar 7, 1995,2.992
Mar 8, 1995,3.236
Mar 9, 1995,2.9
Mar 10, 1995,3.005
Mar 11, 1995,17.745
Mar 12, 1995,0
Mar 13, 1995,0
Mar 14, 1995,0
Mar 15, 1995,0
Mar 16, 1995,0
Mar 17, 1995,0
Mar 18, 1995,0
Mar 19, 1995,18.841
Mar 20, 1995,12.561
Mar 21, 1995,27.647
Mar 22, 1995,24.191
Mar 23, 1995,6.048
Mar 24, 1995,0
Mar 25, 1995,0
Mar 26, 1995,0
Mar 27, 1995,4.615
Mar 28, 1995,0
Mar 29, 1995,0
Mar 30, 1995,4.615
Mar 31, 1995,0
Apr 1, 1995,7.135
Apr 2, 1995,0
Apr 3, 1995,2.038
Apr 4, 1995,0
Apr 5, 1995,1.784
Apr 6, 1995,11.048
Apr 7, 1995,0
Apr 8, 1995,0
Apr 9, 1995,11.048
Apr 10, 1995,0
Apr 11, 1995,7.187
Apr 12, 1995,14.375
Apr 13, 1995,7.187
Apr 14, 1995,7.187
Apr 15, 1995,0
Apr 16, 1995,3.567
Apr 17, 1995,21.402
Apr 18, 1995,0
Apr 19, 1995,4.077
Apr 20, 1995,8.153
Apr 21, 1995,8.98
Apr 22, 1995,6.577
Apr 23, 1995,3.521
Apr 24, 1995,3.304
Apr 25, 1995,0
Apr 26, 1995,0
Apr 27, 1995,13.741
Apr 28, 1995,13.768
Apr 29, 1995,35.922
Apr 30, 1995,9.78
May 1, 1995,18.1
May 2, 1995,15.781
May 3, 1995,0
May 4, 1995,0
May 5, 1995,9.428
May 6, 1995,20.206
May 7, 1995,6.735
May 8, 1995,0
May 9, 1995,0
May 10, 1995,11.787
May 11, 1995,0
May 12, 1995,17.365
May 13, 1995,17.365
May 14, 1995,26.048
May 15, 1995,8.683
May 16, 1995,19.768
May 17, 1995,4.942
May 18, 1995,0
May 19, 1995,0
May 20, 1995,0
May 21, 1995,0
May 22, 1995,13.039
May 23, 1995,0
May 24, 1995,7.606
May 25, 1995,7.606
May 26, 1995,4.759
May 27, 1995,9.518
May 28, 1995,4.759
May 29, 1995,14.277
May 30, 1995,19.036
May 31, 1995,9.518
Jun 1, 1995,4.615
Jun 2, 1995,9.229
Jun 3, 1995,4.615
Jun 4, 1995,18.459
Jun 5, 1995,18.459
Jun 6, 1995,11.66
Jun 7, 1995,0
Jun 8, 1995,29.149
Jun 9, 1995,5.83
Jun 10, 1995,5.83
Jun 11, 1995,6.183
Jun 12, 1995,12.365
Jun 13, 1995,6.183
Jun 14, 1995,3.091
Jun 15, 1995,6.183
Jun 16, 1995,0
Jun 17, 1995,0
Jun 18, 1995,9.509
Jun 19, 1995,7.245
Jun 20, 1995,3.17
Jun 21, 1995,12.33
Jun 22, 1995,0
Jun 23, 1995,9.864
Jun 24, 1995,7.398
Jun 25, 1995,2.466
Jun 26, 1995,0
Jun 27, 1995,0
Jun 28, 1995,0
Jun 29, 1995,14.641
Jun 30, 1995,14.641
Jul 1, 1995,3.407
Jul 2, 1995,0
Jul 3, 1995,3.407
Jul 4, 1995,3.407
Jul 5, 1995,13.626
Jul 6, 1995,5.862
Jul 7, 1995,5.862
Jul 8, 1995,0
Jul 9, 1995,2.931
Jul 10, 1995,5.862
Jul 11, 1995,0
Jul 12, 1995,5.751
Jul 13, 1995,5.751
Jul 14, 1995,5.751
Jul 15, 1995,0
Jul 16, 1995,21.206
Jul 17, 1995,0
Jul 18, 1995,10.603
Jul 19, 1995,10.603
Jul 20, 1995,0
Jul 21, 1995,12.955
Jul 22, 1995,12.955
Jul 23, 1995,6.478
Jul 24, 1995,19.433
Jul 25, 1995,6.478
Jul 26, 1995,11.918
Jul 27, 1995,0
Jul 28, 1995,0
Jul 29, 1995,5.959
Jul 30, 1995,5.959
Jul 31, 1995,11.918
Aug 1, 1995,34.458
Aug 2, 1995,13.783
Aug 3, 1995,13.783
Aug 4, 1995,6.892
Aug 5, 1995,6.892
Aug 6, 1995,10.519
Aug 7, 1995,0
Aug 8, 1995,0
Aug 9, 1995,10.519
Aug 10, 1995,10.519
Aug 11, 1995,10.588
Aug 12, 1995,0
Aug 13, 1995,10.588
Aug 14, 1995,0
Aug 15, 1995,0
Aug 16, 1995,15.069
Aug 17, 1995,7.535
Aug 18, 1995,22.603
Aug 19, 1995,22.603
Aug 20, 1995,7.535
Aug 21, 1995,7.615
Aug 22, 1995,0
Aug 23, 1995,38.076
Aug 24, 1995,0
Aug 25, 1995,15.23
Aug 26, 1995,0
Aug 27, 1995,14.347
Aug 28, 1995,7.173
Aug 29, 1995,14.347
Aug 30, 1995,0
Aug 31, 1995,0
Sep 1, 1995,0
Sep 2, 1995,3.069
Sep 3, 1995,0
Sep 4, 1995,0
Sep 5, 1995,0
Sep 6, 1995,0
Sep 7, 1995,0
Sep 8, 1995,0
Sep 9, 1995,9.962
Sep 10, 1995,19.923
Sep 11, 1995,7.852
Sep 12, 1995,7.852
Sep 13, 1995,0
Sep 14, 1995,7.852
Sep 15, 1995,0
Sep 16, 1995,11.641
Sep 17, 1995,2.91
Sep 18, 1995,2.91
Sep 19, 1995,0
Sep 20, 1995,11.641
Sep 21, 1995,5.83
Sep 22, 1995,5.83
Sep 23, 1995,11.66
Sep 24, 1995,11.66
Sep 25, 1995,0
Sep 26, 1995,12.431
Sep 27, 1995,3.108
Sep 28, 1995,0
Sep 29, 1995,3.108
Sep 30, 1995,9.323
Oct 1, 1995,10.634
Oct 2, 1995,0
Oct 3, 1995,0
Oct 4, 1995,0
Oct 5, 1995,3.545
Oct 6, 1995,0
Oct 7, 1995,10.018
Oct 8, 1995,5.009
Oct 9, 1995,30.054
Oct 10, 1995,0
Oct 11, 1995,0
Oct 12, 1995,16.588
Oct 13, 1995,11.058
Oct 14, 1995,11.058
Oct 15, 1995,5.529
Oct 16, 1995,50.238
Oct 17, 1995,0
Oct 18, 1995,0
Oct 19, 1995,0
Oct 20, 1995,14.653
Oct 21, 1995,16.116
Oct 22, 1995,0
Oct 23, 1995,0
Oct 24, 1995,0
Oct 25, 1995,16.116
Oct 26, 1995,12.097
Oct 27, 1995,0
Oct 28, 1995,0
Oct 29, 1995,12.097
Oct 30, 1995,0
Oct 31, 1995,0
Nov 1, 1995,17.878
Nov 2, 1995,0
Nov 3, 1995,0
Nov 4, 1995,17.878
Nov 5, 1995,0
Nov 6, 1995,0
Nov 7, 1995,20.986
Nov 8, 1995,0
Nov 9, 1995,0
Nov 10, 1995,0
Nov 11, 1995,22.717
Nov 12, 1995,0
Nov 13, 1995,0
Nov 14, 1995,0
Nov 15, 1995,0
Nov 16, 1995,6.669
Nov 17, 1995,6.669
Nov 18, 1995,0
Nov 19, 1995,10.004
Nov 20, 1995,0
Nov 21, 1995,23.535
Nov 22, 1995,0
Nov 23, 1995,0
Nov 24, 1995,0
Nov 25, 1995,0
Nov 26, 1995,12.658
Nov 27, 1995,0
Nov 28, 1995,0
Nov 29, 1995,0
Nov 30, 1995,0
Dec 1, 1995,0
Dec 2, 1995,6.28
Dec 3, 1995,6.28
Dec 4, 1995,18.839
Dec 5, 1995,12.56
Dec 6, 1995,11.344
Dec 7, 1995,0
Dec 8, 1995,0
Dec 9, 1995,0
Dec 10, 1995,11.344
Dec 11, 1995,42.735
Dec 12, 1995,0
Dec 13, 1995,12.65
Dec 14, 1995,0
Dec 15, 1995,0
Dec 16, 1995,6.381
Dec 17, 1995,9.571
Dec 18, 1995,9.571
Dec 19, 1995,3.646
Dec 20, 1995,6.381
Dec 21, 1995,20.761
Dec 22, 1995,0
Dec 23, 1995,0
Dec 24, 1995,0
Dec 25, 1995,0
Dec 26, 1995,0
Dec 27, 1995,0
Dec 28, 1995,0
Dec 29, 1995,17.836
Dec 30, 1995,0
Dec 31, 1995,0
Jan 1, 1996,0
Jan 2, 1996,0
Jan 3, 1996,0
Jan 4, 1996,0
Jan 5, 1996,0
Jan 6, 1996,0
Jan 7, 1996,0
Jan 8, 1996,0
Jan 9, 1996,0
Jan 10, 1996,0
Jan 11, 1996,0
Jan 12, 1996,6.055
Jan 13, 1996,18.164
Jan 14, 1996,12.11
Jan 15, 1996,0
Jan 16, 1996,0
Jan 17, 1996,37.908
Jan 18, 1996,7.582
Jan 19, 1996,0
Jan 20, 1996,0
Jan 21, 1996,0
Jan 22, 1996,11.459
Jan 23, 1996,0
Jan 24, 1996,0
Jan 25, 1996,11.459
Jan 26, 1996,0
Jan 27, 1996,0
Jan 28, 1996,0
Jan 29, 1996,0
Jan 30, 1996,1.277
Jan 31, 1996,3.663
Feb 1, 1996,0
Feb 2, 1996,15.185
Feb 3, 1996,15.185
Feb 4, 1996,0
Feb 5, 1996,0
Feb 6, 1996,0
Feb 7, 1996,0
Feb 8, 1996,0
Feb 9, 1996,19.459
Feb 10, 1996,0
Feb 11, 1996,0
Feb 12, 1996,0
Feb 13, 1996,4.168
Feb 14, 1996,0
Feb 15, 1996,8.337
Feb 16, 1996,6.152
Feb 17, 1996,12.305
Feb 18, 1996,6.152
Feb 19, 1996,3.076
Feb 20, 1996,3.076
Feb 21, 1996,0
Feb 22, 1996,11.052
Feb 23, 1996,0
Feb 24, 1996,0
Feb 25, 1996,0
Feb 26, 1996,0
Feb 27, 1996,21.946
Feb 28, 1996,7.315
Feb 29, 1996,0
Mar 1, 1996,0
Mar 2, 1996,22.441
Mar 3, 1996,0
Mar 4, 1996,0
Mar 5, 1996,22.441
Mar 6, 1996,0
Mar 7, 1996,0
Mar 8, 1996,0
Mar 9, 1996,0
Mar 10, 1996,37.741
Mar 11, 1996,15.678
Mar 12, 1996,0
Mar 13, 1996,0
Mar 14, 1996,15.678
Mar 15, 1996,0
Mar 16, 1996,0
Mar 17, 1996,0
Mar 18, 1996,0
Mar 19, 1996,0
Mar 20, 1996,0
Mar 21, 1996,0
Mar 22, 1996,0
Mar 23, 1996,0
Mar 24, 1996,13.228
Mar 25, 1996,27.741
Mar 26, 1996,4.734
Mar 27, 1996,8.449
Mar 28, 1996,7.052
Mar 29, 1996,6.654
Mar 30, 1996,4.967
Mar 31, 1996,4.53
Apr 1, 1996,6.5
Apr 2, 1996,3.25
Apr 3, 1996,9.75
Apr 4, 1996,0
Apr 5, 1996,9.75
Apr 6, 1996,9.568
Apr 7, 1996,4.784
Apr 8, 1996,0
Apr 9, 1996,9.568
Apr 10, 1996,4.784
Apr 11, 1996,7.066
Apr 12, 1996,7.066
Apr 13, 1996,7.066
Apr 14, 1996,14.131
Apr 15, 1996,7.066
Apr 16, 1996,0
Apr 17, 1996,0
Apr 18, 1996,0
Apr 19, 1996,0
Apr 20, 1996,17.575
Apr 21, 1996,14.27
Apr 22, 1996,14.27
Apr 23, 1996,14.27
Apr 24, 1996,0
Apr 25, 1996,0
Apr 26, 1996,18.652
Apr 27, 1996,0
Apr 28, 1996,0
Apr 29, 1996,0
Apr 30, 1996,26.298
May 1, 1996,5.294
May 2, 1996,0
May 3, 1996,0
May 4, 1996,5.294
May 5, 1996,5.294
May 6, 1996,34.999
May 7, 1996,17.499
May 8, 1996,23.333
May 9, 1996,0
May 10, 1996,11.666
May 11, 1996,14.66
May 12, 1996,29.319
May 13, 1996,0
May 14, 1996,4.887
May 15, 1996,4.887
May 16, 1996,9.23
May 17, 1996,0
May 18, 1996,0
May 19, 1996,0
May 20, 1996,18.461
May 21, 1996,0
May 22, 1996,0
May 23, 1996,19.029
May 24, 1996,6.343
May 25, 1996,12.686
May 26, 1996,15.207
May 27, 1996,15.207
May 28, 1996,7.604
May 29, 1996,22.811
May 30, 1996,0
May 31, 1996,22.811
Jun 1, 1996,0
Jun 2, 1996,10.383
Jun 3, 1996,5.192
Jun 4, 1996,15.575
Jun 5, 1996,25.959
Jun 6, 1996,0
Jun 7, 1996,0
Jun 8, 1996,0
Jun 9, 1996,0
Jun 10, 1996,0
Jun 11, 1996,0
Jun 12, 1996,4.728
Jun 13, 1996,0
Jun 14, 1996,14.183
Jun 15, 1996,9.456
Jun 16, 1996,5.913
Jun 17, 1996,5.913
Jun 18, 1996,5.913
Jun 19, 1996,0
Jun 20, 1996,5.913
Jun 21, 1996,9.001
Jun 22, 1996,4.5
Jun 23, 1996,0
Jun 24, 1996,0
Jun 25, 1996,22.502
Jun 26, 1996,16.833
Jun 27, 1996,16.833
Jun 28, 1996,5.611
Jun 29, 1996,5.611
Jun 30, 1996,16.833
Jul 1, 1996,16.448
Jul 2, 1996,32.896
Jul 3, 1996,0
Jul 4, 1996,8.224
Jul 5, 1996,0
Jul 6, 1996,0
Jul 7, 1996,20.363
Jul 8, 1996,13.575
Jul 9, 1996,6.788
Jul 10, 1996,13.575
Jul 11, 1996,1.583
Jul 12, 1996,7.917
Jul 13, 1996,1.583
Jul 14, 1996,0
Jul 15, 1996,0
Jul 16, 1996,0
Jul 17, 1996,7.293
Jul 18, 1996,0
Jul 19, 1996,0
Jul 20, 1996,0
Jul 21, 1996,3.165
Jul 22, 1996,4.747
Jul 23, 1996,3.165
Jul 24, 1996,0
Jul 25, 1996,3.165
Jul 26, 1996,5.206
Jul 27, 1996,10.413
Jul 28, 1996,0
Jul 29, 1996,5.206
Jul 30, 1996,5.206
Jul 31, 1996,0
Aug 1, 1996,5.861
Aug 2, 1996,0
Aug 3, 1996,5.861
Aug 4, 1996,5.861
Aug 5, 1996,11.722
Aug 6, 1996,4.762
Aug 7, 1996,9.523
Aug 8, 1996,0
Aug 9, 1996,4.762
Aug 10, 1996,4.762
Aug 11, 1996,6.273
Aug 12, 1996,0
Aug 13, 1996,0
Aug 14, 1996,0
Aug 15, 1996,9.409
Aug 16, 1996,0
Aug 17, 1996,10.244
Aug 18, 1996,5.122
Aug 19, 1996,0
Aug 20, 1996,11.707
Aug 21, 1996,7.964
Aug 22, 1996,9.653
Aug 23, 1996,10.991
Aug 24, 1996,13.412
Aug 25, 1996,15.706
Aug 26, 1996,25.254
Aug 27, 1996,7.868
Aug 28, 1996,11.562
Aug 29, 1996,0
Aug 30, 1996,2.045
Aug 31, 1996,8.164
Sep 1, 1996,14.259
Sep 2, 1996,18.716
Sep 3, 1996,0
Sep 4, 1996,6.239
Sep 5, 1996,0
Sep 6, 1996,10.707
Sep 7, 1996,0
Sep 8, 1996,2.677
Sep 9, 1996,0
Sep 10, 1996,0
Sep 11, 1996,1.661
Sep 12, 1996,0
Sep 13, 1996,0
Sep 14, 1996,4.982
Sep 15, 1996,1.661
Sep 16, 1996,0
Sep 17, 1996,0
Sep 18, 1996,0
Sep 19, 1996,19.844
Sep 20, 1996,19.844
Sep 21, 1996,4.062
Sep 22, 1996,0
Sep 23, 1996,4.062
Sep 24, 1996,0
Sep 25, 1996,3.555
Sep 26, 1996,9.5
Sep 27, 1996,0
Sep 28, 1996,9.5
Sep 29, 1996,9.5
Sep 30, 1996,0
Oct 1, 1996,33.419
Oct 2, 1996,0
Oct 3, 1996,0
Oct 4, 1996,11.14
Oct 5, 1996,0
Oct 6, 1996,20.274
Oct 7, 1996,13.516
Oct 8, 1996,0
Oct 9, 1996,6.758
Oct 10, 1996,0
Oct 11, 1996,14.604
Oct 12, 1996,14.604
Oct 13, 1996,0
Oct 14, 1996,14.604
Oct 15, 1996,14.604
Oct 16, 1996,0
Oct 17, 1996,0
Oct 18, 1996,15.852
Oct 19, 1996,0
Oct 20, 1996,15.852
Oct 21, 1996,0
Oct 22, 1996,5.723
Oct 23, 1996,11.447
Oct 24, 1996,2.862
Oct 25, 1996,5.723
Oct 26, 1996,0
Oct 27, 1996,0
Oct 28, 1996,17.823
Oct 29, 1996,8.911
Oct 30, 1996,8.911
Oct 31, 1996,8.911
Nov 1, 1996,7.075
Nov 2, 1996,3.538
Nov 3, 1996,3.538
Nov 4, 1996,0
Nov 5, 1996,0
Nov 6, 1996,0
Nov 7, 1996,17.624
Nov 8, 1996,4.406
Nov 9, 1996,4.406
Nov 10, 1996,0
Nov 11, 1996,6.383
Nov 12, 1996,6.383
Nov 13, 1996,6.383
Nov 14, 1996,25.531
Nov 15, 1996,19.148
Nov 16, 1996,0
Nov 17, 1996,0
Nov 18, 1996,0
Nov 19, 1996,0
Nov 20, 1996,0
Nov 21, 1996,0
Nov 22, 1996,12.157
Nov 23, 1996,0
Nov 24, 1996,0
Nov 25, 1996,0
Nov 26, 1996,0
Nov 27, 1996,0
Nov 28, 1996,20.249
Nov 29, 1996,0
Nov 30, 1996,0
Dec 1, 1996,9.631
Dec 2, 1996,9.631
Dec 3, 1996,9.631
Dec 4, 1996,9.631
Dec 5, 1996,0
Dec 6, 1996,17.572
Dec 7, 1996,0
Dec 8, 1996,0
Dec 9, 1996,17.572
Dec 10, 1996,0
Dec 11, 1996,0
Dec 12, 1996,5.321
Dec 13, 1996,0
Dec 14, 1996,0
Dec 15, 1996,15.964
Dec 16, 1996,0
Dec 17, 1996,7.976
Dec 18, 1996,3.988
Dec 19, 1996,0
Dec 20, 1996,0
Dec 21, 1996,0
Dec 22, 1996,0
Dec 23, 1996,0
Dec 24, 1996,0
Dec 25, 1996,0
Dec 26, 1996,0
Dec 27, 1996,0
Dec 28, 1996,0
Dec 29, 1996,0
Dec 30, 1996,0
Dec 31, 1996,0
Jan 1, 1997,0
Jan 2, 1997,0
Jan 3, 1997,0
Jan 4, 1997,0
Jan 5, 1997,0
Jan 6, 1997,0
Jan 7, 1997,0
Jan 8, 1997,0
Jan 9, 1997,0
Jan 10, 1997,0
Jan 11, 1997,0
Jan 12, 1997,0
Jan 13, 1997,0
Jan 14, 1997,0
Jan 15, 1997,0
Jan 16, 1997,0
Jan 17, 1997,0
Jan 18, 1997,0
Jan 19, 1997,0
Jan 20, 1997,0
Jan 21, 1997,0
Jan 22, 1997,0
Jan 23, 1997,0
Jan 24, 1997,54.879
Jan 25, 1997,0
Jan 26, 1997,25.948
Jan 27, 1997,0
Jan 28, 1997,0
Jan 29, 1997,0
Jan 30, 1997,0
Jan 31, 1997,0
Feb 1, 1997,4.344
Feb 2, 1997,0
Feb 3, 1997,4.344
Feb 4, 1997,8.687
Feb 5, 1997,8.687
Feb 6, 1997,0
Feb 7, 1997,0
Feb 8, 1997,0
Feb 9, 1997,11.37
Feb 10, 1997,5.685
Feb 11, 1997,12.066
Feb 12, 1997,12.066
Feb 13, 1997,20.685
Feb 14, 1997,0
Feb 15, 1997,0
Feb 16, 1997,0
Feb 17, 1997,9.955
Feb 18, 1997,9.955
Feb 19, 1997,9.955
Feb 20, 1997,19.909
Feb 21, 1997,0
Feb 22, 1997,2.812
Feb 23, 1997,8.437
Feb 24, 1997,0
Feb 25, 1997,0
Feb 26, 1997,0
Feb 27, 1997,0
Feb 28, 1997,0
Mar 1, 1997,9.358
Mar 2, 1997,10.827
Mar 3, 1997,0
Mar 4, 1997,0
Mar 5, 1997,0
Mar 6, 1997,0
Mar 7, 1997,0
Mar 8, 1997,0
Mar 9, 1997,0
Mar 10, 1997,0
Mar 11, 1997,0
Mar 12, 1997,0
Mar 13, 1997,0
Mar 14, 1997,0
Mar 15, 1997,0
Mar 16, 1997,30.171
Mar 17, 1997,30.171
Mar 18, 1997,0
Mar 19, 1997,0
Mar 20, 1997,0
Mar 21, 1997,0
Mar 22, 1997,0
Mar 23, 1997,0
Mar 24, 1997,0
Mar 25, 1997,0
Mar 26, 1997,0
Mar 27, 1997,0
Mar 28, 1997,0
Mar 29, 1997,0
Mar 30, 1997,0
Mar 31, 1997,56.867
Apr 1, 1997,0
Apr 2, 1997,0
Apr 3, 1997,0
Apr 4, 1997,17.566
Apr 5, 1997,0
Apr 6, 1997,12.132
Apr 7, 1997,12.132
Apr 8, 1997,12.132
Apr 9, 1997,6.933
Apr 10, 1997,0
Apr 11, 1997,3.473
Apr 12, 1997,4.127
Apr 13, 1997,3.597
Apr 14, 1997,5.13
Apr 15, 1997,4.69
Apr 16, 1997,15.26
Apr 17, 1997,15.26
Apr 18, 1997,15.26
Apr 19, 1997,0
Apr 20, 1997,0
Apr 21, 1997,7.793
Apr 22, 1997,12.801
Apr 23, 1997,15.221
Apr 24, 1997,25.096
Apr 25, 1997,0
Apr 26, 1997,0
Apr 27, 1997,11.225
Apr 28, 1997,0
Apr 29, 1997,0
Apr 30, 1997,4.911
May 1, 1997,0
May 2, 1997,7.752
May 3, 1997,0
May 4, 1997,5.814
May 5, 1997,0
May 6, 1997,6.629
May 7, 1997,6.629
May 8, 1997,3.314
May 9, 1997,11.363
May 10, 1997,9.943
May 11, 1997,10.644
May 12, 1997,2.129
May 13, 1997,4.258
May 14, 1997,2.129
May 15, 1997,2.129
May 16, 1997,0
May 17, 1997,5.103
May 18, 1997,0
May 19, 1997,2.552
May 20, 1997,2.552
May 21, 1997,0
May 22, 1997,8.768
May 23, 1997,0
May 24, 1997,4.384
May 25, 1997,10.96
May 26, 1997,8.884
May 27, 1997,8.884
May 28, 1997,5.922
May 29, 1997,2.961
May 30, 1997,2.961
May 31, 1997,11.845
Jun 1, 1997,18.497
Jun 2, 1997,0
Jun 3, 1997,13.873
Jun 4, 1997,27.746
Jun 5, 1997,0
Jun 6, 1997,0
Jun 7, 1997,5.066
Jun 8, 1997,5.066
Jun 9, 1997,0
Jun 10, 1997,15.198
Jun 11, 1997,5.536
Jun 12, 1997,25.308
Jun 13, 1997,0
Jun 14, 1997,22.145
Jun 15, 1997,0
Jun 16, 1997,3.849
Jun 17, 1997,7.699
Jun 18, 1997,15.398
Jun 19, 1997,8.799
Jun 20, 1997,0
Jun 21, 1997,0
Jun 22, 1997,0
Jun 23, 1997,3.192
Jun 24, 1997,12.767
Jun 25, 1997,3.192
Jun 26, 1997,5.061
Jun 27, 1997,2.53
Jun 28, 1997,0
Jun 29, 1997,5.061
Jun 30, 1997,0
Jul 1, 1997,2.995
Jul 2, 1997,0
Jul 3, 1997,2.995
Jul 4, 1997,0
Jul 5, 1997,0
Jul 6, 1997,2.185
Jul 7, 1997,4.369
Jul 8, 1997,6.554
Jul 9, 1997,6.554
Jul 10, 1997,2.185
Jul 11, 1997,0
Jul 12, 1997,0
Jul 13, 1997,0
Jul 14, 1997,0
Jul 15, 1997,0
Jul 16, 1997,4.946
Jul 17, 1997,0
Jul 18, 1997,0
Jul 19, 1997,0
Jul 20, 1997,0
Jul 21, 1997,2.684
Jul 22, 1997,2.684
Jul 23, 1997,0
Jul 24, 1997,0
Jul 25, 1997,2.684
Jul 26, 1997,0
Jul 27, 1997,17.342
Jul 28, 1997,0
Jul 29, 1997,0
Jul 30, 1997,0
Jul 31, 1997,5.781
Aug 1, 1997,3.524
Aug 2, 1997,1.762
Aug 3, 1997,0
Aug 4, 1997,1.762
Aug 5, 1997,0
Aug 6, 1997,1.83
Aug 7, 1997,1.83
Aug 8, 1997,0.915
Aug 9, 1997,2.744
Aug 10, 1997,0
Aug 11, 1997,0
Aug 12, 1997,1.275
Aug 13, 1997,3.826
Aug 14, 1997,0
Aug 15, 1997,2.551
Aug 16, 1997,6.917
Aug 17, 1997,4.611
Aug 18, 1997,0
Aug 19, 1997,4.611
Aug 20, 1997,4.611
Aug 21, 1997,0
Aug 22, 1997,2.105
Aug 23, 1997,1.052
Aug 24, 1997,3.157
Aug 25, 1997,0
Aug 26, 1997,0.969
Aug 27, 1997,6.783
Aug 28, 1997,0
Aug 29, 1997,0
Aug 30, 1997,0
Aug 31, 1997,0
Sep 1, 1997,6.842
Sep 2, 1997,0
Sep 3, 1997,0
Sep 4, 1997,4.124
Sep 5, 1997,15.73
Sep 6, 1997,11.057
Sep 7, 1997,0
Sep 8, 1997,27.643
Sep 9, 1997,11.057
Sep 10, 1997,0
Sep 11, 1997,0
Sep 12, 1997,0
Sep 13, 1997,0
Sep 14, 1997,0
Sep 15, 1997,0
Sep 16, 1997,9.589
Sep 17, 1997,6.393
Sep 18, 1997,0
Sep 19, 1997,3.196
Sep 20, 1997,0
Sep 21, 1997,8.807
Sep 22, 1997,26.421
Sep 23, 1997,0
Sep 24, 1997,17.614
Sep 25, 1997,0
Sep 26, 1997,2.855
Sep 27, 1997,0
Sep 28, 1997,2.855
Sep 29, 1997,5.71
Sep 30, 1997,0
Oct 1, 1997,5.713
Oct 2, 1997,11.426
Oct 3, 1997,11.426
Oct 4, 1997,5.713
Oct 5, 1997,11.426
Oct 6, 1997,0
Oct 7, 1997,0
Oct 8, 1997,0
Oct 9, 1997,5.539
Oct 10, 1997,11.288
Oct 11, 1997,5.361
Oct 12, 1997,0
Oct 13, 1997,0
Oct 14, 1997,0
Oct 15, 1997,10.722
Oct 16, 1997,4.892
Oct 17, 1997,19.141
Oct 18, 1997,6.791
Oct 19, 1997,4.454
Oct 20, 1997,0
Oct 21, 1997,18.544
Oct 22, 1997,10.597
Oct 23, 1997,0
Oct 24, 1997,0
Oct 25, 1997,0
Oct 26, 1997,0
Oct 27, 1997,0
Oct 28, 1997,12.865
Oct 29, 1997,12.865
Oct 30, 1997,0
Oct 31, 1997,0
Nov 1, 1997,5.308
Nov 2, 1997,0
Nov 3, 1997,10.616
Nov 4, 1997,10.616
Nov 5, 1997,10.616
Nov 6, 1997,6.995
Nov 7, 1997,13.99
Nov 8, 1997,20.985
Nov 9, 1997,20.985
Nov 10, 1997,0
Nov 11, 1997,0
Nov 12, 1997,0
Nov 13, 1997,0
Nov 14, 1997,0
Nov 15, 1997,0
Nov 16, 1997,0
Nov 17, 1997,5.802
Nov 18, 1997,11.604
Nov 19, 1997,5.802
Nov 20, 1997,11.604
Nov 21, 1997,0
Nov 22, 1997,0
Nov 23, 1997,0
Nov 24, 1997,13.966
Nov 25, 1997,0
Nov 26, 1997,12.613
Nov 27, 1997,12.613
Nov 28, 1997,0
Nov 29, 1997,12.613
Nov 30, 1997,12.613
Dec 1, 1997,30.434
Dec 2, 1997,0
Dec 3, 1997,0
Dec 4, 1997,0
Dec 5, 1997,0
Dec 6, 1997,0
Dec 7, 1997,0
Dec 8, 1997,0
Dec 9, 1997,0
Dec 10, 1997,0
Dec 11, 1997,0
Dec 12, 1997,0
Dec 13, 1997,17.396
Dec 14, 1997,0
Dec 15, 1997,0
Dec 16, 1997,0
Dec 17, 1997,0
Dec 18, 1997,0
Dec 19, 1997,0
Dec 20, 1997,0
Dec 21, 1997,0
Dec 22, 1997,0
Dec 23, 1997,0
Dec 24, 1997,0
Dec 25, 1997,0
Dec 26, 1997,0
Dec 27, 1997,0
Dec 28, 1997,0
Dec 29, 1997,0
Dec 30, 1997,0
Dec 31, 1997,0
Jan 1, 1998,0
Jan 2, 1998,0
Jan 3, 1998,0
Jan 4, 1998,0
Jan 5, 1998,0
Jan 6, 1998,0
Jan 7, 1998,26.42
Jan 8, 1998,0
Jan 9, 1998,0
Jan 10, 1998,0
Jan 11, 1998,0
Jan 12, 1998,0
Jan 13, 1998,0
Jan 14, 1998,0
Jan 15, 1998,0
Jan 16, 1998,0
Jan 17, 1998,0
Jan 18, 1998,0
Jan 19, 1998,0
Jan 20, 1998,0
Jan 21, 1998,0
Jan 22, 1998,0
Jan 23, 1998,0
Jan 24, 1998,0
Jan 25, 1998,0
Jan 26, 1998,0
Jan 27, 1998,0
Jan 28, 1998,0
Jan 29, 1998,0
Jan 30, 1998,0
Jan 31, 1998,0
Feb 1, 1998,2.356
Feb 2, 1998,2.356
Feb 3, 1998,4.713
Feb 4, 1998,0
Feb 5, 1998,2.356
Feb 6, 1998,16.531
Feb 7, 1998,11.021
Feb 8, 1998,16.531
Feb 9, 1998,5.51
Feb 10, 1998,0
Feb 11, 1998,2.845
Feb 12, 1998,0
Feb 13, 1998,5.691
Feb 14, 1998,8.536
Feb 15, 1998,0
Feb 16, 1998,0
Feb 17, 1998,0
Feb 18, 1998,0
Feb 19, 1998,5.491
Feb 20, 1998,0
Feb 21, 1998,0
Feb 22, 1998,0
Feb 23, 1998,0
Feb 24, 1998,0
Feb 25, 1998,0
Feb 26, 1998,0
Feb 27, 1998,0
Feb 28, 1998,0
Mar 1, 1998,0
Mar 2, 1998,0
Mar 3, 1998,0
Mar 4, 1998,0
Mar 5, 1998,0
Mar 6, 1998,0
Mar 7, 1998,0
Mar 8, 1998,0
Mar 9, 1998,0
Mar 10, 1998,12.186
Mar 11, 1998,0
Mar 12, 1998,0
Mar 13, 1998,0
Mar 14, 1998,0
Mar 15, 1998,0
Mar 16, 1998,0
Mar 17, 1998,0
Mar 18, 1998,0
Mar 19, 1998,0
Mar 20, 1998,7.837
Mar 21, 1998,5.418
Mar 22, 1998,5.418
Mar 23, 1998,10.835
Mar 24, 1998,5.418
Mar 25, 1998,10.835
Mar 26, 1998,0
Mar 27, 1998,26.816
Mar 28, 1998,26.816
Mar 29, 1998,0
Mar 30, 1998,0
Mar 31, 1998,0
Apr 1, 1998,0
Apr 2, 1998,0
Apr 3, 1998,0
Apr 4, 1998,0
Apr 5, 1998,0
Apr 6, 1998,0
Apr 7, 1998,4.168
Apr 8, 1998,4.168
Apr 9, 1998,0
Apr 10, 1998,8.336
Apr 11, 1998,7.684
Apr 12, 1998,23.051
Apr 13, 1998,0
Apr 14, 1998,15.367
Apr 15, 1998,7.684
Apr 16, 1998,12.262
Apr 17, 1998,0
Apr 18, 1998,12.262
Apr 19, 1998,12.262
Apr 20, 1998,0
Apr 21, 1998,0
Apr 22, 1998,7.278
Apr 23, 1998,12.736
Apr 24, 1998,12.736
Apr 25, 1998,12.736
Apr 26, 1998,12.455
Apr 27, 1998,14.235
Apr 28, 1998,0
Apr 29, 1998,0
Apr 30, 1998,12.455
May 1, 1998,27.09
May 2, 1998,20.318
May 3, 1998,6.773
May 4, 1998,6.773
May 5, 1998,20.318
May 6, 1998,0
May 7, 1998,0
May 8, 1998,0
May 9, 1998,6.532
May 10, 1998,0
May 11, 1998,5.469
May 12, 1998,16.407
May 13, 1998,0
May 14, 1998,5.469
May 15, 1998,5.469
May 16, 1998,4.091
May 17, 1998,12.272
May 18, 1998,8.181
May 19, 1998,12.272
May 20, 1998,0
May 21, 1998,3.411
May 22, 1998,0
May 23, 1998,15.594
May 24, 1998,0
May 25, 1998,15.594
May 26, 1998,35.912
May 27, 1998,0
May 28, 1998,26.934
May 29, 1998,35.912
May 30, 1998,17.956
May 31, 1998,8.978
Jun 1, 1998,11.822
Jun 2, 1998,0
Jun 3, 1998,0
Jun 4, 1998,0
Jun 5, 1998,7.881
Jun 6, 1998,4.008
Jun 7, 1998,4.008
Jun 8, 1998,0
Jun 9, 1998,8.017
Jun 10, 1998,8.017
Jun 11, 1998,0
Jun 12, 1998,4.483
Jun 13, 1998,0
Jun 14, 1998,0
Jun 15, 1998,22.416
Jun 16, 1998,13.123
Jun 17, 1998,0
Jun 18, 1998,8.749
Jun 19, 1998,4.374
Jun 20, 1998,13.123
Jun 21, 1998,2.715
Jun 22, 1998,13.576
Jun 23, 1998,2.715
Jun 24, 1998,5.43
Jun 25, 1998,0
Jun 26, 1998,2.561
Jun 27, 1998,4.291
Jun 28, 1998,3.626
Jun 29, 1998,0
Jun 30, 1998,0
Jul 1, 1998,0
Jul 2, 1998,9.528
Jul 3, 1998,4.764
Jul 4, 1998,9.528
Jul 5, 1998,19.055
Jul 6, 1998,11.383
Jul 7, 1998,22.766
Jul 8, 1998,11.383
Jul 9, 1998,5.691
Jul 10, 1998,5.691
Jul 11, 1998,0
Jul 12, 1998,0
Jul 13, 1998,12.42
Jul 14, 1998,0
Jul 15, 1998,0
Jul 16, 1998,5.928
Jul 17, 1998,5.928
Jul 18, 1998,5.928
Jul 19, 1998,0
Jul 20, 1998,5.928
Jul 21, 1998,0
Jul 22, 1998,12.049
Jul 23, 1998,0
Jul 24, 1998,8.032
Jul 25, 1998,0
Jul 26, 1998,0
Jul 27, 1998,0
Jul 28, 1998,0
Jul 29, 1998,6.519
Jul 30, 1998,19.557
Jul 31, 1998,13.038
Aug 1, 1998,6.727
Aug 2, 1998,0
Aug 3, 1998,0
Aug 4, 1998,3.363
Aug 5, 1998,10.09
Aug 6, 1998,8.79
Aug 7, 1998,8.79
Aug 8, 1998,0
Aug 9, 1998,4.395
Aug 10, 1998,17.58
Aug 11, 1998,7.123
Aug 12, 1998,0
Aug 13, 1998,0
Aug 14, 1998,0
Aug 15, 1998,14.247
Aug 16, 1998,0
Aug 17, 1998,0
Aug 18, 1998,0
Aug 19, 1998,18.691
Aug 20, 1998,6.23
Aug 21, 1998,8.039
Aug 22, 1998,0
Aug 23, 1998,0
Aug 24, 1998,0
Aug 25, 1998,16.077
Aug 26, 1998,15.683
Aug 27, 1998,7.841
Aug 28, 1998,0
Aug 29, 1998,0
Aug 30, 1998,11.762
Aug 31, 1998,3.921
Sep 1, 1998,11.804
Sep 2, 1998,17.705
Sep 3, 1998,29.509
Sep 4, 1998,23.607
Sep 5, 1998,5.902
Sep 6, 1998,0
Sep 7, 1998,9.167
Sep 8, 1998,18.334
Sep 9, 1998,9.167
Sep 10, 1998,4.584
Sep 11, 1998,8.65
Sep 12, 1998,0
Sep 13, 1998,8.65
Sep 14, 1998,0
Sep 15, 1998,17.301
Sep 16, 1998,4.105
Sep 17, 1998,0
Sep 18, 1998,14.369
Sep 19, 1998,0
Sep 20, 1998,0
Sep 21, 1998,0
Sep 22, 1998,7.843
Sep 23, 1998,15.686
Sep 24, 1998,23.529
Sep 25, 1998,0
Sep 26, 1998,14.754
Sep 27, 1998,0
Sep 28, 1998,14.754
Sep 29, 1998,0
Sep 30, 1998,0
Oct 1, 1998,5.289
Oct 2, 1998,10.579
Oct 3, 1998,5.289
Oct 4, 1998,21.158
Oct 5, 1998,5.289
Oct 6, 1998,17.852
Oct 7, 1998,7.141
Oct 8, 1998,3.57
Oct 9, 1998,12.242
Oct 10, 1998,0
Oct 11, 1998,0
Oct 12, 1998,15.435
Oct 13, 1998,30.871
Oct 14, 1998,0
Oct 15, 1998,0
Oct 16, 1998,19.774
Oct 17, 1998,0
Oct 18, 1998,15.066
Oct 19, 1998,6.591
Oct 20, 1998,0
Oct 21, 1998,16.762
Oct 22, 1998,0
Oct 23, 1998,0
Oct 24, 1998,29.334
Oct 25, 1998,0
Oct 26, 1998,0
Oct 27, 1998,0
Oct 28, 1998,0
Oct 29, 1998,0
Oct 30, 1998,33.766
Oct 31, 1998,0
Nov 1, 1998,8.794
Nov 2, 1998,0
Nov 3, 1998,0
Nov 4, 1998,17.589
Nov 5, 1998,8.794
Nov 6, 1998,0
Nov 7, 1998,13.835
Nov 8, 1998,0
Nov 9, 1998,13.835
Nov 10, 1998,0
Nov 11, 1998,0
Nov 12, 1998,10.566
Nov 13, 1998,0
Nov 14, 1998,31.697
Nov 15, 1998,10.566
Nov 16, 1998,0
Nov 17, 1998,13.173
Nov 18, 1998,0
Nov 19, 1998,6.586
Nov 20, 1998,6.586
Nov 21, 1998,0
Nov 22, 1998,31.783
Nov 23, 1998,15.891
Nov 24, 1998,0
Nov 25, 1998,0
Nov 26, 1998,26.054
Nov 27, 1998,0
Nov 28, 1998,26.054
Nov 29, 1998,0
Nov 30, 1998,0
Dec 1, 1998,0
Dec 2, 1998,31.516
Dec 3, 1998,10.505
Dec 4, 1998,21.01
Dec 5, 1998,0
Dec 6, 1998,21.38
Dec 7, 1998,0
Dec 8, 1998,0
Dec 9, 1998,0
Dec 10, 1998,10.69
Dec 11, 1998,9.92
Dec 12, 1998,9.92
Dec 13, 1998,0
Dec 14, 1998,0
Dec 15, 1998,0
Dec 16, 1998,6.527
Dec 17, 1998,0
Dec 18, 1998,0
Dec 19, 1998,6.527
Dec 20, 1998,6.527
Dec 21, 1998,8.964
Dec 22, 1998,8.827
Dec 23, 1998,0
Dec 24, 1998,0
Dec 25, 1998,5.269
Dec 26, 1998,14.12
Dec 27, 1998,0
Dec 28, 1998,0
Dec 29, 1998,14.12
Dec 30, 1998,0
Dec 31, 1998,0
Jan 1, 1999,0
Jan 2, 1999,10.673
Jan 3, 1999,0
Jan 4, 1999,0
Jan 5, 1999,10.673
Jan 6, 1999,0
Jan 7, 1999,0
Jan 8, 1999,0
Jan 9, 1999,36.269
Jan 10, 1999,12.09
Jan 11, 1999,0
Jan 12, 1999,0
Jan 13, 1999,0
Jan 14, 1999,0
Jan 15, 1999,0
Jan 16, 1999,0
Jan 17, 1999,0
Jan 18, 1999,0
Jan 19, 1999,0
Jan 20, 1999,13.138
Jan 21, 1999,0
Jan 22, 1999,0
Jan 23, 1999,0
Jan 24, 1999,19.405
Jan 25, 1999,0
Jan 26, 1999,0
Jan 27, 1999,21.178
Jan 28, 1999,0
Jan 29, 1999,0
Jan 30, 1999,0
Jan 31, 1999,0
Feb 1, 1999,0
Feb 2, 1999,0
Feb 3, 1999,19.859
Feb 4, 1999,0
Feb 5, 1999,0
Feb 6, 1999,14.58
Feb 7, 1999,0
Feb 8, 1999,0
Feb 9, 1999,0
Feb 10, 1999,21.87
Feb 11, 1999,0
Feb 12, 1999,24.176
Feb 13, 1999,0
Feb 14, 1999,18.132
Feb 15, 1999,6.044
Feb 16, 1999,18.829
Feb 17, 1999,18.829
Feb 18, 1999,9.414
Feb 19, 1999,0
Feb 20, 1999,18.829
Feb 21, 1999,0
Feb 22, 1999,11.907
Feb 23, 1999,0
Feb 24, 1999,0
Feb 25, 1999,47.626
Feb 26, 1999,10.411
Feb 27, 1999,0
Feb 28, 1999,10.411
Mar 1, 1999,14.695
Mar 2, 1999,0
Mar 3, 1999,0
Mar 4, 1999,0
Mar 5, 1999,0
Mar 6, 1999,0
Mar 7, 1999,13.71
Mar 8, 1999,0
Mar 9, 1999,0
Mar 10, 1999,13.71
Mar 11, 1999,27.919
Mar 12, 1999,6.98
Mar 13, 1999,6.98
Mar 14, 1999,0
Mar 15, 1999,6.98
Mar 16, 1999,8.047
Mar 17, 1999,12.07
Mar 18, 1999,12.07
Mar 19, 1999,4.023
Mar 20, 1999,0
Mar 21, 1999,7.102
Mar 22, 1999,0
Mar 23, 1999,0
Mar 24, 1999,7.102
Mar 25, 1999,3.551
Mar 26, 1999,3.909
Mar 27, 1999,13.401
Mar 28, 1999,3.909
Mar 29, 1999,3.909
Mar 30, 1999,3.909
Mar 31, 1999,7.817
Apr 1, 1999,3.51
Apr 2, 1999,7.02
Apr 3, 1999,10.529
Apr 4, 1999,3.51
Apr 5, 1999,7.02
Apr 6, 1999,8.267
Apr 7, 1999,8.267
Apr 8, 1999,16.533
Apr 9, 1999,0
Apr 10, 1999,8.267
Apr 11, 1999,6.702
Apr 12, 1999,7.659
Apr 13, 1999,3.83
Apr 14, 1999,13.404
Apr 15, 1999,6.702
Apr 16, 1999,0
Apr 17, 1999,0
Apr 18, 1999,0
Apr 19, 1999,4.994
Apr 20, 1999,0
Apr 21, 1999,0
Apr 22, 1999,0
Apr 23, 1999,31.27
Apr 24, 1999,23.452
Apr 25, 1999,15.635
Apr 26, 1999,4.623
Apr 27, 1999,13.868
Apr 28, 1999,4.623
Apr 29, 1999,18.49
Apr 30, 1999,18.49
May 1, 1999,6.343
May 2, 1999,19.028
May 3, 1999,6.343
May 4, 1999,19.028
May 5, 1999,6.343
May 6, 1999,8.759
May 7, 1999,17.519
May 8, 1999,8.759
May 9, 1999,17.519
May 10, 1999,0
May 11, 1999,0
May 12, 1999,25.374
May 13, 1999,16.916
May 14, 1999,16.916
May 15, 1999,0
May 16, 1999,0
May 17, 1999,0
May 18, 1999,0
May 19, 1999,0
May 20, 1999,19.616
May 21, 1999,9.108
May 22, 1999,4.554
May 23, 1999,4.554
May 24, 1999,0
May 25, 1999,4.554
May 26, 1999,0
May 27, 1999,0
May 28, 1999,0
May 29, 1999,0
May 30, 1999,27.477
May 31, 1999,0
Jun 1, 1999,11.605
Jun 2, 1999,17.407
Jun 3, 1999,0
Jun 4, 1999,17.407
Jun 5, 1999,0
Jun 6, 1999,8.214
Jun 7, 1999,0
Jun 8, 1999,8.214
Jun 9, 1999,8.214
Jun 10, 1999,24.642
Jun 11, 1999,6.987
Jun 12, 1999,10.48
Jun 13, 1999,0
Jun 14, 1999,13.973
Jun 15, 1999,3.493
Jun 16, 1999,12.326
Jun 17, 1999,4.109
Jun 18, 1999,12.326
Jun 19, 1999,0
Jun 20, 1999,0
Jun 21, 1999,5.114
Jun 22, 1999,2.557
Jun 23, 1999,0
Jun 24, 1999,5.114
Jun 25, 1999,0
Jun 26, 1999,10.878
Jun 27, 1999,27.195
Jun 28, 1999,16.317
Jun 29, 1999,5.439
Jun 30, 1999,5.439
Jul 1, 1999,14.302
Jul 2, 1999,0
Jul 3, 1999,0
Jul 4, 1999,4.767
Jul 5, 1999,0
Jul 6, 1999,0
Jul 7, 1999,11.081
Jul 8, 1999,3.694
Jul 9, 1999,7.387
Jul 10, 1999,0
Jul 11, 1999,0
Jul 12, 1999,9.261
Jul 13, 1999,3.087
Jul 14, 1999,0
Jul 15, 1999,3.087
Jul 16, 1999,3.875
Jul 17, 1999,0
Jul 18, 1999,11.624
Jul 19, 1999,0
Jul 20, 1999,15.499
Jul 21, 1999,1.866
Jul 22, 1999,0
Jul 23, 1999,7.464
Jul 24, 1999,3.732
Jul 25, 1999,0
Jul 26, 1999,0
Jul 27, 1999,3.264
Jul 28, 1999,6.528
Jul 29, 1999,6.528
Jul 30, 1999,0
Jul 31, 1999,3.264
Aug 1, 1999,3.526
Aug 2, 1999,0
Aug 3, 1999,3.526
Aug 4, 1999,10.578
Aug 5, 1999,0
Aug 6, 1999,4
Aug 7, 1999,2
Aug 8, 1999,2
Aug 9, 1999,2
Aug 10, 1999,2
Aug 11, 1999,0
Aug 12, 1999,9.581
Aug 13, 1999,0
Aug 14, 1999,16.425
Aug 15, 1999,19.163
Aug 16, 1999,0
Aug 17, 1999,2.999
Aug 18, 1999,0
Aug 19, 1999,5.997
Aug 20, 1999,0
Aug 21, 1999,8.705
Aug 22, 1999,5.804
Aug 23, 1999,0
Aug 24, 1999,8.705
Aug 25, 1999,0
Aug 26, 1999,6.462
Aug 27, 1999,6.462
Aug 28, 1999,9.693
Aug 29, 1999,0
Aug 30, 1999,9.693
Aug 31, 1999,0
Sep 1, 1999,4.12
Sep 2, 1999,12.359
Sep 3, 1999,8.239
Sep 4, 1999,4.12
Sep 5, 1999,12.359
Sep 6, 1999,0
Sep 7, 1999,6.299
Sep 8, 1999,18.898
Sep 9, 1999,18.898
Sep 10, 1999,6.299
Sep 11, 1999,0
Sep 12, 1999,18.309
Sep 13, 1999,12.206
Sep 14, 1999,24.411
Sep 15, 1999,6.103
Sep 16, 1999,3.921
Sep 17, 1999,11.764
Sep 18, 1999,0
Sep 19, 1999,3.921
Sep 20, 1999,0
Sep 21, 1999,0
Sep 22, 1999,26.827
Sep 23, 1999,20.12
Sep 24, 1999,6.707
Sep 25, 1999,13.414
Sep 26, 1999,0
Sep 27, 1999,8.99
Sep 28, 1999,8.99
Sep 29, 1999,17.98
Sep 30, 1999,0
Oct 1, 1999,0
Oct 2, 1999,11.392
Oct 3, 1999,0
Oct 4, 1999,0
Oct 5, 1999,22.785
Oct 6, 1999,16.549
Oct 7, 1999,4.137
Oct 8, 1999,4.137
Oct 9, 1999,8.275
Oct 10, 1999,20.686
Oct 11, 1999,16.679
Oct 12, 1999,0
Oct 13, 1999,8.34
Oct 14, 1999,0
Oct 15, 1999,25.019
Oct 16, 1999,20.264
Oct 17, 1999,0
Oct 18, 1999,0
Oct 19, 1999,10.132
Oct 20, 1999,10.132
Oct 21, 1999,16.839
Oct 22, 1999,16.839
Oct 23, 1999,11.226
Oct 24, 1999,11.226
Oct 25, 1999,11.226
Oct 26, 1999,0
Oct 27, 1999,20.519
Oct 28, 1999,35.908
Oct 29, 1999,8.977
Oct 30, 1999,0
Oct 31, 1999,0
Nov 1, 1999,0
Nov 2, 1999,9.63
Nov 3, 1999,9.63
Nov 4, 1999,0
Nov 5, 1999,9.63
Nov 6, 1999,13.306
Nov 7, 1999,0
Nov 8, 1999,13.306
Nov 9, 1999,0
Nov 10, 1999,0
Nov 11, 1999,5.697
Nov 12, 1999,17.092
Nov 13, 1999,22.789
Nov 14, 1999,5.697
Nov 15, 1999,11.395
Nov 16, 1999,0
Nov 17, 1999,43.182
Nov 18, 1999,0
Nov 19, 1999,0
Nov 20, 1999,21.591
Nov 21, 1999,0
Nov 22, 1999,9.232
Nov 23, 1999,18.464
Nov 24, 1999,18.464
Nov 25, 1999,9.232
Nov 26, 1999,0
Nov 27, 1999,0
Nov 28, 1999,0
Nov 29, 1999,0
Nov 30, 1999,0
Dec 1, 1999,25.516
Dec 2, 1999,0
Dec 3, 1999,0
Dec 4, 1999,25.516
Dec 5, 1999,0
Dec 6, 1999,7.741
Dec 7, 1999,0
Dec 8, 1999,0
Dec 9, 1999,0
Dec 10, 1999,7.741
Dec 11, 1999,0
Dec 12, 1999,10.265
Dec 13, 1999,30.795
Dec 14, 1999,20.53
Dec 15, 1999,20.53
Dec 16, 1999,14.899
Dec 17, 1999,14.899
Dec 18, 1999,7.449
Dec 19, 1999,7.449
Dec 20, 1999,22.348
Dec 21, 1999,0
Dec 22, 1999,0
Dec 23, 1999,0
Dec 24, 1999,0
Dec 25, 1999,0
Dec 26, 1999,0
Dec 27, 1999,0
Dec 28, 1999,0
Dec 29, 1999,0
Dec 30, 1999,0
Dec 31, 1999,0
Jan 1, 2000,0
Jan 2, 2000,0
Jan 3, 2000,0
Jan 4, 2000,0
Jan 5, 2000,0
Jan 6, 2000,0
Jan 7, 2000,0
Jan 8, 2000,0
Jan 9, 2000,0
Jan 10, 2000,0
Jan 11, 2000,0
Jan 12, 2000,0
Jan 13, 2000,0
Jan 14, 2000,0
Jan 15, 2000,0
Jan 16, 2000,0
Jan 17, 2000,0
Jan 18, 2000,0
Jan 19, 2000,0
Jan 20, 2000,0
Jan 21, 2000,0
Jan 22, 2000,0
Jan 23, 2000,0
Jan 24, 2000,0
Jan 25, 2000,0
Jan 26, 2000,72.245
Jan 27, 2000,0
Jan 28, 2000,0
Jan 29, 2000,0
Jan 30, 2000,0
Jan 31, 2000,0
Feb 1, 2000,8.558
Feb 2, 2000,0
Feb 3, 2000,8.558
Feb 4, 2000,0
Feb 5, 2000,17.116
Feb 6, 2000,0
Feb 7, 2000,0
Feb 8, 2000,0
Feb 9, 2000,0
Feb 10, 2000,0
Feb 11, 2000,0
Feb 12, 2000,7.528
Feb 13, 2000,0
Feb 14, 2000,0
Feb 15, 2000,0
Feb 16, 2000,17.286
Feb 17, 2000,17.286
Feb 18, 2000,0
Feb 19, 2000,0
Feb 20, 2000,8.643
Feb 21, 2000,0
Feb 22, 2000,0
Feb 23, 2000,27.328
Feb 24, 2000,0
Feb 25, 2000,0
Feb 26, 2000,8.524
Feb 27, 2000,0
Feb 28, 2000,8.524
Feb 29, 2000,8.524
Mar 1, 2000,0
Mar 2, 2000,0
Mar 3, 2000,13.332
Mar 4, 2000,13.332
Mar 5, 2000,0
Mar 6, 2000,0
Mar 7, 2000,9.733
Mar 8, 2000,9.733
Mar 9, 2000,0
Mar 10, 2000,0
Mar 11, 2000,0
Mar 12, 2000,10.864
Mar 13, 2000,10.864
Mar 14, 2000,0
Mar 15, 2000,0
Mar 16, 2000,0
Mar 17, 2000,8.448
Mar 18, 2000,0
Mar 19, 2000,0
Mar 20, 2000,0
Mar 21, 2000,0
Mar 22, 2000,20.867
Mar 23, 2000,10.434
Mar 24, 2000,0
Mar 25, 2000,0
Mar 26, 2000,0
Mar 27, 2000,8.773
Mar 28, 2000,0
Mar 29, 2000,0
Mar 30, 2000,8.773
Mar 31, 2000,17.547
Apr 1, 2000,5.636
Apr 2, 2000,5.636
Apr 3, 2000,5.636
Apr 4, 2000,0
Apr 5, 2000,0
Apr 6, 2000,0
Apr 7, 2000,13.741
Apr 8, 2000,6.871
Apr 9, 2000,6.871
Apr 10, 2000,6.871
Apr 11, 2000,10.942
Apr 12, 2000,10.942
Apr 13, 2000,0
Apr 14, 2000,21.885
Apr 15, 2000,0
Apr 16, 2000,0
Apr 17, 2000,20.311
Apr 18, 2000,5.078
Apr 19, 2000,10.155
Apr 20, 2000,10.155
Apr 21, 2000,11.275
Apr 22, 2000,5.638
Apr 23, 2000,14.094
Apr 24, 2000,5.638
Apr 25, 2000,2.819
Apr 26, 2000,3.593
Apr 27, 2000,3.593
Apr 28, 2000,0
Apr 29, 2000,10.779
Apr 30, 2000,0
May 1, 2000,13.986
May 2, 2000,6.993
May 3, 2000,6.993
May 4, 2000,6.993
May 5, 2000,0
May 6, 2000,15.86
May 7, 2000,5.287
May 8, 2000,15.86
May 9, 2000,0
May 10, 2000,0
May 11, 2000,0
May 12, 2000,10.125
May 13, 2000,30.375
May 14, 2000,10.125
May 15, 2000,10.125
May 16, 2000,0
May 17, 2000,19.93
May 18, 2000,4.982
May 19, 2000,24.912
May 20, 2000,14.947
May 21, 2000,4.601
May 22, 2000,9.202
May 23, 2000,13.803
May 24, 2000,4.601
May 25, 2000,4.601
May 26, 2000,12.772
May 27, 2000,4.257
May 28, 2000,17.03
May 29, 2000,8.515
May 30, 2000,4.257
May 31, 2000,8.515
Jun 1, 2000,0
Jun 2, 2000,17.318
Jun 3, 2000,0
Jun 4, 2000,17.318
Jun 5, 2000,11.546
Jun 6, 2000,8.003
Jun 7, 2000,8.003
Jun 8, 2000,8.003
Jun 9, 2000,8.003
Jun 10, 2000,8.003
Jun 11, 2000,14.954
Jun 12, 2000,0
Jun 13, 2000,4.985
Jun 14, 2000,4.985
Jun 15, 2000,19.939
Jun 16, 2000,7.518
Jun 17, 2000,30.071
Jun 18, 2000,7.518
Jun 19, 2000,0
Jun 20, 2000,0
Jun 21, 2000,7.034
Jun 22, 2000,7.034
Jun 23, 2000,14.067
Jun 24, 2000,21.101
Jun 25, 2000,14.067
Jun 26, 2000,0
Jun 27, 2000,0
Jun 28, 2000,19.788
Jun 29, 2000,0
Jun 30, 2000,0
Jul 1, 2000,7.222
Jul 2, 2000,7.222
Jul 3, 2000,7.222
Jul 4, 2000,7.222
Jul 5, 2000,7.222
Jul 6, 2000,5.5
Jul 7, 2000,8.251
Jul 8, 2000,5.5
Jul 9, 2000,8.251
Jul 10, 2000,5.5
Jul 11, 2000,5.055
Jul 12, 2000,0
Jul 13, 2000,5.055
Jul 14, 2000,10.111
Jul 15, 2000,5.055
Jul 16, 2000,6.768
Jul 17, 2000,13.537
Jul 18, 2000,20.305
Jul 19, 2000,0
Jul 20, 2000,0
Jul 21, 2000,4.082
Jul 22, 2000,12.246
Jul 23, 2000,0
Jul 24, 2000,0
Jul 25, 2000,12.246
Jul 26, 2000,12.643
Jul 27, 2000,8.429
Jul 28, 2000,12.643
Jul 29, 2000,8.429
Jul 30, 2000,8.429
Jul 31, 2000,0
Aug 1, 2000,6.011
Aug 2, 2000,18.034
Aug 3, 2000,6.011
Aug 4, 2000,24.046
Aug 5, 2000,6.011
Aug 6, 2000,10.612
Aug 7, 2000,0
Aug 8, 2000,10.612
Aug 9, 2000,0
Aug 10, 2000,5.306
Aug 11, 2000,7.393
Aug 12, 2000,0
Aug 13, 2000,0
Aug 14, 2000,0
Aug 15, 2000,7.393
Aug 16, 2000,2.818
Aug 17, 2000,1.409
Aug 18, 2000,4.227
Aug 19, 2000,0
Aug 20, 2000,0
Aug 21, 2000,0
Aug 22, 2000,0
Aug 23, 2000,8.031
Aug 24, 2000,4.016
Aug 25, 2000,8.031
Aug 26, 2000,13.213
Aug 27, 2000,0
Aug 28, 2000,0
Aug 29, 2000,13.213
Aug 30, 2000,6.606
Aug 31, 2000,0
Sep 1, 2000,17.599
Sep 2, 2000,21.999
Sep 3, 2000,4.4
Sep 4, 2000,17.599
Sep 5, 2000,13.199
Sep 6, 2000,6.983
Sep 7, 2000,6.983
Sep 8, 2000,0
Sep 9, 2000,6.983
Sep 10, 2000,27.934
Sep 11, 2000,0
Sep 12, 2000,0
Sep 13, 2000,0
Sep 14, 2000,15.107
Sep 15, 2000,7.553
Sep 16, 2000,0
Sep 17, 2000,3.308
Sep 18, 2000,0
Sep 19, 2000,9.923
Sep 20, 2000,19.846
Sep 21, 2000,0
Sep 22, 2000,11.692
Sep 23, 2000,17.538
Sep 24, 2000,0
Sep 25, 2000,5.846
Sep 26, 2000,0
Sep 27, 2000,12.034
Sep 28, 2000,6.017
Sep 29, 2000,30.084
Sep 30, 2000,6.017
Oct 1, 2000,9.275
Oct 2, 2000,18.549
Oct 3, 2000,18.549
Oct 4, 2000,18.549
Oct 5, 2000,0
Oct 6, 2000,0
Oct 7, 2000,0
Oct 8, 2000,10.791
Oct 9, 2000,0
Oct 10, 2000,0
Oct 11, 2000,0
Oct 12, 2000,0
Oct 13, 2000,5.299
Oct 14, 2000,0
Oct 15, 2000,5.299
Oct 16, 2000,0
Oct 17, 2000,6.281
Oct 18, 2000,12.563
Oct 19, 2000,0
Oct 20, 2000,6.281
Oct 21, 2000,5.689
Oct 22, 2000,17.067
Oct 23, 2000,17.067
Oct 24, 2000,11.378
Oct 25, 2000,5.689
Oct 26, 2000,0
Oct 27, 2000,20.039
Oct 28, 2000,30.059
Oct 29, 2000,10.02
Oct 30, 2000,10.02
Oct 31, 2000,0
Nov 1, 2000,27.667
Nov 2, 2000,6.917
Nov 3, 2000,0
Nov 4, 2000,0
Nov 5, 2000,6.917
Nov 6, 2000,0
Nov 7, 2000,0
Nov 8, 2000,0
Nov 9, 2000,0
Nov 10, 2000,30.151
Nov 11, 2000,7.908
Nov 12, 2000,0
Nov 13, 2000,15.815
Nov 14, 2000,0
Nov 15, 2000,0
Nov 16, 2000,0
Nov 17, 2000,0
Nov 18, 2000,23.961
Nov 19, 2000,0
Nov 20, 2000,0
Nov 21, 2000,0
Nov 22, 2000,0
Nov 23, 2000,0
Nov 24, 2000,0
Nov 25, 2000,0
Nov 26, 2000,0
Nov 27, 2000,0
Nov 28, 2000,0
Nov 29, 2000,8.646
Nov 30, 2000,8.646
Dec 1, 2000,0
Dec 2, 2000,0
Dec 3, 2000,0
Dec 4, 2000,0
Dec 5, 2000,0
Dec 6, 2000,10.771
Dec 7, 2000,0
Dec 8, 2000,0
Dec 9, 2000,0
Dec 10, 2000,3.59
Dec 11, 2000,24.876
Dec 12, 2000,0
Dec 13, 2000,0
Dec 14, 2000,12.438
Dec 15, 2000,0
Dec 16, 2000,0
Dec 17, 2000,0
Dec 18, 2000,0
Dec 19, 2000,33.667
Dec 20, 2000,0
Dec 21, 2000,6.102
Dec 22, 2000,0
Dec 23, 2000,0
Dec 24, 2000,0
Dec 25, 2000,6.102
Dec 26, 2000,12.668
Dec 27, 2000,12.668
Dec 28, 2000,6.334
Dec 29, 2000,19.002
Dec 30, 2000,0
Dec 31, 2000,0
Jan 1, 2001,0
Jan 2, 2001,0
Jan 3, 2001,0
Jan 4, 2001,0
Jan 5, 2001,0
Jan 6, 2001,0
Jan 7, 2001,0
Jan 8, 2001,0
Jan 9, 2001,0
Jan 10, 2001,0
Jan 11, 2001,0
Jan 12, 2001,0
Jan 13, 2001,0
Jan 14, 2001,0
Jan 15, 2001,0
Jan 16, 2001,0
Jan 17, 2001,11.799
Jan 18, 2001,0
Jan 19, 2001,0
Jan 20, 2001,47.196
Jan 21, 2001,0
Jan 22, 2001,0
Jan 23, 2001,0
Jan 24, 2001,0
Jan 25, 2001,26.492
Jan 26, 2001,0
Jan 27, 2001,5.815
Jan 28, 2001,0
Jan 29, 2001,0
Jan 30, 2001,0
Jan 31, 2001,0
Feb 1, 2001,0
Feb 2, 2001,8.858
Feb 3, 2001,0
Feb 4, 2001,0
Feb 5, 2001,4.429
Feb 6, 2001,0
Feb 7, 2001,0
Feb 8, 2001,0
Feb 9, 2001,0
Feb 10, 2001,6.539
Feb 11, 2001,0
Feb 12, 2001,0
Feb 13, 2001,0
Feb 14, 2001,7.95
Feb 15, 2001,0
Feb 16, 2001,20.133
Feb 17, 2001,0
Feb 18, 2001,0
Feb 19, 2001,0
Feb 20, 2001,0
Feb 21, 2001,18.421
Feb 22, 2001,0
Feb 23, 2001,0
Feb 24, 2001,0
Feb 25, 2001,0
Feb 26, 2001,0
Feb 27, 2001,0
Feb 28, 2001,0
Mar 1, 2001,0
Mar 2, 2001,0
Mar 3, 2001,0
Mar 4, 2001,17.732
Mar 5, 2001,8.866
Mar 6, 2001,0
Mar 7, 2001,0
Mar 8, 2001,10.661
Mar 9, 2001,0
Mar 10, 2001,10.661
Mar 11, 2001,0
Mar 12, 2001,0
Mar 13, 2001,5.24
Mar 14, 2001,5.24
Mar 15, 2001,5.24
Mar 16, 2001,16.525
Mar 17, 2001,0
Mar 18, 2001,8.263
Mar 19, 2001,8.263
Mar 20, 2001,16.525
Mar 21, 2001,26.945
Mar 22, 2001,0
Mar 23, 2001,0
Mar 24, 2001,0
Mar 25, 2001,0
Mar 26, 2001,8.988
Mar 27, 2001,4.494
Mar 28, 2001,0
Mar 29, 2001,13.483
Mar 30, 2001,0
Mar 31, 2001,0
Apr 1, 2001,8.954
Apr 2, 2001,0
Apr 3, 2001,0
Apr 4, 2001,0
Apr 5, 2001,4.477
Apr 6, 2001,0
Apr 7, 2001,3.7
Apr 8, 2001,1.85
Apr 9, 2001,3.7
Apr 10, 2001,1.85
Apr 11, 2001,8.341
Apr 12, 2001,8.341
Apr 13, 2001,8.341
Apr 14, 2001,0
Apr 15, 2001,25.022
Apr 16, 2001,2.947
Apr 17, 2001,5.893
Apr 18, 2001,2.947
Apr 19, 2001,14.733
Apr 20, 2001,0
Apr 21, 2001,0
Apr 22, 2001,4.605
Apr 23, 2001,9.209
Apr 24, 2001,0
Apr 25, 2001,4.605
Apr 26, 2001,2.244
Apr 27, 2001,0
Apr 28, 2001,2.244
Apr 29, 2001,6.731
Apr 30, 2001,2.244
May 1, 2001,4.665
May 2, 2001,9.33
May 3, 2001,6.997
May 4, 2001,0
May 5, 2001,0
May 6, 2001,8.993
May 7, 2001,4.496
May 8, 2001,17.985
May 9, 2001,4.496
May 10, 2001,0
May 11, 2001,0
May 12, 2001,13.197
May 13, 2001,0
May 14, 2001,13.197
May 15, 2001,13.197
May 16, 2001,12.615
May 17, 2001,3.154
May 18, 2001,0
May 19, 2001,9.462
May 20, 2001,3.154
May 21, 2001,19.222
May 22, 2001,7.689
May 23, 2001,3.844
May 24, 2001,0
May 25, 2001,0
May 26, 2001,5.012
May 27, 2001,10.024
May 28, 2001,0
May 29, 2001,0
May 30, 2001,10.024
May 31, 2001,5.012
Jun 1, 2001,11.631
Jun 2, 2001,3.877
Jun 3, 2001,0
Jun 4, 2001,0
Jun 5, 2001,19.385
Jun 6, 2001,4.933
Jun 7, 2001,4.933
Jun 8, 2001,9.866
Jun 9, 2001,4.933
Jun 10, 2001,0
Jun 11, 2001,7.36
Jun 12, 2001,7.36
Jun 13, 2001,0
Jun 14, 2001,7.36
Jun 15, 2001,0
Jun 16, 2001,5.244
Jun 17, 2001,7.866
Jun 18, 2001,7.866
Jun 19, 2001,5.244
Jun 20, 2001,0
Jun 21, 2001,3.221
Jun 22, 2001,0
Jun 23, 2001,0
Jun 24, 2001,0
Jun 25, 2001,0
Jun 26, 2001,0
Jun 27, 2001,0
Jun 28, 2001,0
Jun 29, 2001,5.334
Jun 30, 2001,0
Jul 1, 2001,1.491
Jul 2, 2001,0
Jul 3, 2001,0
Jul 4, 2001,0
Jul 5, 2001,2.983
Jul 6, 2001,25.872
Jul 7, 2001,0
Jul 8, 2001,0
Jul 9, 2001,12.936
Jul 10, 2001,6.468
Jul 11, 2001,11.467
Jul 12, 2001,7.645
Jul 13, 2001,0
Jul 14, 2001,7.645
Jul 15, 2001,11.467
Jul 16, 2001,0
Jul 17, 2001,3.797
Jul 18, 2001,7.593
Jul 19, 2001,11.39
Jul 20, 2001,3.797
Jul 21, 2001,9.9
Jul 22, 2001,4.95
Jul 23, 2001,4.95
Jul 24, 2001,0
Jul 25, 2001,4.95
Jul 26, 2001,18.896
Jul 27, 2001,0
Jul 28, 2001,14.172
Jul 29, 2001,0
Jul 30, 2001,0
Jul 31, 2001,0
Aug 1, 2001,0
Aug 2, 2001,0
Aug 3, 2001,0
Aug 4, 2001,4.721
Aug 5, 2001,4.721
Aug 6, 2001,0
Aug 7, 2001,0
Aug 8, 2001,0
Aug 9, 2001,0
Aug 10, 2001,0
Aug 11, 2001,2.48
Aug 12, 2001,0
Aug 13, 2001,0
Aug 14, 2001,0
Aug 15, 2001,0
Aug 16, 2001,0
Aug 17, 2001,0
Aug 18, 2001,0
Aug 19, 2001,1.467
Aug 20, 2001,0
Aug 21, 2001,3.368
Aug 22, 2001,5.051
Aug 23, 2001,0
Aug 24, 2001,3.368
Aug 25, 2001,3.368
Aug 26, 2001,1.713
Aug 27, 2001,3.426
Aug 28, 2001,3.426
Aug 29, 2001,1.713
Aug 30, 2001,0
Aug 31, 2001,0
Sep 1, 2001,3.719
Sep 2, 2001,7.438
Sep 3, 2001,0
Sep 4, 2001,3.719
Sep 5, 2001,3.719
Sep 6, 2001,0
Sep 7, 2001,7.998
Sep 8, 2001,0
Sep 9, 2001,23.995
Sep 10, 2001,0
Sep 11, 2001,10.443
Sep 12, 2001,10.443
Sep 13, 2001,13.706
Sep 14, 2001,18.275
Sep 15, 2001,0
Sep 16, 2001,0
Sep 17, 2001,3.95
Sep 18, 2001,11.851
Sep 19, 2001,7.901
Sep 20, 2001,11.851
Sep 21, 2001,0
Sep 22, 2001,22.727
Sep 23, 2001,5.682
Sep 24, 2001,5.682
Sep 25, 2001,5.682
Sep 26, 2001,0
Sep 27, 2001,9.625
Sep 28, 2001,2.406
Sep 29, 2001,0
Sep 30, 2001,7.219
Oct 1, 2001,0
Oct 2, 2001,3.488
Oct 3, 2001,6.976
Oct 4, 2001,0
Oct 5, 2001,10.465
Oct 6, 2001,4.722
Oct 7, 2001,14.165
Oct 8, 2001,0
Oct 9, 2001,0
Oct 10, 2001,18.887
Oct 11, 2001,0
Oct 12, 2001,0
Oct 13, 2001,9.77
Oct 14, 2001,4.885
Oct 15, 2001,14.656
Oct 16, 2001,10.69
Oct 17, 2001,0
Oct 18, 2001,0
Oct 19, 2001,10.69
Oct 20, 2001,21.379
Oct 21, 2001,19.726
Oct 22, 2001,19.726
Oct 23, 2001,0
Oct 24, 2001,0
Oct 25, 2001,0
Oct 26, 2001,8.688
Oct 27, 2001,26.064
Oct 28, 2001,8.688
Oct 29, 2001,0
Oct 30, 2001,8.688
Oct 31, 2001,26.064
Nov 1, 2001,0
Nov 2, 2001,10.771
Nov 3, 2001,10.771
Nov 4, 2001,0
Nov 5, 2001,0
Nov 6, 2001,0
Nov 7, 2001,0
Nov 8, 2001,3.647
Nov 9, 2001,7.295
Nov 10, 2001,0
Nov 11, 2001,5.125
Nov 12, 2001,15.375
Nov 13, 2001,5.125
Nov 14, 2001,15.375
Nov 15, 2001,5.125
Nov 16, 2001,12.934
Nov 17, 2001,12.934
Nov 18, 2001,12.934
Nov 19, 2001,0
Nov 20, 2001,6.467
Nov 21, 2001,0
Nov 22, 2001,0
Nov 23, 2001,0
Nov 24, 2001,0
Nov 25, 2001,19.633
Nov 26, 2001,0
Nov 27, 2001,14.313
Nov 28, 2001,0
Nov 29, 2001,14.313
Nov 30, 2001,0
Dec 1, 2001,17.613
Dec 2, 2001,0
Dec 3, 2001,0
Dec 4, 2001,0
Dec 5, 2001,0
Dec 6, 2001,0
Dec 7, 2001,0
Dec 8, 2001,6.106
Dec 9, 2001,24.426
Dec 10, 2001,0
Dec 11, 2001,5.63
Dec 12, 2001,2.815
Dec 13, 2001,19.705
Dec 14, 2001,0
Dec 15, 2001,0
Dec 16, 2001,0
Dec 17, 2001,0
Dec 18, 2001,0
Dec 19, 2001,17.49
Dec 20, 2001,0
Dec 21, 2001,0
Dec 22, 2001,15.659
Dec 23, 2001,0
Dec 24, 2001,0
Dec 25, 2001,0
Dec 26, 2001,0
Dec 27, 2001,10.61
Dec 28, 2001,0
Dec 29, 2001,10.61
Dec 30, 2001,10.61
Dec 31, 2001,0
Jan 1, 2002,0
Jan 2, 2002,0
Jan 3, 2002,0
Jan 4, 2002,0
Jan 5, 2002,0
Jan 6, 2002,11.713
Jan 7, 2002,11.713
Jan 8, 2002,0
Jan 9, 2002,0
Jan 10, 2002,0
Jan 11, 2002,0
Jan 12, 2002,0
Jan 13, 2002,0
Jan 14, 2002,0
Jan 15, 2002,0
Jan 16, 2002,0
Jan 17, 2002,0
Jan 18, 2002,0
Jan 19, 2002,0
Jan 20, 2002,0
Jan 21, 2002,0
Jan 22, 2002,0
Jan 23, 2002,0
Jan 24, 2002,9.333
Jan 25, 2002,0
Jan 26, 2002,4.151
Jan 27, 2002,0
Jan 28, 2002,0
Jan 29, 2002,0
Jan 30, 2002,8.302
Jan 31, 2002,0
Feb 1, 2002,0
Feb 2, 2002,7.568
Feb 3, 2002,15.137
Feb 4, 2002,7.568
Feb 5, 2002,0
Feb 6, 2002,0
Feb 7, 2002,0
Feb 8, 2002,0
Feb 9, 2002,0
Feb 10, 2002,0
Feb 11, 2002,0
Feb 12, 2002,0
Feb 13, 2002,0
Feb 14, 2002,0
Feb 15, 2002,0
Feb 16, 2002,0
Feb 17, 2002,0
Feb 18, 2002,0
Feb 19, 2002,0
Feb 20, 2002,0
Feb 21, 2002,8.438
Feb 22, 2002,8.438
Feb 23, 2002,16.876
Feb 24, 2002,0
Feb 25, 2002,0
Feb 26, 2002,0
Feb 27, 2002,0
Feb 28, 2002,0
Mar 1, 2002,0
Mar 2, 2002,0
Mar 3, 2002,0
Mar 4, 2002,0
Mar 5, 2002,0
Mar 6, 2002,0
Mar 7, 2002,0
Mar 8, 2002,0
Mar 9, 2002,0
Mar 10, 2002,0
Mar 11, 2002,0
Mar 12, 2002,8.583
Mar 13, 2002,0
Mar 14, 2002,25.749
Mar 15, 2002,0
Mar 16, 2002,3.4
Mar 17, 2002,13.6
Mar 18, 2002,6.8
Mar 19, 2002,23.8
Mar 20, 2002,0
Mar 21, 2002,0
Mar 22, 2002,0
Mar 23, 2002,9.838
Mar 24, 2002,4.919
Mar 25, 2002,19.676
Mar 26, 2002,0
Mar 27, 2002,7.031
Mar 28, 2002,7.031
Mar 29, 2002,3.516
Mar 30, 2002,0
Mar 31, 2002,0
Apr 1, 2002,1.832
Apr 2, 2002,7.328
Apr 3, 2002,0
Apr 4, 2002,7.328
Apr 5, 2002,3.664
Apr 6, 2002,0
Apr 7, 2002,17.376
Apr 8, 2002,0
Apr 9, 2002,34.751
Apr 10, 2002,0
Apr 11, 2002,11.343
Apr 12, 2002,11.343
Apr 13, 2002,22.685
Apr 14, 2002,0
Apr 15, 2002,11.343
Apr 16, 2002,4.092
Apr 17, 2002,12.275
Apr 18, 2002,20.458
Apr 19, 2002,0
Apr 20, 2002,4.092
Apr 21, 2002,12.966
Apr 22, 2002,0
Apr 23, 2002,12.966
Apr 24, 2002,16.208
Apr 25, 2002,12.966
Apr 26, 2002,5.527
Apr 27, 2002,11.053
Apr 28, 2002,5.527
Apr 29, 2002,0
Apr 30, 2002,22.106
May 1, 2002,0
May 2, 2002,17.403
May 3, 2002,0
May 4, 2002,0
May 5, 2002,0
May 6, 2002,0
May 7, 2002,0
May 8, 2002,11.494
May 9, 2002,0
May 10, 2002,6.896
May 11, 2002,14.023
May 12, 2002,0
May 13, 2002,0
May 14, 2002,7.011
May 15, 2002,3.506
May 16, 2002,13.619
May 17, 2002,9.08
May 18, 2002,22.699
May 19, 2002,13.619
May 20, 2002,9.08
May 21, 2002,9.467
May 22, 2002,14.201
May 23, 2002,0
May 24, 2002,14.201
May 25, 2002,23.668
May 26, 2002,0
May 27, 2002,23.547
May 28, 2002,23.547
May 29, 2002,0
May 30, 2002,0
May 31, 2002,0
Jun 1, 2002,0
Jun 2, 2002,29.54
Jun 3, 2002,5.908
Jun 4, 2002,5.908
Jun 5, 2002,0
Jun 6, 2002,11.222
Jun 7, 2002,11.222
Jun 8, 2002,5.611
Jun 9, 2002,22.443
Jun 10, 2002,0
Jun 11, 2002,7.919
Jun 12, 2002,7.919
Jun 13, 2002,0
Jun 14, 2002,5.28
Jun 15, 2002,2.64
Jun 16, 2002,0
Jun 17, 2002,2.468
Jun 18, 2002,2.468
Jun 19, 2002,0
Jun 20, 2002,0
Jun 21, 2002,0
Jun 22, 2002,0
Jun 23, 2002,0
Jun 24, 2002,0.849
Jun 25, 2002,0
Jun 26, 2002,0
Jun 27, 2002,2.277
Jun 28, 2002,0
Jun 29, 2002,2.277
Jun 30, 2002,6.832
Jul 1, 2002,0
Jul 2, 2002,0
Jul 3, 2002,0
Jul 4, 2002,0
Jul 5, 2002,17.808
Jul 6, 2002,9.602
Jul 7, 2002,3.201
Jul 8, 2002,0
Jul 9, 2002,0
Jul 10, 2002,3.201
Jul 11, 2002,0
Jul 12, 2002,3.856
Jul 13, 2002,0
Jul 14, 2002,3.856
Jul 15, 2002,0
Jul 16, 2002,4.69
Jul 17, 2002,9.379
Jul 18, 2002,14.069
Jul 19, 2002,0
Jul 20, 2002,4.69
Jul 21, 2002,0
Jul 22, 2002,7.867
Jul 23, 2002,0
Jul 24, 2002,15.735
Jul 25, 2002,7.867
Jul 26, 2002,0
Jul 27, 2002,1.695
Jul 28, 2002,1.695
Jul 29, 2002,0
Jul 30, 2002,0
Jul 31, 2002,1.695
Aug 1, 2002,0
Aug 2, 2002,0
Aug 3, 2002,2.841
Aug 4, 2002,2.841
Aug 5, 2002,5.683
Aug 6, 2002,0
Aug 7, 2002,0
Aug 8, 2002,0
Aug 9, 2002,13.868
Aug 10, 2002,0
Aug 11, 2002,0
Aug 12, 2002,0
Aug 13, 2002,0
Aug 14, 2002,2.217
Aug 15, 2002,0
Aug 16, 2002,0
Aug 17, 2002,0
Aug 18, 2002,0
Aug 19, 2002,3.908
Aug 20, 2002,1.303
Aug 21, 2002,2.904
Aug 22, 2002,1.452
Aug 23, 2002,4.357
Aug 24, 2002,1.452
Aug 25, 2002,0
Aug 26, 2002,10.974
Aug 27, 2002,10.974
Aug 28, 2002,3.658
Aug 29, 2002,10.974
Aug 30, 2002,0
Aug 31, 2002,3.658
Sep 1, 2002,4.254
Sep 2, 2002,8.508
Sep 3, 2002,0
Sep 4, 2002,4.254
Sep 5, 2002,4.254
Sep 6, 2002,0
Sep 7, 2002,5.186
Sep 8, 2002,0
Sep 9, 2002,0
Sep 10, 2002,5.186
Sep 11, 2002,0
Sep 12, 2002,0
Sep 13, 2002,0
Sep 14, 2002,14.714
Sep 15, 2002,4.905
Sep 16, 2002,3.953
Sep 17, 2002,5.929
Sep 18, 2002,5.929
Sep 19, 2002,5.929
Sep 20, 2002,3.953
Sep 21, 2002,3.913
Sep 22, 2002,0
Sep 23, 2002,11.74
Sep 24, 2002,11.74
Sep 25, 2002,3.913
Sep 26, 2002,17.995
Sep 27, 2002,0
Sep 28, 2002,11.809
Sep 29, 2002,0
Sep 30, 2002,7.873
Oct 1, 2002,4.331
Oct 2, 2002,0
Oct 3, 2002,2.166
Oct 4, 2002,4.331
Oct 5, 2002,0
Oct 6, 2002,5.294
Oct 7, 2002,10.587
Oct 8, 2002,0
Oct 9, 2002,5.294
Oct 10, 2002,5.294
Oct 11, 2002,9.013
Oct 12, 2002,4.506
Oct 13, 2002,0
Oct 14, 2002,0
Oct 15, 2002,9.013
Oct 16, 2002,0
Oct 17, 2002,9.442
Oct 18, 2002,9.442
Oct 19, 2002,9.442
Oct 20, 2002,14.162
Oct 21, 2002,16.009
Oct 22, 2002,8.005
Oct 23, 2002,0
Oct 24, 2002,32.019
Oct 25, 2002,16.009
Oct 26, 2002,0
Oct 27, 2002,36.647
Oct 28, 2002,0
Oct 29, 2002,0
Oct 30, 2002,36.647
Oct 31, 2002,0
Nov 1, 2002,6.922
Nov 2, 2002,13.844
Nov 3, 2002,0
Nov 4, 2002,0
Nov 5, 2002,20.766
Nov 6, 2002,7.057
Nov 7, 2002,7.057
Nov 8, 2002,35.283
Nov 9, 2002,0
Nov 10, 2002,0
Nov 11, 2002,0
Nov 12, 2002,0
Nov 13, 2002,3.124
Nov 14, 2002,3.124
Nov 15, 2002,3.124
Nov 16, 2002,0
Nov 17, 2002,14.467
Nov 18, 2002,0
Nov 19, 2002,0
Nov 20, 2002,0
Nov 21, 2002,9.43
Nov 22, 2002,0
Nov 23, 2002,0
Nov 24, 2002,0
Nov 25, 2002,0
Nov 26, 2002,0
Nov 27, 2002,11.701
Nov 28, 2002,0
Nov 29, 2002,5.851
Nov 30, 2002,0
Dec 1, 2002,0
Dec 2, 2002,0
Dec 3, 2002,0
Dec 4, 2002,0
Dec 5, 2002,30.422
Dec 6, 2002,10.874
Dec 7, 2002,5.437
Dec 8, 2002,5.437
Dec 9, 2002,5.437
Dec 10, 2002,0
Dec 11, 2002,0
Dec 12, 2002,0
Dec 13, 2002,0
Dec 14, 2002,0
Dec 15, 2002,31.889
Dec 16, 2002,10.314
Dec 17, 2002,0
Dec 18, 2002,10.314
Dec 19, 2002,0
Dec 20, 2002,20.628
Dec 21, 2002,0
Dec 22, 2002,0
Dec 23, 2002,0
Dec 24, 2002,0
Dec 25, 2002,0
Dec 26, 2002,0
Dec 27, 2002,0
Dec 28, 2002,0
Dec 29, 2002,0
Dec 30, 2002,0
Dec 31, 2002,0
Jan 1, 2003,0
Jan 2, 2003,0
Jan 3, 2003,10.763
Jan 4, 2003,0
Jan 5, 2003,0
Jan 6, 2003,0
Jan 7, 2003,0
Jan 8, 2003,0
Jan 9, 2003,0
Jan 10, 2003,0
Jan 11, 2003,0
Jan 12, 2003,0
Jan 13, 2003,0
Jan 14, 2003,0
Jan 15, 2003,0
Jan 16, 2003,12.56
Jan 17, 2003,0
Jan 18, 2003,0
Jan 19, 2003,0
Jan 20, 2003,0
Jan 21, 2003,0
Jan 22, 2003,0
Jan 23, 2003,0
Jan 24, 2003,0
Jan 25, 2003,0
Jan 26, 2003,0
Jan 27, 2003,0
Jan 28, 2003,0
Jan 29, 2003,0
Jan 30, 2003,0
Jan 31, 2003,0
Feb 1, 2003,0
Feb 2, 2003,0
Feb 3, 2003,0
Feb 4, 2003,0
Feb 5, 2003,0
Feb 6, 2003,0
Feb 7, 2003,0
Feb 8, 2003,14.102
Feb 9, 2003,7.051
Feb 10, 2003,0
Feb 11, 2003,4.877
Feb 12, 2003,4.877
Feb 13, 2003,0
Feb 14, 2003,4.877
Feb 15, 2003,14.631
Feb 16, 2003,0
Feb 17, 2003,5.584
Feb 18, 2003,5.584
Feb 19, 2003,5.584
Feb 20, 2003,5.584
Feb 21, 2003,0
Feb 22, 2003,0
Feb 23, 2003,0
Feb 24, 2003,6.49
Feb 25, 2003,6.49
Feb 26, 2003,11.023
Feb 27, 2003,0
Feb 28, 2003,0
Mar 1, 2003,0
Mar 2, 2003,0
Mar 3, 2003,0
Mar 4, 2003,0
Mar 5, 2003,0
Mar 6, 2003,0
Mar 7, 2003,0
Mar 8, 2003,0
Mar 9, 2003,0
Mar 10, 2003,0
Mar 11, 2003,0
Mar 12, 2003,0
Mar 13, 2003,13.772
Mar 14, 2003,4.591
Mar 15, 2003,22.954
Mar 16, 2003,0
Mar 17, 2003,0
Mar 18, 2003,20.103
Mar 19, 2003,20.103
Mar 20, 2003,0
Mar 21, 2003,10.749
Mar 22, 2003,16.123
Mar 23, 2003,0
Mar 24, 2003,0
Mar 25, 2003,0
Mar 26, 2003,0
Mar 27, 2003,6.92
Mar 28, 2003,6.92
Mar 29, 2003,13.84
Mar 30, 2003,0
Mar 31, 2003,6.92
Apr 1, 2003,0
Apr 2, 2003,0
Apr 3, 2003,0
Apr 4, 2003,11.311
Apr 5, 2003,0
Apr 6, 2003,4.175
Apr 7, 2003,4.175
Apr 8, 2003,4.175
Apr 9, 2003,12.526
Apr 10, 2003,8.351
Apr 11, 2003,0
Apr 12, 2003,17.649
Apr 13, 2003,10.085
Apr 14, 2003,10.085
Apr 15, 2003,20.17
Apr 16, 2003,0
Apr 17, 2003,7.841
Apr 18, 2003,0
Apr 19, 2003,7.841
Apr 20, 2003,7.841
Apr 21, 2003,8.486
Apr 22, 2003,7.425
Apr 23, 2003,0
Apr 24, 2003,14.85
Apr 25, 2003,22.274
Apr 26, 2003,6.951
Apr 27, 2003,13.903
Apr 28, 2003,6.951
Apr 29, 2003,6.951
Apr 30, 2003,0
May 1, 2003,0
May 2, 2003,6.406
May 3, 2003,2.803
May 4, 2003,8.408
May 5, 2003,0
May 6, 2003,10.416
May 7, 2003,6.944
May 8, 2003,10.416
May 9, 2003,10.416
May 10, 2003,10.416
May 11, 2003,2.796
May 12, 2003,0
May 13, 2003,5.592
May 14, 2003,5.592
May 15, 2003,0
May 16, 2003,7.07
May 17, 2003,0
May 18, 2003,21.209
May 19, 2003,14.14
May 20, 2003,0
May 21, 2003,4.011
May 22, 2003,16.045
May 23, 2003,4.011
May 24, 2003,8.022
May 25, 2003,8.022
May 26, 2003,5.254
May 27, 2003,5.254
May 28, 2003,0
May 29, 2003,10.508
May 30, 2003,21.016
May 31, 2003,0
Jun 1, 2003,9.93
Jun 2, 2003,14.895
Jun 3, 2003,4.965
Jun 4, 2003,4.965
Jun 5, 2003,19.86
Jun 6, 2003,5.705
Jun 7, 2003,8.558
Jun 8, 2003,0
Jun 9, 2003,8.558
Jun 10, 2003,0
Jun 11, 2003,11.583
Jun 12, 2003,11.583
Jun 13, 2003,17.374
Jun 14, 2003,0
Jun 15, 2003,17.374
Jun 16, 2003,4.15
Jun 17, 2003,12.449
Jun 18, 2003,16.599
Jun 19, 2003,8.3
Jun 20, 2003,8.3
Jun 21, 2003,3.751
Jun 22, 2003,7.502
Jun 23, 2003,3.751
Jun 24, 2003,3.751
Jun 25, 2003,11.253
Jun 26, 2003,1.682
Jun 27, 2003,0
Jun 28, 2003,3.363
Jun 29, 2003,6.726
Jun 30, 2003,0
Jul 1, 2003,4.037
Jul 2, 2003,0
Jul 3, 2003,4.037
Jul 4, 2003,12.111
Jul 5, 2003,0
Jul 6, 2003,2.69
Jul 7, 2003,5.38
Jul 8, 2003,5.38
Jul 9, 2003,2.69
Jul 10, 2003,10.76
Jul 11, 2003,5.303
Jul 12, 2003,0
Jul 13, 2003,6.06
Jul 14, 2003,5.303
Jul 15, 2003,0
Jul 16, 2003,0
Jul 17, 2003,5.459
Jul 18, 2003,0
Jul 19, 2003,0
Jul 20, 2003,0
Jul 21, 2003,0
Jul 22, 2003,0
Jul 23, 2003,2.216
Jul 24, 2003,3.323
Jul 25, 2003,2.216
Jul 26, 2003,7.738
Jul 27, 2003,3.869
Jul 28, 2003,0
Jul 29, 2003,0
Jul 30, 2003,7.738
Jul 31, 2003,3.869
Aug 1, 2003,17.985
Aug 2, 2003,4.496
Aug 3, 2003,13.489
Aug 4, 2003,0
Aug 5, 2003,0
Aug 6, 2003,0
Aug 7, 2003,5.44
Aug 8, 2003,0
Aug 9, 2003,10.879
Aug 10, 2003,0
Aug 11, 2003,0
Aug 12, 2003,0
Aug 13, 2003,3.951
Aug 14, 2003,3.951
Aug 15, 2003,3.951
Aug 16, 2003,11.534
Aug 17, 2003,0
Aug 18, 2003,11.534
Aug 19, 2003,0
Aug 20, 2003,11.534
Aug 21, 2003,4.821
Aug 22, 2003,14.464
Aug 23, 2003,4.821
Aug 24, 2003,9.643
Aug 25, 2003,0
Aug 26, 2003,4.767
Aug 27, 2003,4.767
Aug 28, 2003,8.343
Aug 29, 2003,9.534
Aug 30, 2003,0
Aug 31, 2003,4.767
Sep 1, 2003,0
Sep 2, 2003,0
Sep 3, 2003,0
Sep 4, 2003,5.908
Sep 5, 2003,11.815
Sep 6, 2003,7.946
Sep 7, 2003,3.973
Sep 8, 2003,3.973
Sep 9, 2003,3.973
Sep 10, 2003,19.864
Sep 11, 2003,6.652
Sep 12, 2003,0
Sep 13, 2003,3.326
Sep 14, 2003,6.652
Sep 15, 2003,0
Sep 16, 2003,0
Sep 17, 2003,0
Sep 18, 2003,9.751
Sep 19, 2003,3.25
Sep 20, 2003,13.002
Sep 21, 2003,0
Sep 22, 2003,17.593
Sep 23, 2003,0
Sep 24, 2003,0
Sep 25, 2003,17.593
Sep 26, 2003,17.228
Sep 27, 2003,17.228
Sep 28, 2003,0
Sep 29, 2003,5.743
Sep 30, 2003,0
Oct 1, 2003,4.673
Oct 2, 2003,4.673
Oct 3, 2003,4.673
Oct 4, 2003,4.673
Oct 5, 2003,14.019
Oct 6, 2003,18.421
Oct 7, 2003,9.21
Oct 8, 2003,0
Oct 9, 2003,4.605
Oct 10, 2003,0
Oct 11, 2003,7.131
Oct 12, 2003,0
Oct 13, 2003,10.697
Oct 14, 2003,10.697
Oct 15, 2003,10.697
Oct 16, 2003,0
Oct 17, 2003,12.785
Oct 18, 2003,25.571
Oct 19, 2003,12.785
Oct 20, 2003,0
Oct 21, 2003,15.794
Oct 22, 2003,7.897
Oct 23, 2003,0
Oct 24, 2003,15.794
Oct 25, 2003,0
Oct 26, 2003,0
Oct 27, 2003,20.662
Oct 28, 2003,20.662
Oct 29, 2003,20.662
Oct 30, 2003,0
Oct 31, 2003,0
Nov 1, 2003,0
Nov 2, 2003,0
Nov 3, 2003,12.609
Nov 4, 2003,0
Nov 5, 2003,0
Nov 6, 2003,9.933
Nov 7, 2003,9.933
Nov 8, 2003,9.933
Nov 9, 2003,9.933
Nov 10, 2003,14.899
Nov 11, 2003,9.846
Nov 12, 2003,0
Nov 13, 2003,9.846
Nov 14, 2003,9.846
Nov 15, 2003,19.693
Nov 16, 2003,0
Nov 17, 2003,0
Nov 18, 2003,16.773
Nov 19, 2003,0
Nov 20, 2003,0
Nov 21, 2003,23.491
Nov 22, 2003,0
Nov 23, 2003,0
Nov 24, 2003,23.491
Nov 25, 2003,0
Nov 26, 2003,0
Nov 27, 2003,14.03
Nov 28, 2003,0
Nov 29, 2003,14.03
Nov 30, 2003,0
Dec 1, 2003,0
Dec 2, 2003,6.157
Dec 3, 2003,24.63
Dec 4, 2003,0
Dec 5, 2003,18.472
Dec 6, 2003,0
Dec 7, 2003,0
Dec 8, 2003,0
Dec 9, 2003,0
Dec 10, 2003,0
Dec 11, 2003,12.267
Dec 12, 2003,0
Dec 13, 2003,0
Dec 14, 2003,0
Dec 15, 2003,0
Dec 16, 2003,0
Dec 17, 2003,0
Dec 18, 2003,3.449
Dec 19, 2003,5.913
Dec 20, 2003,1.725
Dec 21, 2003,3.156
Dec 22, 2003,3.156
Dec 23, 2003,0
Dec 24, 2003,0
Dec 25, 2003,7.889
Dec 26, 2003,10.893
Dec 27, 2003,10.893
Dec 28, 2003,0
Dec 29, 2003,0
Dec 30, 2003,0
Dec 31, 2003,0
Jan 1, 2004,0
Jan 2, 2004,0
Jan 3, 2004,0
Jan 4, 2004,0
Jan 5, 2004,18.399
Jan 6, 2004,14.709
Jan 7, 2004,14.709
Jan 8, 2004,14.709
Jan 9, 2004,0
Jan 10, 2004,29.417
Jan 11, 2004,0
Jan 12, 2004,14.702
Jan 13, 2004,0
Jan 14, 2004,0
Jan 15, 2004,0
Jan 16, 2004,0
Jan 17, 2004,0
Jan 18, 2004,0
Jan 19, 2004,0
Jan 20, 2004,0
Jan 21, 2004,0
Jan 22, 2004,0
Jan 23, 2004,0
Jan 24, 2004,0
Jan 25, 2004,0
Jan 26, 2004,0
Jan 27, 2004,0
Jan 28, 2004,0
Jan 29, 2004,0
Jan 30, 2004,0
Jan 31, 2004,0
Feb 1, 2004,0
Feb 2, 2004,0
Feb 3, 2004,0
Feb 4, 2004,0
Feb 5, 2004,0
Feb 6, 2004,0
Feb 7, 2004,0
Feb 8, 2004,0
Feb 9, 2004,0
Feb 10, 2004,0
Feb 11, 2004,6.05
Feb 12, 2004,6.05
Feb 13, 2004,6.05
Feb 14, 2004,0
Feb 15, 2004,0
Feb 16, 2004,0
Feb 17, 2004,0
Feb 18, 2004,12.926
Feb 19, 2004,6.463
Feb 20, 2004,6.463
Feb 21, 2004,0
Feb 22, 2004,0
Feb 23, 2004,0
Feb 24, 2004,0
Feb 25, 2004,41.259
Feb 26, 2004,6.23
Feb 27, 2004,0
Feb 28, 2004,14.239
Feb 29, 2004,0
Mar 1, 2004,0
Mar 2, 2004,0
Mar 3, 2004,31.689
Mar 4, 2004,0
Mar 5, 2004,10.563
Mar 6, 2004,18.773
Mar 7, 2004,0
Mar 8, 2004,0
Mar 9, 2004,18.773
Mar 10, 2004,0
Mar 11, 2004,0
Mar 12, 2004,0
Mar 13, 2004,0
Mar 14, 2004,0
Mar 15, 2004,0
Mar 16, 2004,7.543
Mar 17, 2004,0
Mar 18, 2004,0
Mar 19, 2004,0
Mar 20, 2004,0
Mar 21, 2004,9.864
Mar 22, 2004,0
Mar 23, 2004,0
Mar 24, 2004,0
Mar 25, 2004,19.729
Mar 26, 2004,0
Mar 27, 2004,0
Mar 28, 2004,0
Mar 29, 2004,0
Mar 30, 2004,0
Mar 31, 2004,0
Apr 1, 2004,0
Apr 2, 2004,0
Apr 3, 2004,21.135
Apr 4, 2004,0
Apr 5, 2004,4.623
Apr 6, 2004,0
Apr 7, 2004,6.081
Apr 8, 2004,2.661
Apr 9, 2004,0
Apr 10, 2004,0
Apr 11, 2004,0
Apr 12, 2004,0
Apr 13, 2004,37.696
Apr 14, 2004,10.77
Apr 15, 2004,5.385
Apr 16, 2004,3.889
Apr 17, 2004,7.777
Apr 18, 2004,11.666
Apr 19, 2004,0
Apr 20, 2004,23.332
Apr 21, 2004,11.64
Apr 22, 2004,11.64
Apr 23, 2004,23.279
Apr 24, 2004,0
Apr 25, 2004,11.64
Apr 26, 2004,0
Apr 27, 2004,12.198
Apr 28, 2004,4.066
Apr 29, 2004,0
Apr 30, 2004,20.33
May 1, 2004,15.016
May 2, 2004,7.508
May 3, 2004,22.525
May 4, 2004,15.016
May 5, 2004,7.508
May 6, 2004,8.135
May 7, 2004,8.135
May 8, 2004,2.712
May 9, 2004,8.135
May 10, 2004,2.712
May 11, 2004,4.879
May 12, 2004,6.506
May 13, 2004,1.626
May 14, 2004,3.253
May 15, 2004,4.879
May 16, 2004,10.115
May 17, 2004,23.602
May 18, 2004,6.744
May 19, 2004,13.487
May 20, 2004,3.372
May 21, 2004,0
May 22, 2004,11.909
May 23, 2004,0
May 24, 2004,23.818
May 25, 2004,11.909
May 26, 2004,9.59
May 27, 2004,19.18
May 28, 2004,4.795
May 29, 2004,0
May 30, 2004,9.59
May 31, 2004,9.59
Jun 1, 2004,16.445
Jun 2, 2004,5.482
Jun 3, 2004,0
Jun 4, 2004,16.445
Jun 5, 2004,5.482
Jun 6, 2004,5.311
Jun 7, 2004,0
Jun 8, 2004,0
Jun 9, 2004,3.541
Jun 10, 2004,0
Jun 11, 2004,0
Jun 12, 2004,0
Jun 13, 2004,0
Jun 14, 2004,2.242
Jun 15, 2004,0
Jun 16, 2004,0
Jun 17, 2004,3.913
Jun 18, 2004,0
Jun 19, 2004,0
Jun 20, 2004,3.913
Jun 21, 2004,2.836
Jun 22, 2004,0
Jun 23, 2004,0.945
Jun 24, 2004,0
Jun 25, 2004,0
Jun 26, 2004,0
Jun 27, 2004,4.755
Jun 28, 2004,4.755
Jun 29, 2004,7.133
Jun 30, 2004,2.378
Jul 1, 2004,3.71
Jul 2, 2004,7.419
Jul 3, 2004,7.419
Jul 4, 2004,14.838
Jul 5, 2004,0
Jul 6, 2004,5.437
Jul 7, 2004,16.311
Jul 8, 2004,0
Jul 9, 2004,10.874
Jul 10, 2004,5.437
Jul 11, 2004,16.56
Jul 12, 2004,5.52
Jul 13, 2004,16.56
Jul 14, 2004,0
Jul 15, 2004,11.04
Jul 16, 2004,14.295
Jul 17, 2004,0
Jul 18, 2004,7.147
Jul 19, 2004,14.295
Jul 20, 2004,14.295
Jul 21, 2004,16.297
Jul 22, 2004,10.865
Jul 23, 2004,0
Jul 24, 2004,0
Jul 25, 2004,10.865
Jul 26, 2004,0
Jul 27, 2004,7.501
Jul 28, 2004,5
Jul 29, 2004,2.5
Jul 30, 2004,5
Jul 31, 2004,2.5
Aug 1, 2004,1.811
Aug 2, 2004,0
Aug 3, 2004,0
Aug 4, 2004,1.811
Aug 5, 2004,5.434
Aug 6, 2004,2.709
Aug 7, 2004,0
Aug 8, 2004,0
Aug 9, 2004,0
Aug 10, 2004,1.355
Aug 11, 2004,2.57
Aug 12, 2004,0
Aug 13, 2004,0
Aug 14, 2004,0
Aug 15, 2004,0
Aug 16, 2004,13.839
Aug 17, 2004,0
Aug 18, 2004,13.839
Aug 19, 2004,0
Aug 20, 2004,13.839
Aug 21, 2004,14.549
Aug 22, 2004,14.549
Aug 23, 2004,0
Aug 24, 2004,0
Aug 25, 2004,0
Aug 26, 2004,4.619
Aug 27, 2004,13.857
Aug 28, 2004,4.619
Aug 29, 2004,9.238
Aug 30, 2004,0
Aug 31, 2004,13.857
Sep 1, 2004,6.989
Sep 2, 2004,0
Sep 3, 2004,3.494
Sep 4, 2004,10.483
Sep 5, 2004,13.978
Sep 6, 2004,22.937
Sep 7, 2004,0
Sep 8, 2004,0
Sep 9, 2004,0
Sep 10, 2004,11.469
Sep 11, 2004,15.153
Sep 12, 2004,0
Sep 13, 2004,0
Sep 14, 2004,20.205
Sep 15, 2004,5.051
Sep 16, 2004,3.675
Sep 17, 2004,7.351
Sep 18, 2004,3.675
Sep 19, 2004,18.377
Sep 20, 2004,7.351
Sep 21, 2004,3.004
Sep 22, 2004,3.434
Sep 23, 2004,3.004
Sep 24, 2004,12.017
Sep 25, 2004,9.013
Sep 26, 2004,0
Sep 27, 2004,24.01
Sep 28, 2004,0
Sep 29, 2004,24.01
Sep 30, 2004,0
Oct 1, 2004,6.759
Oct 2, 2004,0
Oct 3, 2004,6.759
Oct 4, 2004,13.518
Oct 5, 2004,6.759
Oct 6, 2004,15.108
Oct 7, 2004,0
Oct 8, 2004,0
Oct 9, 2004,7.554
Oct 10, 2004,7.554
Oct 11, 2004,0
Oct 12, 2004,17.201
Oct 13, 2004,0
Oct 14, 2004,11.468
Oct 15, 2004,0
Oct 16, 2004,15.319
Oct 17, 2004,30.639
Oct 18, 2004,15.319
Oct 19, 2004,0
Oct 20, 2004,15.319
Oct 21, 2004,15.809
Oct 22, 2004,0
Oct 23, 2004,7.904
Oct 24, 2004,7.904
Oct 25, 2004,3.952
Oct 26, 2004,7.719
Oct 27, 2004,7.719
Oct 28, 2004,15.439
Oct 29, 2004,23.158
Oct 30, 2004,15.439
Oct 31, 2004,7.719
Nov 1, 2004,23.86
Nov 2, 2004,15.906
Nov 3, 2004,7.953
Nov 4, 2004,0
Nov 5, 2004,0
Nov 6, 2004,16.931
Nov 7, 2004,16.931
Nov 8, 2004,0
Nov 9, 2004,0
Nov 10, 2004,16.931
Nov 11, 2004,0
Nov 12, 2004,0
Nov 13, 2004,0
Nov 14, 2004,21.425
Nov 15, 2004,0
Nov 16, 2004,9.045
Nov 17, 2004,18.09
Nov 18, 2004,18.09
Nov 19, 2004,18.09
Nov 20, 2004,18.09
Nov 21, 2004,0
Nov 22, 2004,5.618
Nov 23, 2004,0
Nov 24, 2004,11.236
Nov 25, 2004,5.618
Nov 26, 2004,15.908
Nov 27, 2004,0
Nov 28, 2004,5.303
Nov 29, 2004,0
Nov 30, 2004,0
Dec 1, 2004,0
Dec 2, 2004,0
Dec 3, 2004,8.037
Dec 4, 2004,0
Dec 5, 2004,8.037
Dec 6, 2004,0
Dec 7, 2004,8.271
Dec 8, 2004,8.271
Dec 9, 2004,8.271
Dec 10, 2004,0
Dec 11, 2004,6.432
Dec 12, 2004,3.216
Dec 13, 2004,0
Dec 14, 2004,0
Dec 15, 2004,9.648
Dec 16, 2004,0
Dec 17, 2004,6.381
Dec 18, 2004,0
Dec 19, 2004,0
Dec 20, 2004,0
Dec 21, 2004,0
Dec 22, 2004,0
Dec 23, 2004,10.486
Dec 24, 2004,0
Dec 25, 2004,0
Dec 26, 2004,0
Dec 27, 2004,0
Dec 28, 2004,0
Dec 29, 2004,0
Dec 30, 2004,0
Dec 31, 2004,0
Jan 1, 2005,0
Jan 2, 2005,0
Jan 3, 2005,0
Jan 4, 2005,0
Jan 5, 2005,13.677
Jan 6, 2005,0
Jan 7, 2005,0
Jan 8, 2005,13.74
Jan 9, 2005,13.74
Jan 10, 2005,0
Jan 11, 2005,23.619
Jan 12, 2005,0
Jan 13, 2005,0
Jan 14, 2005,23.619
Jan 15, 2005,23.619
Jan 16, 2005,0
Jan 17, 2005,0
Jan 18, 2005,0
Jan 19, 2005,0
Jan 20, 2005,0
Jan 21, 2005,0
Jan 22, 2005,0
Jan 23, 2005,0
Jan 24, 2005,0
Jan 25, 2005,0
Jan 26, 2005,0
Jan 27, 2005,0
Jan 28, 2005,0
Jan 29, 2005,0
Jan 30, 2005,0
Jan 31, 2005,0
Feb 1, 2005,0
Feb 2, 2005,6.495
Feb 3, 2005,12.991
Feb 4, 2005,0
Feb 5, 2005,0
Feb 6, 2005,0
Feb 7, 2005,0
Feb 8, 2005,0
Feb 9, 2005,0
Feb 10, 2005,0
Feb 11, 2005,6.605
Feb 12, 2005,19.816
Feb 13, 2005,0
Feb 14, 2005,0
Feb 15, 2005,0
Feb 16, 2005,0
Feb 17, 2005,0
Feb 18, 2005,0
Feb 19, 2005,0
Feb 20, 2005,0
Feb 21, 2005,0
Feb 22, 2005,0
Feb 23, 2005,0
Feb 24, 2005,0
Feb 25, 2005,0
Feb 26, 2005,0
Feb 27, 2005,0
Feb 28, 2005,0
Mar 1, 2005,0
Mar 2, 2005,0
Mar 3, 2005,0
Mar 4, 2005,20.412
Mar 5, 2005,0
Mar 6, 2005,0
Mar 7, 2005,0
Mar 8, 2005,0
Mar 9, 2005,0
Mar 10, 2005,0
Mar 11, 2005,0
Mar 12, 2005,0
Mar 13, 2005,0
Mar 14, 2005,0
Mar 15, 2005,0
Mar 16, 2005,6.977
Mar 17, 2005,0
Mar 18, 2005,6.977
Mar 19, 2005,27.907
Mar 20, 2005,20.93
Mar 21, 2005,11.964
Mar 22, 2005,0
Mar 23, 2005,0
Mar 24, 2005,11.964
Mar 25, 2005,0
Mar 26, 2005,0
Mar 27, 2005,10.451
Mar 28, 2005,0
Mar 29, 2005,5.225
Mar 30, 2005,5.225
Mar 31, 2005,0
Apr 1, 2005,4.749
Apr 2, 2005,0
Apr 3, 2005,14.247
Apr 4, 2005,4.749
Apr 5, 2005,0
Apr 6, 2005,12.341
Apr 7, 2005,0
Apr 8, 2005,9.256
Apr 9, 2005,6.171
Apr 10, 2005,0
Apr 11, 2005,15.531
Apr 12, 2005,3.106
Apr 13, 2005,6.212
Apr 14, 2005,6.212
Apr 15, 2005,6.212
Apr 16, 2005,0
Apr 17, 2005,9.29
Apr 18, 2005,0
Apr 19, 2005,4.645
Apr 20, 2005,32.516
Apr 21, 2005,12.217
Apr 22, 2005,12.217
Apr 23, 2005,24.434
Apr 24, 2005,0
Apr 25, 2005,0
Apr 26, 2005,7.866
Apr 27, 2005,7.866
Apr 28, 2005,11.798
Apr 29, 2005,0
Apr 30, 2005,0
May 1, 2005,27.519
May 2, 2005,27.519
May 3, 2005,9.173
May 4, 2005,0
May 5, 2005,9.173
May 6, 2005,10.523
May 7, 2005,3.508
May 8, 2005,14.03
May 9, 2005,10.523
May 10, 2005,3.508
May 11, 2005,0
May 12, 2005,16.796
May 13, 2005,0
May 14, 2005,50.388
May 15, 2005,8.398
May 16, 2005,14.531
May 17, 2005,21.797
May 18, 2005,14.531
May 19, 2005,21.797
May 20, 2005,0
May 21, 2005,12.957
May 22, 2005,6.479
May 23, 2005,12.957
May 24, 2005,0
May 25, 2005,6.479
May 26, 2005,4.145
May 27, 2005,4.145
May 28, 2005,4.145
May 29, 2005,0
May 30, 2005,0
May 31, 2005,8.291
Jun 1, 2005,13.362
Jun 2, 2005,0
Jun 3, 2005,8.908
Jun 4, 2005,0
Jun 5, 2005,17.816
Jun 6, 2005,14.903
Jun 7, 2005,18.629
Jun 8, 2005,11.177
Jun 9, 2005,14.903
Jun 10, 2005,3.726
Jun 11, 2005,9.003
Jun 12, 2005,13.505
Jun 13, 2005,4.502
Jun 14, 2005,0
Jun 15, 2005,4.502
Jun 16, 2005,0
Jun 17, 2005,4.268
Jun 18, 2005,0
Jun 19, 2005,2.134
Jun 20, 2005,4.268
Jun 21, 2005,0
Jun 22, 2005,1.255
Jun 23, 2005,3.764
Jun 24, 2005,0
Jun 25, 2005,5.019
Jun 26, 2005,0
Jun 27, 2005,11.602
Jun 28, 2005,7.734
Jun 29, 2005,7.734
Jun 30, 2005,7.734
Jul 1, 2005,0
Jul 2, 2005,0
Jul 3, 2005,5.879
Jul 4, 2005,17.636
Jul 5, 2005,11.757
Jul 6, 2005,15.303
Jul 7, 2005,11.477
Jul 8, 2005,0
Jul 9, 2005,3.826
Jul 10, 2005,7.651
Jul 11, 2005,4.953
Jul 12, 2005,4.953
Jul 13, 2005,14.86
Jul 14, 2005,0
Jul 15, 2005,4.953
Jul 16, 2005,0
Jul 17, 2005,6.386
Jul 18, 2005,3.193
Jul 19, 2005,9.579
Jul 20, 2005,6.386
Jul 21, 2005,0
Jul 22, 2005,2.827
Jul 23, 2005,0.942
Jul 24, 2005,0
Jul 25, 2005,0.942
Jul 26, 2005,0
Jul 27, 2005,0
Jul 28, 2005,0
Jul 29, 2005,0
Jul 30, 2005,1.957
Jul 31, 2005,3.913
Aug 1, 2005,2.67
Aug 2, 2005,2.67
Aug 3, 2005,0
Aug 4, 2005,1.335
Aug 5, 2005,1.335
Aug 6, 2005,0
Aug 7, 2005,0
Aug 8, 2005,4.548
Aug 9, 2005,13.643
Aug 10, 2005,0
Aug 11, 2005,3.668
Aug 12, 2005,0
Aug 13, 2005,0
Aug 14, 2005,3.668
Aug 15, 2005,8.383
Aug 16, 2005,14.865
Aug 17, 2005,4.955
Aug 18, 2005,0
Aug 19, 2005,4.955
Aug 20, 2005,0
Aug 21, 2005,15.997
Aug 22, 2005,0
Aug 23, 2005,0
Aug 24, 2005,0
Aug 25, 2005,0
Aug 26, 2005,0
Aug 27, 2005,0
Aug 28, 2005,7.917
Aug 29, 2005,0
Aug 30, 2005,5.278
Aug 31, 2005,3.079
Sep 1, 2005,0
Sep 2, 2005,12.115
Sep 3, 2005,6.057
Sep 4, 2005,0
Sep 5, 2005,5.3
Sep 6, 2005,3.603
Sep 7, 2005,7.206
Sep 8, 2005,7.206
Sep 9, 2005,7.206
Sep 10, 2005,0
Sep 11, 2005,4.611
Sep 12, 2005,0
Sep 13, 2005,4.611
Sep 14, 2005,0
Sep 15, 2005,3.074
Sep 16, 2005,0
Sep 17, 2005,0
Sep 18, 2005,0
Sep 19, 2005,7.776
Sep 20, 2005,2.592
Sep 21, 2005,20.338
Sep 22, 2005,0
Sep 23, 2005,13.559
Sep 24, 2005,13.559
Sep 25, 2005,0
Sep 26, 2005,17.826
Sep 27, 2005,11.884
Sep 28, 2005,17.826
Sep 29, 2005,5.942
Sep 30, 2005,0
Oct 1, 2005,18.866
Oct 2, 2005,3.773
Oct 3, 2005,3.773
Oct 4, 2005,7.546
Oct 5, 2005,0
Oct 6, 2005,0
Oct 7, 2005,6.729
Oct 8, 2005,6.729
Oct 9, 2005,26.914
Oct 10, 2005,6.729
Oct 11, 2005,16.953
Oct 12, 2005,11.302
Oct 13, 2005,5.651
Oct 14, 2005,0
Oct 15, 2005,11.302
Oct 16, 2005,0
Oct 17, 2005,5.595
Oct 18, 2005,22.381
Oct 19, 2005,0
Oct 20, 2005,16.785
Oct 21, 2005,0
Oct 22, 2005,21.52
Oct 23, 2005,7.173
Oct 24, 2005,14.346
Oct 25, 2005,7.173
Oct 26, 2005,0
Oct 27, 2005,15.83
Oct 28, 2005,31.66
Oct 29, 2005,0
Oct 30, 2005,0
Oct 31, 2005,0
Nov 1, 2005,7.899
Nov 2, 2005,7.899
Nov 3, 2005,0
Nov 4, 2005,15.798
Nov 5, 2005,0
Nov 6, 2005,0
Nov 7, 2005,19.371
Nov 8, 2005,0
Nov 9, 2005,19.371
Nov 10, 2005,19.371
Nov 11, 2005,14.087
Nov 12, 2005,14.087
Nov 13, 2005,14.087
Nov 14, 2005,14.087
Nov 15, 2005,0
Nov 16, 2005,22.672
Nov 17, 2005,5.668
Nov 18, 2005,0
Nov 19, 2005,0
Nov 20, 2005,0
Nov 21, 2005,0
Nov 22, 2005,31.665
Nov 23, 2005,7.916
Nov 24, 2005,0
Nov 25, 2005,0
Nov 26, 2005,0
Nov 27, 2005,0
Nov 28, 2005,0
Nov 29, 2005,0
Nov 30, 2005,0
Dec 1, 2005,0
Dec 2, 2005,0
Dec 3, 2005,0
Dec 4, 2005,9.382
Dec 5, 2005,9.382
Dec 6, 2005,0
Dec 7, 2005,0
Dec 8, 2005,0
Dec 9, 2005,0
Dec 10, 2005,0
Dec 11, 2005,0
Dec 12, 2005,10.894
Dec 13, 2005,10.894
Dec 14, 2005,10.894
Dec 15, 2005,0
Dec 16, 2005,0
Dec 17, 2005,0
Dec 18, 2005,0
Dec 19, 2005,0
Dec 20, 2005,14.712
Dec 21, 2005,8.544
Dec 22, 2005,17.089
Dec 23, 2005,0
Dec 24, 2005,0
Dec 25, 2005,17.089
Dec 26, 2005,7.945
Dec 27, 2005,0
Dec 28, 2005,0
Dec 29, 2005,0
Dec 30, 2005,0
Dec 31, 2005,0
Jan 1, 2006,0
Jan 2, 2006,0
Jan 3, 2006,0
Jan 4, 2006,0
Jan 5, 2006,0
Jan 6, 2006,0
Jan 7, 2006,0
Jan 8, 2006,0
Jan 9, 2006,13.252
Jan 10, 2006,13.252
Jan 11, 2006,8.116
Jan 12, 2006,8.116
Jan 13, 2006,0
Jan 14, 2006,0
Jan 15, 2006,8.116
Jan 16, 2006,0
Jan 17, 2006,0
Jan 18, 2006,5.04
Jan 19, 2006,0
Jan 20, 2006,0
Jan 21, 2006,0
Jan 22, 2006,0
Jan 23, 2006,0
Jan 24, 2006,9.131
Jan 25, 2006,0
Jan 26, 2006,0
Jan 27, 2006,18.829
Jan 28, 2006,18.829
Jan 29, 2006,9.414
Jan 30, 2006,0
Jan 31, 2006,0
Feb 1, 2006,9.188
Feb 2, 2006,27.565
Feb 3, 2006,9.188
Feb 4, 2006,9.188
Feb 5, 2006,0
Feb 6, 2006,7.53
Feb 7, 2006,0
Feb 8, 2006,0
Feb 9, 2006,0
Feb 10, 2006,0
Feb 11, 2006,0
Feb 12, 2006,0
Feb 13, 2006,0
Feb 14, 2006,0
Feb 15, 2006,0
Feb 16, 2006,0
Feb 17, 2006,0
Feb 18, 2006,0
Feb 19, 2006,0
Feb 20, 2006,0
Feb 21, 2006,0
Feb 22, 2006,0
Feb 23, 2006,0
Feb 24, 2006,0
Feb 25, 2006,0
Feb 26, 2006,10.393
Feb 27, 2006,0
Feb 28, 2006,0
Mar 1, 2006,0
Mar 2, 2006,0
Mar 3, 2006,0
Mar 4, 2006,0
Mar 5, 2006,0
Mar 6, 2006,0
Mar 7, 2006,27.804
Mar 8, 2006,9.268
Mar 9, 2006,18.536
Mar 10, 2006,9.268
Mar 11, 2006,0
Mar 12, 2006,12.511
Mar 13, 2006,0
Mar 14, 2006,0
Mar 15, 2006,12.511
Mar 16, 2006,4.664
Mar 17, 2006,9.329
Mar 18, 2006,0
Mar 19, 2006,8.163
Mar 20, 2006,4.081
Mar 21, 2006,0
Mar 22, 2006,14.655
Mar 23, 2006,14.655
Mar 24, 2006,29.31
Mar 25, 2006,7.328
Mar 26, 2006,0
Mar 27, 2006,0
Mar 28, 2006,3.837
Mar 29, 2006,3.837
Mar 30, 2006,11.511
Mar 31, 2006,3.837
Apr 1, 2006,3.705
Apr 2, 2006,7.409
Apr 3, 2006,3.705
Apr 4, 2006,11.114
Apr 5, 2006,7.409
Apr 6, 2006,11.207
Apr 7, 2006,0
Apr 8, 2006,11.207
Apr 9, 2006,25.617
Apr 10, 2006,12.809
Apr 11, 2006,15.683
Apr 12, 2006,23.524
Apr 13, 2006,0
Apr 14, 2006,15.683
Apr 15, 2006,7.841
Apr 16, 2006,0
Apr 17, 2006,0
Apr 18, 2006,17.459
Apr 19, 2006,26.188
Apr 20, 2006,0
Apr 21, 2006,2.642
Apr 22, 2006,0
Apr 23, 2006,15.853
Apr 24, 2006,2.312
Apr 25, 2006,4.624
Apr 26, 2006,35.992
Apr 27, 2006,8.998
Apr 28, 2006,0
Apr 29, 2006,0
Apr 30, 2006,26.994
May 1, 2006,8.19
May 2, 2006,16.379
May 3, 2006,8.19
May 4, 2006,32.759
May 5, 2006,32.759
May 6, 2006,9.705
May 7, 2006,4.852
May 8, 2006,14.557
May 9, 2006,24.261
May 10, 2006,4.852
May 11, 2006,4.062
May 12, 2006,8.123
May 13, 2006,16.247
May 14, 2006,0
May 15, 2006,0
May 16, 2006,12.454
May 17, 2006,31.136
May 18, 2006,6.227
May 19, 2006,6.227
May 20, 2006,6.227
May 21, 2006,0
May 22, 2006,2.006
May 23, 2006,2.006
May 24, 2006,0
May 25, 2006,2.006
May 26, 2006,0
May 27, 2006,4.991
May 28, 2006,0
May 29, 2006,9.981
May 30, 2006,2.495
May 31, 2006,4.991
Jun 1, 2006,11.492
Jun 2, 2006,11.492
Jun 3, 2006,11.492
Jun 4, 2006,11.492
Jun 5, 2006,17.238
Jun 6, 2006,4.632
Jun 7, 2006,4.632
Jun 8, 2006,13.896
Jun 9, 2006,0
Jun 10, 2006,13.896
Jun 11, 2006,0
Jun 12, 2006,13.331
Jun 13, 2006,4.444
Jun 14, 2006,8.887
Jun 15, 2006,0
Jun 16, 2006,3.214
Jun 17, 2006,0
Jun 18, 2006,3.214
Jun 19, 2006,0
Jun 20, 2006,6.429
Jun 21, 2006,4.389
Jun 22, 2006,0
Jun 23, 2006,4.389
Jun 24, 2006,2.926
Jun 25, 2006,0
Jun 26, 2006,2.199
Jun 27, 2006,0
Jun 28, 2006,4.397
Jun 29, 2006,0
Jun 30, 2006,0
Jul 1, 2006,0
Jul 2, 2006,0
Jul 3, 2006,0
Jul 4, 2006,3.351
Jul 5, 2006,1.117
Jul 6, 2006,0
Jul 7, 2006,0
Jul 8, 2006,1.469
Jul 9, 2006,1.469
Jul 10, 2006,0
Jul 11, 2006,5.154
Jul 12, 2006,0
Jul 13, 2006,10.307
Jul 14, 2006,5.154
Jul 15, 2006,5.154
Jul 16, 2006,1.452
Jul 17, 2006,1.452
Jul 18, 2006,4.357
Jul 19, 2006,0
Jul 20, 2006,1.452
Jul 21, 2006,2.301
Jul 22, 2006,9.205
Jul 23, 2006,2.301
Jul 24, 2006,2.301
Jul 25, 2006,4.602
Jul 26, 2006,3.985
Jul 27, 2006,7.969
Jul 28, 2006,19.923
Jul 29, 2006,0
Jul 30, 2006,3.985
Jul 31, 2006,7.969
Aug 1, 2006,0
Aug 2, 2006,3.571
Aug 3, 2006,0
Aug 4, 2006,0
Aug 5, 2006,0
Aug 6, 2006,0
Aug 7, 2006,3.259
Aug 8, 2006,1.63
Aug 9, 2006,4.889
Aug 10, 2006,0
Aug 11, 2006,5.433
Aug 12, 2006,1.811
Aug 13, 2006,0
Aug 14, 2006,0
Aug 15, 2006,5.433
Aug 16, 2006,17.899
Aug 17, 2006,0
Aug 18, 2006,17.899
Aug 19, 2006,0
Aug 20, 2006,17.899
Aug 21, 2006,13.817
Aug 22, 2006,0
Aug 23, 2006,0
Aug 24, 2006,13.817
Aug 25, 2006,0
Aug 26, 2006,20.624
Aug 27, 2006,0
Aug 28, 2006,0
Aug 29, 2006,0
Aug 30, 2006,12.374
Aug 31, 2006,0
Sep 1, 2006,0
Sep 2, 2006,0
Sep 3, 2006,5.367
Sep 4, 2006,10.734
Sep 5, 2006,5.367
Sep 6, 2006,16.488
Sep 7, 2006,16.488
Sep 8, 2006,16.488
Sep 9, 2006,16.488
Sep 10, 2006,0
Sep 11, 2006,11.061
Sep 12, 2006,3.687
Sep 13, 2006,14.749
Sep 14, 2006,0
Sep 15, 2006,3.687
Sep 16, 2006,13.129
Sep 17, 2006,0
Sep 18, 2006,0
Sep 19, 2006,13.129
Sep 20, 2006,0
Sep 21, 2006,13.357
Sep 22, 2006,6.678
Sep 23, 2006,0
Sep 24, 2006,13.357
Sep 25, 2006,0
Sep 26, 2006,4.011
Sep 27, 2006,0
Sep 28, 2006,0
Sep 29, 2006,4.011
Sep 30, 2006,4.011
Oct 1, 2006,0
Oct 2, 2006,6.297
Oct 3, 2006,7.196
Oct 4, 2006,6.297
Oct 5, 2006,0
Oct 6, 2006,0
Oct 7, 2006,0
Oct 8, 2006,4.854
Oct 9, 2006,0
Oct 10, 2006,19.418
Oct 11, 2006,15.791
Oct 12, 2006,15.791
Oct 13, 2006,7.896
Oct 14, 2006,15.791
Oct 15, 2006,15.791
Oct 16, 2006,0
Oct 17, 2006,26.681
Oct 18, 2006,0
Oct 19, 2006,0
Oct 20, 2006,0
Oct 21, 2006,0
Oct 22, 2006,15.326
Oct 23, 2006,15.326
Oct 24, 2006,0
Oct 25, 2006,15.326
Oct 26, 2006,8.302
Oct 27, 2006,8.302
Oct 28, 2006,8.302
Oct 29, 2006,8.302
Oct 30, 2006,16.605
Oct 31, 2006,8.302
Nov 1, 2006,0
Nov 2, 2006,0
Nov 3, 2006,0
Nov 4, 2006,0
Nov 5, 2006,15.309
Nov 6, 2006,0
Nov 7, 2006,0
Nov 8, 2006,26.918
Nov 9, 2006,13.459
Nov 10, 2006,0
Nov 11, 2006,0
Nov 12, 2006,24.872
Nov 13, 2006,24.872
Nov 14, 2006,24.872
Nov 15, 2006,24.872
Nov 16, 2006,11.943
Nov 17, 2006,0
Nov 18, 2006,0
Nov 19, 2006,5.972
Nov 20, 2006,17.915
Nov 21, 2006,35.915
Nov 22, 2006,0
Nov 23, 2006,0
Nov 24, 2006,0
Nov 25, 2006,17.957
Nov 26, 2006,13.243
Nov 27, 2006,0
Nov 28, 2006,0
Nov 29, 2006,0
Nov 30, 2006,0
Dec 1, 2006,7.647
Dec 2, 2006,0
Dec 3, 2006,0
Dec 4, 2006,0
Dec 5, 2006,7.647
Dec 6, 2006,0
Dec 7, 2006,0
Dec 8, 2006,21.775
Dec 9, 2006,0
Dec 10, 2006,0
Dec 11, 2006,7.506
Dec 12, 2006,22.519
Dec 13, 2006,0
Dec 14, 2006,0
Dec 15, 2006,0
Dec 16, 2006,0
Dec 17, 2006,0
Dec 18, 2006,0
Dec 19, 2006,2.181
Dec 20, 2006,10.907
Dec 21, 2006,4.06
Dec 22, 2006,0
Dec 23, 2006,0
Dec 24, 2006,0
Dec 25, 2006,12.181
Dec 26, 2006,6.221
Dec 27, 2006,12.443
Dec 28, 2006,0
Dec 29, 2006,0
Dec 30, 2006,0
Dec 31, 2006,6.221
Jan 1, 2007,0
Jan 2, 2007,0
Jan 3, 2007,0
Jan 4, 2007,4.658
Jan 5, 2007,0
Jan 6, 2007,0
Jan 7, 2007,0
Jan 8, 2007,12.157
Jan 9, 2007,0
Jan 10, 2007,0
Jan 11, 2007,0
Jan 12, 2007,0
Jan 13, 2007,8.58
Jan 14, 2007,0
Jan 15, 2007,0
Jan 16, 2007,5.258
Jan 17, 2007,5.258
Jan 18, 2007,0
Jan 19, 2007,0
Jan 20, 2007,0
Jan 21, 2007,0
Jan 22, 2007,0
Jan 23, 2007,0
Jan 24, 2007,0
Jan 25, 2007,0
Jan 26, 2007,20.66
Jan 27, 2007,0
Jan 28, 2007,0
Jan 29, 2007,0
Jan 30, 2007,0
Jan 31, 2007,0
Feb 1, 2007,0
Feb 2, 2007,0
Feb 3, 2007,0
Feb 4, 2007,0
Feb 5, 2007,0
Feb 6, 2007,0
Feb 7, 2007,0
Feb 8, 2007,0
Feb 9, 2007,0
Feb 10, 2007,7.876
Feb 11, 2007,0
Feb 12, 2007,0
Feb 13, 2007,0
Feb 14, 2007,0
Feb 15, 2007,0
Feb 16, 2007,8.424
Feb 17, 2007,0
Feb 18, 2007,0
Feb 19, 2007,0
Feb 20, 2007,0
Feb 21, 2007,0
Feb 22, 2007,0
Feb 23, 2007,0
Feb 24, 2007,0
Feb 25, 2007,6.358
Feb 26, 2007,0
Feb 27, 2007,0
Feb 28, 2007,0
Mar 1, 2007,0
Mar 2, 2007,0
Mar 3, 2007,0
Mar 4, 2007,4.76
Mar 5, 2007,9.521
Mar 6, 2007,0
Mar 7, 2007,8.786
Mar 8, 2007,8.786
Mar 9, 2007,4.393
Mar 10, 2007,0
Mar 11, 2007,11.018
Mar 12, 2007,0
Mar 13, 2007,0
Mar 14, 2007,5.509
Mar 15, 2007,5.509
Mar 16, 2007,0
Mar 17, 2007,0
Mar 18, 2007,6.533
Mar 19, 2007,0
Mar 20, 2007,19.598
Mar 21, 2007,5.077
Mar 22, 2007,15.231
Mar 23, 2007,0
Mar 24, 2007,5.077
Mar 25, 2007,10.154
Mar 26, 2007,4.882
Mar 27, 2007,4.882
Mar 28, 2007,4.882
Mar 29, 2007,14.645
Mar 30, 2007,0
Mar 31, 2007,19.526
Apr 1, 2007,0
Apr 2, 2007,17.24
Apr 3, 2007,17.24
Apr 4, 2007,34.481
Apr 5, 2007,8.62
Apr 6, 2007,11.252
Apr 7, 2007,6.563
Apr 8, 2007,16.409
Apr 9, 2007,19.69
Apr 10, 2007,9.845
Apr 11, 2007,0
Apr 12, 2007,0
Apr 13, 2007,0
Apr 14, 2007,5.206
Apr 15, 2007,5.206
Apr 16, 2007,0
Apr 17, 2007,0
Apr 18, 2007,6.756
Apr 19, 2007,6.756
Apr 20, 2007,13.512
Apr 21, 2007,9.381
Apr 22, 2007,18.761
Apr 23, 2007,9.381
Apr 24, 2007,0
Apr 25, 2007,18.761
Apr 26, 2007,0
Apr 27, 2007,7.626
Apr 28, 2007,0
Apr 29, 2007,15.252
Apr 30, 2007,0
May 1, 2007,15.882
May 2, 2007,0
May 3, 2007,0
May 4, 2007,0
May 5, 2007,15.882
May 6, 2007,11.619
May 7, 2007,15.492
May 8, 2007,11.619
May 9, 2007,3.873
May 10, 2007,11.619
May 11, 2007,0
May 12, 2007,0
May 13, 2007,6.776
May 14, 2007,0
May 15, 2007,10.165
May 16, 2007,8.792
May 17, 2007,0
May 18, 2007,17.584
May 19, 2007,26.375
May 20, 2007,17.584
May 21, 2007,20.36
May 22, 2007,20.36
May 23, 2007,6.787
May 24, 2007,20.36
May 25, 2007,6.787
May 26, 2007,15.262
May 27, 2007,5.087
May 28, 2007,15.262
May 29, 2007,15.262
May 30, 2007,10.175
May 31, 2007,5.087
Jun 1, 2007,13.359
Jun 2, 2007,6.679
Jun 3, 2007,6.679
Jun 4, 2007,0
Jun 5, 2007,20.038
Jun 6, 2007,0
Jun 7, 2007,0
Jun 8, 2007,3.103
Jun 9, 2007,9.31
Jun 10, 2007,0
Jun 11, 2007,0
Jun 12, 2007,0
Jun 13, 2007,4.239
Jun 14, 2007,0
Jun 15, 2007,0
Jun 16, 2007,0
Jun 17, 2007,0
Jun 18, 2007,3.775
Jun 19, 2007,1.888
Jun 20, 2007,3.775
Jun 21, 2007,0
Jun 22, 2007,4.662
Jun 23, 2007,0
Jun 24, 2007,0
Jun 25, 2007,0
Jun 26, 2007,0
Jun 27, 2007,2.235
Jun 28, 2007,0
Jun 29, 2007,4.471
Jun 30, 2007,2.235
Jul 1, 2007,0
Jul 2, 2007,0
Jul 3, 2007,0
Jul 4, 2007,0
Jul 5, 2007,0
Jul 6, 2007,0
Jul 7, 2007,0
Jul 8, 2007,8.997
Jul 9, 2007,13.496
Jul 10, 2007,4.499
Jul 11, 2007,3.874
Jul 12, 2007,1.937
Jul 13, 2007,3.874
Jul 14, 2007,3.874
Jul 15, 2007,3.874
Jul 16, 2007,0
Jul 17, 2007,12.224
Jul 18, 2007,12.224
Jul 19, 2007,0
Jul 20, 2007,24.448
Jul 21, 2007,8.004
Jul 22, 2007,8.004
Jul 23, 2007,16.009
Jul 24, 2007,16.009
Jul 25, 2007,0
Jul 26, 2007,4.179
Jul 27, 2007,8.358
Jul 28, 2007,8.358
Jul 29, 2007,0
Jul 30, 2007,0
Jul 31, 2007,0
Aug 1, 2007,0
Aug 2, 2007,1.74
Aug 3, 2007,1.74
Aug 4, 2007,3.481
Aug 5, 2007,6.962
Aug 6, 2007,6.02
Aug 7, 2007,12.04
Aug 8, 2007,0
Aug 9, 2007,0
Aug 10, 2007,0
Aug 11, 2007,11.823
Aug 12, 2007,0
Aug 13, 2007,11.823
Aug 14, 2007,7.882
Aug 15, 2007,3.941
Aug 16, 2007,9.741
Aug 17, 2007,14.611
Aug 18, 2007,14.611
Aug 19, 2007,9.741
Aug 20, 2007,4.87
Aug 21, 2007,0
Aug 22, 2007,17.701
Aug 23, 2007,0
Aug 24, 2007,5.9
Aug 25, 2007,17.701
Aug 26, 2007,6.196
Aug 27, 2007,6.196
Aug 28, 2007,0
Aug 29, 2007,24.783
Aug 30, 2007,6.196
Aug 31, 2007,6.196
Sep 1, 2007,9.963
Sep 2, 2007,0
Sep 3, 2007,6.642
Sep 4, 2007,0
Sep 5, 2007,6.642
Sep 6, 2007,0
Sep 7, 2007,17.81
Sep 8, 2007,17.81
Sep 9, 2007,0
Sep 10, 2007,0
Sep 11, 2007,0
Sep 12, 2007,0
Sep 13, 2007,0
Sep 14, 2007,13.459
Sep 15, 2007,13.459
Sep 16, 2007,7.929
Sep 17, 2007,0
Sep 18, 2007,7.929
Sep 19, 2007,15.858
Sep 20, 2007,7.929
Sep 21, 2007,16.276
Sep 22, 2007,0
Sep 23, 2007,8.138
Sep 24, 2007,8.138
Sep 25, 2007,16.276
Sep 26, 2007,7.711
Sep 27, 2007,0
Sep 28, 2007,15.422
Sep 29, 2007,0
Sep 30, 2007,7.711
Oct 1, 2007,18.992
Oct 2, 2007,0
Oct 3, 2007,18.992
Oct 4, 2007,0
Oct 5, 2007,9.496
Oct 6, 2007,10.768
Oct 7, 2007,0
Oct 8, 2007,21.537
Oct 9, 2007,43.073
Oct 10, 2007,0
Oct 11, 2007,14.752
Oct 12, 2007,14.752
Oct 13, 2007,0
Oct 14, 2007,0
Oct 15, 2007,7.376
Oct 16, 2007,0
Oct 17, 2007,8.256
Oct 18, 2007,41.28
Oct 19, 2007,16.512
Oct 20, 2007,0
Oct 21, 2007,0
Oct 22, 2007,0
Oct 23, 2007,20.649
Oct 24, 2007,20.649
Oct 25, 2007,0
Oct 26, 2007,0
Oct 27, 2007,33.867
Oct 28, 2007,0
Oct 29, 2007,0
Oct 30, 2007,11.289
Oct 31, 2007,22.578
Nov 1, 2007,12.299
Nov 2, 2007,24.598
Nov 3, 2007,0
Nov 4, 2007,0
Nov 5, 2007,0
Nov 6, 2007,6.078
Nov 7, 2007,0
Nov 8, 2007,0
Nov 9, 2007,30.391
Nov 10, 2007,0
Nov 11, 2007,6.294
Nov 12, 2007,0
Nov 13, 2007,12.588
Nov 14, 2007,0
Nov 15, 2007,0
Nov 16, 2007,0
Nov 17, 2007,10.175
Nov 18, 2007,0
Nov 19, 2007,0
Nov 20, 2007,6.783
Nov 21, 2007,0
Nov 22, 2007,7.355
Nov 23, 2007,14.711
Nov 24, 2007,7.355
Nov 25, 2007,0
Nov 26, 2007,5.056
Nov 27, 2007,0
Nov 28, 2007,5.056
Nov 29, 2007,5.056
Nov 30, 2007,0
Dec 1, 2007,0
Dec 2, 2007,0
Dec 3, 2007,0
Dec 4, 2007,0
Dec 5, 2007,0
Dec 6, 2007,0
Dec 7, 2007,0
Dec 8, 2007,0
Dec 9, 2007,0
Dec 10, 2007,0
Dec 11, 2007,0
Dec 12, 2007,0
Dec 13, 2007,0
Dec 14, 2007,0
Dec 15, 2007,0
Dec 16, 2007,0
Dec 17, 2007,0
Dec 18, 2007,0
Dec 19, 2007,0
Dec 20, 2007,0
Dec 21, 2007,0
Dec 22, 2007,0
Dec 23, 2007,0
Dec 24, 2007,106.43
Dec 25, 2007,0
Dec 26, 2007,27.215
Dec 27, 2007,0
Dec 28, 2007,0
Dec 29, 2007,18.143
Dec 30, 2007,0
Dec 31, 2007,0
Jan 1, 2008,0
Jan 2, 2008,0
Jan 3, 2008,0
Jan 4, 2008,0
Jan 5, 2008,0
Jan 6, 2008,10.989
Jan 7, 2008,43.957
Jan 8, 2008,0
Jan 9, 2008,21.979
Jan 10, 2008,0
Jan 11, 2008,0
Jan 12, 2008,0
Jan 13, 2008,0
Jan 14, 2008,0
Jan 15, 2008,0
Jan 16, 2008,0
Jan 17, 2008,0
Jan 18, 2008,0
Jan 19, 2008,0
Jan 20, 2008,0
Jan 21, 2008,0
Jan 22, 2008,0
Jan 23, 2008,0
Jan 24, 2008,0
Jan 25, 2008,14.924
Jan 26, 2008,3.241
Jan 27, 2008,3.241
Jan 28, 2008,0
Jan 29, 2008,0
Jan 30, 2008,0
Jan 31, 2008,0
Feb 1, 2008,0
Feb 2, 2008,0
Feb 3, 2008,0
Feb 4, 2008,0
Feb 5, 2008,0
Feb 6, 2008,0
Feb 7, 2008,0
Feb 8, 2008,0
Feb 9, 2008,0
Feb 10, 2008,0
Feb 11, 2008,0
Feb 12, 2008,9.821
Feb 13, 2008,9.821
Feb 14, 2008,9.821
Feb 15, 2008,0
Feb 16, 2008,29.208
Feb 17, 2008,14.604
Feb 18, 2008,29.208
Feb 19, 2008,43.812
Feb 20, 2008,0
Feb 21, 2008,13.989
Feb 22, 2008,0
Feb 23, 2008,0
Feb 24, 2008,0
Feb 25, 2008,13.989
Feb 26, 2008,0
Feb 27, 2008,0
Feb 28, 2008,9.825
Feb 29, 2008,0
Mar 1, 2008,0
Mar 2, 2008,0
Mar 3, 2008,6.498
Mar 4, 2008,12.996
Mar 5, 2008,25.992
Mar 6, 2008,11.215
Mar 7, 2008,22.429
Mar 8, 2008,0
Mar 9, 2008,0
Mar 10, 2008,0
Mar 11, 2008,0
Mar 12, 2008,0
Mar 13, 2008,16.262
Mar 14, 2008,32.524
Mar 15, 2008,0
Mar 16, 2008,0
Mar 17, 2008,4.905
Mar 18, 2008,0
Mar 19, 2008,0
Mar 20, 2008,4.905
Mar 21, 2008,3.507
Mar 22, 2008,7.015
Mar 23, 2008,10.522
Mar 24, 2008,7.015
Mar 25, 2008,3.507
Mar 26, 2008,0
Mar 27, 2008,0
Mar 28, 2008,14.493
Mar 29, 2008,7.247
Mar 30, 2008,21.74
Mar 31, 2008,7.247
Apr 1, 2008,0
Apr 2, 2008,0
Apr 3, 2008,0
Apr 4, 2008,0
Apr 5, 2008,27.748
Apr 6, 2008,3.683
Apr 7, 2008,7.366
Apr 8, 2008,3.683
Apr 9, 2008,11.049
Apr 10, 2008,7.366
Apr 11, 2008,11.766
Apr 12, 2008,0
Apr 13, 2008,11.766
Apr 14, 2008,0
Apr 15, 2008,11.766
Apr 16, 2008,0
Apr 17, 2008,0
Apr 18, 2008,0
Apr 19, 2008,0
Apr 20, 2008,11.468
Apr 21, 2008,13.764
Apr 22, 2008,6.882
Apr 23, 2008,3.441
Apr 24, 2008,10.323
Apr 25, 2008,10.323
Apr 26, 2008,7.406
Apr 27, 2008,14.812
Apr 28, 2008,0
Apr 29, 2008,22.217
Apr 30, 2008,7.406
May 1, 2008,12.746
May 2, 2008,25.492
May 3, 2008,19.119
May 4, 2008,19.119
May 5, 2008,6.373
May 6, 2008,2.172
May 7, 2008,2.172
May 8, 2008,3.258
May 9, 2008,0
May 10, 2008,0
May 11, 2008,10.446
May 12, 2008,3.482
May 13, 2008,0
May 14, 2008,3.482
May 15, 2008,3.482
May 16, 2008,14.734
May 17, 2008,0
May 18, 2008,0
May 19, 2008,36.836
May 20, 2008,44.203
May 21, 2008,21.659
May 22, 2008,21.659
May 23, 2008,7.22
May 24, 2008,0
May 25, 2008,21.659
May 26, 2008,0
May 27, 2008,17.57
May 28, 2008,0
May 29, 2008,0
May 30, 2008,17.57
May 31, 2008,35.141
Jun 1, 2008,6.961
Jun 2, 2008,13.923
Jun 3, 2008,13.923
Jun 4, 2008,0
Jun 5, 2008,3.481
Jun 6, 2008,12.44
Jun 7, 2008,24.881
Jun 8, 2008,12.44
Jun 9, 2008,6.22
Jun 10, 2008,6.22
Jun 11, 2008,3.897
Jun 12, 2008,3.897
Jun 13, 2008,7.794
Jun 14, 2008,7.794
Jun 15, 2008,7.794
Jun 16, 2008,9.175
Jun 17, 2008,0
Jun 18, 2008,0
Jun 19, 2008,0
Jun 20, 2008,4.587
Jun 21, 2008,10.941
Jun 22, 2008,10.941
Jun 23, 2008,16.412
Jun 24, 2008,0
Jun 25, 2008,21.882
Jun 26, 2008,2.24
Jun 27, 2008,6.719
Jun 28, 2008,4.479
Jun 29, 2008,6.719
Jun 30, 2008,2.24
Jul 1, 2008,4.224
Jul 2, 2008,12.672
Jul 3, 2008,12.672
Jul 4, 2008,21.12
Jul 5, 2008,12.672
Jul 6, 2008,6.688
Jul 7, 2008,3.344
Jul 8, 2008,10.033
Jul 9, 2008,10.033
Jul 10, 2008,3.344
Jul 11, 2008,0
Jul 12, 2008,5.379
Jul 13, 2008,21.515
Jul 14, 2008,5.379
Jul 15, 2008,10.757
Jul 16, 2008,12.375
Jul 17, 2008,16.5
Jul 18, 2008,4.125
Jul 19, 2008,4.125
Jul 20, 2008,0
Jul 21, 2008,10.273
Jul 22, 2008,0
Jul 23, 2008,0
Jul 24, 2008,0
Jul 25, 2008,3.424
Jul 26, 2008,24.218
Jul 27, 2008,0
Jul 28, 2008,12.109
Jul 29, 2008,6.054
Jul 30, 2008,6.054
Jul 31, 2008,12.109
Aug 1, 2008,0
Aug 2, 2008,13.19
Aug 3, 2008,0
Aug 4, 2008,0
Aug 5, 2008,8.793
Aug 6, 2008,0
Aug 7, 2008,9.076
Aug 8, 2008,0
Aug 9, 2008,0
Aug 10, 2008,9.076
Aug 11, 2008,18.874
Aug 12, 2008,0
Aug 13, 2008,6.291
Aug 14, 2008,12.583
Aug 15, 2008,6.291
Aug 16, 2008,29.021
Aug 17, 2008,0
Aug 18, 2008,5.804
Aug 19, 2008,17.413
Aug 20, 2008,0
Aug 21, 2008,8.552
Aug 22, 2008,25.657
Aug 23, 2008,17.104
Aug 24, 2008,8.552
Aug 25, 2008,0
Aug 26, 2008,10.452
Aug 27, 2008,0
Aug 28, 2008,41.809
Aug 29, 2008,0
Aug 30, 2008,31.357
Aug 31, 2008,0
Sep 1, 2008,9.77
Sep 2, 2008,9.77
Sep 3, 2008,4.885
Sep 4, 2008,14.655
Sep 5, 2008,4.885
Sep 6, 2008,0
Sep 7, 2008,2.292
Sep 8, 2008,9.167
Sep 9, 2008,0
Sep 10, 2008,2.292
Sep 11, 2008,0
Sep 12, 2008,0
Sep 13, 2008,0
Sep 14, 2008,0
Sep 15, 2008,25.369
Sep 16, 2008,5.1
Sep 17, 2008,10.2
Sep 18, 2008,5.828
Sep 19, 2008,11.011
Sep 20, 2008,5.828
Sep 21, 2008,7.283
Sep 22, 2008,0
Sep 23, 2008,27.312
Sep 24, 2008,0
Sep 25, 2008,6.243
Sep 26, 2008,9.892
Sep 27, 2008,22.611
Sep 28, 2008,11.306
Sep 29, 2008,9.892
Sep 30, 2008,0
Oct 1, 2008,27.582
Oct 2, 2008,0
Oct 3, 2008,7.881
Oct 4, 2008,0
Oct 5, 2008,0
Oct 6, 2008,0
Oct 7, 2008,12.634
Oct 8, 2008,0
Oct 9, 2008,18.951
Oct 10, 2008,14.439
Oct 11, 2008,0
Oct 12, 2008,23.816
Oct 13, 2008,11.908
Oct 14, 2008,23.816
Oct 15, 2008,0
Oct 16, 2008,13.214
Oct 17, 2008,8.809
Oct 18, 2008,13.214
Oct 19, 2008,13.214
Oct 20, 2008,0
Oct 21, 2008,0
Oct 22, 2008,21.439
Oct 23, 2008,0
Oct 24, 2008,0
Oct 25, 2008,0
Oct 26, 2008,16.385
Oct 27, 2008,0
Oct 28, 2008,32.77
Oct 29, 2008,0
Oct 30, 2008,0
Oct 31, 2008,0
Nov 1, 2008,47.252
Nov 2, 2008,0
Nov 3, 2008,15.751
Nov 4, 2008,0
Nov 5, 2008,0
Nov 6, 2008,23.081
Nov 7, 2008,0
Nov 8, 2008,0
Nov 9, 2008,0
Nov 10, 2008,0
Nov 11, 2008,0
Nov 12, 2008,0
Nov 13, 2008,46.248
Nov 14, 2008,0
Nov 15, 2008,0
Nov 16, 2008,0
Nov 17, 2008,19.353
Nov 18, 2008,0
Nov 19, 2008,19.353
Nov 20, 2008,38.706
Nov 21, 2008,9.577
Nov 22, 2008,9.577
Nov 23, 2008,0
Nov 24, 2008,38.307
Nov 25, 2008,19.154
Nov 26, 2008,0
Nov 27, 2008,0
Nov 28, 2008,0
Nov 29, 2008,0
Nov 30, 2008,0
Dec 1, 2008,0
Dec 2, 2008,0
Dec 3, 2008,0
Dec 4, 2008,0
Dec 5, 2008,0
Dec 6, 2008,0
Dec 7, 2008,0
Dec 8, 2008,15.476
Dec 9, 2008,0
Dec 10, 2008,15.476
Dec 11, 2008,25.818
Dec 12, 2008,4.303
Dec 13, 2008,0
Dec 14, 2008,0
Dec 15, 2008,0
Dec 16, 2008,18.015
Dec 17, 2008,0
Dec 18, 2008,0
Dec 19, 2008,0
Dec 20, 2008,0
Dec 21, 2008,0
Dec 22, 2008,0
Dec 23, 2008,0
Dec 24, 2008,0
Dec 25, 2008,0
Dec 26, 2008,0
Dec 27, 2008,0
Dec 28, 2008,0
Dec 29, 2008,0
Dec 30, 2008,0
Dec 31, 2008,0
Jan 1, 2009,0
Jan 2, 2009,0
Jan 3, 2009,0
Jan 4, 2009,22.481
Jan 5, 2009,0
Jan 6, 2009,11.714
Jan 7, 2009,0
Jan 8, 2009,0
Jan 9, 2009,0
Jan 10, 2009,0
Jan 11, 2009,0
Jan 12, 2009,0
Jan 13, 2009,0
Jan 14, 2009,8.737
Jan 15, 2009,8.737
Jan 16, 2009,0
Jan 17, 2009,0
Jan 18, 2009,0
Jan 19, 2009,0
Jan 20, 2009,45.116
Jan 21, 2009,0
Jan 22, 2009,0
Jan 23, 2009,18.81
Jan 24, 2009,0
Jan 25, 2009,0
Jan 26, 2009,0
Jan 27, 2009,0
Jan 28, 2009,0
Jan 29, 2009,0
Jan 30, 2009,16.457
Jan 31, 2009,8.228
Feb 1, 2009,8.044
Feb 2, 2009,0
Feb 3, 2009,0
Feb 4, 2009,0
Feb 5, 2009,0
Feb 6, 2009,0
Feb 7, 2009,22.207
Feb 8, 2009,0
Feb 9, 2009,0
Feb 10, 2009,0
Feb 11, 2009,0
Feb 12, 2009,22.692
Feb 13, 2009,7.564
Feb 14, 2009,7.564
Feb 15, 2009,0
Feb 16, 2009,0
Feb 17, 2009,0
Feb 18, 2009,7.37
Feb 19, 2009,0
Feb 20, 2009,14.741
Feb 21, 2009,6.048
Feb 22, 2009,0
Feb 23, 2009,0
Feb 24, 2009,6.048
Feb 25, 2009,0
Feb 26, 2009,3.77
Feb 27, 2009,3.77
Feb 28, 2009,0
Mar 1, 2009,6.405
Mar 2, 2009,12.81
Mar 3, 2009,6.405
Mar 4, 2009,6.405
Mar 5, 2009,0
Mar 6, 2009,5.314
Mar 7, 2009,7.971
Mar 8, 2009,2.657
Mar 9, 2009,2.657
Mar 10, 2009,2.657
Mar 11, 2009,0
Mar 12, 2009,0
Mar 13, 2009,0
Mar 14, 2009,0
Mar 15, 2009,19.704
Mar 16, 2009,0
Mar 17, 2009,0
Mar 18, 2009,0
Mar 19, 2009,14.315
Mar 20, 2009,14.315
Mar 21, 2009,0
Mar 22, 2009,15.27
Mar 23, 2009,15.27
Mar 24, 2009,15.27
Mar 25, 2009,0
Mar 26, 2009,12.662
Mar 27, 2009,12.662
Mar 28, 2009,6.331
Mar 29, 2009,0
Mar 30, 2009,0
Mar 31, 2009,12.662
Apr 1, 2009,25.732
Apr 2, 2009,12.866
Apr 3, 2009,12.866
Apr 4, 2009,12.866
Apr 5, 2009,0
Apr 6, 2009,0
Apr 7, 2009,0
Apr 8, 2009,0
Apr 9, 2009,6.271
Apr 10, 2009,12.543
Apr 11, 2009,3.982
Apr 12, 2009,15.926
Apr 13, 2009,0
Apr 14, 2009,7.963
Apr 15, 2009,3.982
Apr 16, 2009,0
Apr 17, 2009,14.951
Apr 18, 2009,0
Apr 19, 2009,0
Apr 20, 2009,9.967
Apr 21, 2009,12.939
Apr 22, 2009,0
Apr 23, 2009,6.47
Apr 24, 2009,6.47
Apr 25, 2009,0
Apr 26, 2009,0
Apr 27, 2009,0
Apr 28, 2009,15.978
Apr 29, 2009,7.989
Apr 30, 2009,15.978
May 1, 2009,11.988
May 2, 2009,23.975
May 3, 2009,11.988
May 4, 2009,17.981
May 5, 2009,0
May 6, 2009,4.657
May 7, 2009,4.657
May 8, 2009,23.284
May 9, 2009,4.657
May 10, 2009,9.313
May 11, 2009,14.82
May 12, 2009,2.47
May 13, 2009,7.41
May 14, 2009,0
May 15, 2009,4.94
May 16, 2009,0
May 17, 2009,5.669
May 18, 2009,5.669
May 19, 2009,7.559
May 20, 2009,1.89
May 21, 2009,4.823
May 22, 2009,0
May 23, 2009,0
May 24, 2009,9.646
May 25, 2009,4.823
May 26, 2009,0
May 27, 2009,0
May 28, 2009,4.672
May 29, 2009,4.672
May 30, 2009,4.672
May 31, 2009,0
Jun 1, 2009,0
Jun 2, 2009,0
Jun 3, 2009,8.311
Jun 4, 2009,5.541
Jun 5, 2009,5.541
Jun 6, 2009,0
Jun 7, 2009,0
Jun 8, 2009,8.603
Jun 9, 2009,8.603
Jun 10, 2009,25.808
Jun 11, 2009,4.269
Jun 12, 2009,8.538
Jun 13, 2009,17.075
Jun 14, 2009,4.269
Jun 15, 2009,4.269
Jun 16, 2009,1.628
Jun 17, 2009,4.885
Jun 18, 2009,4.885
Jun 19, 2009,6.513
Jun 20, 2009,3.257
Jun 21, 2009,13.139
Jun 22, 2009,13.139
Jun 23, 2009,13.139
Jun 24, 2009,0
Jun 25, 2009,6.57
Jun 26, 2009,0
Jun 27, 2009,11.126
Jun 28, 2009,0
Jun 29, 2009,3.709
Jun 30, 2009,7.418
Jul 1, 2009,0
Jul 2, 2009,23.758
Jul 3, 2009,0
Jul 4, 2009,0
Jul 5, 2009,7.919
Jul 6, 2009,4.917
Jul 7, 2009,0
Jul 8, 2009,9.835
Jul 9, 2009,14.752
Jul 10, 2009,4.917
Jul 11, 2009,3.468
Jul 12, 2009,0
Jul 13, 2009,3.468
Jul 14, 2009,0
Jul 15, 2009,0
Jul 16, 2009,0
Jul 17, 2009,0
Jul 18, 2009,2.77
Jul 19, 2009,0
Jul 20, 2009,8.311
Jul 21, 2009,6.557
Jul 22, 2009,9.835
Jul 23, 2009,0
Jul 24, 2009,3.278
Jul 25, 2009,3.278
Jul 26, 2009,0
Jul 27, 2009,0
Jul 28, 2009,0
Jul 29, 2009,0
Jul 30, 2009,0
Jul 31, 2009,0
Aug 1, 2009,0
Aug 2, 2009,0
Aug 3, 2009,0
Aug 4, 2009,6.325
Aug 5, 2009,3.163
Aug 6, 2009,6.085
Aug 7, 2009,12.171
Aug 8, 2009,3.043
Aug 9, 2009,3.043
Aug 10, 2009,0
Aug 11, 2009,3.536
Aug 12, 2009,0
Aug 13, 2009,3.536
Aug 14, 2009,10.608
Aug 15, 2009,3.536
Aug 16, 2009,5.701
Aug 17, 2009,8.552
Aug 18, 2009,8.552
Aug 19, 2009,0
Aug 20, 2009,0
Aug 21, 2009,3.666
Aug 22, 2009,7.331
Aug 23, 2009,3.666
Aug 24, 2009,7.331
Aug 25, 2009,7.331
Aug 26, 2009,8.484
Aug 27, 2009,0
Aug 28, 2009,0
Aug 29, 2009,4.242
Aug 30, 2009,8.484
Aug 31, 2009,0
Sep 1, 2009,0
Sep 2, 2009,0
Sep 3, 2009,1.609
Sep 4, 2009,4.828
Sep 5, 2009,0
Sep 6, 2009,0
Sep 7, 2009,0
Sep 8, 2009,0
Sep 9, 2009,5.755
Sep 10, 2009,5.755
Sep 11, 2009,0
Sep 12, 2009,9.331
Sep 13, 2009,4.665
Sep 14, 2009,0
Sep 15, 2009,13.996
Sep 16, 2009,4.824
Sep 17, 2009,4.824
Sep 18, 2009,9.649
Sep 19, 2009,9.649
Sep 20, 2009,4.824
Sep 21, 2009,0
Sep 22, 2009,7.729
Sep 23, 2009,0
Sep 24, 2009,0
Sep 25, 2009,0
Sep 26, 2009,0
Sep 27, 2009,0
Sep 28, 2009,0
Sep 29, 2009,0
Sep 30, 2009,0
Oct 1, 2009,10.19
Oct 2, 2009,0
Oct 3, 2009,12.737
Oct 4, 2009,10.19
Oct 5, 2009,2.547
Oct 6, 2009,0
Oct 7, 2009,17.657
Oct 8, 2009,0
Oct 9, 2009,0
Oct 10, 2009,0
Oct 11, 2009,20.442
Oct 12, 2009,30.663
Oct 13, 2009,10.221
Oct 14, 2009,0
Oct 15, 2009,0
Oct 16, 2009,0
Oct 17, 2009,6.234
Oct 18, 2009,24.936
Oct 19, 2009,6.234
Oct 20, 2009,6.234
Oct 21, 2009,0
Oct 22, 2009,0
Oct 23, 2009,14.548
Oct 24, 2009,29.097
Oct 25, 2009,0
Oct 26, 2009,5.215
Oct 27, 2009,10.431
Oct 28, 2009,5.215
Oct 29, 2009,0
Oct 30, 2009,20.862
Oct 31, 2009,0
Nov 1, 2009,17.826
Nov 2, 2009,0
Nov 3, 2009,0
Nov 4, 2009,0
Nov 5, 2009,53.478
Nov 6, 2009,0
Nov 7, 2009,15.608
Nov 8, 2009,0
Nov 9, 2009,27.315
Nov 10, 2009,0
Nov 11, 2009,18.648
Nov 12, 2009,0
Nov 13, 2009,0
Nov 14, 2009,0
Nov 15, 2009,0
Nov 16, 2009,21.324
Nov 17, 2009,5.331
Nov 18, 2009,0
Nov 19, 2009,0
Nov 20, 2009,10.662
Nov 21, 2009,0
Nov 22, 2009,4.519
Nov 23, 2009,0
Nov 24, 2009,2.259
Nov 25, 2009,0
Nov 26, 2009,0
Nov 27, 2009,0
Nov 28, 2009,7.025
Nov 29, 2009,3.512
Nov 30, 2009,7.025
Dec 1, 2009,0
Dec 2, 2009,0
Dec 3, 2009,0
Dec 4, 2009,0
Dec 5, 2009,0
Dec 6, 2009,0
Dec 7, 2009,0
Dec 8, 2009,0
Dec 9, 2009,0
Dec 10, 2009,0
Dec 11, 2009,0
Dec 12, 2009,0
Dec 13, 2009,0
Dec 14, 2009,0
Dec 15, 2009,8.718
Dec 16, 2009,21.593
Dec 17, 2009,5.398
Dec 18, 2009,21.593
Dec 19, 2009,0
Dec 20, 2009,0
Dec 21, 2009,4.354
Dec 22, 2009,4.354
Dec 23, 2009,8.709
Dec 24, 2009,0
Dec 25, 2009,4.354
Dec 26, 2009,0
Dec 27, 2009,0
Dec 28, 2009,0
Dec 29, 2009,0
Dec 30, 2009,0
Dec 31, 2009,0
Jan 1, 2010,0
Jan 2, 2010,0
Jan 3, 2010,0
Jan 4, 2010,0
Jan 5, 2010,0
Jan 6, 2010,0
Jan 7, 2010,0
Jan 8, 2010,0
Jan 9, 2010,0
Jan 10, 2010,0
Jan 11, 2010,0
Jan 12, 2010,0
Jan 13, 2010,0
Jan 14, 2010,0
Jan 15, 2010,0
Jan 16, 2010,0
Jan 17, 2010,0
Jan 18, 2010,0
Jan 19, 2010,0
Jan 20, 2010,0
Jan 21, 2010,0
Jan 22, 2010,0
Jan 23, 2010,16.287
Jan 24, 2010,0
Jan 25, 2010,0
Jan 26, 2010,0
Jan 27, 2010,9.267
Jan 28, 2010,0
Jan 29, 2010,9.267
Jan 30, 2010,0
Jan 31, 2010,0
Feb 1, 2010,0
Feb 2, 2010,0
Feb 3, 2010,0
Feb 4, 2010,0
Feb 5, 2010,0
Feb 6, 2010,0
Feb 7, 2010,0
Feb 8, 2010,0
Feb 9, 2010,0
Feb 10, 2010,0
Feb 11, 2010,0
Feb 12, 2010,0
Feb 13, 2010,0
Feb 14, 2010,7.291
Feb 15, 2010,0
Feb 16, 2010,2.957
Feb 17, 2010,2.957
Feb 18, 2010,0
Feb 19, 2010,0
Feb 20, 2010,0
Feb 21, 2010,0
Feb 22, 2010,3.296
Feb 23, 2010,13.184
Feb 24, 2010,3.296
Feb 25, 2010,13.184
Feb 26, 2010,3.921
Feb 27, 2010,0
Feb 28, 2010,0
Mar 1, 2010,0
Mar 2, 2010,5.987
Mar 3, 2010,11.975
Mar 4, 2010,5.987
Mar 5, 2010,0
Mar 6, 2010,0
Mar 7, 2010,18.676
Mar 8, 2010,0
Mar 9, 2010,0
Mar 10, 2010,0
Mar 11, 2010,6.23
Mar 12, 2010,0
Mar 13, 2010,0
Mar 14, 2010,2.492
Mar 15, 2010,0
Mar 16, 2010,0
Mar 17, 2010,11.656
Mar 18, 2010,2.914
Mar 19, 2010,8.742
Mar 20, 2010,0
Mar 21, 2010,0
Mar 22, 2010,0
Mar 23, 2010,0
Mar 24, 2010,0
Mar 25, 2010,0
Mar 26, 2010,2.732
Mar 27, 2010,5.464
Mar 28, 2010,2.732
Mar 29, 2010,13.66
Mar 30, 2010,2.732
Mar 31, 2010,0
Apr 1, 2010,8.251
Apr 2, 2010,8.251
Apr 3, 2010,16.503
Apr 4, 2010,16.503
Apr 5, 2010,8.251
Apr 6, 2010,9.468
Apr 7, 2010,4.734
Apr 8, 2010,18.936
Apr 9, 2010,0
Apr 10, 2010,9.468
Apr 11, 2010,28.969
Apr 12, 2010,7.242
Apr 13, 2010,0
Apr 14, 2010,7.242
Apr 15, 2010,0
Apr 16, 2010,0
Apr 17, 2010,0
Apr 18, 2010,0
Apr 19, 2010,14.124
Apr 20, 2010,0
Apr 21, 2010,0
Apr 22, 2010,3.929
Apr 23, 2010,0
Apr 24, 2010,15.715
Apr 25, 2010,0
Apr 26, 2010,24.35
Apr 27, 2010,6.088
Apr 28, 2010,18.263
Apr 29, 2010,12.175
Apr 30, 2010,0
May 1, 2010,5.488
May 2, 2010,21.952
May 3, 2010,5.488
May 4, 2010,0
May 5, 2010,5.488
May 6, 2010,17.539
May 7, 2010,5.846
May 8, 2010,11.693
May 9, 2010,5.846
May 10, 2010,5.846
May 11, 2010,9.64
May 12, 2010,12.853
May 13, 2010,3.213
May 14, 2010,3.213
May 15, 2010,0
May 16, 2010,0
May 17, 2010,11.301
May 18, 2010,0
May 19, 2010,11.301
May 20, 2010,22.602
May 21, 2010,8.355
May 22, 2010,0
May 23, 2010,25.064
May 24, 2010,8.355
May 25, 2010,0
May 26, 2010,13.943
May 27, 2010,13.943
May 28, 2010,6.972
May 29, 2010,6.972
May 30, 2010,6.972
May 31, 2010,13.943
Jun 1, 2010,7.491
Jun 2, 2010,7.491
Jun 3, 2010,22.474
Jun 4, 2010,0
Jun 5, 2010,0
Jun 6, 2010,8.131
Jun 7, 2010,0
Jun 8, 2010,0
Jun 9, 2010,16.263
Jun 10, 2010,0
Jun 11, 2010,6.029
Jun 12, 2010,6.029
Jun 13, 2010,18.087
Jun 14, 2010,18.087
Jun 15, 2010,0
Jun 16, 2010,10.375
Jun 17, 2010,10.375
Jun 18, 2010,0
Jun 19, 2010,15.563
Jun 20, 2010,15.563
Jun 21, 2010,11.099
Jun 22, 2010,0
Jun 23, 2010,0
Jun 24, 2010,22.198
Jun 25, 2010,0
Jun 26, 2010,0
Jun 27, 2010,22.068
Jun 28, 2010,5.517
Jun 29, 2010,5.517
Jun 30, 2010,0
Jul 1, 2010,4.637
Jul 2, 2010,0
Jul 3, 2010,0
Jul 4, 2010,9.275
Jul 5, 2010,27.824
Jul 6, 2010,0
Jul 7, 2010,14.154
Jul 8, 2010,0
Jul 9, 2010,0
Jul 10, 2010,14.154
Jul 11, 2010,17.592
Jul 12, 2010,0
Jul 13, 2010,8.796
Jul 14, 2010,8.796
Jul 15, 2010,21.99
Jul 16, 2010,17.544
Jul 17, 2010,11.696
Jul 18, 2010,29.241
Jul 19, 2010,0
Jul 20, 2010,5.848
Jul 21, 2010,31.941
Jul 22, 2010,0
Jul 23, 2010,0
Jul 24, 2010,0
Jul 25, 2010,0
Jul 26, 2010,7.61
Jul 27, 2010,0
Jul 28, 2010,15.219
Jul 29, 2010,0
Jul 30, 2010,7.61
Jul 31, 2010,15.219
Aug 1, 2010,8.389
Aug 2, 2010,8.389
Aug 3, 2010,8.389
Aug 4, 2010,16.777
Aug 5, 2010,0
Aug 6, 2010,3.412
Aug 7, 2010,0
Aug 8, 2010,0
Aug 9, 2010,3.412
Aug 10, 2010,3.412
Aug 11, 2010,0
Aug 12, 2010,0
Aug 13, 2010,11.168
Aug 14, 2010,0
Aug 15, 2010,0
Aug 16, 2010,9.388
Aug 17, 2010,0
Aug 18, 2010,9.388
Aug 19, 2010,0
Aug 20, 2010,15.646
Aug 21, 2010,0
Aug 22, 2010,10.278
Aug 23, 2010,0
Aug 24, 2010,10.278
Aug 25, 2010,5.139
Aug 26, 2010,22.492
Aug 27, 2010,0
Aug 28, 2010,16.869
Aug 29, 2010,11.246
Aug 30, 2010,5.623
Aug 31, 2010,16.869
Sep 1, 2010,18.35
Sep 2, 2010,18.35
Sep 3, 2010,0
Sep 4, 2010,0
Sep 5, 2010,27.525
Sep 6, 2010,0
Sep 7, 2010,24.128
Sep 8, 2010,4.826
Sep 9, 2010,14.477
Sep 10, 2010,4.826
Sep 11, 2010,0
Sep 12, 2010,23.526
Sep 13, 2010,5.882
Sep 14, 2010,5.882
Sep 15, 2010,5.882
Sep 16, 2010,15.304
Sep 17, 2010,7.652
Sep 18, 2010,15.304
Sep 19, 2010,7.652
Sep 20, 2010,22.956
Sep 21, 2010,6.362
Sep 22, 2010,6.362
Sep 23, 2010,19.086
Sep 24, 2010,19.086
Sep 25, 2010,0
Sep 26, 2010,5.926
Sep 27, 2010,23.705
Sep 28, 2010,5.926
Sep 29, 2010,17.779
Sep 30, 2010,5.926
Oct 1, 2010,6.902
Oct 2, 2010,27.608
Oct 3, 2010,0
Oct 4, 2010,20.706
Oct 5, 2010,20.706
Oct 6, 2010,8.049
Oct 7, 2010,12.074
Oct 8, 2010,12.074
Oct 9, 2010,0
Oct 10, 2010,0
Oct 11, 2010,0
Oct 12, 2010,0
Oct 13, 2010,0
Oct 14, 2010,5.441
Oct 15, 2010,10.881
Oct 16, 2010,9.79
Oct 17, 2010,7.342
Oct 18, 2010,4.895
Oct 19, 2010,0
Oct 20, 2010,7.342
Oct 21, 2010,0
Oct 22, 2010,0
Oct 23, 2010,14.816
Oct 24, 2010,14.816
Oct 25, 2010,0
Oct 26, 2010,0
Oct 27, 2010,23.346
Oct 28, 2010,7.782
Oct 29, 2010,31.128
Oct 30, 2010,15.564
Oct 31, 2010,7.782
Nov 1, 2010,10.924
Nov 2, 2010,16.386
Nov 3, 2010,16.386
Nov 4, 2010,10.924
Nov 5, 2010,10.924
Nov 6, 2010,32.168
Nov 7, 2010,0
Nov 8, 2010,21.445
Nov 9, 2010,10.723
Nov 10, 2010,0
Nov 11, 2010,0
Nov 12, 2010,28.161
Nov 13, 2010,18.774
Nov 14, 2010,37.548
Nov 15, 2010,9.387
Nov 16, 2010,0
Nov 17, 2010,29.201
Nov 18, 2010,0
Nov 19, 2010,0
Nov 20, 2010,14.6
Nov 21, 2010,0
Nov 22, 2010,12.689
Nov 23, 2010,12.689
Nov 24, 2010,0
Nov 25, 2010,6.344
Nov 26, 2010,0
Nov 27, 2010,0
Nov 28, 2010,22.967
Nov 29, 2010,22.967
Nov 30, 2010,7.656
Dec 1, 2010,10.276
Dec 2, 2010,10.276
Dec 3, 2010,20.552
Dec 4, 2010,41.104
Dec 5, 2010,0
Dec 6, 2010,0
Dec 7, 2010,0
Dec 8, 2010,0
Dec 9, 2010,0
Dec 10, 2010,0
Dec 11, 2010,0
Dec 12, 2010,0
Dec 13, 2010,40.419
Dec 14, 2010,13.473
Dec 15, 2010,13.473
Dec 16, 2010,0
Dec 17, 2010,0
Dec 18, 2010,11.331
Dec 19, 2010,22.661
Dec 20, 2010,0
Dec 21, 2010,0
Dec 22, 2010,0
Dec 23, 2010,0
Dec 24, 2010,0
Dec 25, 2010,0
Dec 26, 2010,23.077
Dec 27, 2010,0
Dec 28, 2010,0
Dec 29, 2010,0
Dec 30, 2010,0
Dec 31, 2010,0
Jan 1, 2011,0
Jan 2, 2011,0
Jan 3, 2011,0
Jan 4, 2011,0
Jan 5, 2011,0
Jan 6, 2011,0
Jan 7, 2011,21.031
Jan 8, 2011,0
Jan 9, 2011,10.515
Jan 10, 2011,0
Jan 11, 2011,0
Jan 12, 2011,8.934
Jan 13, 2011,0
Jan 14, 2011,0
Jan 15, 2011,0
Jan 16, 2011,0
Jan 17, 2011,5.319
Jan 18, 2011,5.319
Jan 19, 2011,0
Jan 20, 2011,0
Jan 21, 2011,0
Jan 22, 2011,0
Jan 23, 2011,0
Jan 24, 2011,0
Jan 25, 2011,0
Jan 26, 2011,42.885
Jan 27, 2011,0
Jan 28, 2011,0
Jan 29, 2011,0
Jan 30, 2011,0
Jan 31, 2011,0
Feb 1, 2011,0
Feb 2, 2011,0
Feb 3, 2011,0
Feb 4, 2011,0
Feb 5, 2011,0
Feb 6, 2011,0
Feb 7, 2011,28.586
Feb 8, 2011,0
Feb 9, 2011,0
Feb 10, 2011,28.586
Feb 11, 2011,12.497
Feb 12, 2011,0
Feb 13, 2011,0
Feb 14, 2011,24.994
Feb 15, 2011,12.497
Feb 16, 2011,11.357
Feb 17, 2011,18.929
Feb 18, 2011,7.572
Feb 19, 2011,0
Feb 20, 2011,3.786
Feb 21, 2011,0
Feb 22, 2011,0
Feb 23, 2011,0
Feb 24, 2011,0
Feb 25, 2011,0
Feb 26, 2011,0
Feb 27, 2011,19.871
Feb 28, 2011,0
Mar 1, 2011,24.81
Mar 2, 2011,0
Mar 3, 2011,0
Mar 4, 2011,0
Mar 5, 2011,0
Mar 6, 2011,0
Mar 7, 2011,0
Mar 8, 2011,21.686
Mar 9, 2011,21.686
Mar 10, 2011,10.843
Mar 11, 2011,0
Mar 12, 2011,0
Mar 13, 2011,0
Mar 14, 2011,0
Mar 15, 2011,0
Mar 16, 2011,0
Mar 17, 2011,0
Mar 18, 2011,5.729
Mar 19, 2011,11.457
Mar 20, 2011,28.643
Mar 21, 2011,8.06
Mar 22, 2011,8.06
Mar 23, 2011,16.12
Mar 24, 2011,8.06
Mar 25, 2011,24.18
Mar 26, 2011,0
Mar 27, 2011,0
Mar 28, 2011,8.358
Mar 29, 2011,5.015
Mar 30, 2011,3.343
Mar 31, 2011,3.343
Apr 1, 2011,0
Apr 2, 2011,0
Apr 3, 2011,18.065
Apr 4, 2011,9.033
Apr 5, 2011,18.065
Apr 6, 2011,15.093
Apr 7, 2011,15.093
Apr 8, 2011,15.093
Apr 9, 2011,22.639
Apr 10, 2011,15.093
Apr 11, 2011,0
Apr 12, 2011,0
Apr 13, 2011,29.155
Apr 14, 2011,14.577
Apr 15, 2011,43.732
Apr 16, 2011,16.328
Apr 17, 2011,24.493
Apr 18, 2011,8.164
Apr 19, 2011,8.164
Apr 20, 2011,16.328
Apr 21, 2011,0
Apr 22, 2011,10.283
Apr 23, 2011,20.565
Apr 24, 2011,20.565
Apr 25, 2011,20.565
Apr 26, 2011,8.476
Apr 27, 2011,33.905
Apr 28, 2011,25.429
Apr 29, 2011,0
Apr 30, 2011,16.952
May 1, 2011,0
May 2, 2011,4.057
May 3, 2011,10.143
May 4, 2011,4.057
May 5, 2011,2.029
May 6, 2011,0
May 7, 2011,3.383
May 8, 2011,0
May 9, 2011,6.767
May 10, 2011,6.767
May 11, 2011,32.52
May 12, 2011,19.512
May 13, 2011,0
May 14, 2011,19.512
May 15, 2011,0
May 16, 2011,0
May 17, 2011,0
May 18, 2011,7.705
May 19, 2011,0
May 20, 2011,0
May 21, 2011,7.704
May 22, 2011,15.408
May 23, 2011,15.408
May 24, 2011,0
May 25, 2011,23.112
May 26, 2011,0
May 27, 2011,16.536
May 28, 2011,16.536
May 29, 2011,0
May 30, 2011,0
May 31, 2011,0
Jun 1, 2011,10.754
Jun 2, 2011,21.507
Jun 3, 2011,21.507
Jun 4, 2011,5.377
Jun 5, 2011,5.377
Jun 6, 2011,0
Jun 7, 2011,16.502
Jun 8, 2011,0
Jun 9, 2011,0
Jun 10, 2011,4.125
Jun 11, 2011,1.198
Jun 12, 2011,1.198
Jun 13, 2011,0
Jun 14, 2011,2.397
Jun 15, 2011,0
Jun 16, 2011,5.528
Jun 17, 2011,16.584
Jun 18, 2011,0
Jun 19, 2011,16.584
Jun 20, 2011,0
Jun 21, 2011,12.933
Jun 22, 2011,6.466
Jun 23, 2011,19.399
Jun 24, 2011,12.933
Jun 25, 2011,12.933
Jun 26, 2011,12.31
Jun 27, 2011,8.206
Jun 28, 2011,0
Jun 29, 2011,8.206
Jun 30, 2011,4.103
Jul 1, 2011,14.997
Jul 2, 2011,0
Jul 3, 2011,3.749
Jul 4, 2011,7.498
Jul 5, 2011,0
Jul 6, 2011,3.794
Jul 7, 2011,0
Jul 8, 2011,0
Jul 9, 2011,0
Jul 10, 2011,0
Jul 11, 2011,0
Jul 12, 2011,12.015
Jul 13, 2011,24.029
Jul 14, 2011,18.022
Jul 15, 2011,18.022
Jul 16, 2011,0
Jul 17, 2011,0
Jul 18, 2011,12.758
Jul 19, 2011,6.379
Jul 20, 2011,12.758
Jul 21, 2011,0
Jul 22, 2011,1.087
Jul 23, 2011,0
Jul 24, 2011,2.174
Jul 25, 2011,0
Jul 26, 2011,11.579
Jul 27, 2011,0
Jul 28, 2011,17.368
Jul 29, 2011,17.368
Jul 30, 2011,5.789
Jul 31, 2011,5.789
Aug 1, 2011,3.255
Aug 2, 2011,6.51
Aug 3, 2011,13.02
Aug 4, 2011,3.255
Aug 5, 2011,6.51
Aug 6, 2011,1.358
Aug 7, 2011,1.358
Aug 8, 2011,0
Aug 9, 2011,0
Aug 10, 2011,0
Aug 11, 2011,6.25
Aug 12, 2011,6.25
Aug 13, 2011,0
Aug 14, 2011,3.125
Aug 15, 2011,6.25
Aug 16, 2011,5.617
Aug 17, 2011,11.233
Aug 18, 2011,11.233
Aug 19, 2011,16.85
Aug 20, 2011,0
Aug 21, 2011,0
Aug 22, 2011,8.302
Aug 23, 2011,8.302
Aug 24, 2011,16.604
Aug 25, 2011,4.151
Aug 26, 2011,0
Aug 27, 2011,0
Aug 28, 2011,15.881
Aug 29, 2011,0
Aug 30, 2011,0
Aug 31, 2011,0
Sep 1, 2011,4.676
Sep 2, 2011,0
Sep 3, 2011,0
Sep 4, 2011,0
Sep 5, 2011,0
Sep 6, 2011,0
Sep 7, 2011,15.846
Sep 8, 2011,15.846
Sep 9, 2011,7.923
Sep 10, 2011,7.923
Sep 11, 2011,19.951
Sep 12, 2011,3.325
Sep 13, 2011,0
Sep 14, 2011,3.325
Sep 15, 2011,6.65
Sep 16, 2011,15.025
Sep 17, 2011,7.512
Sep 18, 2011,15.025
Sep 19, 2011,0
Sep 20, 2011,15.025
Sep 21, 2011,0
Sep 22, 2011,9.18
Sep 23, 2011,4.59
Sep 24, 2011,13.771
Sep 25, 2011,4.59
Sep 26, 2011,7.463
Sep 27, 2011,0
Sep 28, 2011,2.488
Sep 29, 2011,7.463
Sep 30, 2011,0
Oct 1, 2011,7.344
Oct 2, 2011,0
Oct 3, 2011,7.344
Oct 4, 2011,7.344
Oct 5, 2011,14.688
Oct 6, 2011,0
Oct 7, 2011,17.245
Oct 8, 2011,17.245
Oct 9, 2011,0
Oct 10, 2011,22.993
Oct 11, 2011,8.121
Oct 12, 2011,8.121
Oct 13, 2011,16.241
Oct 14, 2011,16.241
Oct 15, 2011,24.362
Oct 16, 2011,9.699
Oct 17, 2011,9.699
Oct 18, 2011,19.398
Oct 19, 2011,4.85
Oct 20, 2011,4.85
Oct 21, 2011,0
Oct 22, 2011,0
Oct 23, 2011,18.247
Oct 24, 2011,0
Oct 25, 2011,0
Oct 26, 2011,4.465
Oct 27, 2011,4.465
Oct 28, 2011,17.861
Oct 29, 2011,8.93
Oct 30, 2011,22.326
Oct 31, 2011,0
Nov 1, 2011,0
Nov 2, 2011,0
Nov 3, 2011,15.115
Nov 4, 2011,5.038
Nov 5, 2011,5.038
Nov 6, 2011,35.598
Nov 7, 2011,0
Nov 8, 2011,0
Nov 9, 2011,0
Nov 10, 2011,11.866
Nov 11, 2011,0
Nov 12, 2011,0
Nov 13, 2011,12.035
Nov 14, 2011,12.035
Nov 15, 2011,24.07
Nov 16, 2011,25.135
Nov 17, 2011,0
Nov 18, 2011,25.135
Nov 19, 2011,0
Nov 20, 2011,0
Nov 21, 2011,11.959
Nov 22, 2011,23.919
Nov 23, 2011,11.959
Nov 24, 2011,11.959
Nov 25, 2011,0
Nov 26, 2011,10.903
Nov 27, 2011,0
Nov 28, 2011,10.903
Nov 29, 2011,21.806
Nov 30, 2011,10.903
Dec 1, 2011,0
Dec 2, 2011,0
Dec 3, 2011,0
Dec 4, 2011,35.285
Dec 5, 2011,0
Dec 6, 2011,24.336
Dec 7, 2011,0
Dec 8, 2011,24.336
Dec 9, 2011,0
Dec 10, 2011,0
Dec 11, 2011,0
Dec 12, 2011,37.732
Dec 13, 2011,0
Dec 14, 2011,0
Dec 15, 2011,0
Dec 16, 2011,0
Dec 17, 2011,0
Dec 18, 2011,17.015
Dec 19, 2011,34.031
Dec 20, 2011,0
Dec 21, 2011,0
Dec 22, 2011,0
Dec 23, 2011,0
Dec 24, 2011,11.528
Dec 25, 2011,0
Dec 26, 2011,26.177
Dec 27, 2011,0
Dec 28, 2011,0
Dec 29, 2011,0
Dec 30, 2011,0
Dec 31, 2011,0
Jan 1, 2012,0
Jan 2, 2012,26.873
Jan 3, 2012,17.916
Jan 4, 2012,0
Jan 5, 2012,0
Jan 6, 2012,0
Jan 7, 2012,0
Jan 8, 2012,0
Jan 9, 2012,0
Jan 10, 2012,0
Jan 11, 2012,0
Jan 12, 2012,0
Jan 13, 2012,0
Jan 14, 2012,7.341
Jan 15, 2012,7.341
Jan 16, 2012,0
Jan 17, 2012,13.537
Jan 18, 2012,27.074
Jan 19, 2012,0
Jan 20, 2012,13.537
Jan 21, 2012,5.867
Jan 22, 2012,0
Jan 23, 2012,5.867
Jan 24, 2012,0
Jan 25, 2012,0
Jan 26, 2012,0
Jan 27, 2012,0
Jan 28, 2012,0
Jan 29, 2012,0
Jan 30, 2012,0
Jan 31, 2012,0
Feb 1, 2012,0
Feb 2, 2012,0
Feb 3, 2012,0
Feb 4, 2012,0
Feb 5, 2012,0
Feb 6, 2012,8.172
Feb 7, 2012,8.172
Feb 8, 2012,16.344
Feb 9, 2012,0
Feb 10, 2012,0
Feb 11, 2012,6.817
Feb 12, 2012,0
Feb 13, 2012,0
Feb 14, 2012,0
Feb 15, 2012,0
Feb 16, 2012,0
Feb 17, 2012,0
Feb 18, 2012,0
Feb 19, 2012,0
Feb 20, 2012,0
Feb 21, 2012,0
Feb 22, 2012,0
Feb 23, 2012,0
Feb 24, 2012,0
Feb 25, 2012,10.103
Feb 26, 2012,4.896
Feb 27, 2012,0
Feb 28, 2012,4.896
Feb 29, 2012,4.896
Mar 1, 2012,0
Mar 2, 2012,4.676
Mar 3, 2012,0
Mar 4, 2012,9.353
Mar 5, 2012,9.353
Mar 6, 2012,2.614
Mar 7, 2012,0
Mar 8, 2012,0
Mar 9, 2012,5.228
Mar 10, 2012,10.457
Mar 11, 2012,0
Mar 12, 2012,0
Mar 13, 2012,3.012
Mar 14, 2012,7.53
Mar 15, 2012,1.506
Mar 16, 2012,9.666
Mar 17, 2012,6.444
Mar 18, 2012,3.222
Mar 19, 2012,16.11
Mar 20, 2012,9.666
Mar 21, 2012,0
Mar 22, 2012,0
Mar 23, 2012,0
Mar 24, 2012,29.65
Mar 25, 2012,0
Mar 26, 2012,6.219
Mar 27, 2012,0
Mar 28, 2012,3.109
Mar 29, 2012,3.109
Mar 30, 2012,12.438
Mar 31, 2012,3.109
Apr 1, 2012,19.37
Apr 2, 2012,4.842
Apr 3, 2012,9.685
Apr 4, 2012,0
Apr 5, 2012,14.527
Apr 6, 2012,13.401
Apr 7, 2012,53.603
Apr 8, 2012,0
Apr 9, 2012,0
Apr 10, 2012,13.401
Apr 11, 2012,0
Apr 12, 2012,26.339
Apr 13, 2012,13.17
Apr 14, 2012,6.585
Apr 15, 2012,13.17
Apr 16, 2012,25.511
Apr 17, 2012,6.378
Apr 18, 2012,6.378
Apr 19, 2012,12.755
Apr 20, 2012,12.755
Apr 21, 2012,28.445
Apr 22, 2012,0
Apr 23, 2012,0
Apr 24, 2012,18.963
Apr 25, 2012,0
Apr 26, 2012,24.033
Apr 27, 2012,16.022
Apr 28, 2012,24.033
Apr 29, 2012,0
Apr 30, 2012,0
May 1, 2012,14.324
May 2, 2012,14.324
May 3, 2012,14.324
May 4, 2012,14.324
May 5, 2012,21.486
May 6, 2012,12.714
May 7, 2012,12.714
May 8, 2012,12.714
May 9, 2012,0
May 10, 2012,0
May 11, 2012,5.749
May 12, 2012,2.875
May 13, 2012,8.624
May 14, 2012,5.749
May 15, 2012,0
May 16, 2012,0
May 17, 2012,11.132
May 18, 2012,3.711
May 19, 2012,7.421
May 20, 2012,3.711
May 21, 2012,0
May 22, 2012,8.609
May 23, 2012,17.217
May 24, 2012,12.913
May 25, 2012,4.304
May 26, 2012,4.898
May 27, 2012,7.348
May 28, 2012,0
May 29, 2012,0
May 30, 2012,2.449
May 31, 2012,0
Jun 1, 2012,1.854
Jun 2, 2012,0
Jun 3, 2012,3.708
Jun 4, 2012,0.927
Jun 5, 2012,1.854
Jun 6, 2012,0
Jun 7, 2012,3.181
Jun 8, 2012,0
Jun 9, 2012,0
Jun 10, 2012,0
Jun 11, 2012,0
Jun 12, 2012,13.917
Jun 13, 2012,9.278
Jun 14, 2012,0
Jun 15, 2012,13.917
Jun 16, 2012,15.227
Jun 17, 2012,0
Jun 18, 2012,7.613
Jun 19, 2012,3.807
Jun 20, 2012,0
Jun 21, 2012,6.463
Jun 22, 2012,0
Jun 23, 2012,0
Jun 24, 2012,0
Jun 25, 2012,1.616
Jun 26, 2012,9.925
Jun 27, 2012,4.962
Jun 28, 2012,0
Jun 29, 2012,0
Jun 30, 2012,4.962
Jul 1, 2012,15.257
Jul 2, 2012,0
Jul 3, 2012,5.086
Jul 4, 2012,0
Jul 5, 2012,10.171
Jul 6, 2012,3.646
Jul 7, 2012,0
Jul 8, 2012,3.646
Jul 9, 2012,0
Jul 10, 2012,3.646
Jul 11, 2012,9.376
Jul 12, 2012,14.065
Jul 13, 2012,14.065
Jul 14, 2012,0
Jul 15, 2012,0
Jul 16, 2012,0
Jul 17, 2012,0.787
Jul 18, 2012,2.362
Jul 19, 2012,0
Jul 20, 2012,3.149
Jul 21, 2012,0
Jul 22, 2012,0
Jul 23, 2012,1.686
Jul 24, 2012,5.059
Jul 25, 2012,0
Jul 26, 2012,0
Jul 27, 2012,4.537
Jul 28, 2012,3.403
Jul 29, 2012,2.268
Jul 30, 2012,3.403
Jul 31, 2012,2.268
Aug 1, 2012,0
Aug 2, 2012,17.87
Aug 3, 2012,0
Aug 4, 2012,0
Aug 5, 2012,8.935
Aug 6, 2012,2.77
Aug 7, 2012,0
Aug 8, 2012,2.77
Aug 9, 2012,8.311
Aug 10, 2012,0
Aug 11, 2012,13.274
Aug 12, 2012,4.425
Aug 13, 2012,0
Aug 14, 2012,13.274
Aug 15, 2012,4.425
Aug 16, 2012,0
Aug 17, 2012,10.106
Aug 18, 2012,15.159
Aug 19, 2012,5.053
Aug 20, 2012,10.106
Aug 21, 2012,5.217
Aug 22, 2012,5.217
Aug 23, 2012,10.434
Aug 24, 2012,10.434
Aug 25, 2012,20.868
Aug 26, 2012,3.261
Aug 27, 2012,3.261
Aug 28, 2012,0
Aug 29, 2012,0
Aug 30, 2012,3.261
Aug 31, 2012,0
Sep 1, 2012,0
Sep 2, 2012,0
Sep 3, 2012,2.291
Sep 4, 2012,0
Sep 5, 2012,4.581
Sep 6, 2012,0
Sep 7, 2012,0
Sep 8, 2012,0
Sep 9, 2012,4.907
Sep 10, 2012,9.814
Sep 11, 2012,0
Sep 12, 2012,2.259
Sep 13, 2012,4.518
Sep 14, 2012,0
Sep 15, 2012,0
Sep 16, 2012,0
Sep 17, 2012,7.638
Sep 18, 2012,5.092
Sep 19, 2012,5.092
Sep 20, 2012,5.092
Sep 21, 2012,7.016
Sep 22, 2012,7.016
Sep 23, 2012,14.032
Sep 24, 2012,4.281
Sep 25, 2012,0
Sep 26, 2012,0
Sep 27, 2012,2.112
Sep 28, 2012,0
Sep 29, 2012,0
Sep 30, 2012,8.449
Oct 1, 2012,5.853
Oct 2, 2012,5.853
Oct 3, 2012,2.927
Oct 4, 2012,5.853
Oct 5, 2012,11.707
Oct 6, 2012,0
Oct 7, 2012,0
Oct 8, 2012,0
Oct 9, 2012,0
Oct 10, 2012,25.318
Oct 11, 2012,0
Oct 12, 2012,7.354
Oct 13, 2012,22.063
Oct 14, 2012,7.354
Oct 15, 2012,14.709
Oct 16, 2012,18.977
Oct 17, 2012,0
Oct 18, 2012,25.303
Oct 19, 2012,6.326
Oct 20, 2012,18.977
Oct 21, 2012,5.048
Oct 22, 2012,15.144
Oct 23, 2012,0
Oct 24, 2012,15.144
Oct 25, 2012,15.144
Oct 26, 2012,14.476
Oct 27, 2012,0
Oct 28, 2012,0
Oct 29, 2012,7.238
Oct 30, 2012,7.238
Oct 31, 2012,14.476
Nov 1, 2012,3.67
Nov 2, 2012,0
Nov 3, 2012,11.009
Nov 4, 2012,0
Nov 5, 2012,11.009
Nov 6, 2012,0
Nov 7, 2012,0
Nov 8, 2012,0
Nov 9, 2012,4.3
Nov 10, 2012,12.9
Nov 11, 2012,17.263
Nov 12, 2012,0
Nov 13, 2012,8.632
Nov 14, 2012,17.263
Nov 15, 2012,8.632
Nov 16, 2012,17.062
Nov 17, 2012,0
Nov 18, 2012,17.062
Nov 19, 2012,0
Nov 20, 2012,0
Nov 21, 2012,19.706
Nov 22, 2012,6.569
Nov 23, 2012,6.569
Nov 24, 2012,0
Nov 25, 2012,0
Nov 26, 2012,0
Nov 27, 2012,15.92
Nov 28, 2012,7.96
Nov 29, 2012,0
Nov 30, 2012,7.96
Dec 1, 2012,0
Dec 2, 2012,20.226
Dec 3, 2012,0
Dec 4, 2012,0
Dec 5, 2012,20.226
Dec 6, 2012,0
Dec 7, 2012,0
Dec 8, 2012,0
Dec 9, 2012,0
Dec 10, 2012,0
Dec 11, 2012,6.301
Dec 12, 2012,0
Dec 13, 2012,0
Dec 14, 2012,6.301
Dec 15, 2012,0
Dec 16, 2012,0
Dec 17, 2012,0
Dec 18, 2012,0
Dec 19, 2012,0
Dec 20, 2012,0
Dec 21, 2012,0
Dec 22, 2012,0
Dec 23, 2012,0
Dec 24, 2012,13.901
Dec 25, 2012,0
Dec 26, 2012,0
Dec 27, 2012,0
Dec 28, 2012,0
Dec 29, 2012,0
Dec 30, 2012,0
Dec 31, 2012,0
Jan 1, 2013,0
Jan 2, 2013,0
Jan 3, 2013,0
Jan 4, 2013,0
Jan 5, 2013,0
Jan 6, 2013,0
Jan 7, 2013,0
Jan 8, 2013,0
Jan 9, 2013,0
Jan 10, 2013,0
Jan 11, 2013,0
Jan 12, 2013,0
Jan 13, 2013,14.073
Jan 14, 2013,0
Jan 15, 2013,0
Jan 16, 2013,0
Jan 17, 2013,7.39
Jan 18, 2013,0
Jan 19, 2013,0
Jan 20, 2013,0
Jan 21, 2013,0
Jan 22, 2013,0
Jan 23, 2013,0
Jan 24, 2013,0
Jan 25, 2013,13.83
Jan 26, 2013,0
Jan 27, 2013,0
Jan 28, 2013,0
Jan 29, 2013,0
Jan 30, 2013,0
Jan 31, 2013,0
Feb 1, 2013,0
Feb 2, 2013,0
Feb 3, 2013,0
Feb 4, 2013,22.148
Feb 5, 2013,14.766
Feb 6, 2013,15.154
Feb 7, 2013,7.577
Feb 8, 2013,7.577
Feb 9, 2013,0
Feb 10, 2013,0
Feb 11, 2013,0
Feb 12, 2013,0
Feb 13, 2013,0
Feb 14, 2013,8.088
Feb 15, 2013,0
Feb 16, 2013,0
Feb 17, 2013,0
Feb 18, 2013,0
Feb 19, 2013,0
Feb 20, 2013,6.321
Feb 21, 2013,12.302
Feb 22, 2013,0
Feb 23, 2013,0
Feb 24, 2013,6.151
Feb 25, 2013,6.151
Feb 26, 2013,0
Feb 27, 2013,0
Feb 28, 2013,10.725
Mar 1, 2013,14.16
Mar 2, 2013,0
Mar 3, 2013,0
Mar 4, 2013,0
Mar 5, 2013,0
Mar 6, 2013,2.582
Mar 7, 2013,5.165
Mar 8, 2013,0
Mar 9, 2013,1.291
Mar 10, 2013,0
Mar 11, 2013,0
Mar 12, 2013,7.39
Mar 13, 2013,11.085
Mar 14, 2013,0
Mar 15, 2013,0
Mar 16, 2013,0
Mar 17, 2013,10.39
Mar 18, 2013,20.78
Mar 19, 2013,5.195
Mar 20, 2013,5.195
Mar 21, 2013,11.649
Mar 22, 2013,0
Mar 23, 2013,8.737
Mar 24, 2013,0
Mar 25, 2013,11.649
Mar 26, 2013,0
Mar 27, 2013,4.82
Mar 28, 2013,2.41
Mar 29, 2013,0
Mar 30, 2013,4.82
Mar 31, 2013,2.41
Apr 1, 2013,1.557
Apr 2, 2013,6.226
Apr 3, 2013,1.557
Apr 4, 2013,0
Apr 5, 2013,3.113
Apr 6, 2013,0
Apr 7, 2013,0
Apr 8, 2013,2.861
Apr 9, 2013,0
Apr 10, 2013,5.721
Apr 11, 2013,3.674
Apr 12, 2013,1.837
Apr 13, 2013,7.348
Apr 14, 2013,3.674
Apr 15, 2013,0
Apr 16, 2013,0
Apr 17, 2013,13.394
Apr 18, 2013,13.394
Apr 19, 2013,4.465
Apr 20, 2013,4.465
Apr 21, 2013,9.879
Apr 22, 2013,9.879
Apr 23, 2013,4.94
Apr 24, 2013,0
Apr 25, 2013,0
Apr 26, 2013,3.541
Apr 27, 2013,10.624
Apr 28, 2013,7.083
Apr 29, 2013,3.541
Apr 30, 2013,10.624
May 1, 2013,20.524
May 2, 2013,10.262
May 3, 2013,5.131
May 4, 2013,5.131
May 5, 2013,15.393
May 6, 2013,0
May 7, 2013,6.557
May 8, 2013,0
May 9, 2013,0
May 10, 2013,19.672
May 11, 2013,0
May 12, 2013,0
May 13, 2013,0
May 14, 2013,11.176
May 15, 2013,7.451
May 16, 2013,0
May 17, 2013,31.354
May 18, 2013,0
May 19, 2013,0
May 20, 2013,7.839
May 21, 2013,27.873
May 22, 2013,6.371
May 23, 2013,22.298
May 24, 2013,22.298
May 25, 2013,0
May 26, 2013,4.695
May 27, 2013,0
May 28, 2013,0
May 29, 2013,9.389
May 30, 2013,9.389
May 31, 2013,14.084
Jun 1, 2013,0
Jun 2, 2013,0
Jun 3, 2013,1.827
Jun 4, 2013,5.48
Jun 5, 2013,3.653
Jun 6, 2013,0
Jun 7, 2013,0
Jun 8, 2013,0
Jun 9, 2013,0
Jun 10, 2013,0
Jun 11, 2013,3.819
Jun 12, 2013,11.456
Jun 13, 2013,7.637
Jun 14, 2013,3.819
Jun 15, 2013,15.274
Jun 16, 2013,2.469
Jun 17, 2013,4.938
Jun 18, 2013,4.938
Jun 19, 2013,7.407
Jun 20, 2013,0
Jun 21, 2013,3.749
Jun 22, 2013,0
Jun 23, 2013,7.499
Jun 24, 2013,7.499
Jun 25, 2013,11.248
Jun 26, 2013,0
Jun 27, 2013,11.488
Jun 28, 2013,19.146
Jun 29, 2013,0
Jun 30, 2013,7.658
Jul 1, 2013,3.676
Jul 2, 2013,0
Jul 3, 2013,0
Jul 4, 2013,0
Jul 5, 2013,3.676
Jul 6, 2013,0
Jul 7, 2013,0
Jul 8, 2013,8.592
Jul 9, 2013,2.864
Jul 10, 2013,11.455
Jul 11, 2013,2.046
Jul 12, 2013,0
Jul 13, 2013,2.046
Jul 14, 2013,0
Jul 15, 2013,2.046
Jul 16, 2013,0
Jul 17, 2013,1.471
Jul 18, 2013,0
Jul 19, 2013,1.471
Jul 20, 2013,1.471
Jul 21, 2013,1.017
Jul 22, 2013,5.084
Jul 23, 2013,0
Jul 24, 2013,0
Jul 25, 2013,0
Jul 26, 2013,3.524
Jul 27, 2013,0
Jul 28, 2013,1.762
Jul 29, 2013,1.762
Jul 30, 2013,3.524
Jul 31, 2013,1.762
Aug 1, 2013,9.58
Aug 2, 2013,3.193
Aug 3, 2013,3.193
Aug 4, 2013,0
Aug 5, 2013,6.387
Aug 6, 2013,0
Aug 7, 2013,8.393
Aug 8, 2013,0
Aug 9, 2013,12.589
Aug 10, 2013,20.982
Aug 11, 2013,9.503
Aug 12, 2013,9.503
Aug 13, 2013,12.671
Aug 14, 2013,0
Aug 15, 2013,0
Aug 16, 2013,11.607
Aug 17, 2013,15.476
Aug 18, 2013,4.918
Aug 19, 2013,4.291
Aug 20, 2013,3.889
Aug 21, 2013,3.378
Aug 22, 2013,2.641
Aug 23, 2013,0
Aug 24, 2013,18.934
Aug 25, 2013,0
Aug 26, 2013,6.328
Aug 27, 2013,6.328
Aug 28, 2013,0
Aug 29, 2013,6.328
Aug 30, 2013,0
Aug 31, 2013,0
Sep 1, 2013,17.287
Sep 2, 2013,5.762
Sep 3, 2013,11.525
Sep 4, 2013,5.762
Sep 5, 2013,0
Sep 6, 2013,13.327
Sep 7, 2013,13.327
Sep 8, 2013,0
Sep 9, 2013,4.442
Sep 10, 2013,0
Sep 11, 2013,5.197
Sep 12, 2013,5.197
Sep 13, 2013,5.197
Sep 14, 2013,2.598
Sep 15, 2013,2.598
Sep 16, 2013,4.959
Sep 17, 2013,0
Sep 18, 2013,7.439
Sep 19, 2013,0
Sep 20, 2013,0
Sep 21, 2013,0
Sep 22, 2013,1.466
Sep 23, 2013,1.466
Sep 24, 2013,1.466
Sep 25, 2013,0
Sep 26, 2013,16.134
Sep 27, 2013,5.378
Sep 28, 2013,21.512
Sep 29, 2013,0
Sep 30, 2013,18.439
Oct 1, 2013,7.62
Oct 2, 2013,0
Oct 3, 2013,11.43
Oct 4, 2013,17.145
Oct 5, 2013,5.715
Oct 6, 2013,0
Oct 7, 2013,0
Oct 8, 2013,0
Oct 9, 2013,0
Oct 10, 2013,17.932
Oct 11, 2013,13.555
Oct 12, 2013,6.778
Oct 13, 2013,20.333
Oct 14, 2013,20.333
Oct 15, 2013,6.778
Oct 16, 2013,11.955
Oct 17, 2013,3.985
Oct 18, 2013,0
Oct 19, 2013,3.985
Oct 20, 2013,3.985
Oct 21, 2013,9.735
Oct 22, 2013,9.735
Oct 23, 2013,4.867
Oct 24, 2013,4.867
Oct 25, 2013,4.867
Oct 26, 2013,0
Oct 27, 2013,8.929
Oct 28, 2013,0
Oct 29, 2013,8.929
Oct 30, 2013,8.929
Oct 31, 2013,0
Nov 1, 2013,0
Nov 2, 2013,0
Nov 3, 2013,0
Nov 4, 2013,0
Nov 5, 2013,55.782
Nov 6, 2013,13.909
Nov 7, 2013,13.909
Nov 8, 2013,0
Nov 9, 2013,6.954
Nov 10, 2013,0
Nov 11, 2013,0
Nov 12, 2013,0
Nov 13, 2013,0
Nov 14, 2013,15.988
Nov 15, 2013,7.994
Nov 16, 2013,0
Nov 17, 2013,0
Nov 18, 2013,19.952
Nov 19, 2013,19.952
Nov 20, 2013,0
Nov 21, 2013,0
Nov 22, 2013,0
Nov 23, 2013,15.409
Nov 24, 2013,7.705
Nov 25, 2013,0
Nov 26, 2013,17.608
Nov 27, 2013,0
Nov 28, 2013,0
Nov 29, 2013,0
Nov 30, 2013,17.608
Dec 1, 2013,0
Dec 2, 2013,22.435
Dec 3, 2013,22.435
Dec 4, 2013,0
Dec 5, 2013,22.435
Dec 6, 2013,0
Dec 7, 2013,0
Dec 8, 2013,0
Dec 9, 2013,0
Dec 10, 2013,0
Dec 11, 2013,0
Dec 12, 2013,3.385
Dec 13, 2013,16.925
Dec 14, 2013,0
Dec 15, 2013,0
Dec 16, 2013,0
Dec 17, 2013,0
Dec 18, 2013,0
Dec 19, 2013,0
Dec 20, 2013,33.837
Dec 21, 2013,0
Dec 22, 2013,0
Dec 23, 2013,0
Dec 24, 2013,0
Dec 25, 2013,0
Dec 26, 2013,0
Dec 27, 2013,0
Dec 28, 2013,0
Dec 29, 2013,0
Dec 30, 2013,0
Dec 31, 2013,0
Jan 1, 2014,0
Jan 2, 2014,0
Jan 3, 2014,0
Jan 4, 2014,0
Jan 5, 2014,9.634
Jan 6, 2014,16.976
Jan 7, 2014,5.659
Jan 8, 2014,5.659
Jan 9, 2014,0
Jan 10, 2014,0
Jan 11, 2014,6.97
Jan 12, 2014,0
Jan 13, 2014,0
Jan 14, 2014,0
Jan 15, 2014,0
Jan 16, 2014,0
Jan 17, 2014,0
Jan 18, 2014,0
Jan 19, 2014,0
Jan 20, 2014,0
Jan 21, 2014,5.927
Jan 22, 2014,0
Jan 23, 2014,5.927
Jan 24, 2014,0
Jan 25, 2014,0
Jan 26, 2014,10.078
Jan 27, 2014,0
Jan 28, 2014,0
Jan 29, 2014,0
Jan 30, 2014,0
Jan 31, 2014,0
Feb 1, 2014,0
Feb 2, 2014,0
Feb 3, 2014,0
Feb 4, 2014,0
Feb 5, 2014,0
Feb 6, 2014,0
Feb 7, 2014,0
Feb 8, 2014,0
Feb 9, 2014,0
Feb 10, 2014,8.423
Feb 11, 2014,0
Feb 12, 2014,0
Feb 13, 2014,0
Feb 14, 2014,0
Feb 15, 2014,0
Feb 16, 2014,0
Feb 17, 2014,6.271
Feb 18, 2014,6.271
Feb 19, 2014,6.271
Feb 20, 2014,0
Feb 21, 2014,6.794
Feb 22, 2014,0
Feb 23, 2014,6.794
Feb 24, 2014,6.794
Feb 25, 2014,13.588
Feb 26, 2014,0
Feb 27, 2014,15.071
Feb 28, 2014,15.071
Mar 1, 2014,6.918
Mar 2, 2014,13.836
Mar 3, 2014,0
Mar 4, 2014,0
Mar 5, 2014,6.918
Mar 6, 2014,6.897
Mar 7, 2014,3.448
Mar 8, 2014,17.242
Mar 9, 2014,6.897
Mar 10, 2014,0
Mar 11, 2014,0
Mar 12, 2014,0
Mar 13, 2014,12.253
Mar 14, 2014,0
Mar 15, 2014,6.126
Mar 16, 2014,11.267
Mar 17, 2014,0
Mar 18, 2014,0
Mar 19, 2014,0
Mar 20, 2014,0
Mar 21, 2014,0
Mar 22, 2014,0
Mar 23, 2014,10.655
Mar 24, 2014,0
Mar 25, 2014,0
Mar 26, 2014,5.872
Mar 27, 2014,0
Mar 28, 2014,0
Mar 29, 2014,0
Mar 30, 2014,0
Mar 31, 2014,0
Apr 1, 2014,0
Apr 2, 2014,0
Apr 3, 2014,6.024
Apr 4, 2014,2.008
Apr 5, 2014,6.024
Apr 6, 2014,0
Apr 7, 2014,5.725
Apr 8, 2014,0
Apr 9, 2014,0
Apr 10, 2014,0
Apr 11, 2014,0
Apr 12, 2014,5.39
Apr 13, 2014,0
Apr 14, 2014,0
Apr 15, 2014,10.779
Apr 16, 2014,2.93
Apr 17, 2014,0
Apr 18, 2014,5.86
Apr 19, 2014,11.719
Apr 20, 2014,8.789
Apr 21, 2014,7.25
Apr 22, 2014,7.25
Apr 23, 2014,7.25
Apr 24, 2014,36.25
Apr 25, 2014,7.25
Apr 26, 2014,10.903
Apr 27, 2014,8.722
Apr 28, 2014,0
Apr 29, 2014,4.361
Apr 30, 2014,4.361
May 1, 2014,8.814
May 2, 2014,4.407
May 3, 2014,8.814
May 4, 2014,0
May 5, 2014,4.407
May 6, 2014,9.804
May 7, 2014,9.804
May 8, 2014,0
May 9, 2014,19.609
May 10, 2014,0
May 11, 2014,0
May 12, 2014,0
May 13, 2014,0
May 14, 2014,16.755
May 15, 2014,25.132
May 16, 2014,0
May 17, 2014,11.974
May 18, 2014,0
May 19, 2014,0
May 20, 2014,5.987
May 21, 2014,4.624
May 22, 2014,0
May 23, 2014,13.872
May 24, 2014,9.248
May 25, 2014,0
May 26, 2014,0
May 27, 2014,0
May 28, 2014,17.718
May 29, 2014,29.53
May 30, 2014,5.906
May 31, 2014,5.906
Jun 1, 2014,2.386
Jun 2, 2014,2.386
Jun 3, 2014,2.386
Jun 4, 2014,0
Jun 5, 2014,4.772
Jun 6, 2014,0
Jun 7, 2014,18.117
Jun 8, 2014,3.623
Jun 9, 2014,3.623
Jun 10, 2014,0
Jun 11, 2014,3.056
Jun 12, 2014,3.056
Jun 13, 2014,3.056
Jun 14, 2014,3.493
Jun 15, 2014,6.112
Jun 16, 2014,0
Jun 17, 2014,0.858
Jun 18, 2014,2.574
Jun 19, 2014,0
Jun 20, 2014,0
Jun 21, 2014,0
Jun 22, 2014,0
Jun 23, 2014,0
Jun 24, 2014,10.684
Jun 25, 2014,16.026
Jun 26, 2014,2.902
Jun 27, 2014,0
Jun 28, 2014,0
Jun 29, 2014,0
Jun 30, 2014,8.707
Jul 1, 2014,6.251
Jul 2, 2014,6.251
Jul 3, 2014,0
Jul 4, 2014,0
Jul 5, 2014,12.503
Jul 6, 2014,2.025
Jul 7, 2014,2.025
Jul 8, 2014,0
Jul 9, 2014,0
Jul 10, 2014,4.05
Jul 11, 2014,1.772
Jul 12, 2014,0
Jul 13, 2014,0
Jul 14, 2014,0
Jul 15, 2014,0.886
Jul 16, 2014,0
Jul 17, 2014,0
Jul 18, 2014,0
Jul 19, 2014,0
Jul 20, 2014,0
Jul 21, 2014,3.135
Jul 22, 2014,0
Jul 23, 2014,0
Jul 24, 2014,0
Jul 25, 2014,0
Jul 26, 2014,0
Jul 27, 2014,8.356
Jul 28, 2014,0
Jul 29, 2014,0
Jul 30, 2014,0
Jul 31, 2014,0
Aug 1, 2014,0
Aug 2, 2014,10.578
Aug 3, 2014,0
Aug 4, 2014,4.231
Aug 5, 2014,0
Aug 6, 2014,11.077
Aug 7, 2014,11.077
Aug 8, 2014,11.077
Aug 9, 2014,5.538
Aug 10, 2014,11.077
Aug 11, 2014,0
Aug 12, 2014,10.275
Aug 13, 2014,0
Aug 14, 2014,15.412
Aug 15, 2014,0
Aug 16, 2014,2.583
Aug 17, 2014,0
Aug 18, 2014,3.874
Aug 19, 2014,3.874
Aug 20, 2014,0
Aug 21, 2014,5.151
Aug 22, 2014,0
Aug 23, 2014,5.151
Aug 24, 2014,5.151
Aug 25, 2014,10.303
Aug 26, 2014,0
Aug 27, 2014,14.199
Aug 28, 2014,7.099
Aug 29, 2014,0
Aug 30, 2014,0
Aug 31, 2014,0
Sep 1, 2014,0
Sep 2, 2014,5.551
Sep 3, 2014,0
Sep 4, 2014,8.327
Sep 5, 2014,0
Sep 6, 2014,9.012
Sep 7, 2014,0
Sep 8, 2014,6.759
Sep 9, 2014,0
Sep 10, 2014,0
Sep 11, 2014,6.306
Sep 12, 2014,12.612
Sep 13, 2014,12.612
Sep 14, 2014,6.306
Sep 15, 2014,25.224
Sep 16, 2014,0
Sep 17, 2014,4.173
Sep 18, 2014,8.346
Sep 19, 2014,8.346
Sep 20, 2014,0
Sep 21, 2014,4.62
Sep 22, 2014,4.62
Sep 23, 2014,6.929
Sep 24, 2014,0
Sep 25, 2014,6.929
Sep 26, 2014,0
Sep 27, 2014,0
Sep 28, 2014,8.833
Sep 29, 2014,0
Sep 30, 2014,0
Oct 1, 2014,0
Oct 2, 2014,4.496
Oct 3, 2014,0
Oct 4, 2014,4.496
Oct 5, 2014,8.992
Oct 6, 2014,39.238
Oct 7, 2014,15.695
Oct 8, 2014,23.543
Oct 9, 2014,0
Oct 10, 2014,0
Oct 11, 2014,5.997
Oct 12, 2014,5.997
Oct 13, 2014,5.997
Oct 14, 2014,5.997
Oct 15, 2014,11.995
Oct 16, 2014,0
Oct 17, 2014,6.217
Oct 18, 2014,0
Oct 19, 2014,0
Oct 20, 2014,6.217
Oct 21, 2014,7.099
Oct 22, 2014,14.197
Oct 23, 2014,0
Oct 24, 2014,14.197
Oct 25, 2014,7.099
Oct 26, 2014,0
Oct 27, 2014,0
Oct 28, 2014,0
Oct 29, 2014,14.06
Oct 30, 2014,21.09
Oct 31, 2014,14.06
Nov 1, 2014,0
Nov 2, 2014,0
Nov 3, 2014,0
Nov 4, 2014,19.495
Nov 5, 2014,0
Nov 6, 2014,0
Nov 7, 2014,26.357
Nov 8, 2014,13.178
Nov 9, 2014,0
Nov 10, 2014,0
Nov 11, 2014,29.981
Nov 12, 2014,14.99
Nov 13, 2014,0
Nov 14, 2014,0
Nov 15, 2014,0
Nov 16, 2014,0
Nov 17, 2014,0
Nov 18, 2014,6.212
Nov 19, 2014,0
Nov 20, 2014,0
Nov 21, 2014,0
Nov 22, 2014,0
Nov 23, 2014,0
Nov 24, 2014,0
Nov 25, 2014,28.198
Nov 26, 2014,0
Nov 27, 2014,0
Nov 28, 2014,0
Nov 29, 2014,0
Nov 30, 2014,15.953
Dec 1, 2014,0
Dec 2, 2014,5.732
Dec 3, 2014,11.464
Dec 4, 2014,0
Dec 5, 2014,0
Dec 6, 2014,7.041
Dec 7, 2014,14.081
Dec 8, 2014,14.081
Dec 9, 2014,14.081
Dec 10, 2014,0
Dec 11, 2014,0
Dec 12, 2014,0
Dec 13, 2014,26.484
Dec 14, 2014,0
Dec 15, 2014,0
Dec 16, 2014,0
Dec 17, 2014,0
Dec 18, 2014,3.806
Dec 19, 2014,3.806
Dec 20, 2014,0
Dec 21, 2014,0
Dec 22, 2014,0
Dec 23, 2014,0
Dec 24, 2014,0
Dec 25, 2014,0
Dec 26, 2014,0
Dec 27, 2014,0
Dec 28, 2014,0
Dec 29, 2014,0
Dec 30, 2014,0
Dec 31, 2014,0
Jan 1, 2015,0
Jan 2, 2015,0
Jan 3, 2015,0
Jan 4, 2015,0
Jan 5, 2015,0
Jan 6, 2015,0
Jan 7, 2015,0
Jan 8, 2015,0
Jan 9, 2015,0
Jan 10, 2015,0
Jan 11, 2015,0
Jan 12, 2015,0
Jan 13, 2015,0
Jan 14, 2015,3.988
Jan 15, 2015,0
Jan 16, 2015,2.221
Jan 17, 2015,2.221
Jan 18, 2015,0
Jan 19, 2015,2.221
Jan 20, 2015,0
Jan 21, 2015,12.9
Jan 22, 2015,0
Jan 23, 2015,12.9
Jan 24, 2015,0
Jan 25, 2015,0
Jan 26, 2015,2.868
Jan 27, 2015,0
Jan 28, 2015,0
Jan 29, 2015,0
Jan 30, 2015,5.737
Jan 31, 2015,0
Feb 1, 2015,0
Feb 2, 2015,0
Feb 3, 2015,0
Feb 4, 2015,0
Feb 5, 2015,4.174
Feb 6, 2015,0
Feb 7, 2015,25.732
Feb 8, 2015,12.866
Feb 9, 2015,0
Feb 10, 2015,0
Feb 11, 2015,0
Feb 12, 2015,0
Feb 13, 2015,0
Feb 14, 2015,0
Feb 15, 2015,14.996
Feb 16, 2015,0
Feb 17, 2015,0
Feb 18, 2015,0
Feb 19, 2015,0
Feb 20, 2015,0
Feb 21, 2015,0
Feb 22, 2015,0
Feb 23, 2015,0
Feb 24, 2015,0
Feb 25, 2015,0
Feb 26, 2015,0
Feb 27, 2015,0
Feb 28, 2015,9.129
Mar 1, 2015,3.592
Mar 2, 2015,7.183
Mar 3, 2015,0
Mar 4, 2015,0
Mar 5, 2015,0
Mar 6, 2015,2.975
Mar 7, 2015,2.975
Mar 8, 2015,0
Mar 9, 2015,0
Mar 10, 2015,0
Mar 11, 2015,0
Mar 12, 2015,2.096
Mar 13, 2015,0
Mar 14, 2015,2.096
Mar 15, 2015,6.288
Mar 16, 2015,5.21
Mar 17, 2015,0
Mar 18, 2015,31.258
Mar 19, 2015,5.21
Mar 20, 2015,0
Mar 21, 2015,0
Mar 22, 2015,0
Mar 23, 2015,0
Mar 24, 2015,0
Mar 25, 2015,0
Mar 26, 2015,0
Mar 27, 2015,4.73
Mar 28, 2015,4.73
Mar 29, 2015,4.73
Mar 30, 2015,0
Mar 31, 2015,14.191
Apr 1, 2015,4.34
Apr 2, 2015,0
Apr 3, 2015,8.68
Apr 4, 2015,4.34
Apr 5, 2015,4.34
Apr 6, 2015,3.596
Apr 7, 2015,10.788
Apr 8, 2015,7.192
Apr 9, 2015,7.192
Apr 10, 2015,0
Apr 11, 2015,6.502
Apr 12, 2015,0
Apr 13, 2015,3.901
Apr 14, 2015,3.468
Apr 15, 2015,5.202
Apr 16, 2015,16.964
Apr 17, 2015,8.482
Apr 18, 2015,4.241
Apr 19, 2015,16.964
Apr 20, 2015,4.241
Apr 21, 2015,8.53
Apr 22, 2015,0
Apr 23, 2015,2.843
Apr 24, 2015,2.843
Apr 25, 2015,11.373
Apr 26, 2015,0
Apr 27, 2015,0
Apr 28, 2015,0
Apr 29, 2015,0
Apr 30, 2015,7.118
May 1, 2015,2.284
May 2, 2015,0
May 3, 2015,6.851
May 4, 2015,6.851
May 5, 2015,0
May 6, 2015,2.747
May 7, 2015,2.747
May 8, 2015,2.747
May 9, 2015,0
May 10, 2015,1.373
May 11, 2015,0
May 12, 2015,0
May 13, 2015,1.754
May 14, 2015,0
May 15, 2015,8.77
May 16, 2015,0
May 17, 2015,9.44
May 18, 2015,3.147
May 19, 2015,4.72
May 20, 2015,1.573
May 21, 2015,26.377
May 22, 2015,0
May 23, 2015,0
May 24, 2015,5.275
May 25, 2015,0
May 26, 2015,4.604
May 27, 2015,9.207
May 28, 2015,13.811
May 29, 2015,9.207
May 30, 2015,13.811
May 31, 2015,13.811
Jun 1, 2015,1.21
Jun 2, 2015,0
Jun 3, 2015,3.629
Jun 4, 2015,0
Jun 5, 2015,6.049
Jun 6, 2015,0
Jun 7, 2015,2.017
Jun 8, 2015,0
Jun 9, 2015,6.05
Jun 10, 2015,6.05
Jun 11, 2015,1.886
Jun 12, 2015,0.943
Jun 13, 2015,2.829
Jun 14, 2015,0.943
Jun 15, 2015,0.943
Jun 16, 2015,0
Jun 17, 2015,3.394
Jun 18, 2015,0
Jun 19, 2015,0
Jun 20, 2015,3.394
Jun 21, 2015,1.971
Jun 22, 2015,0
Jun 23, 2015,0
Jun 24, 2015,0
Jun 25, 2015,0
Jun 26, 2015,5.04
Jun 27, 2015,5.04
Jun 28, 2015,0
Jun 29, 2015,0
Jun 30, 2015,2.52
Jul 1, 2015,0
Jul 2, 2015,0
Jul 3, 2015,0
Jul 4, 2015,6.048
Jul 5, 2015,4.032
Jul 6, 2015,0
Jul 7, 2015,4.542
Jul 8, 2015,2.271
Jul 9, 2015,0
Jul 10, 2015,2.271
Jul 11, 2015,6.895
Jul 12, 2015,0
Jul 13, 2015,0
Jul 14, 2015,0
Jul 15, 2015,6.895
Jul 16, 2015,6.438
Jul 17, 2015,0
Jul 18, 2015,6.438
Jul 19, 2015,6.438
Jul 20, 2015,6.438
Jul 21, 2015,5.707
Jul 22, 2015,5.707
Jul 23, 2015,11.414
Jul 24, 2015,0
Jul 25, 2015,0
Jul 26, 2015,2.986
Jul 27, 2015,2.986
Jul 28, 2015,0
Jul 29, 2015,2.986
Jul 30, 2015,2.986
Jul 31, 2015,0
Aug 1, 2015,1.875
Aug 2, 2015,0
Aug 3, 2015,0
Aug 4, 2015,0
Aug 5, 2015,0
Aug 6, 2015,0
Aug 7, 2015,0
Aug 8, 2015,6.351
Aug 9, 2015,2.117
Aug 10, 2015,0
Aug 11, 2015,0
Aug 12, 2015,0
Aug 13, 2015,0
Aug 14, 2015,3.152
Aug 15, 2015,3.152
Aug 16, 2015,1.615
Aug 17, 2015,3.23
Aug 18, 2015,1.615
Aug 19, 2015,0
Aug 20, 2015,3.23
Aug 21, 2015,7.916
Aug 22, 2015,2.639
Aug 23, 2015,2.639
Aug 24, 2015,2.639
Aug 25, 2015,5.277
Aug 26, 2015,7.168
Aug 27, 2015,4.779
Aug 28, 2015,4.779
Aug 29, 2015,2.389
Aug 30, 2015,2.389
Aug 31, 2015,0
Sep 1, 2015,0
Sep 2, 2015,0
Sep 3, 2015,3.192
Sep 4, 2015,1.596
Sep 5, 2015,1.596
Sep 6, 2015,4.995
Sep 7, 2015,0
Sep 8, 2015,4.995
Sep 9, 2015,0
Sep 10, 2015,4.995
Sep 11, 2015,4.888
Sep 12, 2015,0
Sep 13, 2015,0
Sep 14, 2015,0
Sep 15, 2015,4.888
Sep 16, 2015,0
Sep 17, 2015,8.966
Sep 18, 2015,2.989
Sep 19, 2015,11.954
Sep 20, 2015,8.966
Sep 21, 2015,2.354
Sep 22, 2015,1.177
Sep 23, 2015,1.177
Sep 24, 2015,2.354
Sep 25, 2015,0
Sep 26, 2015,0
Sep 27, 2015,0
Sep 28, 2015,9.149
Sep 29, 2015,0
Sep 30, 2015,13.723
Oct 1, 2015,0
Oct 2, 2015,0
Oct 3, 2015,35.318
Oct 4, 2015,0
Oct 5, 2015,5.886
Oct 6, 2015,0
Oct 7, 2015,21.666
Oct 8, 2015,0
Oct 9, 2015,21.666
Oct 10, 2015,0
Oct 11, 2015,0
Oct 12, 2015,0
Oct 13, 2015,6.331
Oct 14, 2015,6.331
Oct 15, 2015,18.993
Oct 16, 2015,26.704
Oct 17, 2015,0
Oct 18, 2015,8.901
Oct 19, 2015,0
Oct 20, 2015,0
Oct 21, 2015,17.929
Oct 22, 2015,0
Oct 23, 2015,11.952
Oct 24, 2015,5.976
Oct 25, 2015,17.929
Oct 26, 2015,6.517
Oct 27, 2015,0
Oct 28, 2015,0
Oct 29, 2015,13.034
Oct 30, 2015,13.034
Oct 31, 2015,0
Nov 1, 2015,0
Nov 2, 2015,0
Nov 3, 2015,0
Nov 4, 2015,0
Nov 5, 2015,43.754
Nov 6, 2015,4.114
Nov 7, 2015,4.114
Nov 8, 2015,8.227
Nov 9, 2015,4.114
Nov 10, 2015,8.227
Nov 11, 2015,0
Nov 12, 2015,0
Nov 13, 2015,0
Nov 14, 2015,0
Nov 15, 2015,8.419
Nov 16, 2015,13.57
Nov 17, 2015,13.57
Nov 18, 2015,6.785
Nov 19, 2015,0
Nov 20, 2015,0
Nov 21, 2015,0
Nov 22, 2015,0
Nov 23, 2015,0
Nov 24, 2015,0
Nov 25, 2015,0
Nov 26, 2015,5.071
Nov 27, 2015,5.071
Nov 28, 2015,0
Nov 29, 2015,0
Nov 30, 2015,0
Dec 1, 2015,0
Dec 2, 2015,0
Dec 3, 2015,0
Dec 4, 2015,10.112
Dec 5, 2015,0
Dec 6, 2015,8.594
Dec 7, 2015,8.594
Dec 8, 2015,0
Dec 9, 2015,0
Dec 10, 2015,0
Dec 11, 2015,0
Dec 12, 2015,0
Dec 13, 2015,4.189
Dec 14, 2015,4.189
Dec 15, 2015,4.189
Dec 16, 2015,0
Dec 17, 2015,0
Dec 18, 2015,3.654
Dec 19, 2015,0
Dec 20, 2015,3.654
Dec 21, 2015,17.063
Dec 22, 2015,0
Dec 23, 2015,0
Dec 24, 2015,0
Dec 25, 2015,0
Dec 26, 2015,0
Dec 27, 2015,0
Dec 28, 2015,24.907
Dec 29, 2015,0
Dec 30, 2015,0
Dec 31, 2015,0
Jan 1, 2016,28.822
Jan 2, 2016,0
Jan 3, 2016,0
Jan 4, 2016,0
Jan 5, 2016,0
Jan 6, 2016,0
Jan 7, 2016,13.149
Jan 8, 2016,6.574
Jan 9, 2016,0
Jan 10, 2016,0
Jan 11, 2016,0
Jan 12, 2016,0
Jan 13, 2016,0
Jan 14, 2016,0
Jan 15, 2016,0
Jan 16, 2016,0
Jan 17, 2016,0
Jan 18, 2016,0
Jan 19, 2016,0
Jan 20, 2016,0
Jan 21, 2016,0
Jan 22, 2016,3.222
Jan 23, 2016,0
Jan 24, 2016,0
Jan 25, 2016,0
Jan 26, 2016,0
Jan 27, 2016,0
Jan 28, 2016,0
Jan 29, 2016,0
Jan 30, 2016,0
Jan 31, 2016,0
Feb 1, 2016,0
Feb 2, 2016,0
Feb 3, 2016,0
Feb 4, 2016,0
Feb 5, 2016,7.252
Feb 6, 2016,0
Feb 7, 2016,0
Feb 8, 2016,0
Feb 9, 2016,0
Feb 10, 2016,0
Feb 11, 2016,0
Feb 12, 2016,0
Feb 13, 2016,0
Feb 14, 2016,0
Feb 15, 2016,0
Feb 16, 2016,0
Feb 17, 2016,10.052
Feb 18, 2016,0
Feb 19, 2016,0
Feb 20, 2016,0
Feb 21, 2016,5.29
Feb 22, 2016,0
Feb 23, 2016,0
Feb 24, 2016,0
Feb 25, 2016,5.29
Feb 26, 2016,0
Feb 27, 2016,0
Feb 28, 2016,0
Feb 29, 2016,0
Mar 1, 2016,0
Mar 2, 2016,0
Mar 3, 2016,0
Mar 4, 2016,0
Mar 5, 2016,4.027
Mar 6, 2016,5.254
Mar 7, 2016,2.627
Mar 8, 2016,0
Mar 9, 2016,7.881
Mar 10, 2016,2.627
Mar 11, 2016,0
Mar 12, 2016,0.979
Mar 13, 2016,0.979
Mar 14, 2016,0.979
Mar 15, 2016,0
Mar 16, 2016,0
Mar 17, 2016,4.443
Mar 18, 2016,4.443
Mar 19, 2016,0
Mar 20, 2016,4.443
Mar 21, 2016,0
Mar 22, 2016,0
Mar 23, 2016,0
Mar 24, 2016,0
Mar 25, 2016,0
Mar 26, 2016,0
Mar 27, 2016,0
Mar 28, 2016,7.772
Mar 29, 2016,3.886
Mar 30, 2016,3.886
Mar 31, 2016,3.886
Apr 1, 2016,15.332
Apr 2, 2016,0
Apr 3, 2016,0
Apr 4, 2016,0
Apr 5, 2016,0
Apr 6, 2016,4.087
Apr 7, 2016,4.087
Apr 8, 2016,0
Apr 9, 2016,12.26
Apr 10, 2016,4.087
Apr 11, 2016,7.541
Apr 12, 2016,15.082
Apr 13, 2016,0
Apr 14, 2016,0
Apr 15, 2016,0
Apr 16, 2016,6.244
Apr 17, 2016,0
Apr 18, 2016,0
Apr 19, 2016,18.733
Apr 20, 2016,0
Apr 21, 2016,6.969
Apr 22, 2016,3.484
Apr 23, 2016,6.969
Apr 24, 2016,13.938
Apr 25, 2016,13.938
Apr 26, 2016,16.602
Apr 27, 2016,5.534
Apr 28, 2016,0
Apr 29, 2016,22.136
Apr 30, 2016,5.534
May 1, 2016,2.037
May 2, 2016,2.037
May 3, 2016,2.037
May 4, 2016,8.148
May 5, 2016,2.037
May 6, 2016,14.228
May 7, 2016,7.114
May 8, 2016,14.228
May 9, 2016,7.114
May 10, 2016,21.342
May 11, 2016,0
May 12, 2016,1.389
May 13, 2016,0
May 14, 2016,4.167
May 15, 2016,0
May 16, 2016,0
May 17, 2016,0
May 18, 2016,4.738
May 19, 2016,0
May 20, 2016,2.369
May 21, 2016,9.643
May 22, 2016,6.429
May 23, 2016,0
May 24, 2016,0
May 25, 2016,3.214
May 26, 2016,16.201
May 27, 2016,0
May 28, 2016,5.4
May 29, 2016,21.602
May 30, 2016,5.4
May 31, 2016,16.201
Jun 1, 2016,0
Jun 2, 2016,6.078
Jun 3, 2016,6.078
Jun 4, 2016,3.039
Jun 5, 2016,0
Jun 6, 2016,4.369
Jun 7, 2016,4.369
Jun 8, 2016,0
Jun 9, 2016,0
Jun 10, 2016,0
Jun 11, 2016,0
Jun 12, 2016,0
Jun 13, 2016,9.636
Jun 14, 2016,9.636
Jun 15, 2016,0
Jun 16, 2016,0
Jun 17, 2016,0
Jun 18, 2016,3.062
Jun 19, 2016,3.062
Jun 20, 2016,6.123
Jun 21, 2016,7.14
Jun 22, 2016,0
Jun 23, 2016,3.57
Jun 24, 2016,3.57
Jun 25, 2016,3.57
Jun 26, 2016,7.114
Jun 27, 2016,0
Jun 28, 2016,0
Jun 29, 2016,0
Jun 30, 2016,0
Jul 1, 2016,20.89
Jul 2, 2016,8.356
Jul 3, 2016,8.356
Jul 4, 2016,0
Jul 5, 2016,8.356
Jul 6, 2016,5.164
Jul 7, 2016,0
Jul 8, 2016,1.721
Jul 9, 2016,0
Jul 10, 2016,3.443
Jul 11, 2016,0
Jul 12, 2016,7.431
Jul 13, 2016,0
Jul 14, 2016,7.431
Jul 15, 2016,11.147
Jul 16, 2016,7.252
Jul 17, 2016,0
Jul 18, 2016,10.878
Jul 19, 2016,3.626
Jul 20, 2016,3.626
Jul 21, 2016,2.533
Jul 22, 2016,5.067
Jul 23, 2016,0
Jul 24, 2016,2.533
Jul 25, 2016,2.533
Jul 26, 2016,0
Jul 27, 2016,3.85
Jul 28, 2016,3.85
Jul 29, 2016,3.85
Jul 30, 2016,0
Jul 31, 2016,7.699
Aug 1, 2016,3.523
Aug 2, 2016,7.046
Aug 3, 2016,7.046
Aug 4, 2016,10.569
Aug 5, 2016,0
Aug 6, 2016,0
Aug 7, 2016,0
Aug 8, 2016,5.973
Aug 9, 2016,0
Aug 10, 2016,23.891
Aug 11, 2016,0
Aug 12, 2016,13.666
Aug 13, 2016,13.666
Aug 14, 2016,13.666
Aug 15, 2016,13.666
Aug 16, 2016,10.459
Aug 17, 2016,20.917
Aug 18, 2016,10.459
Aug 19, 2016,5.229
Aug 20, 2016,0
Aug 21, 2016,5.868
Aug 22, 2016,0
Aug 23, 2016,0
Aug 24, 2016,0
Aug 25, 2016,0
Aug 26, 2016,22.763
Aug 27, 2016,22.763
Aug 28, 2016,22.763
Aug 29, 2016,0
Aug 30, 2016,11.382
Aug 31, 2016,22.763
Sep 1, 2016,15.131
Sep 2, 2016,5.044
Sep 3, 2016,0
Sep 4, 2016,10.087
Sep 5, 2016,15.131
Sep 6, 2016,10.856
Sep 7, 2016,27.139
Sep 8, 2016,0
Sep 9, 2016,5.428
Sep 10, 2016,10.856
Sep 11, 2016,9.835
Sep 12, 2016,14.752
Sep 13, 2016,4.917
Sep 14, 2016,9.835
Sep 15, 2016,14.752
Sep 16, 2016,0
Sep 17, 2016,0
Sep 18, 2016,13.248
Sep 19, 2016,0
Sep 20, 2016,0
Sep 21, 2016,9.268
Sep 22, 2016,0
Sep 23, 2016,0
Sep 24, 2016,4.634
Sep 25, 2016,6.951
Sep 26, 2016,0
Sep 27, 2016,15.295
Sep 28, 2016,7.648
Sep 29, 2016,15.295
Sep 30, 2016,0
Oct 1, 2016,9.445
Oct 2, 2016,0
Oct 3, 2016,9.445
Oct 4, 2016,9.445
Oct 5, 2016,9.445
Oct 6, 2016,4.64
Oct 7, 2016,0
Oct 8, 2016,0
Oct 9, 2016,9.279
Oct 10, 2016,23.198
Oct 11, 2016,14.176
Oct 12, 2016,14.176
Oct 13, 2016,0
Oct 14, 2016,14.176
Oct 15, 2016,0
Oct 16, 2016,22.138
Oct 17, 2016,5.535
Oct 18, 2016,11.069
Oct 19, 2016,0
Oct 20, 2016,0
Oct 21, 2016,0
Oct 22, 2016,6.849
Oct 23, 2016,6.849
Oct 24, 2016,6.849
Oct 25, 2016,6.849
Oct 26, 2016,0
Oct 27, 2016,0
Oct 28, 2016,19.824
Oct 29, 2016,19.824
Oct 30, 2016,0
Oct 31, 2016,6.608
Nov 1, 2016,18.978
Nov 2, 2016,0
Nov 3, 2016,0
Nov 4, 2016,4.745
Nov 5, 2016,4.745
Nov 6, 2016,17.062
Nov 7, 2016,11.374
Nov 8, 2016,0
Nov 9, 2016,0
Nov 10, 2016,17.062
Nov 11, 2016,21.729
Nov 12, 2016,0
Nov 13, 2016,3.622
Nov 14, 2016,10.865
Nov 15, 2016,0
Nov 16, 2016,0
Nov 17, 2016,27.354
Nov 18, 2016,13.677
Nov 19, 2016,13.677
Nov 20, 2016,0
Nov 21, 2016,0
Nov 22, 2016,0
Nov 23, 2016,0
Nov 24, 2016,0
Nov 25, 2016,0
Nov 26, 2016,9.882
Nov 27, 2016,9.882
Nov 28, 2016,19.765
Nov 29, 2016,0
Nov 30, 2016,0
Dec 1, 2016,25.443
Dec 2, 2016,3.635
Dec 3, 2016,3.635
Dec 4, 2016,3.635
Dec 5, 2016,3.635
Dec 6, 2016,0
Dec 7, 2016,0
Dec 8, 2016,15.174
Dec 9, 2016,0
Dec 10, 2016,0
Dec 11, 2016,4.867
Dec 12, 2016,0
Dec 13, 2016,4.867
Dec 14, 2016,4.867
Dec 15, 2016,0
Dec 16, 2016,10.4
Dec 17, 2016,0
Dec 18, 2016,0
Dec 19, 2016,0
Dec 20, 2016,0
Dec 21, 2016,0
Dec 22, 2016,0
Dec 23, 2016,0
Dec 24, 2016,0
Dec 25, 2016,22.115
Dec 26, 2016,0
Dec 27, 2016,0
Dec 28, 2016,6.234
Dec 29, 2016,6.234
Dec 30, 2016,6.234
Dec 31, 2016,6.234
Jan 1, 2017,0
Jan 2, 2017,0
Jan 3, 2017,0
Jan 4, 2017,0
Jan 5, 2017,11.914
Jan 6, 2017,5.248
Jan 7, 2017,0
Jan 8, 2017,20.991
Jan 9, 2017,5.248
Jan 10, 2017,0
Jan 11, 2017,0
Jan 12, 2017,0
Jan 13, 2017,0
Jan 14, 2017,24.003
Jan 15, 2017,0
Jan 16, 2017,0
Jan 17, 2017,0
Jan 18, 2017,0
Jan 19, 2017,0
Jan 20, 2017,0
Jan 21, 2017,0
Jan 22, 2017,0
Jan 23, 2017,0
Jan 24, 2017,0
Jan 25, 2017,0
Jan 26, 2017,0
Jan 27, 2017,0
Jan 28, 2017,0
Jan 29, 2017,0
Jan 30, 2017,21.174
Jan 31, 2017,0
Feb 1, 2017,0
Feb 2, 2017,0
Feb 3, 2017,0
Feb 4, 2017,0
Feb 5, 2017,0
Feb 6, 2017,4.906
Feb 7, 2017,0
Feb 8, 2017,0
Feb 9, 2017,0
Feb 10, 2017,0
Feb 11, 2017,0
Feb 12, 2017,0
Feb 13, 2017,0
Feb 14, 2017,0
Feb 15, 2017,0
Feb 16, 2017,0
Feb 17, 2017,0
Feb 18, 2017,0
Feb 19, 2017,0
Feb 20, 2017,0
Feb 21, 2017,0
Feb 22, 2017,0
Feb 23, 2017,0
Feb 24, 2017,25.007
Feb 25, 2017,25.007
Feb 26, 2017,2.757
Feb 27, 2017,0
Feb 28, 2017,5.514
Mar 1, 2017,3.151
Mar 2, 2017,0
Mar 3, 2017,0
Mar 4, 2017,0
Mar 5, 2017,18.908
Mar 6, 2017,10.218
Mar 7, 2017,15.327
Mar 8, 2017,10.218
Mar 9, 2017,5.109
Mar 10, 2017,10.218
Mar 11, 2017,5.114
Mar 12, 2017,20.457
Mar 13, 2017,0
Mar 14, 2017,15.343
Mar 15, 2017,15.343
Mar 16, 2017,0
Mar 17, 2017,0
Mar 18, 2017,0
Mar 19, 2017,9.77
Mar 20, 2017,9.77
Mar 21, 2017,10.925
Mar 22, 2017,0
Mar 23, 2017,21.85
Mar 24, 2017,10.925
Mar 25, 2017,0
Mar 26, 2017,6.848
Mar 27, 2017,0
Mar 28, 2017,13.695
Mar 29, 2017,13.695
Mar 30, 2017,20.543
Mar 31, 2017,13.695
Apr 1, 2017,7.214
Apr 2, 2017,0
Apr 3, 2017,3.607
Apr 4, 2017,0
Apr 5, 2017,0
Apr 6, 2017,0
Apr 7, 2017,0
Apr 8, 2017,13.436
Apr 9, 2017,8.062
Apr 10, 2017,0
Apr 11, 2017,5.151
Apr 12, 2017,0
Apr 13, 2017,10.303
Apr 14, 2017,30.908
Apr 15, 2017,0
Apr 16, 2017,8.462
Apr 17, 2017,8.462
Apr 18, 2017,2.821
Apr 19, 2017,5.641
Apr 20, 2017,0
Apr 21, 2017,0
Apr 22, 2017,5.718
Apr 23, 2017,0
Apr 24, 2017,11.435
Apr 25, 2017,5.718
Apr 26, 2017,7.355
Apr 27, 2017,0
Apr 28, 2017,0
Apr 29, 2017,1.839
Apr 30, 2017,7.355
May 1, 2017,4.897
May 2, 2017,14.692
May 3, 2017,4.897
May 4, 2017,4.897
May 5, 2017,14.692
May 6, 2017,15.85
May 7, 2017,0
May 8, 2017,21.133
May 9, 2017,26.417
May 10, 2017,15.85
May 11, 2017,7.022
May 12, 2017,7.022
May 13, 2017,7.022
May 14, 2017,0
May 15, 2017,17.554
May 16, 2017,9.398
May 17, 2017,4.699
May 18, 2017,9.398
May 19, 2017,0
May 20, 2017,18.795
May 21, 2017,12.669
May 22, 2017,0
May 23, 2017,0
May 24, 2017,0
May 25, 2017,0
May 26, 2017,0
May 27, 2017,6.312
May 28, 2017,0
May 29, 2017,0
May 30, 2017,6.312
May 31, 2017,0
Jun 1, 2017,1.548
Jun 2, 2017,4.645
Jun 3, 2017,0
Jun 4, 2017,3.096
Jun 5, 2017,4.645
Jun 6, 2017,0
Jun 7, 2017,12.563
Jun 8, 2017,12.563
Jun 9, 2017,4.188
Jun 10, 2017,0
Jun 11, 2017,11.519
Jun 12, 2017,7.68
Jun 13, 2017,7.68
Jun 14, 2017,11.519
Jun 15, 2017,11.519
Jun 16, 2017,0
Jun 17, 2017,6.092
Jun 18, 2017,12.185
Jun 19, 2017,12.185
Jun 20, 2017,6.092
Jun 21, 2017,15.858
Jun 22, 2017,0
Jun 23, 2017,0
Jun 24, 2017,0
Jun 25, 2017,0
Jun 26, 2017,9.489
Jun 27, 2017,9.489
Jun 28, 2017,9.489
Jun 29, 2017,4.744
Jun 30, 2017,18.978
Jul 1, 2017,0
Jul 2, 2017,2.693
Jul 3, 2017,5.387
Jul 4, 2017,0
Jul 5, 2017,0
Jul 6, 2017,1.426
Jul 7, 2017,1.426
Jul 8, 2017,1.426
Jul 9, 2017,0.713
Jul 10, 2017,0
Jul 11, 2017,4.372
Jul 12, 2017,0
Jul 13, 2017,0
Jul 14, 2017,0
Jul 15, 2017,4.372
Jul 16, 2017,3.139
Jul 17, 2017,6.277
Jul 18, 2017,0
Jul 19, 2017,9.416
Jul 20, 2017,0
Jul 21, 2017,0
Jul 22, 2017,0
Jul 23, 2017,1.669
Jul 24, 2017,0
Jul 25, 2017,0.834
Jul 26, 2017,0
Jul 27, 2017,0
Jul 28, 2017,0
Jul 29, 2017,0
Jul 30, 2017,2.509
Jul 31, 2017,1.673
Aug 1, 2017,0
Aug 2, 2017,0
Aug 3, 2017,0
Aug 4, 2017,21.238
Aug 5, 2017,0
Aug 6, 2017,0
Aug 7, 2017,3.715
Aug 8, 2017,14.861
Aug 9, 2017,3.715
Aug 10, 2017,0
Aug 11, 2017,8.998
Aug 12, 2017,8.998
Aug 13, 2017,0
Aug 14, 2017,0
Aug 15, 2017,8.998
Aug 16, 2017,8.429
Aug 17, 2017,4.215
Aug 18, 2017,6.322
Aug 19, 2017,4.215
Aug 20, 2017,0
Aug 21, 2017,7.711
Aug 22, 2017,0
Aug 23, 2017,7.711
Aug 24, 2017,0
Aug 25, 2017,0
Aug 26, 2017,7.873
Aug 27, 2017,15.746
Aug 28, 2017,7.873
Aug 29, 2017,3.937
Aug 30, 2017,7.873
Aug 31, 2017,3.937
Sep 1, 2017,0
Sep 2, 2017,7.061
Sep 3, 2017,0
Sep 4, 2017,0
Sep 5, 2017,7.061
Sep 6, 2017,7.884
Sep 7, 2017,15.768
Sep 8, 2017,3.942
Sep 9, 2017,15.768
Sep 10, 2017,11.826
Sep 11, 2017,0
Sep 12, 2017,8.295
Sep 13, 2017,16.59
Sep 14, 2017,0
Sep 15, 2017,12.443
Sep 16, 2017,8.639
Sep 17, 2017,12.958
Sep 18, 2017,0
Sep 19, 2017,4.319
Sep 20, 2017,4.319
Sep 21, 2017,0
Sep 22, 2017,0
Sep 23, 2017,13.236
Sep 24, 2017,0
Sep 25, 2017,9.927
Sep 26, 2017,4.187
Sep 27, 2017,0
Sep 28, 2017,8.374
Sep 29, 2017,0
Sep 30, 2017,20.935
Oct 1, 2017,4.301
Oct 2, 2017,12.904
Oct 3, 2017,17.206
Oct 4, 2017,8.603
Oct 5, 2017,12.904
Oct 6, 2017,7.358
Oct 7, 2017,0
Oct 8, 2017,3.679
Oct 9, 2017,14.716
Oct 10, 2017,0
Oct 11, 2017,7.903
Oct 12, 2017,0
Oct 13, 2017,7.903
Oct 14, 2017,0
Oct 15, 2017,0
Oct 16, 2017,0
Oct 17, 2017,0
Oct 18, 2017,3.261
Oct 19, 2017,13.045
Oct 20, 2017,0
Oct 21, 2017,8.037
Oct 22, 2017,10.716
Oct 23, 2017,2.679
Oct 24, 2017,8.037
Oct 25, 2017,5.358
Oct 26, 2017,0
Oct 27, 2017,8.758
Oct 28, 2017,17.515
Oct 29, 2017,8.758
Oct 30, 2017,0
Oct 31, 2017,0
Nov 1, 2017,3.238
Nov 2, 2017,0
Nov 3, 2017,9.714
Nov 4, 2017,12.952
Nov 5, 2017,3.238
Nov 6, 2017,0
Nov 7, 2017,9.744
Nov 8, 2017,9.744
Nov 9, 2017,0
Nov 10, 2017,9.744
Nov 11, 2017,5.442
Nov 12, 2017,0
Nov 13, 2017,21.768
Nov 14, 2017,5.442
Nov 15, 2017,5.442
Nov 16, 2017,32.365
Nov 17, 2017,6.473
Nov 18, 2017,12.946
Nov 19, 2017,0
Nov 20, 2017,0
Nov 21, 2017,0
Nov 22, 2017,0
Nov 23, 2017,0
Nov 24, 2017,16.549
Nov 25, 2017,0
Nov 26, 2017,0
Nov 27, 2017,11.371
Nov 28, 2017,0
Nov 29, 2017,11.371
Nov 30, 2017,0
Dec 1, 2017,10.677
Dec 2, 2017,21.354
Dec 3, 2017,0
Dec 4, 2017,0
Dec 5, 2017,0
Dec 6, 2017,0
Dec 7, 2017,7.464
Dec 8, 2017,7.464
Dec 9, 2017,29.855
Dec 10, 2017,0
Dec 11, 2017,0
Dec 12, 2017,0
Dec 13, 2017,0
Dec 14, 2017,0
Dec 15, 2017,0
Dec 16, 2017,0
Dec 17, 2017,0
Dec 18, 2017,0
Dec 19, 2017,0
Dec 20, 2017,0
Dec 21, 2017,0
Dec 22, 2017,0
Dec 23, 2017,0
Dec 24, 2017,0
Dec 25, 2017,4.097
Dec 26, 2017,0
Dec 27, 2017,0
Dec 28, 2017,13.646
Dec 29, 2017,0
Dec 30, 2017,0
Dec 31, 2017,0
Jan 1, 2018,0
Jan 2, 2018,15.058
Jan 3, 2018,7.529
Jan 4, 2018,15.058
Jan 5, 2018,7.529
Jan 6, 2018,0
Jan 7, 2018,0
Jan 8, 2018,0
Jan 9, 2018,25.23
Jan 10, 2018,12.615
Jan 11, 2018,0
Jan 12, 2018,0
Jan 13, 2018,0
Jan 14, 2018,13.567
Jan 15, 2018,0
Jan 16, 2018,0
Jan 17, 2018,23.103
Jan 18, 2018,0
Jan 19, 2018,0
Jan 20, 2018,0
Jan 21, 2018,0
Jan 22, 2018,5.745
Jan 23, 2018,0
Jan 24, 2018,0
Jan 25, 2018,0
Jan 26, 2018,7.429
Jan 27, 2018,0
Jan 28, 2018,11.144
Jan 29, 2018,0
Jan 30, 2018,0
Jan 31, 2018,0
Feb 1, 2018,39.323
Feb 2, 2018,0
Feb 3, 2018,0
Feb 4, 2018,0
Feb 5, 2018,0
Feb 6, 2018,0
Feb 7, 2018,0
Feb 8, 2018,0
Feb 9, 2018,0
Feb 10, 2018,0
Feb 11, 2018,0
Feb 12, 2018,0
Feb 13, 2018,0
Feb 14, 2018,0
Feb 15, 2018,0
Feb 16, 2018,0
Feb 17, 2018,19.077
Feb 18, 2018,0
Feb 19, 2018,0
Feb 20, 2018,0
Feb 21, 2018,0
Feb 22, 2018,0
Feb 23, 2018,0
Feb 24, 2018,0
Feb 25, 2018,0
Feb 26, 2018,0
Feb 27, 2018,0
Feb 28, 2018,0
Mar 1, 2018,0
Mar 2, 2018,0
Mar 3, 2018,0
Mar 4, 2018,0
Mar 5, 2018,0
Mar 6, 2018,0
Mar 7, 2018,0
Mar 8, 2018,8.645
Mar 9, 2018,0
Mar 10, 2018,0
Mar 11, 2018,0
Mar 12, 2018,0
Mar 13, 2018,0
Mar 14, 2018,0
Mar 15, 2018,0
Mar 16, 2018,0
Mar 17, 2018,0
Mar 18, 2018,11.806
Mar 19, 2018,3.935
Mar 20, 2018,0
Mar 21, 2018,11.878
Mar 22, 2018,7.919
Mar 23, 2018,0
Mar 24, 2018,15.838
Mar 25, 2018,3.959
Mar 26, 2018,3.322
Mar 27, 2018,9.967
Mar 28, 2018,0
Mar 29, 2018,16.612
Mar 30, 2018,3.322
Mar 31, 2018,6.645
Apr 1, 2018,26.541
Apr 2, 2018,8.847
Apr 3, 2018,17.694
Apr 4, 2018,8.847
Apr 5, 2018,8.847
Apr 6, 2018,8.899
Apr 7, 2018,0
Apr 8, 2018,0
Apr 9, 2018,0
Apr 10, 2018,26.697
Apr 11, 2018,8.665
Apr 12, 2018,17.331
Apr 13, 2018,8.665
Apr 14, 2018,0
Apr 15, 2018,0
Apr 16, 2018,0
Apr 17, 2018,1.858
Apr 18, 2018,5.575
Apr 19, 2018,0
Apr 20, 2018,11.15
Apr 21, 2018,0
Apr 22, 2018,8.282
Apr 23, 2018,2.07
Apr 24, 2018,10.352
Apr 25, 2018,6.211
Apr 26, 2018,14.376
Apr 27, 2018,21.565
Apr 28, 2018,7.188
Apr 29, 2018,28.753
Apr 30, 2018,0
May 1, 2018,2.924
May 2, 2018,5.848
May 3, 2018,8.773
May 4, 2018,14.621
May 5, 2018,11.697
May 6, 2018,12.326
May 7, 2018,36.977
May 8, 2018,0
May 9, 2018,0
May 10, 2018,0
May 11, 2018,5.145
May 12, 2018,0
May 13, 2018,20.582
May 14, 2018,15.436
May 15, 2018,10.291
May 16, 2018,10.202
May 17, 2018,10.202
May 18, 2018,15.303
May 19, 2018,10.202
May 20, 2018,20.404
May 21, 2018,8.1
May 22, 2018,0
May 23, 2018,32.399
May 24, 2018,0
May 25, 2018,8.1
May 26, 2018,13.98
May 27, 2018,13.98
May 28, 2018,13.98
May 29, 2018,0
May 30, 2018,13.98
May 31, 2018,0
Jun 1, 2018,10.183
Jun 2, 2018,15.275
Jun 3, 2018,10.183
Jun 4, 2018,5.092
Jun 5, 2018,0
Jun 6, 2018,1.872
Jun 7, 2018,0
Jun 8, 2018,0
Jun 9, 2018,0
Jun 10, 2018,3.744
Jun 11, 2018,0
Jun 12, 2018,11.135
Jun 13, 2018,0
Jun 14, 2018,11.135
Jun 15, 2018,0
Jun 16, 2018,0
Jun 17, 2018,2.918
Jun 18, 2018,0
Jun 19, 2018,2.918
Jun 20, 2018,0
Jun 21, 2018,0
Jun 22, 2018,0
Jun 23, 2018,6.173
Jun 24, 2018,12.347
Jun 25, 2018,6.173
Jun 26, 2018,0
Jun 27, 2018,8.201
Jun 28, 2018,8.201
Jun 29, 2018,4.101
Jun 30, 2018,4.101
Jul 1, 2018,3.781
Jul 2, 2018,11.342
Jul 3, 2018,11.342
Jul 4, 2018,0
Jul 5, 2018,0
Jul 6, 2018,0.843
Jul 7, 2018,1.686
Jul 8, 2018,0.843
Jul 9, 2018,1.686
Jul 10, 2018,0.843
Jul 11, 2018,0
Jul 12, 2018,0
Jul 13, 2018,0
Jul 14, 2018,3.043
Jul 15, 2018,0
Jul 16, 2018,0
Jul 17, 2018,4.127
Jul 18, 2018,0
Jul 19, 2018,4.127
Jul 20, 2018,0
Jul 21, 2018,7.491
Jul 22, 2018,0
Jul 23, 2018,0
Jul 24, 2018,3.746
Jul 25, 2018,0
Jul 26, 2018,0
Jul 27, 2018,8.448
Jul 28, 2018,8.448
Jul 29, 2018,0
Jul 30, 2018,8.448
Jul 31, 2018,4.224
Aug 1, 2018,0
Aug 2, 2018,0
Aug 3, 2018,10.392
Aug 4, 2018,10.392
Aug 5, 2018,15.589
Aug 6, 2018,0
Aug 7, 2018,0
Aug 8, 2018,0
Aug 9, 2018,0
Aug 10, 2018,0
Aug 11, 2018,0
Aug 12, 2018,0
Aug 13, 2018,0
Aug 14, 2018,13.888
Aug 15, 2018,13.888
Aug 16, 2018,0.292
Aug 17, 2018,1.281
Aug 18, 2018,4.556
Aug 19, 2018,0
Aug 20, 2018,0.681
Aug 21, 2018,0
Aug 22, 2018,2.12
Aug 23, 2018,0
Aug 24, 2018,6.36
Aug 25, 2018,0
Aug 26, 2018,3.321
Aug 27, 2018,9.963
Aug 28, 2018,0
Aug 29, 2018,6.642
Aug 30, 2018,9.963
Aug 31, 2018,3.321
Sep 1, 2018,10.388
Sep 2, 2018,0
Sep 3, 2018,10.388
Sep 4, 2018,10.388
Sep 5, 2018,0
Sep 6, 2018,8.825
Sep 7, 2018,13.238
Sep 8, 2018,13.238
Sep 9, 2018,8.825
Sep 10, 2018,0
Sep 11, 2018,0
Sep 12, 2018,12.259
Sep 13, 2018,0
Sep 14, 2018,18.388
Sep 15, 2018,0
Sep 16, 2018,5.531
Sep 17, 2018,0
Sep 18, 2018,0
Sep 19, 2018,8.297
Sep 20, 2018,8.297
Sep 21, 2018,0
Sep 22, 2018,10.687
Sep 23, 2018,0
Sep 24, 2018,5.344
Sep 25, 2018,0
Sep 26, 2018,0
Sep 27, 2018,19.168
Sep 28, 2018,6.389
Sep 29, 2018,19.168
Sep 30, 2018,25.557
Oct 1, 2018,0
Oct 2, 2018,13.587
Oct 3, 2018,13.587
Oct 4, 2018,0
Oct 5, 2018,40.76
Oct 6, 2018,0
Oct 7, 2018,0
Oct 8, 2018,17.02
Oct 9, 2018,25.53
Oct 10, 2018,8.51
Oct 11, 2018,21.267
Oct 12, 2018,0
Oct 13, 2018,0
Oct 14, 2018,7.089
Oct 15, 2018,0
Oct 16, 2018,8.633
Oct 17, 2018,8.633
Oct 18, 2018,4.316
Oct 19, 2018,0
Oct 20, 2018,12.949
Oct 21, 2018,8.662
Oct 22, 2018,0
Oct 23, 2018,8.662
Oct 24, 2018,8.662
Oct 25, 2018,17.323
Oct 26, 2018,0
Oct 27, 2018,0
Oct 28, 2018,0
Oct 29, 2018,0
Oct 30, 2018,4.926
Oct 31, 2018,14.777
Nov 1, 2018,17.3
Nov 2, 2018,17.3
Nov 3, 2018,0
Nov 4, 2018,0
Nov 5, 2018,17.3
Nov 6, 2018,0
Nov 7, 2018,0
Nov 8, 2018,12.598
Nov 9, 2018,6.299
Nov 10, 2018,6.299
Nov 11, 2018,0
Nov 12, 2018,0
Nov 13, 2018,0
Nov 14, 2018,0
Nov 15, 2018,0
Nov 16, 2018,6.183
Nov 17, 2018,12.366
Nov 18, 2018,18.549
Nov 19, 2018,0
Nov 20, 2018,0
Nov 21, 2018,16.868
Nov 22, 2018,16.868
Nov 23, 2018,16.868
Nov 24, 2018,0
Nov 25, 2018,16.868
Nov 26, 2018,18.85
Nov 27, 2018,12.567
Nov 28, 2018,6.283
Nov 29, 2018,0
Nov 30, 2018,6.283
Dec 1, 2018,0
Dec 2, 2018,0
Dec 3, 2018,0
Dec 4, 2018,6.96
Dec 5, 2018,0
Dec 6, 2018,0
Dec 7, 2018,0
Dec 8, 2018,0
Dec 9, 2018,5.058
Dec 10, 2018,0
Dec 11, 2018,0
Dec 12, 2018,0
Dec 13, 2018,0
Dec 14, 2018,12.569
Dec 15, 2018,0
Dec 16, 2018,0
Dec 17, 2018,4.967
Dec 18, 2018,0
Dec 19, 2018,0
Dec 20, 2018,0
Dec 21, 2018,0.846
Dec 22, 2018,1.878
Dec 23, 2018,0.187
Dec 24, 2018,0.274
Dec 25, 2018,0.715
Dec 26, 2018,0
Dec 27, 2018,0
Dec 28, 2018,0
Dec 29, 2018,0
Dec 30, 2018,0
Dec 31, 2018,0
Jan 1, 2019,0
Jan 2, 2019,0
Jan 3, 2019,0
Jan 4, 2019,0
Jan 5, 2019,0
Jan 6, 2019,0
Jan 7, 2019,47.192
Jan 8, 2019,0
Jan 9, 2019,0
Jan 10, 2019,0
Jan 11, 2019,0
Jan 12, 2019,0
Jan 13, 2019,0
Jan 14, 2019,0
Jan 15, 2019,0
Jan 16, 2019,0
Jan 17, 2019,0
Jan 18, 2019,0
Jan 19, 2019,0
Jan 20, 2019,0
Jan 21, 2019,0
Jan 22, 2019,0
Jan 23, 2019,0
Jan 24, 2019,0
Jan 25, 2019,5.615
Jan 26, 2019,0
Jan 27, 2019,0
Jan 28, 2019,15.116
Jan 29, 2019,0
Jan 30, 2019,0
Jan 31, 2019,0
Feb 1, 2019,0
Feb 2, 2019,0
Feb 3, 2019,0
Feb 4, 2019,0
Feb 5, 2019,0
Feb 6, 2019,0
Feb 7, 2019,7.291
Feb 8, 2019,0
Feb 9, 2019,0
Feb 10, 2019,0
Feb 11, 2019,0
Feb 12, 2019,4.534
Feb 13, 2019,0
Feb 14, 2019,4.534
Feb 15, 2019,0
Feb 16, 2019,0
Feb 17, 2019,0
Feb 18, 2019,0
Feb 19, 2019,11.927
Feb 20, 2019,17.89
Feb 21, 2019,0
Feb 22, 2019,0
Feb 23, 2019,14.652
Feb 24, 2019,7.326
Feb 25, 2019,0
Feb 26, 2019,0
Feb 27, 2019,0
Feb 28, 2019,0
Mar 1, 2019,3.207
Mar 2, 2019,3.207
Mar 3, 2019,6.413
Mar 4, 2019,3.207
Mar 5, 2019,9.62
Mar 6, 2019,0
Mar 7, 2019,0
Mar 8, 2019,0
Mar 9, 2019,0
Mar 10, 2019,0
Mar 11, 2019,3.104
Mar 12, 2019,1.552
Mar 13, 2019,0
Mar 14, 2019,0
Mar 15, 2019,1.552
Mar 16, 2019,0
Mar 17, 2019,0
Mar 18, 2019,6.055
Mar 19, 2019,6.055
Mar 20, 2019,6.055
Mar 21, 2019,3.517
Mar 22, 2019,7.034
Mar 23, 2019,3.517
Mar 24, 2019,3.517
Mar 25, 2019,3.517
Mar 26, 2019,13.346
Mar 27, 2019,0
Mar 28, 2019,0
Mar 29, 2019,13.346
Mar 30, 2019,0
Mar 31, 2019,6.673
Apr 1, 2019,28.96
Apr 2, 2019,0
Apr 3, 2019,0
Apr 4, 2019,0
Apr 5, 2019,43.44
Apr 6, 2019,30.582
Apr 7, 2019,0
Apr 8, 2019,10.194
Apr 9, 2019,10.194
Apr 10, 2019,0
Apr 11, 2019,0
Apr 12, 2019,0
Apr 13, 2019,0
Apr 14, 2019,8.981
Apr 15, 2019,13.471
Apr 16, 2019,4.582
Apr 17, 2019,22.909
Apr 18, 2019,9.164
Apr 19, 2019,13.745
Apr 20, 2019,4.582
Apr 21, 2019,12.281
Apr 22, 2019,15.852
Apr 23, 2019,3.966
Apr 24, 2019,8.905
Apr 25, 2019,1.829
Apr 26, 2019,2.735
Apr 27, 2019,8.204
Apr 28, 2019,2.735
Apr 29, 2019,8.204
Apr 30, 2019,2.735
May 1, 2019,3.046
May 2, 2019,0
May 3, 2019,0
May 4, 2019,0
May 5, 2019,0
May 6, 2019,0
May 7, 2019,0
May 8, 2019,11.923
May 9, 2019,5.962
May 10, 2019,23.846
May 11, 2019,5.028
May 12, 2019,10.056
May 13, 2019,5.028
May 14, 2019,15.084
May 15, 2019,0
May 16, 2019,0
May 17, 2019,13.549
May 18, 2019,4.516
May 19, 2019,18.065
May 20, 2019,9.033
May 21, 2019,6.153
May 22, 2019,12.305
May 23, 2019,30.763
May 24, 2019,12.305
May 25, 2019,24.611
May 26, 2019,11.381
May 27, 2019,22.761
May 28, 2019,0
May 29, 2019,0
May 30, 2019,22.761
May 31, 2019,5.69
Jun 1, 2019,5.803
Jun 2, 2019,0
Jun 3, 2019,2.901
Jun 4, 2019,2.901
Jun 5, 2019,8.704
Jun 6, 2019,6.689
Jun 7, 2019,13.378
Jun 8, 2019,0
Jun 9, 2019,0
Jun 10, 2019,6.689
Jun 11, 2019,9.97
Jun 12, 2019,4.736
Jun 13, 2019,2.295
Jun 14, 2019,4.031
Jun 15, 2019,8.705
Jun 16, 2019,0
Jun 17, 2019,0
Jun 18, 2019,0
Jun 19, 2019,6.207
Jun 20, 2019,1.552
Jun 21, 2019,0
Jun 22, 2019,3.577
Jun 23, 2019,4.77
Jun 24, 2019,2.385
Jun 25, 2019,2.385
Jun 26, 2019,0
Jun 27, 2019,0
Jun 28, 2019,4.996
Jun 29, 2019,0
Jun 30, 2019,2.998
Jul 1, 2019,5.619
Jul 2, 2019,0
Jul 3, 2019,11.237
Jul 4, 2019,0
Jul 5, 2019,11.237
Jul 6, 2019,4.285
Jul 7, 2019,0
Jul 8, 2019,1.428
Jul 9, 2019,4.285
Jul 10, 2019,0
Jul 11, 2019,4.667
Jul 12, 2019,4.667
Jul 13, 2019,4.667
Jul 14, 2019,9.333
Jul 15, 2019,4.667
Jul 16, 2019,0
Jul 17, 2019,0
Jul 18, 2019,0
Jul 19, 2019,3.24
Jul 20, 2019,0
Jul 21, 2019,2.129
Jul 22, 2019,0
Jul 23, 2019,6.387
Jul 24, 2019,4.258
Jul 25, 2019,0
Jul 26, 2019,0
Jul 27, 2019,2.376
Jul 28, 2019,0
Jul 29, 2019,0
Jul 30, 2019,2.376
Jul 31, 2019,0
Aug 1, 2019,2.152
Aug 2, 2019,2.152
Aug 3, 2019,6.456
Aug 4, 2019,2.152
Aug 5, 2019,2.152
Aug 6, 2019,0
Aug 7, 2019,1.395
Aug 8, 2019,0
Aug 9, 2019,0
Aug 10, 2019,0
Aug 11, 2019,0
Aug 12, 2019,0
Aug 13, 2019,0
Aug 14, 2019,1.7
Aug 15, 2019,1.7
Aug 16, 2019,2.415
Aug 17, 2019,0
Aug 18, 2019,0
Aug 19, 2019,0
Aug 20, 2019,4.831
Aug 21, 2019,1.528
Aug 22, 2019,0
Aug 23, 2019,0.764
Aug 24, 2019,0
Aug 25, 2019,0.764
Aug 26, 2019,0
Aug 27, 2019,0
Aug 28, 2019,4.189
Aug 29, 2019,0
Aug 30, 2019,0
Aug 31, 2019,0
Sep 1, 2019,1.855
Sep 2, 2019,1.855
Sep 3, 2019,1.855
Sep 4, 2019,3.71
Sep 5, 2019,1.855
Sep 6, 2019,4.589
Sep 7, 2019,0
Sep 8, 2019,2.294
Sep 9, 2019,0
Sep 10, 2019,2.294
Sep 11, 2019,14.694
Sep 12, 2019,4.898
Sep 13, 2019,9.796
Sep 14, 2019,4.898
Sep 15, 2019,0
Sep 16, 2019,4.656
Sep 17, 2019,0
Sep 18, 2019,18.624
Sep 19, 2019,4.656
Sep 20, 2019,9.312
Sep 21, 2019,0
Sep 22, 2019,0
Sep 23, 2019,17.456
Sep 24, 2019,5.819
Sep 25, 2019,5.819
Sep 26, 2019,25.522
Sep 27, 2019,0
Sep 28, 2019,12.761
Sep 29, 2019,0
Sep 30, 2019,6.381
Oct 1, 2019,13.857
Oct 2, 2019,0
Oct 3, 2019,13.857
Oct 4, 2019,0
Oct 5, 2019,0
Oct 6, 2019,3.164
Oct 7, 2019,6.328
Oct 8, 2019,3.164
Oct 9, 2019,3.164
Oct 10, 2019,9.493
Oct 11, 2019,6.162
Oct 12, 2019,6.162
Oct 13, 2019,6.162
Oct 14, 2019,12.323
Oct 15, 2019,0
Oct 16, 2019,15.29
Oct 17, 2019,5.097
Oct 18, 2019,10.193
Oct 19, 2019,5.097
Oct 20, 2019,0
Oct 21, 2019,0
Oct 22, 2019,21.227
Oct 23, 2019,0
Oct 24, 2019,10.613
Oct 25, 2019,10.613
Oct 26, 2019,12.488
Oct 27, 2019,24.976
Oct 28, 2019,0
Oct 29, 2019,6.244
Oct 30, 2019,12.488
Oct 31, 2019,6.244
Nov 1, 2019,0
Nov 2, 2019,0
Nov 3, 2019,4.897
Nov 4, 2019,9.794
Nov 5, 2019,19.587
Nov 6, 2019,0
Nov 7, 2019,3.632
Nov 8, 2019,3.632
Nov 9, 2019,21.793
Nov 10, 2019,3.632
Nov 11, 2019,11.757
Nov 12, 2019,7.239
Nov 13, 2019,14.589
Nov 14, 2019,7.942
Nov 15, 2019,3.405
Nov 16, 2019,15.668
Nov 17, 2019,0
Nov 18, 2019,0
Nov 19, 2019,0
Nov 20, 2019,0
Nov 21, 2019,5.72
Nov 22, 2019,5.72
Nov 23, 2019,5.72
Nov 24, 2019,0
Nov 25, 2019,0
Nov 26, 2019,0
Nov 27, 2019,5.111
Nov 28, 2019,10.223
Nov 29, 2019,5.111
Nov 30, 2019,0
Dec 1, 2019,0
Dec 2, 2019,0
Dec 3, 2019,0
Dec 4, 2019,0
Dec 5, 2019,0
Dec 6, 2019,0
Dec 7, 2019,6.144
Dec 8, 2019,0
Dec 9, 2019,0
Dec 10, 2019,0
Dec 11, 2019,13.32
Dec 12, 2019,13.32
Dec 13, 2019,0
Dec 14, 2019,0
Dec 15, 2019,0
Dec 16, 2019,0
Dec 17, 2019,0
Dec 18, 2019,15.284
Dec 19, 2019,0
Dec 20, 2019,0
Dec 21, 2019,0
Dec 22, 2019,0
Dec 23, 2019,0
Dec 24, 2019,0
Dec 25, 2019,7.027
Dec 26, 2019,6.621
Dec 27, 2019,6.621
Dec 28, 2019,0
Dec 29, 2019,3.31
Dec 30, 2019,9.931
Dec 31, 2019,9.931
Jan 1, 2020,9.863
Jan 2, 2020,0
Jan 3, 2020,0
Jan 4, 2020,0
Jan 5, 2020,0
Jan 6, 2020,0
Jan 7, 2020,0
Jan 8, 2020,0
Jan 9, 2020,0
Jan 10, 2020,0
Jan 11, 2020,0
Jan 12, 2020,0
Jan 13, 2020,0
Jan 14, 2020,0
Jan 15, 2020,4.515
Jan 16, 2020,0
Jan 17, 2020,0
Jan 18, 2020,0
Jan 19, 2020,0
Jan 20, 2020,7.997
Jan 21, 2020,0
Jan 22, 2020,26.755
Jan 23, 2020,0
Jan 24, 2020,6.689
Jan 25, 2020,0
Jan 26, 2020,0
Jan 27, 2020,7.762
Jan 28, 2020,0
Jan 29, 2020,0
Jan 30, 2020,0
Jan 31, 2020,0
Feb 1, 2020,0
Feb 2, 2020,9.852
Feb 3, 2020,0
Feb 4, 2020,0
Feb 5, 2020,0
Feb 6, 2020,0
Feb 7, 2020,0
Feb 8, 2020,0
Feb 9, 2020,0
Feb 10, 2020,0
Feb 11, 2020,0
Feb 12, 2020,0
Feb 13, 2020,0
Feb 14, 2020,0
Feb 15, 2020,0
Feb 16, 2020,0
Feb 17, 2020,0
Feb 18, 2020,0
Feb 19, 2020,0
Feb 20, 2020,0
Feb 21, 2020,6.831
Feb 22, 2020,6.831
Feb 23, 2020,0
Feb 24, 2020,0
Feb 25, 2020,20.494
Feb 26, 2020,3.563
