0.0	3706.0
44.999999998137355	3697.0
75.03747659007689	3679.0
105.07495318201643	3664.0
135.11242977395597	3643.0
165.1499063658955	3617.0
195.18738295783504	3602.0
225.22485954977458	3578.0
255.26233614171412	3566.0
285.29981273365365	3557.0
315.3372893255932	3541.0
345.3747659175327	3525.0
375.41224250947226	3505.0
405.4497191014118	3493.0
435.48719569335134	3481.0
465.5246722852909	3464.0
495.5621488772304	3453.0
525.59962546917	3437.0
555.6371020611095	3426.0
585.674578653049	3416.0
615.7120552449885	3400.0
645.7495318369281	3390.0
688.1759387076819	3368.0
730.6023455784357	3342.0
773.0287524491896	3324.0
803.6228695311116	3301.0
834.2169866130336	3290.0
864.8111036949556	3277.0
895.4052207768776	3263.0
925.9993378587997	3253.0
968.4257447290047	3247.0
1010.8521515992097	3243.0
1040.8521515998307	3232.0
1070.8521516004514	3222.0
1100.8521516010724	3212.0
1143.2785584725946	3178.0
1185.7049653441165	3165.0
1225.7049653434956	3146.0
1265.7049653428749	3111.0
1305.704965342254	3094.0
1341.7604780975826	3082.0
1377.8159908529112	3085.0
1413.87150360824	3067.0
1458.8715036063772	3055.0
1503.8715036045146	3043.0
1546.297910477683	3032.0
1577.920687080054	3030.0
1609.543463682425	3043.0
1641.166240284796	3021.0
1674.7072599475011	3017.0
1708.2482796102063	3006.0
1755.6824445119958	3003.0
1803.1166094137852	3000.0
1833.1166094139546	2992.0
1863.1166094141238	2985.0
1893.1166094142932	2980.0
1923.1166094144626	2975.0
1953.116609414632	2965.0
1983.1166094148011	2959.0
2013.1166094149705	2955.0
2043.11660941514	2951.0
2073.116609415309	2944.0
2103.1166094154787	2932.0
2133.116609415648	2923.0
2179.978107470706	2912.0
2226.8396055257645	2900.0
2273.7011035808227	2878.0
2320.562601635881	2877.0
2367.42409969094	2871.0
2409.8505065624618	2872.0
2452.276913433984	2855.0
2497.276913433053	2849.0
2542.2769134321215	2830.0
2584.7033203036435	2827.0
2627.129727175166	2830.0
2665.372373526564	2830.0
2703.615019877962	2824.0
2741.85766622936	2808.0
2780.100312580758	2800.0
2813.641332243671	2795.0
2847.1823519065847	2788.0
2877.1823519068953	2787.0
2907.1823519072054	2789.0
2937.182351907516	2785.0
2967.1823519078266	2782.0
2997.1823519081368	2770.0
3027.1823519084473	2760.0
3094.264391231775	2746.0
3124.264391231982	2745.0
3154.2643912321887	2745.0
3184.2643912323956	2745.0
3214.2643912326025	2744.0
3244.26439123281	2743.0
3274.264391233017	2744.0
3304.2643912332237	2742.0
3334.2643912334306	2738.0
3364.2643912336375	2732.0
3411.6985561357214	2733.0
3459.1327210378054	2728.0
3513.2159901692485	2732.0
3567.299259300692	2714.0
3597.299259300692	2705.0
3627.299259300692	2701.0
3665.718004725289	2701.0
3704.136750149886	2695.0
3742.5554955744833	2688.0
3780.9742409990804	2688.0
3819.3929864236775	2686.0
3851.0157630259505	2686.0
3882.638539628223	2688.0
3914.261316230496	2687.0
3950.2613162301236	2683.0
3986.261316229751	2678.0
4022.2613162293783	2662.0
4058.261316229006	2662.0
4094.2613162286334	2667.0
4136.687723100045	2676.0
4179.114129971458	2672.0
4221.54053684287	2658.0
4259.040536842404	2648.0
4296.540536841939	2636.0
4334.040536841473	2638.0
4371.540536841007	2642.0
4415.272676051828	2638.0
4459.004815262649	2650.0
4502.736954473469	2635.0
4546.46909368429	2622.0
4578.091870286563	2617.0
4609.714646888836	2621.0
4641.337423491108	2615.0
4679.756168915618	2611.0
4718.1749143401275	2611.0
4756.593659764638	2611.0
4795.012405189147	2605.0
4833.431150613657	2602.0
4866.9721702769875	2610.0
4900.513189940317	2603.0
4937.009765122106	2598.0
4973.506340303896	2597.0
5010.002915485685	2584.0
5046.499490667474	2578.0
5082.996065849264	2581.0
5120.4960658494965	2582.0
5157.996065849729	2583.0
5195.496065849962	2577.0
5232.996065850195	2576.0
5263.30064218678	2574.0
5293.605218523366	2570.0
5323.90979485995	2567.0
5354.2143711965355	2569.0
5384.518947533121	2569.0
5414.823523869706	2563.0
5445.128100206291	2558.0
5489.849459755592	2553.0
5534.570819304894	2551.0
5579.292178854195	2550.0
5609.292178854195	2548.0
5639.292178854195	2542.0
5669.292178854195	2541.0
5699.292178854195	2538.0
5729.292178854195	2540.0
5759.292178854195	2544.0
5789.292178854195	2540.0
5819.292178854195	2534.0
5849.292178854195	2532.0
5891.718585725827	2525.0
5934.144992597459	2534.0
5976.571399469091	2532.0
6017.802455724741	2529.0
6059.03351198039	2521.0
6100.26456823604	2520.0
6137.764568236413	2514.0
6175.264568236785	2510.0
6212.764568237158	2508.0
6250.26456823753	2502.0
6310.264568233804	2492.0
6341.8873448357335	2494.0
6373.510121437663	2488.0
6405.132898039592	2496.0
6436.755674641521	2498.0
6468.37845124345	2487.0
6500.00122784538	2480.0
6537.501227844914	2474.0
6575.001227844448	2470.0
6612.501227843983	2481.0
6650.001227843517	2481.0
6686.056740598501	2481.0
6722.112253353485	2477.0
6758.16776610847	2468.0
6794.223278863454	2466.0
6830.278791618438	2467.0
6866.334304373422	2464.0
6896.334304373888	2462.0
6926.334304374353	2464.0
6963.834304373795	2468.0
7001.334304373236	2473.0
7038.834304372677	2461.0
7076.334304372118	2457.0
7109.667637705348	2453.0
7143.0009710385775	2449.0
7176.334304371808	2445.0
7209.667637705037	2440.0
7243.000971038267	2431.0
7276.334304371497	2436.0
7309.667637704727	2440.0
7343.000971037956	2438.0
7376.334304371187	2431.0
7443.41634369618	2419.0
7473.41634369618	2418.0
7515.842750568031	2415.0
7545.909343324777	2414.0
7575.975936081522	2412.0
7606.0425288382685	2412.0
7636.109121595015	2415.0
7666.17571435176	2418.0
7696.242307108506	2420.0
7726.308899865252	2421.0
7756.375492621997	2403.0
7786.442085378743	2399.0
7816.508678135489	2402.0
7846.5752708922355	2397.0
7876.641863648981	2395.0
7906.708456405727	2398.0
7936.775049162473	2398.0
7966.841641919218	2395.0
8002.897154674547	2395.0
8038.952667429876	2396.0
8075.008180185204	2397.0
8112.508180184971	2391.0
8150.008180184738	2384.0
8187.508180184505	2383.0
8225.008180184272	2382.0
8267.4345870552	2382.0
8309.86099392613	2382.0
8352.28740079706	2380.0
8394.71380766799	2366.0
8437.140214538918	2345.0
8467.554027190436	2339.0
8497.967839841951	2336.0
8528.381652493468	2333.0
8558.795465144985	2332.0
8589.2092777965	2330.0
8619.623090448018	2326.0
8662.049497319102	2319.0
8704.475904190183	2315.0
8746.902311061267	2314.0
8789.32871793235	2316.0
8831.755124803434	2305.0
8874.181531674516	2304.0
8917.913670885895	2309.0
8961.645810097276	2305.0
9005.377949308655	2307.0
9049.110088520034	2297.0
9085.165601275363	2293.0
9121.221114030692	2297.0
9157.27662678602	2298.0
9217.276626784158	2290.0
9251.849918498841	2289.0
9286.423210213527	2294.0
9320.99650192821	2290.0
9355.569793642895	2286.0
9390.143085357578	2280.0
9424.716377072264	2283.0
9459.289668786947	2277.0
9493.862960501632	2274.0
9529.918473256444	2273.0
9565.973986011257	2272.0
9602.029498766069	2270.0
9634.340487609154	2271.0
9666.651476452236	2270.0
9698.96246529532	2270.0
9731.273454138403	2272.0
9763.584442981488	2273.0
9799.63995573544	2273.0
9835.69546848939	2270.0
9871.750981243342	2257.0
9901.750981245204	2255.0
9934.061970088185	2253.0
9966.372958931164	2256.0
9998.683947774145	2256.0
10030.994936617124	2253.0
10063.305925460105	2246.0
10093.305925460105	2246.0
10123.305925460105	2249.0
10153.305925460105	2251.0
10183.305925460105	2250.0
10213.305925460105	2249.0
10243.305925460105	2250.0
10281.724670884993	2251.0
10320.14341630988	2249.0
10358.56216173477	2247.0
10396.980907159657	2248.0
10435.399652584545	2252.0
10467.022429185836	2252.0
10498.645205787127	2253.0
10530.26798238842	2247.0
10560.26798238935	2246.0
10590.267982390282	2239.0
10632.694389261913	2237.0
10675.120796133546	2238.0
10717.547203005177	2233.0
10777.547203001452	2239.0
10824.981367904273	2253.0
10872.415532807092	2238.0
10914.841939677626	2239.0
10957.26834654816	2232.0
10987.268346549092	2228.0
11017.268346550023	2225.0
11080.907956855166	2234.0
11144.547567160309	2223.0
11174.54756716124	2223.0
11204.547567162172	2223.0
11234.547567163103	2217.0
11264.547567164034	2215.0
11306.973974034348	2219.0
11349.400380904664	2219.0
11391.826787774979	2216.0
11422.06025433104	2212.0
11452.293720887103	2213.0
11482.527187443164	2214.0
11512.760653999227	2209.0
11542.994120555288	2208.0
11573.227587111349	2208.0
11603.461053667412	2203.0
11633.694520223473	2204.0
11676.120927094336	2208.0
11718.5473339652	2203.0
11749.279148822943	2203.0
11780.010963680688	2204.0
11810.742778538432	2204.0
11841.474593396175	2208.0
11872.20640825392	2208.0
11902.938223111663	2207.0
11933.670037969408	2206.0
11964.401852827152	2202.0
11995.133667684895	2202.0
12062.215707009056	2190.0
12092.215707009987	2197.0
12122.215707010919	2194.0
12160.634452435428	2194.0
12199.05319785994	2192.0
12237.471943284449	2190.0
12275.890688708958	2192.0
12314.309434133467	2191.0
12361.743599035552	2190.0
12409.177763937636	2189.0
12451.604170807841	2188.0
12494.030577678046	2188.0
12524.030577678046	2187.0
12554.030577678046	2185.0
12584.030577678046	2187.0
12651.112617000124	2181.0
12718.194656323452	2177.0
12748.194656323685	2182.0
12778.194656323918	2183.0
12808.19465632415	2179.0
12838.194656324384	2178.0
12905.276695648545	2175.0
12947.703102519517	2176.0
12990.129509390492	2174.0
13032.555916261465	2175.0
13062.555916261465	2174.0
13092.555916261465	2171.0
13131.607164640998	2172.0
13170.658413020532	2171.0
13209.709661400064	2172.0
13248.760909779598	2169.0
13287.812158159131	2167.0
13326.863406538665	2168.0
13357.457523620222	2173.0
13388.051640701779	2174.0
13418.645757783335	2169.0
13449.239874864892	2168.0
13479.833991946449	2166.0
13510.428109028737	2167.0
13541.022226111023	2171.0
13571.616343193311	2164.0
13602.210460275597	2160.0
13632.804577357885	2160.0
13675.230984225127	2163.0
13705.230984225747	2162.0
13735.23098422637	2159.0
13765.23098422699	2158.0
13807.657391098512	2157.0
13850.083797970034	2160.0
13880.083797970034	2158.0
13910.083797970034	2157.0
13940.083797970034	2155.0
13970.083797970034	2157.0
14007.5837979705	2158.0
14045.083797970965	2156.0
14082.58379797143	2159.0
14120.083797971896	2158.0
14150.083797971896	2158.0
14180.083797971896	2157.0
14210.083797971896	2157.0
14240.083797971896	2159.0
14282.510204843418	2159.0
14324.93661171494	2159.0
14354.93661171494	2156.0
14384.93661171494	2153.0
14434.936611714444	2154.0
14484.936611713947	2154.0
14534.93661171345	2152.0
14564.93661171407	2154.0
14594.936611714693	2154.0
14624.936611715313	2152.0
14672.960043495696	2150.0
14720.983475276078	2149.0
14769.00690705646	2150.0
14817.030338836845	2150.0
14847.030338837052	2152.0
14877.03033883726	2153.0
14907.030338837465	2152.0
14937.030338837672	2152.0
14967.03033883788	2154.0
14997.030338838087	2154.0
15027.030338838293	2150.0
15057.0303388385	2148.0
15087.030338838707	2147.0
15129.4567457099	2142.0
15171.883152581093	2148.0
15214.309559452286	2147.0
15255.54061570786	2144.0
15296.771671963434	2137.0
15338.002728219008	2134.0
15377.05397659886	2135.0
15416.10522497871	2133.0
15455.156473358562	2132.0
15494.207721738412	2130.0
15533.258970118264	2129.0
15572.310218498114	2125.0
15606.595932783297	2123.0
15640.881647068478	2124.0
15675.16736135366	2125.0
15709.453075638843	2124.0
15743.738789924026	2123.0
15778.024504209206	2120.0
15812.31021849439	2120.0
15854.736625367557	2119.0
15884.736625368178	2117.0
15914.7366253688	2115.0
15944.73662536942	2116.0
15987.163032240283	2117.0
16029.589439111147	2115.0
16059.589439111147	2115.0
16089.589439111147	2114.0
16119.589439111147	2111.0
16149.589439111147	2110.0
16179.589439111147	2108.0
16209.589439111147	2108.0
16239.589439111147	2107.0
16278.00818453551	2109.0
16316.426929959876	2109.0
16354.84567538424	2106.0
16393.264420808606	2106.0
16431.683166232968	2103.0
16461.683166232968	2098.0
16491.683166232968	2096.0
16521.683166232968	2097.0
16551.683166232968	2101.0
16581.683166232968	2100.0
16611.683166232968	2098.0
16641.683166232968	2100.0
16671.683166232968	2102.0
16705.224185895986	2106.0
16738.765205559004	2102.0
16772.30622522202	2100.0
16805.847244885037	2097.0
16848.273651755902	2095.0
16890.700058626764	2093.0
16933.12646549763	2092.0
16975.55287236849	2091.0
17009.510566636418	2091.0
17043.46826090434	2089.0
17077.425955172268	2082.0
17111.38364944019	2080.0
17145.341343708118	2082.0
17179.29903797604	2081.0
17213.256732243968	2080.0
17247.214426511895	2081.0
17285.633171936028	2080.0
17324.051917360157	2078.0
17362.47066278429	2077.0
17400.889408208423	2077.0
17439.30815363255	2075.0
17470.231445825644	2074.0
17501.154738018737	2072.0
17532.07803021183	2070.0
17563.00132240492	2070.0
17617.08459153559	2071.0
17671.167860666257	2068.0
17701.16786066649	2067.0
17731.167860666723	2067.0
17761.167860666956	2067.0
17791.16786066719	2062.0
17821.16786066742	2062.0
17851.167860667654	2064.0
17881.167860667887	2065.0
17911.16786066812	2065.0
17942.790637269805	2064.0
17974.413413871487	2059.0
18006.036190473173	2055.0
18048.462597344496	2055.0
18090.88900421582	2054.0
18133.315411087147	2052.0
18175.74181795847	2057.0
18218.168224829795	2057.0
18278.168224828863	2048.0
18309.791001431233	2047.0
18341.413778033606	2048.0
18373.036554635975	2045.0
18408.022266004824	2045.0
18443.007977373672	2048.0
18477.99368874252	2041.0
18512.97940011137	2042.0
18547.965111480215	2043.0
18577.965111480215	2043.0
18607.965111480215	2039.0
18637.965111480215	2034.0
18667.965111480215	2035.0
18697.965111480215	2039.0
18727.965111480215	2039.0
18757.965111480215	2039.0
18787.965111480215	2043.0
18830.391518351902	2038.0
18872.81792522359	2039.0
18915.244332095273	2044.0
18957.67073896696	2047.0
18991.2117586305	2048.0
19024.752778294038	2044.0
19063.17152371855	2044.0
19101.590269143057	2043.0
19140.009014567568	2037.0
19178.42775999208	2031.0
19216.846505416586	2027.0
19246.846505416586	2023.0
19276.846505416586	2020.0
19306.846505416586	2020.0
19336.846505416586	2016.0
19366.846505417052	2016.0
19396.846505417518	2016.0
19426.846505417983	2018.0
19456.84650541845	2017.0
19495.26525084296	2017.0
19533.683996267468	2023.0
19572.10274169198	2014.0
19610.52148711649	2006.0
19648.940232540997	2002.0
19680.56300914327	2001.0
19712.185785745543	2001.0
19743.808562347815	1996.0
19777.766256615367	1994.0
19811.72395088292	1994.0
19845.68164515047	1991.0
19879.639339418023	1991.0
19913.597033685575	1996.0
19947.55472795313	1994.0
19981.512422220683	1990.0
20015.470116488235	1987.0
20045.470116488235	1988.0
20075.470116488235	1987.0
20105.470116488235	1985.0
20135.470116488235	1985.0
20174.521364868346	1983.0
20213.572613248456	1980.0
20252.623861628563	1980.0
20291.675110008673	1972.0
20330.726358388783	1970.0
20369.777606768894	1974.0
20412.7892331038	1977.0
20455.800859438707	1972.0
20498.81248577361	1975.0
20541.82411210852	1975.0
20584.835738443424	1971.0
20627.847364778332	1962.0
20657.847364779263	1963.0
20687.847364780195	1966.0
20737.847364779886	1966.0
20787.847364779573	1958.0
20837.847364779263	1953.0
20881.579503990644	1948.0
20925.31164320202	1958.0
20969.043782413402	1953.0
21012.775921624783	1948.0
21048.775921624412	1944.0
21084.775921624037	1943.0
21120.775921623666	1949.0
21156.77592162329	1947.0
21192.77592162292	1944.0
21235.20232849433	1948.0
21277.628735365746	1952.0
21320.055142237157	1949.0
21350.468954888598	1943.0
21380.88276754004	1932.0
21411.296580191476	1936.0
21441.710392842917	1930.0
21472.124205494358	1923.0
21502.5380181458	1923.0
21541.589266525254	1919.0
21580.640514904706	1919.0
21619.69176328416	1920.0
21658.743011663613	1919.0
21697.79426004307	1918.0
21736.84550842252	1912.0
21770.38652808554	1910.0
21803.927547748557	1911.0
21837.46856741157	1911.0
21871.00958707459	1901.0
21925.092856206033	1903.0
21979.176125337475	1896.0
22021.602532209658	1898.0
22064.028939081836	1894.0
22094.028939081836	1896.0
22124.028939081836	1896.0
22154.028939081836	1895.0
22196.45534595303	1894.0
22256.455345949304	1893.0
22298.881752821486	1893.0
22341.308159693664	1893.0
22401.308159692733	1890.0
22431.308159693355	1888.0
22461.308159693974	1889.0
22491.308159694596	1889.0
22558.390199018755	1886.0
22595.89019901829	1884.0
22633.390199017824	1882.0
22670.890199017358	1883.0
22708.390199016892	1887.0
22744.445711771878	1886.0
22780.501224526863	1887.0
22816.556737281844	1883.0
22858.983144152597	1887.0
22901.409551023353	1882.0
22943.835957894105	1872.0
22974.430074976026	1872.0
23005.02419205795	1877.0
23035.61830913987	1867.0
23066.212426221795	1859.0
23096.806543303715	1855.0
23181.659357044125	1863.0
23211.659357044125	1868.0
23241.659357044125	1871.0
23271.659357044125	1873.0
23307.714869799453	1871.0
23343.770382554783	1866.0
23379.82589531011	1853.0
23419.96454390616	1859.0
23460.103192502214	1855.0
23500.241841098265	1850.0
23540.38048969432	1847.0
23580.51913829037	1844.0
23620.65778688642	1840.0
23660.796435482473	1839.0
23700.935084078523	1838.0
23741.073732674577	1839.0
23771.073732674577	1839.0
23801.073732674577	1835.0
23831.073732674577	1831.0
23873.500139545507	1830.0
23915.926546416435	1832.0
23958.352953287365	1835.0
24000.779360158293	1836.0
24043.205767029223	1835.0
24073.205767029223	1831.0
24103.205767029223	1830.0
24133.205767029223	1830.0
24171.6245124542	1824.0
24210.043257879173	1820.0
24248.46200330415	1822.0
24286.880748729123	1827.0
24325.2994941541	1827.0
24362.799494153634	1828.0
24400.29949415317	1836.0
24437.799494152703	1820.0
24475.299494152237	1814.0
24517.72590102409	1814.0
24560.15230789594	1794.0
24594.438022181388	1785.0
24628.723736466836	1780.0
24663.009450752284	1781.0
24697.295165037733	1774.0
24731.58087932318	1773.0
24765.86659360863	1768.0
24800.152307894077	1765.0
24837.019416181465	1759.0
24873.886524468853	1756.0
24910.75363275624	1755.0
24947.620741043625	1754.0
24984.487849331013	1756.0
25021.3549576184	1757.0
25058.22206590579	1754.0
25105.656230807872	1750.0
25153.090395709958	1746.0
25189.145908464943	1746.0
25225.20142121993	1747.0
25261.25693397491	1743.0
25291.256933975532	1741.0
25321.25693397615	1739.0
25351.256933976772	1735.0
25393.68334084698	1733.0
25436.109747717182	1738.0
25467.732524318868	1735.0
25499.35530092055	1734.0
25530.978077522235	1729.0
25568.925409444197	1726.0
25606.872741366158	1727.0
25644.82007328812	1720.0
25682.76740521008	1725.0
25720.714737132043	1723.0
25763.14114400521	1721.0
25808.141144004745	1718.0
25853.14114400428	1714.0
25895.56755087613	1712.0
25925.56755087613	1710.0
25955.56755087613	1711.0
25985.56755087613	1711.0
26015.56755087613	1707.0
26045.56755087613	1703.0
26075.56755087613	1700.0
26142.64959020029	1696.0
26172.88305675641	1698.0
26203.11652331253	1702.0
26233.34998986865	1702.0
26263.583456424767	1693.0
26293.81692298089	1691.0
26324.050389537006	1690.0
26354.283856093127	1694.0
26384.517322649248	1693.0
26419.50303401867	1690.0
26454.488745388095	1694.0
26489.474456757518	1694.0
26524.46016812694	1693.0
26559.445879496365	1685.0
26591.068656098636	1688.0
26622.69143270091	1686.0
26654.314209303182	1680.0
26721.396248625675	1678.0
26757.45176137997	1680.0
26793.507274134266	1675.0
26829.56278688856	1678.0
26859.562786889026	1678.0
26889.56278688949	1675.0
26919.562786889957	1674.0
26949.562786890423	1676.0
26991.989193761947	1678.0
27034.415600633467	1680.0
27088.498869763618	1666.0
27142.58213889377	1662.0
27173.176255975508	1659.0
27203.770373057247	1660.0
27234.36449013899	1654.0
27264.958607220728	1649.0
27295.552724302466	1655.0
27349.635993433007	1657.0
27403.719262563543	1652.0
27446.14566943386	1650.0
27488.57207630417	1654.0
27530.998483174488	1652.0
27560.998483174488	1649.0
27590.998483174488	1648.0
27620.998483174488	1646.0
27650.998483174488	1639.0
27680.998483174488	1638.0
27710.998483174488	1639.0
27740.998483174488	1637.0
27770.998483174488	1634.0
27810.861529972244	1630.0
27850.724576769997	1637.0
27890.587623567753	1634.0
27930.450670365506	1635.0
27970.313717163262	1635.0
28010.17676396102	1634.0
28050.03981075877	1629.0
28089.902857556528	1627.0
28119.90285755715	1627.0
28149.90285755777	1626.0
28179.90285755839	1625.0
28222.3292644298	1626.0
28264.755671301216	1625.0
28307.182078172627	1619.0
28337.182078172744	1618.0
28367.18207817286	1618.0
28397.182078172977	1618.0
28427.182078173093	1615.0
28457.18207817321	1615.0
28487.182078173326	1614.0
28517.182078173442	1616.0
28547.18207817356	1617.0
28632.03489191397	1619.0
28662.03489191397	1610.0
28692.03489191397	1608.0
28722.03489191397	1612.0
28752.03489191397	1609.0
28836.88770565438	1608.0
28866.88770565438	1605.0
28896.88770565438	1601.0
28926.88770565438	1597.0
28956.88770565438	1596.0
28986.88770565438	1598.0
29029.31411252582	1596.0
29071.74051939726	1599.0
29114.1669262687	1596.0
29156.59333314014	1592.0
29199.01974001158	1594.0
29241.446146883016	1597.0
29283.872553754456	1604.0
29326.298960625896	1600.0
29373.7331255271	1599.0
29421.167290428297	1591.0
29458.667290429043	1593.0
29496.16729042979	1592.0
29533.66729043053	1590.0
29571.167290431276	1586.0
29607.222803186432	1585.0
29643.27831594159	1583.0
29679.333828696745	1582.0
29724.33382869628	1579.0
29769.333828695813	1579.0
29811.76023556668	1579.0
29854.18664243754	1578.0
29884.186642438162	1577.0
29914.18664243878	1576.0
29944.186642439403	1573.0
30011.26868176148	1574.0
30078.350721086474	1571.0
30108.350721087096	1569.0
30138.350721087714	1567.0
30168.350721088336	1567.0
30218.350721088213	1570.0
30268.35072108809	1571.0
30318.350721087965	1567.0
30365.2122191435	1564.0
30412.073717199037	1567.0
30458.935215254573	1566.0
30505.79671331011	1565.0
30552.65821136564	1563.0
30592.170544753953	1564.0
30631.682878142263	1565.0
30671.195211530576	1559.0
30710.707544918885	1558.0
30750.219878307198	1556.0
30789.73221169551	1557.0
30829.24454508382	1560.0
30859.244545084443	1559.0
30889.24454508506	1556.0
30919.244545085683	1553.0
30956.744545085403	1555.0
30994.244545085123	1558.0
31031.744545084846	1556.0
31069.244545084566	1552.0
31100.86732168664	1551.0
31132.49009828872	1554.0
31164.112874890794	1553.0
31194.112874890794	1551.0
31224.112874890794	1553.0
31254.112874890794	1552.0
31284.112874890794	1549.0
31326.539281763962	1546.0
31364.958027188706	1548.0
31403.376772613447	1544.0
31441.79551803819	1544.0
31480.21426346293	1545.0
31518.633008887675	1546.0
31557.05175431242	1547.0
31595.47049973716	1546.0
31633.889245161903	1543.0
31672.307990586643	1546.0
31710.726736011387	1548.0
31770.726736010456	1548.0
31813.153142880663	1544.0
31855.579549750866	1538.0
31887.20232635265	1543.0
31918.82510295443	1540.0
31950.447879556214	1543.0
31982.070656157994	1544.0
32013.693432759777	1540.0
32045.316209361557	1540.0
32080.3162093614	1547.0
32115.31620936125	1547.0
32150.31620936109	1547.0
32185.316209360935	1544.0
32220.316209360783	1534.0
32255.316209360626	1533.0
32297.742616233136	1534.0
32340.169023105645	1536.0
32375.16902310549	1534.0
32410.169023105336	1532.0
32445.16902310518	1521.0
32480.169023105023	1523.0
32515.16902310487	1526.0
32550.169023104714	1529.0
32587.669023104154	1532.0
32625.169023103597	1533.0
32662.669023103037	1526.0
32700.16902310248	1525.0
32731.791799703773	1523.0
32763.414576305062	1525.0
32795.03735290635	1525.0
32828.37068623958	1526.0
32861.70401957281	1526.0
32895.03735290604	1525.0
32928.37068623927	1526.0
32961.7040195725	1523.0
32995.03735290573	1524.0
33028.37068623896	1523.0
33061.70401957219	1520.0
33095.03735290542	1518.0
33137.463759776176	1521.0
33179.890166646925	1522.0
33222.31657351768	1524.0
33252.31657351768	1523.0
33282.31657351768	1520.0
33312.31657351768	1521.0
33342.31657351768	1522.0
33372.31657351768	1520.0
33402.31657351768	1516.0
33432.31657351768	1517.0
33462.31657351768	1526.0
33504.742980389536	1526.0
33547.16938726073	1519.0
33577.16938726073	1518.0
33607.16938726073	1521.0
33637.16938726073	1520.0
33679.59579413225	1520.0
33722.022201003776	1516.0
33764.448607875296	1518.0
33806.875014746816	1515.0
33836.875014746816	1519.0
33866.875014746816	1519.0
33896.875014746816	1517.0
33926.875014746816	1515.0
33956.875014746816	1514.0
33986.875014746816	1512.0
34016.875014746816	1511.0
34101.727828485906	1519.0
34133.350605087835	1520.0
34164.973381689764	1512.0
34196.59615829169	1510.0
34228.21893489362	1513.0
34259.84171149555	1500.0
34291.46448809748	1508.0
34351.46448809655	1520.0
34393.890894967306	1516.0
34436.317301838055	1513.0
34478.74370870881	1500.0
34508.74370870928	1495.0
34538.74370870974	1494.0
34568.74370871021	1497.0
34598.743708710674	1498.0
34632.28472837359	1500.0
34665.8257480365	1500.0
34713.84917981688	1495.0
34761.87261159727	1504.0
34809.896043377645	1499.0
34857.91947515803	1493.0
34925.00151448219	1492.0
34955.00151448238	1488.0
34985.00151448256	1485.0
35015.00151448275	1487.0
35045.00151448293	1489.0
35075.00151448312	1485.0
35117.42792135475	1483.0
35159.854328226385	1489.0
35202.280735098015	1487.0
35247.28073509755	1484.0
35292.28073509708	1482.0
35332.41938369314	1473.0
35372.558032289184	1480.0
35412.69668088524	1478.0
35452.83532948129	1486.0
35492.973978077345	1491.0
35533.11262667339	1487.0
35573.251275269446	1479.0
35613.3899238655	1477.0
35653.528572461546	1472.0
35683.60500570644	1474.0
35713.68143895134	1473.0
35743.757872196235	1469.0
35773.83430544113	1467.0
35803.91073868603	1466.0
35833.98717193092	1470.0
35864.06360517582	1480.0
35894.140038420715	1463.0
35924.21647166561	1465.0
35954.29290491051	1463.0
35984.369338155404	1458.0
36014.4457714003	1452.0
36044.522204645196	1455.0
36074.59863789009	1463.0
36122.03280279218	1457.0
36169.46696769426	1463.0
36219.46696769376	1457.0
36269.46696769326	1468.0
36319.466967692766	1467.0
36353.0079873561	1467.0
36386.54900701943	1460.0
36428.9754138926	1459.0
36464.97541389241	1448.0
36500.97541389223	1441.0
36536.97541389204	1426.0
36572.97541389186	1425.0
36608.97541389167	1428.0
36651.401820762534	1430.0
36693.8282276334	1432.0
36736.25463450426	1428.0
36778.68104137512	1422.0
36823.68104137466	1421.0
36868.68104137419	1418.0
36911.10744824582	1420.0
36953.53385511746	1418.0
36995.96026198909	1423.0
37025.96026198909	1416.0
37055.96026198909	1412.0
37085.96026198909	1410.0
37115.96026198909	1409.0
37145.96026198909	1405.0
37175.96026198909	1403.0
37205.96026198909	1399.0
37235.96026198909	1398.0
37275.01151036886	1394.0
37314.06275874863	1394.0
37353.1140071284	1391.0
37392.165255508175	1391.0
37431.21650388795	1384.0
37470.26775226772	1383.0
37502.5787411108	1383.0
37534.88972995389	1382.0
37567.20071879697	1383.0
37599.51170764006	1382.0
37631.822696483134	1377.0
37661.822696483134	1377.0
37709.84612826352	1375.0
37757.8695600439	1370.0
37805.89299182428	1358.0
37853.91642360466	1350.0
37891.41642360513	1347.0
37928.916423605595	1350.0
37966.41642360606	1351.0
38003.916423606526	1348.0
38063.91642360466	1348.0
38106.34283047569	1339.0
38148.76923734672	1337.0
38191.19564421775	1334.0
38233.62205108878	1338.0
38270.118626270385	1334.0
38306.61520145199	1324.0
38343.111776633596	1324.0
38379.6083518152	1319.0
38416.104926996806	1318.0
38452.16043975127	1317.0
38488.21595250574	1316.0
38524.27146526021	1318.0
38556.66147029311	1317.0
38589.051475326014	1313.0
38621.44148035892	1305.0
38653.83148539182	1303.0
38686.22149042473	1298.0
38718.61149545763	1297.0
38751.001500490536	1292.0
38783.39150552344	1290.0
38815.78151055634	1287.0
38848.171515589245	1284.0
38880.56152062215	1283.0
38912.95152565505	1279.0
38945.34153068796	1279.0
38987.76793755883	1279.0
39030.19434442969	1276.0
39060.60815708133	1274.0
39091.02196973298	1269.0
39121.43578238462	1265.0
39151.84959503627	1265.0
39182.26340768791	1265.0
39212.67722033956	1264.0
39246.8498496654	1259.0
39281.02247899124	1256.0
39315.19510831708	1253.0
39349.367737642926	1250.0
39383.540366968766	1245.0
39417.712996294606	1246.0
39451.885625620445	1244.0
39486.058254946285	1242.0
39520.230884272125	1242.0
39554.40351359797	1239.0
39588.57614292381	1236.0
39618.57614292381	1236.0
39648.57614292381	1233.0
39678.57614292381	1230.0
39708.57614292381	1230.0
39738.57614292381	1226.0
39768.57614292381	1223.0
39798.57614292381	1220.0
39852.659412055385	1221.0
39906.74268118696	1214.0
39937.6659733796	1214.0
39968.58926557224	1212.0
39999.51255776488	1209.0
40030.435849957525	1211.0
40078.4592817378	1210.0
40126.482713518075	1211.0
40174.50614529834	1205.0
40222.52957707862	1199.0
40257.51528844779	1200.0
40292.500999816955	1197.0
40327.486711186124	1197.0
40362.472422555285	1193.0
40397.458133924454	1190.0
40435.70078027617	1190.0
40473.94342662789	1189.0
40512.18607297961	1185.0
40550.42871933132	1183.0
40592.855126203394	1183.0
40635.28153307546	1181.0
40677.70793994753	1172.0
40718.938996203105	1170.0
40760.170052458685	1175.0
40801.40110871426	1174.0
40834.230634720174	1172.0
40867.06016072608	1171.0
40899.889686732	1169.0
40932.71921273791	1165.0
40965.548738743826	1166.0
40998.378264749736	1164.0
41031.20779075565	1164.0
41064.03731676156	1163.0
41096.86684276748	1162.0
41126.86684276748	1158.0
41156.86684276748	1157.0
41186.86684276748	1160.0
41216.86684276748	1159.0
41252.24427201295	1157.0
41287.621701258424	1154.0
41322.99913050389	1152.0
41358.37655974936	1152.0
41393.75398899484	1149.0
41429.13141824031	1150.0
41464.50884748578	1149.0
41499.88627673125	1145.0
41533.42729639396	1142.0
41566.968316056664	1140.0
41597.38212870818	1138.0
41627.7959413597	1136.0
41658.209754011215	1138.0
41688.62356666273	1138.0
41719.03737931425	1137.0
41749.45119196577	1136.0
41785.506704721265	1131.0
41821.56221747677	1130.0
41857.61773023227	1127.0
41887.61773023227	1127.0
41917.61773023227	1126.0
41956.916314153634	1122.0
41996.214898075006	1122.0
42035.51348199637	1120.0
42074.812065917744	1115.0
42114.11064983911	1114.0
42153.40923376048	1113.0
42192.70781768185	1115.0
42232.00640160322	1117.0
42271.304985524584	1118.0
42310.60356944596	1119.0
42349.90215336732	1112.0
42389.200737288695	1110.0
42428.49932121006	1110.0
42461.226593937165	1110.0
42493.95386666427	1107.0
42526.68113939137	1104.0
42559.40841211847	1104.0
42592.135684845576	1103.0
42624.86295757268	1095.0
42657.590230299786	1093.0
42690.31750302689	1095.0
42723.04477575399	1098.0
42755.77204848109	1095.0
42788.4993212082	1094.0
42830.92572808005	1093.0
42860.92572808067	1090.0
42890.925728081296	1087.0
42920.925728081915	1086.0
42963.35213495267	1087.0
43005.77854182342	1088.0
43048.204948694176	1085.0
43078.20494869433	1084.0
43108.20494869449	1082.0
43138.20494869464	1078.0
43168.204948694794	1073.0
43198.204948694955	1068.0
43228.20494869511	1065.0
43258.20494869526	1067.0
43288.20494869542	1071.0
43318.20494869557	1071.0
43348.204948695726	1070.0
43378.204948695886	1066.0
43408.20494869604	1065.0
43455.63911359768	1064.0
43503.07327849932	1065.0
43545.499685370516	1063.0
43575.499685370705	1060.0
43605.49968537089	1062.0
43635.499685371076	1062.0
43665.49968537126	1059.0
43695.49968537145	1061.0
43737.92609224297	1063.0
43780.352499114495	1063.0
43822.778905986015	1061.0
43865.205312857535	1054.0
43909.92667240684	1051.0
43954.64803195614	1048.0
43999.36939150544	1047.0
44029.36939150544	1045.0
44059.36939150544	1042.0
44089.36939150544	1043.0
44119.36939150544	1044.0
44149.36939150544	1043.0
44179.36939150544	1042.0
44209.36939150544	1041.0
44245.42490426042	1035.0
44281.48041701541	1034.0
44317.53592977039	1033.0
44362.53592976946	1034.0
44407.53592976853	1025.0
44449.96233663939	1025.0
44492.38874351026	1025.0
44522.38874351119	1023.0
44552.38874351212	1018.0
44597.388743511656	1021.0
44642.38874351119	1021.0
44684.8151503837	1021.0
44727.24155725621	1019.0
44763.64210670229	1011.0
44800.04265614838	1004.0
44836.443205594456	997.0
44872.84375504054	999.0
44909.24430448662	1003.0
44945.6448539327	1010.0
44975.6448539327	1009.0
45005.6448539327	1000.0
45035.6448539327	995.0
45065.6448539327	989.0
45108.07126080324	982.0
45138.07126080324	976.0
45168.07126080324	977.0
45198.07126080324	977.0
45228.07126080324	977.0
45270.49766767542	974.0
45312.924074547605	978.0
45350.42407454737	977.0
45387.92407454714	976.0
45425.42407454691	972.0
45462.924074546674	976.0
45505.35048141787	968.0
45547.77688828906	967.0
45590.20329516025	972.0
45632.629702031445	965.0
45675.05610890264	961.0
45717.48251577383	969.0
45759.90892264502	977.0
45802.335329516216	975.0
45843.56638577187	974.0
45884.79744202751	970.0
45926.028498283165	968.0
45958.33948712625	966.0
45990.650475969334	960.0
46022.96146481242	961.0
46055.2724536555	960.0
46087.58344249858	962.0
46135.017607399925	964.0
46182.451772301276	955.0
46212.45177230221	952.0
46242.4517723024	948.0
46272.45177230258	945.0
46302.45177230277	945.0
46332.45177230295	947.0
46362.45177230314	950.0
46392.45177230333	953.0
46422.45177230351	948.0
46452.4517723037	946.0
46482.45177230388	951.0
46512.45177230407	953.0
46566.535041434225	954.0
46620.61831056437	948.0
46650.74985808942	943.0
46680.881405614455	939.0
46711.0129531395	932.0
46741.14450066454	928.0
46771.27604818958	936.0
46801.40759571462	942.0
46831.539143239665	947.0
46861.6706907647	947.0
46891.80223828975	947.0
46921.933785814785	942.0
46952.06533333983	949.0
46982.19688086487	947.0
47012.32842838991	933.0
47042.45997591495	931.0
47072.591523439994	932.0
47102.72307096503	933.0
47132.85461849008	920.0
47162.986166015115	909.0
47193.11771354016	907.0
47223.2492610652	908.0
47253.38080859024	908.0
47283.51235611528	908.0
47313.643903640324	910.0
47343.77545116536	909.0
47373.90699869041	907.0
47404.038546215445	909.0
47434.17009374049	905.0
47464.30164126553	903.0
47494.43318879057	902.0
47524.56473631561	903.0
47554.696283840654	904.0
47584.82783136569	900.0
47619.813542735115	893.0
47654.79925410454	886.0
47689.78496547396	884.0
47724.770676843385	896.0
47759.75638821281	888.0
47809.756388212125	881.0
47859.75638821144	882.0
47909.75638821076	880.0
47939.756388210946	881.0
47969.75638821113	879.0
47999.75638821132	876.0
48029.7563882115	875.0
48059.75638821169	876.0
48089.75638821188	878.0
48119.75638821206	877.0
48149.75638821225	874.0
48179.75638821243	869.0
48209.75638821262	867.0
48259.756388212125	865.0
48309.75638821162	863.0
48359.75638821113	857.0
48389.7563882115	857.0
48419.75638821187	855.0
48449.75638821225	851.0
48479.75638821262	850.0
48509.75638821299	855.0
48563.83965734392	856.0
48617.92292647484	852.0
48647.92292647546	850.0
48677.92292647609	848.0
48707.922926476705	849.0
48757.92292647602	850.0
48807.92292647534	849.0
48857.922926474654	844.0
48892.90863784408	839.0
48927.8943492135	844.0
48962.880060582924	847.0
48997.86577195235	849.0
49032.85148332177	848.0
49062.85148332239	849.0
49092.851483323015	842.0
49122.85148332363	837.0
49165.277890193836	840.0
49207.70429706405	836.0
49244.20087224547	832.0
49280.69744742689	831.0
49317.19402260831	833.0
49353.69059778973	832.0
49390.18717297116	832.0
49423.72819263428	824.0
49457.2692122974	821.0
49490.810231960524	826.0
49524.351251623644	825.0
49560.847826805	824.0
49597.34440198637	822.0
49633.840977167725	826.0
49670.33755234908	824.0
49706.83412753045	823.0
49740.37514719378	826.0
49773.91616685711	817.0
49803.91616685804	816.0
49833.91616685897	817.0
49867.45718652105	810.0
49900.99820618313	809.0
49938.498206182856	809.0
49975.99820618257	812.0
50013.498206182296	811.0
50050.99820618201	807.0
50083.63723377857	807.0
50116.27626137513	808.0
50148.91528897169	807.0
50181.554316568254	805.0
50214.19334416481	805.0
50246.83237176137	803.0
50279.47139935793	799.0
50313.01241902105	803.0
50346.55343868417	799.0
50378.176215285755	796.0
50409.79899188734	792.0
50441.42176848892	790.0
50486.42176848799	789.0
50531.42176848706	794.0
50573.8481753576	793.0
50605.470951959775	792.0
50637.093728561944	792.0
50668.71650516412	792.0
50702.466505163655	792.0
50736.21650516319	790.0
50769.96650516272	788.0
50803.71650516226	790.0
50837.46650516179	790.0
50871.21650516133	788.0
50904.96650516086	786.0
50938.716505160395	781.0
50981.14291203198	777.0
51023.569318903574	781.0
51065.99572577516	782.0
51108.422132646745	784.0
51150.84853951834	784.0
51210.84853951461	779.0
51241.442656596424	776.0
51272.036773678235	775.0
51302.63089076005	774.0
51333.225007841866	775.0
51363.81912492368	773.0
51406.24553179513	770.0
51448.671938666586	776.0
51491.09834553805	779.0
51533.5247524095	777.0
51575.95115928096	777.0
51620.67251883026	778.0
51665.39387837956	769.0
51710.11523792886	770.0
51777.19727725302	769.0
51819.62368412454	766.0
51862.05009099607	761.0
51892.05009099607	760.0
51922.05009099607	759.0
51952.05009099607	756.0
51982.05009099607	755.0
52012.05009099607	760.0
52051.913137793745	760.0
52091.77618459143	760.0
52131.639231389105	755.0
52171.50227818678	755.0
52211.36532498446	754.0
52251.22837178214	754.0
52291.09141857982	752.0
52330.954465377494	748.0
52363.26545422048	747.0
52395.57644306345	745.0
52427.887431906434	744.0
52460.19842074942	741.0
52492.50940959239	745.0
52542.5094095919	743.0
52592.509409591396	746.0
52642.5094095909	742.0
52672.50940959137	742.0
52702.50940959183	743.0
52741.118022620554	741.0
52779.72663564928	738.0
52818.335248678006	740.0
52856.94386170673	741.0
52895.55247473545	737.0
52934.16108776417	734.0
52972.7697007929	735.0
53011.378313821624	735.0
53041.43685046271	734.0
53071.495387103794	732.0
53101.55392374488	728.0
53131.612460385964	730.0
53161.67099702705	732.0
53191.72953366814	733.0
53221.78807030922	734.0
53251.84660695031	728.0
53281.90514359139	728.0
53311.96368023248	728.0
53342.02221687356	727.0
53372.08075351465	726.0
53402.13929015574	728.0
53432.19782679682	728.0
53462.25636343791	725.0
53492.31490007899	722.0
53539.74906498078	718.0
53587.18322988257	719.0
53626.69556327079	719.0
53666.20789665902	718.0
53705.72023004724	717.0
53745.23256343547	718.0
53784.74489682369	718.0
53824.257230211915	717.0
53863.769563600144	713.0
53893.769563601076	710.0
53923.76956360201	711.0
53966.19597047342	705.0
54008.62237734483	709.0
54051.04878421625	713.0
54093.47519108766	713.0
54135.90159795907	711.0
54178.32800483048	710.0
54209.950781432555	707.0
54241.57355803463	705.0
54273.19633463671	702.0
54309.25184739187	705.0
54345.307360147024	707.0
54381.36287290218	701.0
54425.09501211312	700.0
54468.82715132406	698.0
54512.559290535	698.0
54556.29142974594	699.0
54597.522486001595	699.0
54638.75354225724	696.0
54679.98459851289	695.0
54747.06663783789	695.0
54777.066637838354	693.0
54807.06663783882	693.0
54837.066637839285	693.0
54867.06663783975	694.0
54909.493044710835	695.0
54951.91945158192	693.0
54994.345858453	688.0
55036.772265324085	685.0
55079.19867219517	683.0
55121.62507906625	682.0
55157.680591821234	682.0
55193.73610457622	681.0
55229.791617331204	681.0
55274.79161733027	680.0
55319.79161732934	675.0
55362.218024200534	670.0
55404.64443107173	671.0
55447.07083794292	672.0
55489.49724481411	675.0
55531.923651685305	674.0
55574.3500585565	672.0
55616.77646542769	669.0
55648.39924202937	668.0
55680.02201863106	670.0
55711.64479523274	671.0
55747.700307987645	669.0
55783.75582074254	667.0
55819.81133349744	664.0
55849.81133349744	663.0
55879.81133349744	661.0
55909.81133349744	661.0
55994.664147237854	659.0
56037.090554111026	657.0
56072.09055411087	655.0
56107.09055411071	653.0
56142.09055411056	653.0
56177.09055411041	655.0
56212.09055411025	656.0
56247.090554110095	653.0
56289.51696098116	651.0
56331.94336785222	646.0
56374.36977472328	649.0
56416.79618159434	654.0
56459.2225884654	649.0
56489.40720559254	647.0
56519.591822719674	646.0
56549.77643984681	645.0
56579.961056973945	642.0
56610.145674101084	644.0
56640.33029122822	644.0
56670.514908355355	643.0
56700.699525482494	642.0
56730.884142609626	643.0
56773.31054948082	643.0
56815.73695635201	643.0
56845.9704229081	640.0
56876.203889464196	637.0
56906.43735602028	640.0
56936.67082257637	641.0
56966.904289132464	642.0
56997.137755688556	643.0
57027.37122224465	636.0
57057.60468880074	625.0
57100.03109567281	624.0
57142.45750254488	631.0
57184.88390941695	636.0
57232.31807431904	628.0
57279.75223922112	628.0
57312.25223922104	627.0
57344.752239220965	624.0
57377.252239220885	627.0
57409.752239220805	627.0
57442.25223922073	626.0
57474.75223922065	624.0
57507.25223922057	613.0
57539.7522392205	617.0
57572.25223922042	623.0
57604.75223922034	625.0
57637.252239220266	618.0
57669.752239220186	619.0
57705.80775197517	625.0
57741.86326473016	623.0
57777.91877748514	616.0
57820.34518435765	617.0
57850.34518435765	619.0
57880.34518435765	617.0
57910.34518435765	611.0
57940.34518435765	611.0
57970.34518435765	613.0
58000.34518435765	610.0
58030.34518435765	605.0
58060.34518435765	604.0
58090.34518435765	607.0
58120.34518435765	611.0
58162.77159122884	609.0
58192.77159122884	611.0
58222.77159122884	608.0
58252.77159122884	605.0
58282.77159122884	604.0
58325.197998100695	603.0
58392.280037424855	601.0
58422.280037424855	602.0
58452.280037424855	601.0
58482.280037424855	602.0
58512.280037424855	601.0
58542.280037424855	598.0
58572.280037424855	596.0
58602.280037424855	598.0
58638.33555017979	599.0
58674.39106293474	603.0
58710.446575689675	596.0
58746.50208844462	593.0
58782.55760119956	598.0
58818.6131139545	599.0
58851.94644728773	599.0
58885.279780620964	598.0
58918.61311395419	597.0
58951.946447287424	595.0
58985.27978062065	596.0
59018.613113953885	598.0
59051.94644728711	598.0
59085.279780620345	596.0
59118.61311395357	596.0
59157.66436233354	594.0
59196.715610713516	589.0
59235.766859093485	587.0
59274.81810747345	580.0
59313.86935585342	580.0
59352.9206042334	584.0
59383.15407078949	580.0
59413.38753734558	580.0
59443.621003901666	585.0
59473.85447045776	585.0
59504.08793701385	582.0
59534.32140356994	580.0
59564.554870126034	578.0
59594.788336682126	578.0
59637.21474355299	578.0
59679.64115042386	581.0
59709.64115042414	581.0
59739.64115042443	580.0
59769.641150424715	580.0
59799.641150425006	581.0
59829.64115042529	582.0
59859.641150425574	582.0
59889.641150425865	582.0
59919.64115042615	580.0
59949.64115042643	580.0
59979.64115042672	583.0
60009.64115042701	584.0
60039.6411504273	583.0
60069.64115042758	579.0
60111.22768671027	584.0
60152.81422299296	584.0
60194.400759275646	582.0
60235.98729555834	584.0
60277.57383184103	580.0
60319.16036812372	579.0
60360.746904406406	576.0
60402.33344068909	576.0
60443.91997697178	571.0
60485.50651325447	567.0
60527.093049537165	566.0
60568.67958581985	563.0
60610.26612210254	562.0
60651.85265838523	560.0
60693.43919466792	561.0
60735.025730950605	565.0
60776.6122672333	559.0
60818.19880351599	550.0
60859.78533979868	552.0
60901.371876081364	553.0
60942.95841236405	559.0
60984.54494864674	564.0
61026.13148492943	564.0
61067.718021212124	564.0
61109.30455749481	561.0
61139.30455749481	562.0
61169.30455749481	557.0
61199.30455749481	559.0
61229.30455749481	561.0
61259.30455749481	562.0
61344.157371235226	559.0
61375.08066342759	560.0
61406.00395561994	564.0
61436.9272478123	558.0
61467.850540004656	564.0
61513.9482622908	565.0
61560.045984576944	555.0
61606.14370686309	553.0
61652.24142914923	565.0
61698.33915143538	564.0
61744.436873721526	563.0
61774.43687372246	561.0
61804.43687372339	559.0
61846.863280594844	552.0
61889.2896874663	557.0
61931.71609433776	560.0
61974.142501209215	562.0
62016.56890808067	561.0
62046.5689080816	560.0
62076.56890808253	561.0
62119.83552338779	558.0
62163.10213869305	558.0
62206.36875399831	561.0
62249.63536930356	561.0
62292.90198460882	556.0
62324.83208404481	553.0
62356.762183480794	553.0
62388.69228291679	551.0
62420.622382352776	547.0
62452.55248178876	545.0
62484.48258122475	542.0
62516.412680660746	543.0
62548.34278009673	542.0
62580.27287953272	544.0
62612.20297896871	544.0
62644.133078404695	543.0
62676.06317784069	545.0
62707.99327727668	548.0
62739.923376712664	544.0
62771.85347614865	536.0
62803.783575584646	536.0
62846.20998245595	537.0
62888.63638932725	536.0
62931.06279619855	539.0
62973.489203069854	537.0
63015.91560994116	535.0
63058.342016812465	533.0
63092.29971108039	533.0
63126.25740534832	533.0
63160.21509961624	530.0
63194.172793884165	529.0
63228.13048815209	522.0
63262.08818242002	522.0
63296.045876687946	524.0
63330.003570955865	524.0
63367.50357095614	522.0
63405.003570956425	528.0
63442.5035709567	525.0
63480.003570956986	521.0
63517.50357095726	522.0
63555.00357095754	521.0
63592.50357095782	524.0
63630.0035709581	524.0
63660.59768803984	522.0
63691.191805121576	523.0
63721.785922203315	521.0
63752.38003928505	517.0
63782.97415636679	513.0
63825.40056323831	514.0
63867.82697010984	520.0
63897.82697010984	522.0
63927.82697010984	513.0
63957.82697010984	515.0
63987.82697010984	519.0
64017.82697010984	520.0
64060.25337698147	520.0
64102.679783853106	516.0
64145.106190724735	511.0
64175.106190724735	515.0
64205.106190724735	514.0
64235.106190724735	511.0
64265.106190724735	509.0
64295.106190724735	506.0
64325.106190724735	506.0
64355.106190724735	511.0
64385.106190724735	515.0
64415.106190724735	515.0
64445.106190724735	514.0
64475.106190724735	509.0
64505.106190724735	508.0
64535.106190724735	511.0
64577.53259759527	511.0
64619.9590044658	520.0
64662.38541133634	520.0
64704.81181820687	517.0
64747.238225078065	514.0
64777.23822507853	511.0
64807.238225078996	507.0
64837.23822507946	503.0
64867.23822507993	500.0
64908.274794137295	497.0
64949.31136319466	500.0
64990.34793225203	506.0
65031.384501309396	501.0
65072.421070366756	503.0
65113.45763942412	506.0
65154.49420848149	509.0
65195.53077753886	507.0
65236.567346596225	510.0
65277.60391565359	516.0
65318.64048471096	511.0
65359.677053768326	510.0
65400.71362282569	511.0
65441.75019188306	512.0
65482.78676094042	503.0
65525.2131678126	508.0
65567.63957468478	506.0
65610.06598155663	505.0
65654.78734110594	498.0
65699.50870065523	507.0
65744.23006020454	499.0
65786.65646707639	505.0
65829.08287394825	506.0
65871.5092808201	506.0
65913.93568769195	496.0
65943.93568769257	490.0
65973.93568769319	489.0
66003.93568769381	496.0
66046.36209456413	496.0
66088.78850143444	495.0
66131.21490830476	491.0
66161.21490830569	493.0
66191.21490830662	497.0
66254.85451861176	493.0
66318.49412891691	497.0
66349.08824599923	494.0
66379.68236308155	492.0
66410.27648016388	491.0
66440.8705972462	487.0
66471.46471432853	486.0
66519.4881461088	489.0
66567.51157788908	482.0
66615.53500966934	482.0
66663.55844144963	478.0
66694.08123006733	479.0
66724.60401868504	482.0
66755.12680730275	482.0
66785.64959592046	476.0
66816.17238453816	474.0
66846.69517315588	474.0
66877.21796177358	475.0
66907.7407503913	476.0
66938.263539009	478.0
66968.78632762672	478.0
66999.30911624442	477.0
67029.83190486213	476.0
67060.35469347984	481.0
67090.87748209754	478.0
67121.40027071525	475.0
67151.92305933296	473.0
67187.9785720876	471.0
67224.03408484223	471.0
67260.08959759687	472.0
67290.08959759687	469.0
67320.08959759687	468.0
67350.08959759687	464.0
67380.08959759687	459.0
67410.08959759687	461.0
67440.08959759687	464.0
67470.08959759687	465.0
67500.08959759687	470.0
67530.08959759687	472.0
67560.08959759687	472.0
67590.08959759687	472.0
67621.71237419876	473.0
67653.33515080063	470.0
67684.95792740252	470.0
67721.57508631058	473.0
67758.19224521866	467.0
67794.80940412672	470.0
67831.42656303478	463.0
67868.04372194286	470.0
67904.66088085092	468.0
67941.278039759	470.0
67979.69678518336	462.0
68018.11553060773	461.0
68056.5342760321	457.0
68094.95302145646	456.0
68133.37176688082	458.0
68163.37176688082	459.0
68193.37176688082	460.0
68234.06881837123	460.0
68274.76586986164	459.0
68315.46292135205	459.0
68356.15997284246	459.0
68396.85702433289	459.0
68437.5540758233	465.0
68478.2511273137	461.0
68518.94817880412	462.0
68559.64523029453	464.0
68600.34228178494	462.0
68641.03933327534	460.0
68681.73638476575	457.0
68748.81842408949	456.0
68796.25258899157	457.0
68843.68675389366	457.0
68873.68675389366	457.0
68903.68675389366	455.0
68933.68675389366	454.0
68963.68675389366	455.0
69006.11316076551	452.0
69037.92684849014	450.0
69069.74053621477	449.0
69101.5542239394	446.0
69133.36791166403	442.0
69165.18159938866	439.0
69196.99528711327	441.0
69228.8089748379	452.0
69260.62266256253	450.0
69292.43635028716	442.0
69324.25003801179	441.0
69356.06372573641	436.0
69387.87741346104	435.0
69419.69110118567	435.0
69451.5047889103	436.0
69483.31847663493	439.0
69515.13216435956	441.0
69546.94585208419	438.0
69589.37225895538	437.0
69631.79866582657	439.0
69674.22507269777	438.0
69716.65147956896	444.0
69759.07788644015	451.0
69801.50429331134	447.0
69831.50429331134	441.0
69861.50429331134	438.0
69903.93070018353	441.0
69946.35710705571	441.0
69991.35710705385	438.0
70036.35710705198	437.0
70078.78351392351	440.0
70121.20992079502	441.0
70151.20992079502	439.0
70181.20992079502	439.0
70211.20992079502	437.0
70241.20992079502	436.0
70271.20992079502	437.0
70301.20992079502	438.0
70331.20992079502	440.0
70364.75094045835	436.0
70398.29196012169	439.0
70436.71070554582	438.0
70475.12945096995	436.0
70513.54819639408	435.0
70551.96694181822	438.0
70590.38568724235	440.0
70620.38568724309	439.0
70650.38568724383	437.0
70680.38568724459	436.0
70710.38568724533	437.0
70740.38568724607	437.0
70782.81209411727	436.0
70813.04556067362	435.0
70843.27902722998	436.0
70873.51249378631	437.0
70903.74596034267	434.0
70933.97942689902	421.0
70964.21289345538	417.0
70994.44636001172	422.0
71024.67982656807	424.0
71073.16714870601	423.0
71121.65447084395	426.0
71170.1417929819	421.0
71218.62911511984	419.0
71267.11643725778	424.0
71315.60375939572	429.0
71364.09108153367	423.0
71396.39877384128	418.0
71428.70646614891	417.0
71461.01415845653	416.0
71493.32185076416	414.0
71525.62954307177	415.0
71557.93723537939	415.0
71590.24492768702	417.0
71622.55261999463	418.0
71654.86031230225	416.0
71687.16800460988	415.0
71719.47569691749	414.0
71751.78338922512	414.0
71784.09108153274	417.0
71822.85290990585	419.0
71861.61473827895	421.0
71900.37656665206	416.0
71939.13839502518	414.0
71977.90022339828	417.0
72016.66205177139	420.0
72055.4238801445	418.0
72094.1857085176	416.0
72132.94753689072	419.0
72171.70936526383	418.0
72210.47119363694	407.0
72247.97119363732	406.0
72285.47119363768	411.0
72322.97119363806	412.0
72360.47119363843	414.0
72390.47119363905	415.0
72420.47119363966	414.0
72450.47119364029	414.0
72488.41852556226	417.0
72526.36585748421	415.0
72564.31318940618	412.0
72602.26052132813	405.0
72640.2078532501	406.0
72682.63426012151	407.0
72725.06066699293	409.0
72767.48707386434	402.0
72817.48707386335	399.0
72867.48707386234	407.0
72917.48707386135	406.0
72947.48707386198	401.0
72977.48707386259	400.0
73007.48707386322	399.0
73047.91842157165	396.0
73088.34976928009	401.0
73128.78111698851	400.0
73169.21246469695	399.0
73209.64381240538	401.0
73250.07516011382	404.0
73290.50650782225	400.0
73332.9329146941	398.0
73375.35932156596	393.0
73417.78572843781	391.0
73460.21213530966	395.0
73520.21213530873	398.0
73562.63854218026	395.0
73605.06494905177	396.0
73647.49135592362	399.0
73689.91776279348	398.0
73720.33157544513	394.0
73750.74538809677	394.0
73781.15920074841	392.0
73811.57301340006	391.0
73841.98682605171	390.0
73872.40063870334	394.0
73914.82704557503	393.0
73957.25345244672	392.0
73999.6798593184	396.0
74042.1062661901	395.0
74087.10626618963	393.0
74132.10626618916	392.0
74199.1883055129	391.0
74247.21173729358	388.0
74295.23516907425	381.0
74343.25860085493	387.0
74391.2820326356	393.0
74421.51549919172	392.0
74451.74896574784	391.0
74481.98243230396	388.0
74512.21589886009	384.0
74542.44936541619	381.0
74572.68283197231	378.0
74602.91629852843	379.0
74633.14976508456	385.0
74669.76943193175	380.0
74706.38909877896	386.0
74743.00876562616	382.0
74779.62843247336	378.0
74816.24809932057	383.0
74852.86776616776	375.0
74889.48743301496	381.0
74926.10709986216	385.0
74962.72676670937	384.0
74999.34643355657	379.0
75030.9692101585	378.0
75062.59198676042	380.0
75094.21476336235	381.0
75125.83753996428	382.0
75157.46031656621	376.0
75189.08309316814	375.0
75219.08309316821	381.0
75249.0830931683	382.0
75279.08309316837	383.0
75309.08309316845	382.0
75339.08309316853	381.0
75369.0830931686	381.0
75399.08309316868	382.0
75429.08309316877	377.0
75459.08309316884	371.0
75489.08309316891	369.0
75519.083093169	374.0
75549.08309316907	376.0
75593.47987661297	375.0
75637.87666005686	368.0
75682.27344350077	374.0
75726.67022694467	375.0
75771.06701038856	373.0
75815.46379383246	370.0
75859.86057727635	372.0
75904.25736072025	372.0
75948.65414416416	373.0
75993.05092760806	374.0
76037.44771105195	365.0
76073.94428623375	365.0
76110.44086141553	370.0
76146.93743659732	374.0
76183.43401177911	376.0
76219.9305869609	377.0
76283.57019726603	381.0
76347.20980757118	380.0
76377.20980757118	379.0
76407.20980757118	371.0
76437.20980757118	370.0
76467.20980757118	374.0
76497.20980757118	375.0
76527.20980757118	375.0
76557.20980757118	377.0
76587.20980757118	379.0
76634.643972474	385.0
76682.07813737683	379.0
76724.50454424835	377.0
76766.93095111987	380.0
76809.3573579914	378.0
76851.78376486292	375.0
76882.08834119949	373.0
76912.39291753605	366.0
76942.69749387262	369.0
76973.00207020919	367.0
77003.30664654575	366.0
77033.61122288232	363.0
77063.91579921888	363.0
77106.3422060902	363.0
77148.76861296149	352.0
77191.1950198328	350.0
77233.62142670409	353.0
77276.0478335754	360.0
77318.4742404467	352.0
77365.9084053473	362.0
77413.34257024791	362.0
77443.7563829	361.0
77474.17019555207	362.0
77504.58400820415	366.0
77534.99782085622	364.0
77565.41163350831	360.0
77595.82544616038	349.0
77627.44822276212	350.0
77659.07099936384	346.0
77690.69377596558	353.0
77722.31655256731	358.0
77753.93932916905	356.0
77785.56210577078	353.0
77817.18488237314	352.0
77848.80765897552	349.0
77880.43043557789	352.0
77920.56908417372	348.0
77960.70773276956	353.0
78000.8463813654	349.0
78040.98502996123	351.0
78081.12367855707	350.0
78121.26232715292	349.0
78161.40097574875	337.0
78201.53962434459	342.0
78241.67827294042	350.0
78272.09208559207	352.0
78302.5058982437	353.0
78332.91971089535	346.0
78363.333523547	342.0
78393.74733619865	335.0
78424.16114885028	337.0
78466.5875557214	332.0
78509.01396259252	331.0
78551.44036946364	335.0
78593.86677633476	335.0
78636.29318320588	336.0
78678.719590077	342.0
78721.14599694812	335.0
78763.57240381924	336.0
78805.99881069036	342.0
78835.99881069043	344.0
78865.99881069051	340.0
78895.99881069058	335.0
78925.99881069065	331.0
78955.99881069073	328.0
78985.9988106908	329.0
79015.99881069086	331.0
79045.99881069093	330.0
79075.998810691	329.0
79105.99881069108	332.0
79135.99881069115	334.0
79165.99881069122	338.0
79195.9988106913	338.0
79238.42521756236	335.0
79280.85162443342	328.0
79323.27803130448	332.0
79365.70443817554	338.0
79408.1308450466	335.0
79440.13084504647	328.0
79472.13084504635	325.0
79504.13084504622	327.0
79536.13084504611	329.0
79568.13084504598	329.0
79600.13084504586	330.0
79632.13084504573	328.0
79664.13084504561	324.0
79696.13084504548	325.0
79728.13084504537	327.0
79760.13084504523	327.0
79792.13084504512	326.0
79824.13084504499	326.0
79856.13084504487	327.0
79888.13084504474	329.0
79930.55725191395	325.0
79975.55725191349	327.0
80020.55725191302	328.0
80062.98365878487	327.0
80105.41006565673	329.0
80142.91006565627	331.0
80180.4100656558	328.0
80217.91006565533	325.0
80255.41006565487	327.0
80291.46557840999	328.0
80327.5210911651	332.0
80363.57660392021	328.0
80399.63211667532	330.0
80435.68762943044	330.0
80471.74314218554	331.0
80509.24314218531	329.0
80546.74314218508	322.0
80584.24314218485	313.0
80621.74314218461	315.0
80658.36280903197	316.0
80694.98247587933	321.0
80731.60214272667	313.0
80768.22180957402	317.0
80804.84147642138	324.0
80841.46114326874	324.0
80878.0808101161	320.0
80914.70047696344	320.0
80951.3201438108	328.0
80987.93981065815	320.0
81055.0218499798	315.0
81085.43566263147	314.0
81115.84947528315	315.0
81146.26328793481	316.0
81176.67710058649	315.0
81207.09091323815	311.0
81237.50472588983	311.0
81267.91853854149	314.0
81298.33235119317	317.0
81328.74616384483	313.0
81359.1599764965	312.0
81389.57378914817	311.0
81419.98760179985	313.0
81460.37633785284	314.0
81500.76507390583	314.0
81541.15380995882	311.0
81581.54254601181	312.0
81611.54254601181	314.0
81641.54254601181	312.0
81671.54254601181	313.0
81701.54254601181	314.0
81731.54254601181	313.0
81761.54254601181	315.0
81801.6811946078	312.0
81841.81984320376	303.0
81881.95849179974	292.0
81922.09714039571	289.0
81962.23578899169	293.0
82002.37443758766	307.0
82042.51308618364	312.0
82082.6517347796	308.0
82122.79038337558	300.0
82154.18365001165	304.0
82185.57691664771	303.0
82216.97018328377	305.0
82248.36344991984	307.0
82279.75671655589	307.0
82311.14998319195	309.0
82342.54324982801	310.0
82373.93651646408	304.0
82405.32978310014	303.0
82436.7230497362	316.0
82468.11631637227	314.0
82499.50958300833	311.0
82530.9028496444	308.0
82562.29611628046	305.0
82593.6893829165	302.0
82625.08264955257	299.0
82656.47591618863	298.0
82687.8691828247	299.0
82719.26244946076	306.0
82750.65571609682	311.0
82782.04898273289	316.0
82813.44224936895	315.0
82854.26949401428	306.0
82895.0967386596	305.0
82935.92398330494	303.0
82976.75122795026	294.0
83017.57847259559	289.0
83058.40571724091	294.0
83099.23296188624	295.0
83140.06020653156	296.0
83180.8874511769	297.0
83221.71469582223	306.0
83262.54194046755	303.0
83303.36918511288	306.0
83344.1964297582	301.0
83404.19642975727	288.0
83446.62283662842	293.0
83489.04924349955	299.0
83531.4756503707	304.0
83573.90205724184	303.0
83616.32846411299	302.0
83658.75487098412	306.0
83701.18127785527	300.0
83743.6076847264	294.0
83786.03409159755	302.0
83828.46049846869	305.0
83870.88690533984	301.0
83913.31331221097	294.0
83955.73971908212	299.0
83985.73971908212	306.0
84015.73971908212	295.0
84045.73971908212	289.0
84075.73971908212	285.0
84105.73971908212	280.0
84135.73971908212	283.0
84165.73971908212	291.0
84195.73971908212	291.0
84225.73971908212	284.0
84255.73971908212	283.0
84285.73971908212	285.0
84315.73971908212	284.0
84345.73971908212	283.0
84375.73971908212	285.0
84405.73971908212	287.0
84444.15846450672	294.0
84482.57720993132	292.0
84520.99595535592	297.0
84559.41470078051	298.0
84597.83344620511	291.0
84627.83344620549	285.0
84657.83344620586	284.0
84687.83344620623	287.0
84717.8334462066	289.0
84747.83344620698	291.0
84791.56558541792	295.0
84835.29772462885	292.0
84879.0298638398	296.0
84922.76200305074	287.0
84952.76200305167	292.0
84982.7620030526	294.0
85029.90245513133	293.0
85077.04290721008	291.0
85124.18335928881	286.0
85171.32381136755	283.0
85218.4642634463	277.0
85265.60471552503	284.0
85312.74516760376	292.0
85359.88561968249	294.0
85407.02607176124	294.0
85437.02607176217	296.0
85467.0260717631	297.0
85504.52607176338	297.0
85542.02607176366	299.0
85579.52607176395	296.0
85617.02607176422	278.0
85657.0260717636	273.0
85697.02607176299	278.0
85737.02607176236	279.0
85783.88756981814	276.0
85830.74906787391	272.0
85877.61056592969	277.0
85924.47206398545	277.0
85971.33356204123	275.0
86002.25685423336	274.0
86033.1801464255	267.0
86064.10343861762	266.0
86095.02673080975	271.0
86125.95002300189	274.0
86156.87331519403	272.0
86187.79660738615	270.0
86218.71989957828	278.0
86261.14630644981	271.0
86303.57271332132	271.0
86345.99912019285	279.0
86388.42552706438	273.0
86429.65658331996	276.0
86470.88763957552	278.0
86512.1186958311	276.0
86545.65971549401	278.0
86579.20073515693	273.0
86609.20073515786	266.0
86639.2007351588	262.0
86669.20073515973	265.0
86699.20073516066	264.0
86744.04614865055	256.0
86788.89156214044	260.0
86833.73697563034	257.0
86878.58238912023	255.0
86923.42780261012	265.0
86968.27321610002	266.0
87013.1186295899	268.0
87057.96404307979	267.0
87102.80945656968	269.0
87138.80945656949	271.0
87174.8094565693	265.0
87210.80945656913	262.0
87246.80945656894	265.0
87282.80945656875	270.0
87325.23586344038	266.0
87367.66227031201	274.0
87410.08867718365	274.0
87440.08867718375	264.0
87470.08867718386	262.0
87500.08867718396	263.0
87530.08867718406	262.0
87560.08867718418	262.0
87590.08867718428	264.0
87620.08867718438	263.0
87650.08867718448	269.0
87680.08867718458	275.0
87747.17071650957	269.0
87789.59712338175	274.0
87832.02353025394	275.0
87862.32810659052	273.0
87892.63268292711	275.0
87922.9372592637	278.0
87953.24183560027	268.0
87983.54641193686	265.0
88013.85098827345	264.0
88044.15556461003	260.0
88086.58197148106	261.0
88129.00837835208	265.0
88171.43478522311	260.0
88213.86119209415	272.0
88243.86119209415	273.0
88273.86119209415	269.0
88303.86119209415	271.0
88333.86119209415	272.0
88363.86119209415	272.0
88406.28759896543	268.0
88448.7140058367	259.0
88491.14041270797	245.0
88533.56681957925	253.0
88575.99322645052	263.0
88618.4196333218	266.0
88660.84604019308	275.0
88703.27244706434	271.0
88770.3544863885	272.0
88805.35448638834	269.0
88840.3544863882	266.0
88875.35448638804	259.0
88910.35448638788	252.0
88945.35448638773	253.0
88980.35448638757	255.0
89017.85448638804	256.0
89055.3544863885	258.0
89092.85448638897	261.0
89130.35448638943	258.0
89190.35448638571	260.0
89226.40999914087	260.0
89262.46551189602	266.0
89298.52102465119	263.0
89334.57653740633	259.0
89370.6320501615	261.0
89406.68756291665	259.0
89456.68756291615	264.0
89506.68756291566	259.0
89556.68756291516	257.0
89586.68756291579	259.0
89616.6875629164	256.0
89646.68756291702	251.0
89731.54037665612	246.0
89761.844952993	240.0
89792.14952932985	248.0
89822.45410566672	257.0
89852.7586820036	244.0
89883.06325834045	242.0
89913.36783467732	245.0
89943.6724110142	252.0
89984.06114706727	265.0
90024.44988312035	251.0
90064.83861917342	249.0
90105.2273552265	249.0
90135.31598171212	254.0
90165.40460819774	253.0
90195.49323468337	252.0
90225.58186116899	257.0
90255.67048765461	249.0
90285.75911414022	240.0
90315.84774062585	240.0
90345.93636711147	240.0
90376.0249935971	236.0
90406.11362008272	236.0
90436.20224656834	241.0
90466.29087305396	249.0
90496.37949953959	253.0
90535.1413279129	252.0
90573.90315628624	247.0
90612.66498465955	260.0
90651.42681303289	255.0
90690.1886414062	250.0
90728.95046977953	245.0
90767.71229815285	245.0
90806.47412652617	242.0
90845.2359548995	249.0
90883.99778327282	251.0
90922.75961164615	252.0
90954.38238824783	256.0
90986.00516484951	245.0
91017.6279414512	239.0
91055.6337889545	239.0
91093.63963645781	239.0
91131.64548396111	236.0
91169.65133146441	239.0
91207.65717896773	240.0
91245.66302647103	240.0
91283.66887397433	241.0
91321.67472147763	239.0
91359.68056898094	231.0
91389.68056898187	235.0
91419.6805689828	242.0
91469.68056898212	238.0
91519.68056898144	240.0
91569.68056898075	240.0
91599.68056898094	242.0
91629.68056898113	242.0
91659.6805689813	242.0
91689.6805689815	241.0
91719.68056898168	236.0
91749.68056898187	228.0
91779.68056898206	228.0
91809.68056898224	232.0
91839.68056898243	236.0
91869.68056898261	239.0
91912.10697585414	240.0
91954.53338272565	242.0
91984.53338272565	240.0
92014.53338272565	237.0
92044.53338272565	234.0
92074.53338272565	234.0
92116.95978959619	242.0
92146.95978959682	239.0
92176.95978959743	238.0
92206.95978959806	239.0
92249.38619646958	231.0
92291.8126033411	239.0
92334.23901021262	240.0
92376.66541708415	238.0
92421.66541708322	238.0
92466.66541708229	240.0
92509.09182395315	239.0
92551.51823082402	237.0
92581.51823082495	237.0
92611.51823082588	231.0
92641.51823082681	229.0
92671.51823082774	228.0
92721.51823082725	227.0
92771.51823082675	240.0
92821.51823082626	232.0
92861.51823082502	227.0
92901.51823082377	230.0
92941.51823082253	231.0
92976.50394219215	229.0
93011.48965356176	233.0
93046.47536493138	225.0
93081.461076301	234.0
93116.4467876706	227.0
93146.44678767154	233.0
93176.44678767247	234.0
93224.470219453	230.0
93272.49365123353	240.0
93320.51708301406	233.0
93368.54051479459	229.0
93407.7607537895	234.0
93446.98099278439	233.0
93486.2012317793	233.0
93525.4214707742	231.0
93564.6417097691	231.0
93603.86194876401	232.0
93643.0821877589	221.0
93682.30242675381	222.0
93721.52266574872	212.0
93760.74290474362	215.0
93799.96314373853	222.0
93839.18338273343	227.0
93878.40362172833	227.0
93917.62386072324	230.0
93956.84409971813	235.0
93996.06433871304	237.0
94035.28457770795	229.0
94074.50481670284	229.0
94113.72505569775	225.0
94145.72505569762	223.0
94177.7250556975	221.0
94209.72505569737	221.0
94241.72505569726	217.0
94273.72505569713	211.0
94305.72505569701	209.0
94337.72505569688	217.0
94369.72505569676	211.0
94401.72505569663	212.0
94433.72505569652	216.0
94465.72505569638	220.0
94497.72505569627	221.0
94529.72505569614	221.0
94561.72505569602	223.0
94593.72505569589	228.0
94625.34783229757	234.0
94656.97060889925	225.0
94688.59338550094	230.0
94728.45643229868	228.0
94768.31947909645	228.0
94808.1825258942	227.0
94848.04557269196	227.0
94887.90861948971	219.0
94927.77166628746	220.0
94967.63471308522	225.0
95007.49775988297	218.0
95039.99775988281	220.0
95072.49775988267	221.0
95104.9977598825	224.0
95137.49775988235	222.0
95169.9977598822	219.0
95202.49775988204	222.0
95234.99775988188	219.0
95267.49775988173	215.0
95299.99775988157	217.0
95332.49775988141	216.0
95364.99775988127	218.0
95397.49775988111	229.0
95439.92416675329	226.0
95482.35057362547	220.0
95514.94658565133	227.0
95547.5425976772	228.0
95580.13860970305	225.0
95612.7346217289	227.0
95645.33063375477	231.0
95677.92664578062	229.0
95710.52265780649	213.0
95743.11866983234	215.0
95775.7146818582	217.0
95808.31069388406	218.0
95840.90670590992	218.0
95873.50271793577	216.0
95915.92912480718	213.0
95958.3555316786	216.0
96000.78193855	211.0
96030.78193855	202.0
96060.78193855	198.0
96090.78193855	204.0
96130.29427193843	204.0
96169.80660532686	206.0
96209.31893871528	216.0
96248.83127210371	218.0
96288.34360549213	213.0
96327.85593888056	216.0
96367.368272269	213.0
96407.36827226837	206.0
96447.36827226776	208.0
96487.36827226714	213.0
96525.37411977052	214.0
96563.37996727391	213.0
96601.3858147773	216.0
96639.39166228069	216.0
96677.39750978407	213.0
96715.40335728746	210.0
96753.40920479083	212.0
96791.41505229422	215.0
96829.42089979761	209.0
96859.42089979761	204.0
96889.42089979761	205.0
96919.42089979761	199.0
96949.42089979761	197.0
96979.42089979761	201.0
97021.8473066692	208.0
97064.27371354078	208.0
97106.70012041237	205.0
97149.12652728397	205.0
97191.55293415555	199.0
97231.55293415493	192.0
97271.55293415432	198.0
97311.55293415369	206.0
97353.97934102522	207.0
97396.40574789673	208.0
97426.40574789693	202.0
97456.40574789714	198.0
97486.40574789736	200.0
97516.40574789756	202.0
97546.40574789776	205.0
97576.40574789797	204.0
97606.40574789818	202.0
97636.40574789839	204.0
97666.40574789859	206.0
97733.4877872211	201.0
97771.90653264598	202.0
97810.32527807087	199.0
97848.74402349576	199.0
97887.16276892065	200.0
97925.58151434553	199.0
97973.01567924835	196.0
98020.44984415117	197.0
98062.87625102255	197.0
98105.30265789393	192.0
98147.72906476531	184.0
98190.1554716367	183.0
98232.58187850808	188.0
98275.00828537946	192.0
98317.43469225084	192.0
98351.72040653629	192.0
98386.00612082174	188.0
98420.29183510719	187.0
98454.57754939263	196.0
98488.86326367808	199.0
98523.14897796353	196.0
98557.43469224898	194.0
98599.86109912083	186.0
98642.28750599269	184.0
98684.71391286454	190.0
98727.14031973638	194.0
98769.56672660823	190.0
98802.56672660804	193.0
98835.56672660785	197.0
98868.56672660768	198.0
98901.56672660749	193.0
98934.5667266073	186.0
98967.56672660711	182.0
99000.56672660692	181.0
99033.56672660675	179.0
99066.56672660656	182.0
99099.56672660637	189.0
99142.57835294142	197.0
99185.58997927647	193.0
99228.60160561152	192.0
99271.61323194657	200.0
99314.62485828162	197.0
99357.63648461667	196.0
99387.63648461667	191.0
99417.63648461667	190.0
99447.63648461667	191.0
99477.63648461667	189.0
99507.63648461667	183.0
99537.63648461667	179.0
99567.63648461667	181.0
99608.46372926216	189.0
99649.29097390764	189.0
99690.11821855314	187.0
99730.94546319863	180.0
99771.77270784411	176.0
99812.5999524896	179.0
99853.4271971351	179.0
99894.25444178058	181.0
99935.08168642607	178.0
99975.90893107156	182.0
100016.73617571706	184.0
100057.56342036254	183.0
100098.39066500803	187.0
100145.82482990967	199.0
100193.25899481132	189.0
100231.50164116303	191.0
100269.74428751475	197.0
100307.98693386647	184.0
100346.22958021819	184.0
100388.6559870896	189.0
100431.08239396101	191.0
100473.50880083242	190.0
100503.69341795956	191.0
100533.8780350867	192.0
100564.06265221383	193.0
100594.24726934097	191.0
100624.43188646811	188.0
100654.61650359524	190.0
100684.80112072238	192.0
100714.9857378495	189.0
100745.17035497665	183.0
100780.74597865336	186.0
100816.32160233008	175.0
100851.89722600678	181.0
100887.4728496835	184.0
100923.0484733602	185.0
100958.62409703691	187.0
100994.19972071363	180.0
101029.77534439033	183.0
101072.2017512624	183.0
101114.62815813448	184.0
101157.05456500655	180.0
101187.05456500655	184.0
101217.05456500655	182.0
101247.05456500655	172.0
101277.05456500655	171.0
101307.05456500655	171.0
101337.05456500655	175.0
101367.05456500655	177.0
101397.05456500655	185.0
101431.2598277594	189.0
101465.46509051224	183.0
101499.67035326507	183.0
101533.87561601792	184.0
101568.08087877076	188.0
101602.28614152361	176.0
101636.49140427646	182.0
101670.69666702929	183.0
101704.90192978214	182.0
101739.10719253498	182.0
101772.64821219831	181.0
101806.18923186164	168.0
101839.73025152415	158.0
101873.27127118663	165.0
101906.81229084914	159.0
101940.35331051164	162.0
101970.35331051164	166.0
102000.35331051164	164.0
102030.35331051164	166.0
102067.85331051136	170.0
102105.35331051108	179.0
102142.85331051079	175.0
102180.35331051052	172.0
102212.66429935374	174.0
102244.97528819696	167.0
102277.28627704018	166.0
102309.5972658834	160.0
102341.90825472663	162.0
102371.90825472663	164.0
102401.90825472663	162.0
102431.90825472663	162.0
102461.90825472663	165.0
102491.90825472663	167.0
102521.90825472663	170.0
102551.90825472663	167.0
102581.90825472663	166.0
102611.90825472663	167.0
102641.90825472663	169.0
102671.90825472663	171.0
102701.90825472663	169.0
102731.90825472663	168.0
102776.5064609685	160.0
102821.10466721038	159.0
102865.70287345228	162.0
102910.30107969415	165.0
102954.89928593603	170.0
102999.4974921779	174.0
103044.0956984198	172.0
103088.69390466168	172.0
103133.29211090355	167.0
103177.89031714543	167.0
103207.89031714543	162.0
103237.89031714543	156.0
103267.89031714543	150.0
103297.89031714543	150.0
103327.89031714543	160.0
103357.89031714543	162.0
103387.89031714543	158.0
103417.89031714543	155.0
103463.98803943199	152.0
103510.08576171855	159.0
103556.18348400513	163.0
103602.2812062917	169.0
103648.37892857825	164.0
103694.47665086482	161.0
103724.47665086512	164.0
103754.47665086544	164.0
103784.47665086575	160.0
103814.47665086605	154.0
103844.47665086637	149.0
103874.47665086668	149.0
103916.903057738	151.0
103959.32946460933	151.0
104001.75587148065	148.0
104044.18227835197	154.0
104086.6086852233	159.0
104120.1497048858	151.0
104153.69072454829	155.0
104187.23174421079	156.0
104220.77276387329	162.0
104253.27276387322	164.0
104285.77276387313	163.0
104318.27276387306	161.0
104350.77276387298	154.0
104383.2727638729	144.0
104415.77276387282	142.0
104448.27276387275	143.0
104480.77276387266	146.0
104513.27276387259	147.0
104545.77276387252	150.0
104578.27276387243	149.0
104610.77276387236	150.0
104649.19150929672	145.0
104687.61025472109	149.0
104726.02900014546	154.0
104764.44774556982	163.0
104802.86649099419	159.0
104834.48926759647	159.0
104866.11204419873	163.0
104897.73482080101	154.0
104927.73482080101	144.0
104957.73482080101	141.0
104987.73482080101	142.0
105017.73482080101	143.0
105047.73482080101	146.0
105077.73482080101	146.0
105107.73482080101	147.0
105137.73482080101	157.0
105180.16122766891	156.0
105210.16122766954	152.0
105240.16122767015	154.0
105270.16122767077	157.0
105312.58763454296	156.0
105355.01404141514	159.0
105387.74131414224	155.0
105420.46858686935	152.0
105453.19585959645	151.0
105485.92313232356	153.0
105518.65040505066	152.0
105551.37767777775	150.0
105584.10495050486	152.0
105616.83222323196	151.0
105649.55949595907	145.0
105682.28676868617	139.0
105715.01404141328	138.0
105751.63370826063	142.0
105788.25337510799	162.0
105824.87304195533	155.0
105861.49270880269	150.0
105898.11237565005	153.0
105934.7320424974	149.0
105971.35170934476	148.0
106007.9713761921	153.0
106044.59104303946	163.0
106081.21070988681	155.0
106117.26622264145	154.0
106153.3217353961	158.0
106189.37724815073	147.0
106224.37724815057	147.0
106259.37724815043	151.0
106294.37724815027	154.0
106329.37724815011	150.0
106364.37724814996	150.0
106399.3772481498	152.0
106441.80365501902	147.0
106472.03712157508	146.0
106502.27058813114	148.0
106532.5040546872	147.0
106562.73752124327	154.0
106592.97098779933	155.0
106623.2044543554	156.0
106653.43792091144	149.0
106683.6713874675	140.0
106724.70795652487	145.0
106765.74452558224	150.0
106806.7810946396	151.0
106847.81766369697	143.0
106888.85423275434	144.0
106929.8908018117	147.0
106970.92737086907	148.0
107011.96393992644	146.0
107053.00050898381	147.0
107094.03707804116	141.0
107135.07364709853	132.0
107176.1102161559	139.0
107217.14678521326	153.0
107258.18335427063	158.0
107299.219923328	143.0
107346.65408822964	138.0
107394.08825313128	150.0
107424.08825313191	157.0
107454.08825313252	157.0
107484.08825313314	156.0
107526.51466000434	154.0
107556.51466000434	157.0
107586.51466000434	154.0
107616.51466000434	151.0
107646.51466000434	156.0
107680.05567966684	153.0
107713.59669932933	158.0
107747.13771899183	160.0
107780.67873865433	147.0
107823.10514552552	148.0
107865.53155239671	149.0
107907.95795926791	146.0
107950.3843661391	149.0
107992.8107730103	153.0
108035.23717988149	151.0
108077.66358675268	157.0
108120.08999362387	158.0
108165.0899936234	147.0
108210.08999362294	137.0
108252.5164004938	127.0
108294.94280736467	122.0
108324.942807365	128.0
108354.94280736535	133.0
108384.94280736569	141.0
108414.94280736602	142.0
108444.94280736636	140.0
108474.94280736671	138.0
108504.94280736704	135.0
108534.94280736738	129.0
108564.94280736771	130.0
108594.94280736806	133.0
108624.9428073684	132.0
108671.04052965454	122.0
108717.13825194069	122.0
108763.23597422683	142.0
108809.33369651297	146.0
108855.43141879911	142.0
108901.52914108527	138.0
108933.15191768695	138.0
108964.77469428863	136.0
108996.39747089031	138.0
109026.39747089031	136.0
109056.39747089031	133.0
109086.39747089031	131.0
109116.39747089031	128.0
109146.39747089031	130.0
109176.39747089031	136.0
109206.39747089031	136.0
109236.39747089031	133.0
109266.39747089031	135.0
109296.39747089031	133.0
109326.39747089031	141.0
109368.82387775887	139.0
109398.82387775899	141.0
109428.8238777591	136.0
109458.82387775922	135.0
109488.82387775934	130.0
109518.82387775945	124.0
109548.82387775957	120.0
109578.82387775969	129.0
109608.8238777598	131.0
109651.8355040947	139.0
109694.84713042961	142.0
109737.85875676452	132.0
109780.87038309942	133.0
109823.88200943434	134.0
109866.89363576924	131.0
109899.73434825678	129.0
109932.5750607443	124.0
109965.41577323184	123.0
109998.25648571936	131.0
110031.0971982069	137.0
110063.93791069443	135.0
110096.77862318196	130.0
110129.61933566949	124.0
110162.46004815702	123.0
110195.30076064455	127.0
110228.14147313208	130.0
110270.56788000294	130.0
110312.99428687381	130.0
110355.42069374467	127.0
110397.84710061555	129.0
110428.7703928078	133.0
110459.69368500003	134.0
110490.61697719229	122.0
110521.54026938452	126.0
110563.96667625605	128.0
110606.39308312756	125.0
110648.81948999909	133.0
110691.24589687062	117.0
110728.74589687015	121.0
110766.24589686969	120.0
110803.74589686922	111.0
110841.24589686876	111.0
110883.67230374002	122.0
110926.09871061127	123.0
110968.52511748254	122.0
111010.95152435379	126.0
111053.37793122506	129.0
111095.8043380963	125.0
111138.23074496757	127.0
111180.65715183882	132.0
111223.08355871009	134.0
111265.50996558134	132.0
111298.84329891457	127.0
111332.17663224779	125.0
111365.50996558103	127.0
111398.84329891426	125.0
111432.17663224749	112.0
111465.50996558071	114.0
111498.84329891395	121.0
111532.17663224718	120.0
111565.50996558041	117.0
111607.93637245116	125.0
111650.36277932192	126.0
111692.78918619268	122.0
111722.7891861933	123.0
111752.78918619391	119.0
111782.78918619454	113.0
111812.78918619516	114.0
111842.78918619578	118.0
111872.7891861964	121.0
111915.21559306748	127.0
111957.64199993857	129.0
112000.06840680965	123.0
112042.49481368074	123.0
112084.92122055181	126.0
112127.3476274229	127.0
112163.84420260432	124.0
112200.34077778575	126.0
112236.83735296717	129.0
112273.3339281486	126.0
112309.83050333001	126.0
112352.25691020164	126.0
112394.68331707327	128.0
112437.10972394492	123.0
112467.16826058598	121.0
112497.22679722706	121.0
112527.28533386813	121.0
112557.3438705092	119.0
112587.40240715026	111.0
112617.46094379135	110.0
112647.51948043241	110.0
112677.57801707348	112.0
112707.63655371456	107.0
112737.69509035563	118.0
112767.7536269967	125.0
112797.81216363778	127.0
112827.87070027884	126.0
112857.92923691991	123.0
112887.98777356098	122.0
112918.04631020206	128.0
112960.47271707325	125.0
113002.89912394444	121.0
113032.89912394444	123.0
113062.89912394444	120.0
113092.89912394444	117.0
113122.89912394444	119.0
113152.89912394444	125.0
113182.89912394444	128.0
113212.89912394444	127.0
113242.89912394444	126.0
113272.89912394444	118.0
113302.89912394444	113.0
113332.89912394444	116.0
113368.95463669952	118.0
113405.01014945458	121.0
113441.06566220966	118.0
113477.12117496472	122.0
113513.1766877198	122.0
113549.23220047487	117.0
113580.2150596882	118.0
113611.19791890151	117.0
113642.18077811484	115.0
113673.16363732817	111.0
113704.14649654149	107.0
113735.1293557548	108.0
113766.11221496813	109.0
113797.09507418146	109.0
113828.07793339477	109.0
113859.0607926081	107.0
113890.04365182143	107.0
113921.02651103474	106.0
113952.00937024807	106.0
113982.9922294614	107.0
114013.97508867472	107.0
114044.95794788803	110.0
114075.94080710136	111.0
114106.92366631469	115.0
114137.906525528	115.0
114168.88938474133	111.0
114199.87224395465	111.0
114230.85510316797	116.0
114261.8379623813	116.0
114292.82082159462	113.0
114323.80368080795	114.0
114354.78654002126	114.0
114385.76939923459	108.0
114416.75225844792	108.0
114447.73511766123	111.0
114478.71797687456	114.0
114509.70083608788	112.0
114552.12724295941	119.0
114594.55364983092	120.0
114630.55364983073	120.0
114666.55364983054	113.0
114702.55364983037	116.0
114738.55364983018	113.0
114774.55364982999	114.0
114816.98005670162	110.0
114859.40646357325	116.0
114901.8328704449	120.0
114931.83287044536	119.0
114961.83287044583	119.0
114997.88838319978	119.0
115033.94389595372	120.0
115069.99940870768	114.0
115099.99940870768	113.0
115129.99940870768	112.0
115159.99940870768	112.0
115189.99940870768	112.0
115219.99940870768	112.0
115249.99940870768	112.0
115279.99940870768	115.0
115309.99940870768	118.0
115352.42581557887	112.0
115394.85222245006	104.0
115437.27862932126	104.0
115479.70503619245	109.0
115522.13144306364	116.0
115564.55784993483	117.0
115606.98425680603	119.0
115638.56320417435	121.0
115670.14215154268	121.0
115701.721098911	120.0
115733.30004627931	118.0
115764.87899364764	118.0
115796.45794101596	118.0
115828.03688838429	116.0
115859.61583575261	114.0
115891.19478312094	112.0
115922.77373048925	108.0
115954.35267785758	105.0
115985.9316252259	106.0
116017.51057259423	105.0
116049.08951996255	106.0
116080.66846733088	108.0
116112.24741469919	113.0
116143.82636206751	114.0
116175.40530943584	113.0
116206.98425680416	116.0
116243.85136509157	115.0
116280.71847337898	123.0
116317.58558166637	115.0
116354.45268995377	102.0
116391.31979824118	106.0
116428.18690652859	119.0
116465.05401481598	113.0
116495.05401481598	113.0
116525.05401481598	115.0
116555.05401481598	116.0
116585.05401481598	118.0
116615.05401481598	119.0
116645.05401481598	120.0
116675.05401481598	122.0
116717.48042168585	121.0
116749.10319828792	123.0
116780.72597489	116.0
116812.34875149207	113.0
116897.20156523117	109.0
116927.20156523191	107.0
116957.20156523265	104.0
116987.20156523341	101.0
117017.20156523415	104.0
117047.2015652349	106.0
117089.6279721051	108.0
117132.0543789753	104.0
117186.13764810738	108.0
117240.22091723948	108.0
117282.64732411002	109.0
117314.27010071199	107.0
117345.89287731398	105.0
117377.51565391595	106.0
117416.56690229528	107.0
117455.61815067462	99.0
117494.66939905395	99.0
117533.72064743329	102.0
117572.77189581262	106.0
117611.82314419196	104.0
117641.82314419196	103.0
117671.82314419196	106.0
117701.82314419196	104.0
117731.82314419196	104.0
117769.32314419257	105.0
117806.82314419317	107.0
117844.32314419378	107.0
117881.82314419438	103.0
117911.82314419531	100.0
117941.82314419624	104.0
117988.6846422513	103.0
118035.54614030635	104.0
118082.40763836142	105.0
118129.26913641648	104.0
118176.13063447153	101.0
118218.55704134305	103.0
118260.98344821457	102.0
118290.98344821487	97.0
118320.9834482152	100.0
118350.9834482155	100.0
118393.74002665663	97.0
118436.49660509775	94.0
118479.25318353888	102.0
118522.00976198	103.0
118564.76634042113	99.0
118607.52291886225	98.0
118650.27949730337	101.0
118693.0360757445	99.0
118723.0360757445	99.0
118753.0360757445	99.0
118783.0360757445	100.0
118818.02178711319	99.0
118853.00749848188	101.0
118887.99320985057	98.0
118922.97892121926	101.0
118957.96463258794	102.0
118987.96463258888	101.0
119017.9646325898	100.0
119060.39103946133	102.0
119102.81744633285	102.0
119133.74073852498	101.0
119164.66403071712	100.0
119195.58732290924	101.0
119226.51061510138	100.0
119268.93702197257	97.0
119311.36342884376	99.0
119353.78983571495	99.0
119396.21624258615	99.0
119438.64264945734	99.0
119481.06905632853	97.0
119523.49546319972	100.0
119565.92187007092	98.0
119595.92187007092	96.0
119625.92187007092	94.0
119655.92187007092	95.0
119685.92187007092	95.0
119715.92187007092	95.0
119745.92187007092	96.0
119788.3482769431	98.0
119830.77468381528	98.0
119860.77468381528	100.0
119890.77468381528	101.0
119944.85795294621	95.0
119998.94122207713	98.0
120034.94122207676	96.0
120070.94122207639	90.0
120106.94122207601	87.0
120142.94122207565	89.0
120178.94122207527	91.0
120221.36762894668	99.0
120263.7940358181	100.0
120306.2204426895	102.0
120336.2204426895	99.0
120366.2204426895	97.0
120396.2204426895	96.0
120426.2204426895	97.0
120456.2204426895	98.0
120486.2204426895	98.0
120532.31816497607	95.0
120578.41588726263	97.0
120624.5136095492	101.0
120670.61133183577	102.0
120716.70905412233	101.0
120762.80677640889	98.0
120792.80677640889	97.0
120822.80677640889	94.0
120852.80677640889	93.0
120882.80677640889	93.0
120912.80677640889	92.0
120942.80677640889	91.0
120972.80677640889	92.0
121002.80677640889	97.0
121045.23318328074	99.0
121087.6595901526	100.0
121130.08599702445	98.0
121172.5124038963	93.0
121219.9465687972	89.0
121267.38073369811	95.0
121297.38073369811	99.0
121327.38073369811	98.0
121357.38073369811	98.0
121387.38073369811	98.0
121417.38073369811	99.0
121447.38073369811	96.0
121477.38073369811	93.0
121507.38073369811	98.0
121549.8071405703	98.0
121592.23354744248	101.0
121630.47619379392	96.0
121668.71884014536	93.0
121706.9614864968	90.0
121745.20413284824	96.0
121785.56500498966	91.0
121825.92587713109	90.0
121866.2867492725	89.0
121906.64762141393	90.0
121947.00849355536	97.0
121987.36936569678	96.0
122027.7302378382	90.0
122068.09110997962	89.0
122108.45198212104	91.0
122148.81285426246	94.0
122193.81285426153	94.0
122238.8128542606	91.0
122288.31032894333	92.0
122337.80780362606	88.0
122387.30527830879	89.0
122436.80275299151	92.0
122486.30022767425	93.0
122535.79770235697	93.0
122565.7977023576	92.0
122595.7977023582	90.0
122625.79770235883	91.0
122668.22410923135	89.0
122710.65051610385	90.0
122750.65051610323	91.0
122790.65051610261	90.0
122830.65051610199	91.0
122873.07692297186	91.0
122903.07692297186	92.0
122933.07692297186	91.0
122963.07692297186	91.0
122993.07692297186	90.0
123023.07692297186	90.0
123053.07692297186	90.0
123083.07692297186	90.0
123113.07692297186	89.0
123143.07692297186	87.0
123173.07692297186	84.0
123203.07692297186	85.0
123233.07692297186	87.0
123263.07692297186	89.0
123293.07692297186	90.0
123323.07692297186	90.0
123364.45626564442	92.0
123405.83560831698	91.0
123447.21495098955	88.0
123488.59429366211	86.0
123529.97363633467	81.0
123571.35297900724	86.0
123612.7323216798	91.0
123654.11166435236	88.0
123695.49100702493	85.0
123736.87034969749	82.0
123778.24969237005	83.0
123819.62903504261	83.0
123861.00837771517	89.0
123902.38772038775	92.0
123943.76706306031	91.0
123985.14640573287	85.0
124026.52574840543	79.0
124067.90509107799	82.0
124109.28443375055	89.0
124150.66377642313	89.0
124210.6637764194	84.0
124253.0901832906	84.0
124295.51659016179	84.0
124337.94299703298	84.0
124380.36940390417	86.0
124422.79581077537	89.0
124465.22221764656	89.0
124507.64862451775	89.0
124537.64862451822	88.0
124567.64862451868	88.0
124597.64862451915	87.0
124627.64862451961	87.0
124670.07503139088	86.0
124712.50143826214	87.0
124754.92784513341	88.0
124797.35425200468	88.0
124839.78065887594	88.0
124882.2070657472	88.0
124924.63347261847	86.0
124967.05987948974	87.0
125009.486286361	88.0
125040.84992272448	89.0
125072.21355908793	88.0
125103.5771954514	88.0
125134.94083181488	87.0
125166.30446817834	86.0
125197.66810454181	86.0
125229.03174090527	87.0
125260.39537726874	88.0
125291.75901363221	86.0
125323.12264999567	86.0
125354.48628635914	87.0
125385.84992272261	88.0
125417.21355908607	88.0
125448.57719544954	86.0
125479.94083181302	84.0
125511.30446817647	83.0
125542.66810453995	83.0
125574.0317409034	84.0
125605.39537726688	85.0
125636.75901363035	88.0
125668.1226499938	89.0
125699.48628635728	89.0
125740.03011021385	82.0
125780.5739340704	81.0
125821.11775792697	89.0
125861.66158178353	87.0
125902.2054056401	86.0
125942.74922949665	88.0
125983.29305335322	86.0
126023.83687720977	84.0
126064.38070106634	83.0
126104.9245249229	88.0
126145.46834877947	85.0
126175.46834877947	85.0
126205.46834877947	85.0
126235.46834877947	85.0
126265.46834877947	86.0
126295.46834877947	89.0
126325.46834877947	88.0
126355.46834877947	87.0
126397.89475565153	86.0
126440.32116252361	89.0
126482.74756939568	87.0
126527.74756939521	88.0
126572.74756939475	89.0
126620.77100117502	87.0
126668.7944329553	82.0
126716.81786473557	88.0
126764.84129651585	86.0
126794.84129651648	87.0
126824.84129651709	85.0
126854.84129651771	85.0
126897.26770338874	77.0
126939.69411025976	83.0
126982.1205171308	81.0
127024.54692400183	80.0
127066.97333087285	79.0
127109.39973774388	77.0
127151.82614461491	83.0
127194.25255148594	80.0
127224.25255148641	80.0
127254.25255148688	85.0
127296.67895835829	82.0
127339.1053652297	84.0
127381.53177210111	75.0
127411.53177210204	82.0
127441.53177210297	89.0
127485.26391131367	89.0
127528.99605052438	90.0
127572.72818973508	87.0
127616.46032894577	84.0
127646.46032894589	81.0
127676.460328946	76.0
127706.46032894612	80.0
127736.46032894624	85.0
127766.46032894636	89.0
127796.46032894647	88.0
127826.46032894659	87.0
127856.4603289467	88.0
127898.88673581823	82.0
127941.31314268975	79.0
127986.31314268928	83.0
128031.31314268881	87.0
128073.73954955993	89.0
128116.16595643105	81.0
128158.59236330217	79.0
128201.0187701733	74.0
128243.44517704441	74.0
128285.87158391553	77.0
128328.29799078665	78.0
128370.72439765777	82.0
128413.1508045289	80.0
128443.1508045289	81.0
128473.1508045289	82.0
128503.1508045289	82.0
128533.1508045289	82.0
128563.1508045289	82.0
128593.1508045289	81.0
128623.1508045289	80.0
128653.1508045289	82.0
128695.57721140074	82.0
128731.57721140055	82.0
128767.57721140036	81.0
128803.57721140019	80.0
128839.5772114	80.0
128875.57721139981	81.0
128915.44025819756	81.0
128955.30330499532	80.0
128995.16635179307	79.0
129035.02939859084	80.0
129074.89244538858	83.0
129114.75549218633	82.0
129154.6185389841	82.0
129194.48158578185	81.0
129236.90799265348	80.0
129279.3343995251	81.0
129321.76080639675	79.0
129357.76080639637	81.0
129393.760806396	80.0
129429.76080639563	77.0
129465.76080639526	76.0
129501.76080639489	72.0
129544.187213266	73.0
129586.61362013714	79.0
129629.04002700826	75.0
129671.4664338794	74.0
129713.89284075052	79.0
129756.31924762165	78.0
129798.74565449277	77.0
129841.1720613639	77.0
129883.59846823502	76.0
129926.02487510616	71.0
129968.45128197728	72.0
130010.87768884841	73.0
130053.30409571953	76.0
130095.73050259067	75.0
130138.15690946179	78.0
130180.58331633292	80.0
130223.00972320404	78.0
130265.43613007518	78.0
130307.8625369463	80.0
130350.28894381743	78.0
130380.28894381743	80.0
130410.28894381743	81.0
130446.34445657293	76.0
130482.39996932843	78.0
130518.45548208394	77.0
130548.45548208394	76.0
130578.45548208394	75.0
130608.45548208394	76.0
130638.45548208394	77.0
130668.45548208394	77.0
130698.45548208394	76.0
130728.45548208394	75.0
130758.45548208394	76.0
130788.45548208394	75.0
130818.45548208394	70.0
130848.45548208394	68.0
130878.45548208394	69.0
130908.45548208394	73.0
130938.45548208394	75.0
130980.88188895646	80.0
131023.30829582896	77.0
131068.3082958271	78.0
131113.30829582523	77.0
131155.73470269633	76.0
131198.16110956745	71.0
131240.58751643854	65.0
131283.01392330963	75.0
131325.44033018072	81.0
131367.86673705184	81.0
131410.29314392293	78.0
131470.293143922	79.0
131506.34865667697	79.0
131542.40416943197	81.0
131578.45968218695	76.0
131608.45968218707	77.0
131638.45968218715	76.0
131668.45968218727	77.0
131698.45968218736	79.0
131728.45968218747	78.0
131758.45968218756	76.0
131788.45968218768	77.0
131818.45968218776	79.0
131848.45968218788	81.0
131890.8860890604	79.0
131920.8860890604	77.0
131950.8860890604	75.0
131980.8860890604	75.0
132010.8860890604	77.0
132040.8860890604	77.0
132070.8860890604	76.0
132100.8860890604	78.0
132143.31249593126	78.0
132185.7389028021	75.0
132228.165309673	78.0
132270.59171654386	79.0
132304.34171654374	75.0
132338.09171654363	75.0
132371.8417165435	79.0
132405.5917165434	79.0
132439.34171654328	77.0
132473.09171654316	77.0
132506.84171654304	75.0
132540.59171654293	74.0
132583.01812341422	77.0
132625.44453028555	78.0
132667.87093715684	76.0
132710.29734402813	78.0
132752.72375089943	79.0
132795.15015777075	80.0
132832.65015777052	75.0
132870.1501577703	66.0
132907.65015777005	65.0
132945.15015776982	72.0
132984.66249115806	76.0
133024.17482454627	80.0
133063.6871579345	79.0
133103.1994913227	78.0
133142.71182471095	74.0
133182.22415809918	78.0
133221.7364914874	75.0
133251.7364914874	75.0
133281.7364914874	78.0
133311.7364914874	78.0
133341.7364914874	75.0
133371.7364914874	77.0
133405.27751115072	79.0
133438.81853081405	75.0
133486.84196259442	78.0
133534.86539437482	72.0
133582.8888261552	72.0
133630.9122579356	70.0
133664.24559126882	71.0
133697.57892460204	74.0
133730.91225793527	70.0
133764.2455912685	69.0
133797.57892460175	69.0
133830.91225793498	69.0
133864.2455912682	75.0
133897.57892460143	75.0
133930.91225793466	75.0
133969.5208709635	75.0
134008.12948399232	76.0
134046.73809702112	74.0
134085.34671004995	73.0
134123.9553230788	76.0
134162.56393610762	72.0
134201.17254913645	75.0
134239.78116216525	72.0
134269.78116216534	75.0
134299.78116216543	75.0
134329.78116216554	72.0
134359.78116216563	71.0
134389.78116216572	71.0
134419.7811621658	71.0
134449.7811621659	67.0
134479.781162166	65.0
134509.7811621661	70.0
134539.78116216618	76.0
134582.20756903407	76.0
134612.20756903416	73.0
134642.20756903425	73.0
134672.20756903436	69.0
134702.20756903445	66.0
134732.20756903454	65.0
134762.20756903462	66.0
134792.2075690347	69.0
134822.20756903483	71.0
134852.20756903492	69.0
134882.207569035	73.0
134924.63397590685	73.0
134956.21292327516	71.0
134987.7918706435	71.0
135019.3708180118	71.0
135050.94976538015	72.0
135082.52871274846	73.0
135114.1076601168	74.0
135145.6866074851	73.0
135177.26555485342	73.0
135208.84450222176	73.0
135240.42344959007	72.0
135272.0023969584	72.0
135303.58134432673	71.0
135335.16029169504	72.0
135366.73923906338	72.0
135398.3181864317	70.0
135429.89713380003	67.0
135461.47608116834	67.0
135493.05502853668	71.0
135524.633975905	74.0
135567.06038277663	73.0
135609.48678964825	72.0
135651.9131965199	73.0
135681.91319652006	71.0
135711.91319652027	69.0
135741.91319652044	67.0
135771.91319652065	70.0
135801.91319652082	73.0
135868.99523584498	69.0
135911.4216427162	71.0
135948.92164271572	74.0
135986.42164271526	73.0
136023.9216427148	67.0
136061.42164271433	71.0
136103.84804958684	73.0
136146.27445645936	74.0
136176.27445645983	74.0
136206.2744564603	72.0
136236.27445646076	73.0
136266.27445646122	74.0
136308.70086333243	73.0
136348.70086333118	72.0
136388.70086332996	71.0
136428.7008633287	73.0
136471.12727020023	74.0
136513.55367707176	73.0
136545.42867707153	73.0
136577.3036770713	72.0
136609.17867707106	71.0
136641.05367707083	70.0
136672.9286770706	70.0
136704.80367707036	69.0
136736.67867707013	68.0
136768.5536770699	69.0
136800.42867706966	71.0
136832.30367706943	72.0
136864.1786770692	72.0
136896.05367706897	72.0
136927.92867706873	71.0
136959.8036770685	71.0
136991.67867706827	70.0
137023.55367706803	70.0
137065.98008393988	71.0
137108.40649081173	72.0
137150.83289768358	74.0
137193.25930455545	72.0
137230.759304555	73.0
137268.25930455452	72.0
137305.75930455406	71.0
137343.2593045536	72.0
137383.39795314963	72.0
137423.53660174567	70.0
137463.6752503417	71.0
137503.81389893778	74.0
137543.95254753382	74.0
137584.09119612986	75.0
137624.2298447259	72.0
137664.36849332193	74.0
137704.50714191797	74.0
137749.5071419175	73.0
137794.50714191704	72.0
137824.50714191765	71.0
137854.5071419183	72.0
137884.5071419189	71.0
137926.93354878813	69.0
137956.93354878842	68.0
137986.93354878871	68.0
138016.933548789	69.0
138046.93354878927	68.0
138076.93354878956	65.0
138106.93354878985	58.0
138136.93354879014	56.0
138166.93354879043	57.0
138196.93354879072	59.0
138226.93354879098	55.0
138256.93354879128	53.0
138286.93354879157	56.0
138316.93354879186	58.0
138357.29442093335	58.0
138397.65529307481	65.0
138438.0161652163	65.0
138478.3770373578	65.0
138518.73790949926	66.0
138559.09878164076	67.0
138599.45965378225	66.0
138639.82052592374	69.0
138680.1813980652	68.0
138720.5422702067	68.0
138760.5422702061	68.0
138800.54227020545	65.0
138840.54227020484	66.0
138879.59351858485	67.0
138918.64476696486	68.0
138957.69601534487	69.0
138996.7472637249	68.0
139035.7985121049	66.0
139074.8497604849	65.0
139104.90161877783	64.0
139134.95347707075	64.0
139165.00533536368	66.0
139195.0571936566	67.0
139225.10905194952	67.0
139255.16091024244	67.0
139285.21276853536	70.0
139315.26462682828	66.0
139345.3164851212	55.0
139375.36834341413	57.0
139405.42020170705	59.0
139435.47205999997	62.0
139465.5239182929	60.0
139495.5757765858	61.0
139525.6276348787	62.0
139555.67949317163	61.0
139585.73135146455	61.0
139639.81462059665	65.0
139693.89788972872	60.0
139737.98628936213	61.0
139782.07468899552	61.0
139826.16308862893	61.0
139870.25148826235	61.0
139914.33988789574	61.0
139958.42828752915	61.0
140002.51668716257	61.0
140046.60508679596	60.0
140090.69348642937	60.0
140134.7818860628	61.0
140178.87028569618	62.0
140222.9586853296	65.0
140267.047084963	60.0
140297.047084963	60.0
140327.047084963	60.0
140357.047084963	60.0
140387.047084963	60.0
140417.047084963	60.0
140447.047084963	60.0
140477.047084963	60.0
140519.47349183427	60.0
140561.89989870557	60.0
140604.32630557683	60.0
140646.7527124481	60.0
140689.1791193194	60.0
140731.60552619066	60.0
140774.03193306192	60.0
140816.45833993322	60.0
140858.88474680448	60.0
140901.31115367575	60.0
140943.73756054704	60.0
140986.1639674183	60.0
141028.59037428958	60.0
141071.01678116087	60.0
141113.44318803214	60.0
141155.8695949034	60.0
141191.92510765736	60.0
141227.9806204113	60.0
141264.03613316527	60.0
141294.03613316527	60.0
141324.03613316527	60.0
141354.03613316527	60.0
141396.46254003744	60.0
141438.88894690963	60.0
141469.01265877468	60.0
141499.13637063975	59.0
141529.2600825048	59.0
141559.38379436985	59.0
141589.50750623492	60.0
141619.63121809997	59.0
141649.754929965	59.0
141679.8786418301	59.0
141710.00235369513	59.0
141740.12606556018	59.0
141770.24977742526	59.0
141812.67618429646	59.0
141844.6761842964	59.0
141876.67618429635	59.0
141908.6761842963	59.0
141940.6761842962	59.0
141972.67618429614	59.0
142004.67618429608	59.0
142036.67618429603	59.0
142068.67618429597	59.0
142100.6761842959	58.0
142132.67618429585	58.0
142164.6761842958	58.0
142196.6761842957	58.0
142228.67618429565	58.0
142260.6761842956	58.0
142292.67618429553	58.0
142335.10259116706	58.0
142377.5289980386	58.0
142409.83669034622	58.0
142442.14438265382	58.0
142474.45207496145	58.0
142506.75976726908	58.0
142539.06745957668	58.0
142571.3751518843	58.0
142603.68284419194	58.0
142635.99053649956	58.0
142668.29822880717	58.0
142700.6059211148	58.0
142732.91361342242	58.0
142765.22130573003	58.0
142797.52899803765	58.0
142839.9554049093	58.0
142882.3818117809	58.0
142924.80821865256	57.0
142954.80821865317	57.0
142984.8082186538	57.0
143014.80821865442	58.0
143078.44782895956	58.0
143142.0874392647	58.0
143174.5874392646	54.0
143207.08743926455	54.0
143239.58743926446	56.0
143272.08743926437	57.0
143304.58743926432	57.0
143337.08743926423	57.0
143369.58743926414	57.0
143402.08743926408	57.0
143434.587439264	57.0
143467.0874392639	57.0
143499.58743926385	56.0
143532.08743926376	56.0
143563.71021586546	57.0
143595.33299246713	56.0
143626.95576906882	56.0
143669.38217594067	56.0
143711.80858281252	56.0
143754.23498968437	56.0
143796.66139655624	56.0
143826.66139655685	56.0
143856.6613965575	56.0
143886.6613965581	56.0
143931.58347442152	56.0
143976.50555228494	56.0
144021.42763014836	56.0
144066.34970801178	56.0
144111.27178587523	56.0
144156.19386373865	56.0
144201.11594160207	56.0
144246.0380194655	56.0
144290.9600973289	56.0
144335.88217519232	56.0
144380.80425305574	55.0
144425.72633091916	56.0
144470.64840878258	56.0
144515.57048664603	56.0
144560.49256450945	55.0
144605.41464237287	56.0
144650.3367202363	55.0
144680.3367202363	54.0
144710.3367202363	54.0
144740.3367202363	54.0
144770.3367202363	54.0
144800.3367202363	54.0
144830.3367202363	55.0
144872.76312710682	54.0
144902.7836961872	53.0
144932.80426526756	54.0
144962.82483434794	55.0
144992.8454034283	55.0
145022.86597250868	55.0
145052.88654158905	55.0
145082.90711066945	55.0
145112.92767974982	55.0
145142.9482488302	65.0
145172.96881791056	80.0
145202.98938699093	83.0
145233.0099560713	80.0
145263.03052515167	80.0
145293.05109423204	55.0
145323.0716633124	55.0
145353.09223239278	55.0
145383.11280147315	55.0
145413.13337055352	55.0
145443.15393963392	55.0
145473.1745087143	55.0
145503.19507779466	55.0
145533.21564687503	55.0
145563.2362159554	55.0
145593.25678503577	55.0
145623.27735411614	55.0
145653.29792319651	56.0
145683.31849227689	55.0
145728.03985182647	56.0
145772.76121137606	56.0
145817.4825709256	55.0
145847.4825709256	55.0
145877.4825709256	55.0
145907.4825709256	55.0
145937.4825709256	55.0
145967.4825709256	55.0
145997.4825709256	55.0
146027.4825709256	55.0
146057.4825709256	55.0
146087.4825709256	56.0
146119.10534752745	57.0
146150.7281241293	56.0
146182.35090073117	56.0
146213.973677333	56.0
146245.59645393485	56.0
146277.2192305367	56.0
146308.84200713853	56.0
146340.4647837404	56.0
146372.08756034225	56.0
146404.92827282968	56.0
146437.76898531715	56.0
146470.60969780458	55.0
146503.45041029205	55.0
146536.29112277948	56.0
146569.13183526692	56.0
146601.97254775438	55.0
146634.81326024182	55.0
146667.65397272925	54.0
146700.49468521672	54.0
146733.33539770416	56.0
146777.42379733757	54.0
146821.51219697096	55.0
146865.60059660437	55.0
146909.6889962378	55.0
146953.77739587118	55.0
146997.8657955046	55.0
147041.954195138	55.0
147086.0425947714	55.0
147130.1309944048	55.0
147174.21939403823	55.0
147218.3077936716	56.0
147262.39619330503	56.0
147306.48459293845	56.0
147336.48459293845	55.0
147366.48459293845	56.0
147396.48459293845	56.0
147426.48459293845	56.0
147463.96928369105	54.0
147501.45397444366	60.0
147538.93866519627	56.0
147576.42335594888	54.0
147613.90804670152	54.0
147651.39273745412	54.0
147688.87742820673	55.0
147726.36211895934	55.0
147763.84680971195	54.0
147801.33150046456	54.0
147838.81619121716	55.0
147876.30088196977	55.0
147913.78557272238	56.0
147951.27026347502	55.0
147993.69667034617	55.0
148036.1230772173	54.0
148078.54948408843	54.0
148120.97589095955	54.0
148163.4022978307	54.0
148205.82870470185	54.0
148248.25511157297	55.0
148290.68151844412	55.0
148333.10792531527	55.0
148375.5343321864	54.0
148417.96073905754	54.0
148460.38714592866	55.0
148498.62979228015	54.0
148536.87243863163	59.0
148575.11508498312	53.0
148613.3577313346	54.0
148646.8987509972	59.0
148680.4397706598	55.0
148713.9807903224	56.0
148747.52180998502	55.0
148781.06282964762	55.0
148814.6038493102	55.0
148848.1448689728	55.0
148881.6858886354	55.0
148911.91935519158	55.0
148942.15282174776	55.0
148972.38628830394	55.0
149002.61975486012	56.0
149032.8532214163	54.0
149063.08668797248	54.0
149093.32015452866	55.0
149123.5536210848	55.0
149165.98002795732	55.0
149195.98002795732	55.0
149225.98002795732	55.0
149255.98002795732	55.0
149285.98002795732	55.0
149315.98002795732	55.0
149345.98002795732	55.0
149375.98002795732	55.0
149405.98002795732	55.0
149435.98002795732	55.0
149465.98002795732	55.0
149495.98002795732	55.0
149525.98002795732	55.0
149555.98002795732	55.0
149585.98002795732	55.0
149615.98002795732	55.0
149645.98002795732	55.0
149675.98002795732	55.0
149705.98002795732	55.0
149735.98002795732	55.0
149765.98002795732	55.0
149795.98002795732	55.0
149825.98002795732	55.0
149855.98002795732	55.0
149885.98002795732	55.0
149915.98002795732	55.0
149945.98002795732	55.0
149975.98002795732	55.0
150005.98002795732	55.0
150035.98002795732	55.0
150065.98002795732	55.0
150095.98002795732	55.0
150125.98002795732	55.0
150155.98002795732	55.0
150185.98002795732	55.0
150215.98002795732	55.0
150245.98002795732	55.0
150275.98002795732	55.0
150305.98002795732	55.0
150335.98002795732	55.0
150365.98002795732	55.0
150395.98002795732	55.0
150438.40643482874	55.0
150480.83284170015	55.0
150523.25924857156	55.0
150565.68565544297	55.0
150608.11206231438	55.0
150650.5384691858	54.0
150680.5384691858	54.0
150710.5384691858	54.0
150740.5384691858	53.0
150770.5384691858	53.0
150800.5384691858	54.0
150830.5384691858	55.0
150860.5384691858	55.0
150890.5384691858	55.0
150920.5384691858	55.0
150950.5384691858	55.0
150980.5384691858	55.0
151010.5384691858	55.0
151040.5384691858	55.0
151070.5384691858	55.0
151100.5384691858	55.0
151130.5384691858	55.0
151160.5384691858	55.0
151190.5384691858	55.0
151220.5384691858	55.0
151250.5384691858	54.0
151292.96487605706	55.0
151335.39128292832	55.0
151377.81768979956	55.0
151420.24409667082	54.0
151462.6705035421	54.0
151505.09691041335	55.0
151547.5233172846	54.0
151589.94972415586	54.0
151632.37613102712	54.0
151674.8025378984	55.0
151704.8025378984	54.0
151734.8025378984	54.0
151764.8025378984	54.0
151794.8025378984	54.0
151824.8025378984	55.0
151854.8025378984	55.0
151884.8025378984	55.0
151914.8025378984	53.0
151957.22894476986	54.0
151999.65535164133	53.0
152042.08175851282	54.0
152084.5081653843	55.0
152126.93457225576	55.0
152169.36097912723	55.0
152211.7873859987	55.0
152254.2137928702	55.0
152296.64019974167	54.0
152339.06660661314	54.0
152381.4930134846	54.0
152423.91942035608	54.0
152466.34582722757	54.0
152508.77223409904	55.0
152546.25692485148	55.0
152583.7416156039	54.0
152621.22630635637	55.0
152658.7109971088	55.0
152696.19568786124	54.0
152733.68037861367	54.0
152771.16506936614	55.0
152808.64976011857	55.0
152846.134450871	54.0
152883.61914162344	56.0
152921.1038323759	56.0
152958.58852312833	55.0
152996.07321388077	55.0
153033.5579046332	53.0
153063.55790463326	54.0
153093.5579046333	54.0
153123.55790463334	54.0
153153.5579046334	54.0
153183.55790463346	54.0
153213.5579046335	54.0
153243.55790463355	54.0
153273.5579046336	54.0
153303.55790463366	54.0
153333.5579046337	54.0
153363.55790463375	54.0
153393.5579046338	54.0
153423.55790463384	54.0
153453.5579046339	54.0
153483.55790463396	54.0
153513.557904634	54.0
153543.55790463404	54.0
153573.5579046341	54.0
153603.55790463416	54.0
153633.55790463422	54.0
153663.55790463425	54.0
153693.5579046343	54.0
153723.55790463436	54.0
153753.55790463442	54.0
153783.55790463445	54.0
153813.5579046345	54.0
153843.55790463457	54.0
153873.5579046346	54.0
153903.55790463465	54.0
153933.5579046347	54.0
153963.55790463477	54.0
153993.5579046348	54.0
154023.55790463486	54.0
154053.55790463492	54.0
154083.55790463497	54.0
154113.557904635	54.0
154143.55790463506	54.0
154185.9843115023	54.0
154215.98431150249	54.0
154245.9843115027	54.0
154275.98431150286	54.0
154305.98431150307	54.0
154335.98431150324	54.0
154377.57084778606	54.0
154419.15738406888	54.0
154460.7439203517	54.0
154502.33045663452	54.0
154543.91699291734	54.0
154585.50352920016	54.0
154627.09006548297	54.0
154668.6766017658	54.0
154710.2631380486	54.0
154751.84967433143	54.0
154793.43621061425	54.0
154835.0227468971	54.0
154876.60928317992	54.0
154918.19581946274	55.0
154959.78235574556	53.0
155001.36889202837	54.0
155042.9554283112	54.0
155084.541964594	54.0
155126.12850087683	54.0
155167.71503715965	54.0
155209.30157344247	54.0
155250.8881097253	54.0
155292.4746460081	54.0
155334.06118229093	54.0
155375.64771857375	54.0
155405.64771857468	54.0
155435.6477185756	53.0
155478.07412544615	54.0
155520.50053231668	54.0
155562.92693918722	54.0
155594.54971578938	54.0
155626.17249239158	54.0
155657.79526899374	54.0
155700.22167586483	54.0
155742.6480827359	54.0
155785.07448960698	54.0
155827.50089647807	54.0
155869.92730334916	54.0
155912.35371022022	54.0
155954.78011709132	54.0
155997.2065239624	54.0
156039.6329308335	54.0
156082.05933770456	54.0
156124.48574457565	54.0
156166.91215144674	54.0
156205.3308968716	54.0
156243.74964229646	54.0
156282.16838772132	54.0
156320.58713314618	54.0
156359.00587857104	54.0
156397.4246239959	54.0
156435.84336942076	54.0
156474.26211484562	54.0
156512.68086027048	54.0
156551.09960569532	54.0
156583.02970513137	54.0
156614.95980456742	54.0
156646.88990400347	54.0
156678.82000343953	54.0
156710.75010287558	59.0
156742.68020231163	55.0
156774.61030174769	54.0
156806.54040118374	54.0
156838.4705006198	54.0
156870.40060005584	53.0
156902.3306994919	53.0
156934.26079892795	53.0
156966.190898364	53.0
156998.12099780008	53.0
157030.05109723614	53.0
157061.9811966722	53.0
157101.84424346994	53.0
157141.7072902677	53.0
157181.57033706547	53.0
157221.43338386322	53.0
157261.29643066096	55.0
157301.1594774587	54.0
157341.02252425646	53.0
157380.88557105424	53.0
157410.88557105427	53.0
157440.88557105433	53.0
157470.88557105436	53.0
157500.88557105442	53.0
157530.88557105444	53.0
157560.88557105447	53.0
157590.88557105453	53.0
157620.88557105456	53.0
157650.88557105462	53.0
157680.88557105465	52.0
157710.88557105468	53.0
157740.88557105474	53.0
157770.88557105477	53.0
157800.8855710548	53.0
157830.88557105485	53.0
157860.88557105488	53.0
157890.88557105494	53.0
157920.88557105497	53.0
157950.885571055	53.0
157980.88557105506	53.0
158010.88557105509	53.0
158040.88557105514	53.0
158070.88557105517	53.0
158115.28235449884	53.0
158159.6791379425	53.0
158204.0759213862	53.0
158248.47270482985	53.0
158292.8694882735	53.0
158337.26627171718	53.0
158381.66305516087	53.0
158426.05983860453	52.0
158470.4566220482	51.0
158514.85340549186	52.0
158559.25018893552	52.0
158589.84430601745	52.0
158620.43842309937	52.0
158651.03254018127	52.0
158681.6266572632	52.0
158712.22077434513	52.0
158748.27628709984	52.0
158784.33179985458	55.0
158820.3873126093	52.0
158856.44282536404	52.0
158892.49833811875	52.0
158928.5538508735	52.0
158958.55385087355	52.0
158988.55385087358	52.0
159018.55385087364	52.0
159048.55385087366	52.0
159078.55385087372	52.0
159108.55385087378	52.0
159138.5538508738	51.0
159168.55385087387	51.0
159198.5538508739	51.0
159228.55385087396	51.0
159258.553850874	51.0
159288.55385087404	51.0
159318.5538508741	51.0
159348.55385087413	51.0
159378.5538508742	51.0
159408.55385087425	51.0
159438.55385087428	51.0
159468.55385087433	51.0
159498.55385087436	51.0
159528.55385087442	51.0
159558.55385087448	51.0
159588.5538508745	51.0
159618.55385087457	51.0
159648.5538508746	51.0
159678.55385087465	51.0
159708.5538508747	50.0
159738.55385087474	50.0
159768.5538508748	50.0
159798.55385087483	50.0
159828.5538508749	50.0
159858.55385087495	50.0
159888.55385087497	50.0
159918.55385087503	50.0
159948.55385087506	50.0
159978.55385087512	50.0
160008.55385087518	50.0
160038.5538508752	50.0
160068.55385087527	50.0
160098.5538508753	50.0
160128.55385087535	50.0
160175.98801577627	50.0
160223.42218067715	49.0
160265.84858754868	49.0
160308.2749944202	48.0
160338.27499442035	49.0
160368.27499442053	49.0
160398.27499442067	49.0
160428.27499442082	49.0
160458.274994421	49.0
160488.27499442114	49.0
160535.1364924762	49.0
160581.99799053126	48.0
160628.8594885863	49.0
160675.72098664136	49.0
160722.58248469644	49.0
160752.73211155983	48.0
160782.8817384232	48.0
160813.0313652866	52.0
160843.18099214995	54.0
160873.33061901334	49.0
160903.48024587674	49.0
160933.6298727401	49.0
160963.7794996035	49.0
160993.92912646686	49.0
161024.07875333025	48.0
161060.07875332987	48.0
161096.0787533295	48.0
161132.07875332914	48.0
161168.07875332877	48.0
161204.0787533284	48.0
161246.50516019991	48.0
161288.93156707144	48.0
161331.35797394294	48.0
161373.78438081447	48.0
161418.50574036405	48.0
161463.22709991364	48.0
161507.9484594632	47.0
161537.9484594638	47.0
161567.94845946445	48.0
161597.94845946506	48.0
161640.3748663358	47.0
161682.80127320657	48.0
161725.2276800773	47.0
161792.30971940147	48.0
161822.30971940162	48.0
161852.3097194018	48.0
161882.30971940194	48.0
161912.30971940208	48.0
161942.30971940226	48.0
161972.3097194024	48.0
162014.73612627227	47.0
162044.73612627227	47.0
162074.73612627227	47.0
162104.73612627227	47.0
162134.73612627227	47.0
162164.73612627227	47.0
162194.73612627227	48.0
162224.73612627227	48.0
162254.73612627227	48.0
162284.73612627227	48.0
162314.73612627227	48.0
162344.73612627227	48.0
162387.1625331448	48.0
162429.5889400173	48.0
162477.02310491895	48.0
162524.4572698206	48.0
162566.88367669212	48.0
162609.31008356364	48.0
162651.73649043514	48.0
162694.16289730667	48.0
162728.36816005947	48.0
162762.57342281225	48.0
162796.77868556505	48.0
162830.98394831785	48.0
162865.18921107065	48.0
162899.39447382343	48.0
162933.59973657623	48.0
162967.80499932903	50.0
163002.0102620818	48.0
163036.2155248346	48.0
163078.64193170547	48.0
163121.06833857633	48.0
163151.06833857653	48.0
163181.06833857673	48.0
163211.06833857694	48.0
163241.06833857714	48.0
163271.06833857737	48.0
163301.06833857758	48.0
163331.06833857778	48.0
163361.06833857798	48.0
163391.0683385782	48.0
163433.49474544972	48.0
163475.92115232124	48.0
163507.5878189878	48.0
163539.25448565438	48.0
163570.92115232092	48.0
163602.5878189875	48.0
163634.25448565406	48.0
163665.92115232063	48.0
163697.58781898717	48.0
163729.25448565374	48.0
163760.9211523203	48.0
163792.58781898688	48.0
163824.25448565345	48.0
163855.92115232	48.0
163887.58781898656	48.0
163919.25448565313	48.0
163950.9211523197	48.0
163982.58781898624	48.0
164014.2544856528	48.0
164045.92115231938	48.0
164088.3475591906	48.0
164130.77396606177	48.0
164173.20037293297	48.0
164215.62677980415	48.0
164258.05318667536	48.0
164300.47959354654	48.0
164342.90600041774	48.0
164385.33240728892	48.0
164427.75881416013	48.0
164470.1852210313	48.0
164512.61162790252	48.0
164555.0380347737	48.0
164597.4644416449	48.0
164639.89084851608	48.0
164682.3172553873	48.0
164724.74366225846	48.0
164767.17006912967	48.0
164809.59647600085	48.0
164852.02288287206	48.0
164894.44928974324	48.0
164936.87569661444	48.0
164979.30210348562	48.0
165021.72851035683	48.0
165064.154917228	48.0
165106.5813240992	48.0
165149.0077309704	48.0
165191.4341378416	48.0
165233.86054471278	48.0
165276.28695158398	47.0
165318.71335845516	48.0
165359.25718231185	48.0
165399.80100616853	48.0
165440.34483002522	48.0
165480.8886538819	48.0
165521.4324777386	48.0
165561.97630159528	48.0
165602.52012545196	48.0
165643.06394930868	48.0
165683.60777316536	48.0
165724.15159702205	48.0
165764.69542087874	48.0
165808.42756008956	48.0
165852.1596993004	48.0
165895.8918385112	48.0
165939.62397772202	48.0
165971.93167002956	48.0
166004.2393623371	48.0
166036.54705464467	48.0
166068.85474695222	47.0
166101.16243925976	47.0
166133.4701315673	47.0
166165.77782387487	48.0
166198.08551618241	48.0
166230.39320848996	48.0
166262.7009007975	48.0
166295.00859310507	48.0
166327.3162854126	48.0
166359.62397772016	48.0
166402.0503845916	48.0
166444.476791463	48.0
166486.90319833445	48.0
166529.3296052059	48.0
166571.75601207733	48.0
166614.18241894874	48.0
166656.60882582018	48.0
166699.03523269162	48.0
166741.46163956306	48.0
166783.88804643447	48.0
166826.3144533059	47.0
166856.3144533059	47.0
166886.3144533059	47.0
166916.3144533059	47.0
166946.3144533059	47.0
166992.98350086395	47.0
167039.65254842202	47.0
167086.32159598006	47.0
167132.9906435381	47.0
167179.65969109617	50.0
167226.3287386542	47.0
167272.99778621225	47.0
167319.6668337703	47.0
167366.33588132836	47.0
167413.0049288864	47.0
167443.01478919896	47.0
167473.0246495115	47.0
167503.03450982407	47.0
167533.04437013663	47.0
167563.05423044917	47.0
167593.06409076173	47.0
167623.0739510743	47.0
167653.08381138687	47.0
167683.0936716994	47.0
167713.10353201197	47.0
167743.11339232454	47.0
167773.12325263707	47.0
167803.13311294964	47.0
167833.1429732622	48.0
167863.15283357474	47.0
167893.1626938873	48.0
167923.17255419987	48.0
167953.1824145124	47.0
167983.19227482498	47.0
168013.20213513754	47.0
168043.2119954501	47.0
168073.22185576265	47.0
168103.2317160752	47.0
168133.24157638778	47.0
168163.25143670032	47.0
168193.26129701288	47.0
168223.27115732545	47.0
168253.281017638	47.0
168283.29087795055	47.0
168313.30073826312	47.0
168343.31059857566	47.0
168373.32045888822	47.0
168403.3303192008	47.0
168433.34017951335	47.0
168463.3500398259	47.0
168493.35990013846	47.0
168523.36976045102	47.0
168553.37962076356	46.0
168583.38948107613	46.0
168637.47275020627	46.0
168691.55601933642	46.0
168721.74063646377	46.0
168751.9252535911	46.0
168782.10987071844	46.0
168812.2944878458	46.0
168842.47910497314	46.0
168872.66372210046	46.0
168902.8483392278	46.0
168933.03295635516	46.0
168963.21757348249	46.0
169005.64398035384	46.0
169048.07038722516	46.0
169090.4967940965	46.0
169132.92320096787	46.0
169175.34960783922	46.0
169217.77601471054	46.0
169260.2024215819	46.0
169302.62882845325	46.0
169345.0552353246	46.0
169387.48164219593	46.0
169429.90804906728	46.0
169472.33445593863	46.0
169514.76086280996	46.0
169548.30188247203	46.0
169581.8429021341	46.0
169615.3839217962	46.0
169648.92494145827	46.0
169678.92494145833	46.0
169708.9249414584	46.0
169738.92494145845	46.0
169768.9249414585	46.0
169798.92494145856	46.0
169828.92494145862	46.0
169858.92494145868	46.0
169888.92494145874	46.0
169918.9249414588	46.0
169948.92494145886	46.0
169978.9249414589	46.0
170008.92494145897	46.0
170038.92494145903	46.0
170068.9249414591	46.0
170098.92494145915	46.0
170128.9249414592	46.0
170168.78798825695	46.0
170208.6510350547	46.0
170248.51408185248	46.0
170288.37712865023	46.0
170328.24017544798	46.0
170368.10322224573	46.0
170407.96626904348	46.0
170447.82931584126	46.0
170477.82931584137	46.0
170507.8293158415	46.0
170537.8293158416	46.0
170567.82931584172	46.0
170597.82931584184	46.0
170627.82931584195	46.0
170657.82931584207	46.0
170687.8293158422	46.0
170717.8293158423	46.0
170747.82931584242	46.0
170777.82931584254	46.0
170807.82931584265	46.0
170837.82931584277	46.0
170867.8293158429	46.0
170897.829315843	46.0
170927.82931584312	46.0
170971.56145505395	46.0
171015.29359426477	46.0
171059.02573347557	46.0
171102.7578726864	46.0
171132.99133924252	46.0
171163.22480579867	46.0
171193.4582723548	49.0
171223.69173891094	50.0
171253.92520546707	45.0
171284.15867202322	45.0
171314.39213857934	45.0
171344.6256051355	46.0
171378.1666247983	45.0
171411.7076444611	45.0
171445.2486641239	45.0
171478.78968378672	46.0
171510.7197832226	46.0
171542.64988265847	46.0
171574.57998209435	46.0
171606.51008153023	46.0
171638.4401809661	46.0
171670.37028040198	46.0
171702.30037983786	46.0
171734.23047927374	50.0
171766.16057870962	45.0
171798.0906781455	45.0
171830.0207775814	46.0
171861.95087701728	46.0
171893.88097645316	46.0
171925.81107588904	45.0
171957.74117532492	45.0
171989.6712747608	45.0
172021.71128880596	50.0
172053.7513028511	45.0
172085.79131689627	45.0
172117.83133094144	44.0
172149.8713449866	45.0
172181.91135903174	52.0
172213.9513730769	45.0
172245.99138712208	46.0
172284.41013254697	46.0
172322.82887797186	45.0
172361.24762339675	46.0
172399.66636882164	45.0
172438.08511424653	45.0
172468.08511424653	45.0
172498.08511424653	44.0
172528.08511424653	45.0
172558.08511424653	45.0
172588.08511424653	44.0
172618.08511424653	44.0
172648.08511424653	44.0
172678.08511424653	45.0
172720.51152111738	45.0
172762.93792798824	44.0
172793.5320450702	45.0
172824.12616215216	48.0
172854.7202792341	45.0
172885.31439631607	45.0
172915.90851339803	44.0
172950.894224767	44.0
172985.87993613599	44.0
173020.86564750495	43.0
173055.85135887394	44.0
173090.8370702429	45.0
173130.83707024166	44.0
173170.83707024044	45.0
173210.83707023918	44.0
173253.2634771107	45.0
173295.68988398224	43.0
173325.6898839827	43.0
173355.68988398317	43.0
173385.68988398364	43.0
173415.6898839841	44.0
173460.41124353383	43.0
173505.13260308353	45.0
173549.85396263326	44.0
173580.2677752847	43.0
173610.68158793615	43.0
173641.0954005876	44.0
173671.509213239	44.0
173701.92302589046	44.0
173732.3368385419	44.0
173774.76324541343	44.0
173817.18965228496	44.0
173859.61605915645	45.0
173902.04246602798	45.0
173944.4688728995	45.0
173986.89527977104	44.0
174016.89527977104	44.0
174046.89527977104	44.0
174076.89527977104	45.0
174106.89527977104	45.0
174136.89527977104	45.0
174166.89527977104	45.0
174196.89527977104	45.0
174226.89527977104	45.0
174256.89527977104	45.0
174286.89527977104	45.0
174316.89527977104	45.0
174346.89527977104	45.0
174376.89527977104	45.0
174406.89527977104	45.0
174436.89527977104	45.0
174521.74809351013	44.0
174551.7480935104	44.0
174581.74809351066	44.0
174611.74809351092	44.0
174641.7480935112	44.0
174671.74809351147	44.0
174701.74809351173	43.0
174731.748093512	43.0
174774.17450038364	45.0
174816.60090725526	43.0
174859.0273141269	44.0
174919.02731412597	43.0
174956.52731412541	44.0
174994.02731412486	44.0
175031.52731412428	45.0
175069.02731412373	44.0
175099.02731412376	44.0
175129.02731412378	44.0
175159.0273141238	44.0
175189.02731412387	44.0
175219.0273141239	44.0
175249.02731412393	44.0
175279.02731412396	44.0
175309.027314124	44.0
175339.02731412402	44.0
175369.02731412405	44.0
175399.0273141241	44.0
175429.02731412413	44.0
175459.02731412416	44.0
175489.0273141242	44.0
175519.02731412422	44.0
175549.02731412425	44.0
175579.02731412428	44.0
175609.02731412434	44.0
175639.02731412437	44.0
175669.0273141244	44.0
175699.02731412443	44.0
175729.02731412445	44.0
175759.02731412448	44.0
175789.0273141245	44.0
175819.02731412457	44.0
175849.0273141246	44.0
175879.02731412463	44.0
175909.02731412466	44.0
175948.07856250458	44.0
175987.12981088448	45.0
176026.1810592644	45.0
176065.2323076443	50.0
176104.28355602422	44.0
176143.33480440412	44.0
176183.03367088668	44.0
176222.73253736924	44.0
176262.4314038518	44.0
176302.13027033434	44.0
176341.8291368169	44.0
176381.52800329946	44.0
176421.22686978203	44.0
176460.9257362646	44.0
176500.62460274715	44.0
176540.3234692297	44.0
176580.02233571227	43.0
176619.7212021948	44.0
176659.42006867737	43.0
176699.11893515993	43.0
176738.8178016425	44.0
176768.8178016425	43.0
176798.8178016425	43.0
176841.41916351093	43.0
176884.0205253794	43.0
176926.62188724783	43.0
176969.2232491163	43.0
177011.82461098474	44.0
177054.4259728532	45.0
177097.02733472164	45.0
177139.6286965901	44.0
177182.23005845855	44.0
177224.831420327	45.0
177267.43278219545	43.0
177298.026899277	44.0
177328.62101635855	47.0
177359.21513344013	43.0
177389.80925052168	43.0
177420.40336760323	44.0
177462.8297744749	45.0
177505.2561813466	45.0
177547.68258821827	45.0
177590.10899508998	44.0
177627.6089950895	44.0
177665.10899508905	44.0
177702.60899508858	44.0
177740.1089950881	44.0
177782.53540195932	44.0
177824.9618088305	44.0
177855.11143569407	44.0
177885.2610625576	44.0
177915.41068942117	44.0
177945.56031628474	44.0
177975.70994314828	48.0
178005.85957001185	45.0
178036.0091968754	45.0
178066.15882373895	44.0
178096.30845060252	44.0
178126.4580774661	44.0
178172.42001824305	44.0
178218.38195902001	44.0
178264.34389979698	44.0
178310.30584057394	44.0
178356.26778135088	44.0
178402.22972212784	44.0
178448.1916629048	44.0
178494.15360368177	45.0
178540.11554445873	44.0
178586.0774852357	45.0
178632.03942601266	43.0
178678.00136678963	45.0
178709.92327563697	45.0
178741.84518448435	44.0
178773.7670933317	45.0
178805.68900217908	45.0
178837.61091102642	44.0
178869.53281987377	44.0
178901.45472872115	44.0
178933.3766375685	43.0
178965.29854641587	44.0
178997.22045526322	43.0
179029.1423641106	44.0
179059.14236411065	44.0
179089.1423641107	44.0
179119.1423641108	44.0
179149.14236411086	44.0
179179.1423641109	44.0
179209.14236411097	44.0
179239.14236411103	44.0
179269.14236411112	44.0
179299.14236411118	44.0
179329.14236411123	44.0
179359.1423641113	44.0
179389.14236411135	44.0
179419.14236411144	44.0
179449.1423641115	44.0
179479.14236411155	44.0
179509.1423641116	44.0
179539.1423641117	44.0
179569.14236411176	44.0
179599.14236411182	44.0
179629.14236411187	44.0
179659.14236411193	44.0
179689.14236411202	44.0
179719.14236411208	44.0
179749.14236411214	44.0
179779.1423641122	44.0
179809.14236411225	44.0
179839.14236411234	44.0
179869.1423641124	44.0
179899.14236411246	44.0
179946.57652901454	45.0
179994.0106939166	43.0
180024.01069391723	43.0
180054.01069391787	43.0
180084.01069391848	43.0
180126.43710078957	43.0
180168.86350766063	43.0
180211.28991453172	43.0
180253.7163214028	43.0
180296.1427282739	43.0
180338.56913514496	42.0
180368.56913514558	42.0
180398.56913514622	43.0
180428.56913514683	43.0
180482.65240427776	43.0
180536.7356734087	43.0
180566.7356734087	43.0
180596.7356734087	43.0
180626.7356734087	43.0
180656.7356734087	43.0
180686.7356734087	43.0
180716.7356734087	43.0
180746.7356734087	43.0
180776.7356734087	43.0
180806.7356734087	43.0
180836.7356734087	43.0
180866.7356734087	43.0
180896.7356734087	43.0
180926.7356734087	43.0
180956.7356734087	43.0
180986.7356734087	43.0
181029.16208027993	43.0
181071.58848715114	43.0
181114.01489402237	43.0
181156.4413008936	43.0
181198.86770776482	43.0
181241.29411463605	43.0
181283.72052150726	43.0
181326.1469283785	43.0
181368.57333524973	43.0
181410.99974212094	43.0
181453.42614899218	43.0
181495.8525558634	43.0
181538.27896273462	43.0
181580.70536960586	43.0
181623.1317764771	43.0
181665.5581833483	43.0
181707.98459021954	43.0
181750.41099709074	43.0
181792.83740396198	43.0
181835.26381083322	43.0
181865.67762348504	43.0
181896.09143613686	43.0
181926.5052487887	42.0
181956.9190614405	42.0
181987.33287409233	42.0
182017.74668674415	42.0
182060.1730936149	42.0
182102.59950048567	42.0
182145.0259073564	42.0
182175.02590735702	42.0
182205.02590735766	42.0
182235.02590735827	42.0
182277.45231422948	42.0
182319.87872110066	42.0
182364.8787210988	42.0
182409.87872109693	41.0
182452.30512796828	42.0
182494.73153483964	42.0
182537.15794171096	42.0
182579.5843485823	42.0
182622.01075545367	42.0
182664.43716232502	42.0
182706.86356919637	42.0
182749.28997606772	42.0
182791.71638293905	42.0
182834.1427898104	42.0
182876.56919668175	42.0
182918.9956035531	42.0
182961.42201042446	42.0
183003.8484172958	42.0
183046.27482416714	42.0
183088.7012310385	42.0
183131.12763790984	42.0
183176.12763790798	42.0
183221.12763790612	42.0
183263.55404477863	42.0
183293.55404477878	42.0
183323.55404477895	42.0
183353.5540447791	42.0
183383.55404477924	42.0
183413.55404477942	42.0
183443.55404477956	42.0
183473.5540447797	42.0
183503.55404477988	42.0
183533.55404478003	42.0
183563.55404478018	42.0
183593.55404478035	42.0
183623.5540447805	42.0
183662.85262870186	42.0
183702.15121262323	42.0
183741.4497965446	42.0
183780.74838046596	45.0
183820.04696438735	43.0
183859.34554830872	42.0
183898.64413223008	42.0
183937.94271615145	42.0
183977.2413000728	42.0
184016.53988399418	42.0
184055.83846791554	42.0
184095.1370518369	42.0
184134.4356357583	42.0
184167.9766554207	42.0
184201.5176750831	42.0
184235.05869474547	42.0
184268.59971440787	42.0
184302.14073407027	41.0
184335.68175373267	42.0
184369.22277339504	42.0
184402.76379305744	42.0
184433.91763921123	42.0
184465.07148536498	42.0
184496.22533151877	42.0
184527.37917767253	42.0
184558.5330238263	42.0
184589.6868699801	42.0
184620.84071613385	42.0
184651.99456228764	42.0
184683.14840844143	42.0
184714.30225459518	42.0
184745.45610074897	42.0
184776.60994690272	41.0
184807.7637930565	41.0
184838.9176392103	41.0
184870.07148536405	41.0
184901.22533151784	41.0
184932.3791776716	41.0
184963.53302382538	41.0
184994.68686997917	41.0
185025.84071613292	41.0
185056.9945622867	41.0
185088.1484084405	41.0
185119.30225459425	41.0
185150.45610074804	41.0
185181.6099469018	41.0
185212.76379305558	41.0
185245.59331906156	42.0
185278.42284506754	41.0
185311.25237107353	41.0
185344.08189707954	41.0
185376.91142308552	40.0
185409.7409490915	40.0
185442.57047509748	40.0
185475.40000110347	40.0
185508.22952710945	40.0
185538.24109895172	40.0
185568.25267079403	40.0
185598.2642426363	40.0
185628.27581447858	40.0
185658.28738632085	40.0
185688.29895816316	40.0
185718.31053000543	40.0
185748.3221018477	40.0
185778.33367368998	40.0
185808.34524553228	40.0
185838.35681737456	40.0
185868.36838921683	44.0
185898.3799610591	44.0
185928.3915329014	44.0
185958.4031047437	43.0
185988.41467658596	42.0
186018.42624842824	40.0
186048.43782027054	40.0
186078.44939211282	40.0
186108.4609639551	40.0
186138.4725357974	40.0
186168.48410763967	40.0
186198.49567948194	40.0
186228.50725132422	40.0
186258.51882316652	40.0
186288.5303950088	40.0
186318.54196685107	40.0
186348.55353869335	40.0
186378.56511053565	40.0
186408.57668237793	40.0
186438.5882542202	40.0
186468.59982606248	40.0
186498.61139790478	40.0
186528.62296974706	40.0
186558.63454158933	40.0
186588.64611343163	40.0
186631.0725203029	40.0
186673.49892717417	40.0
186715.92533404543	40.0
186758.3517409167	40.0
186800.77814778793	40.0
186843.2045546592	40.0
186885.63096153046	40.0
186928.05736840173	40.0
186970.483775273	40.0
187012.91018214426	40.0
187055.33658901553	40.0
187097.7629958868	40.0
187140.18940275806	40.0
187182.6158096293	40.0
187225.04221650056	40.0
187267.46862337182	40.0
187309.8950302431	40.0
187352.32143711435	40.0
187394.74784398562	40.0
187430.30765275893	40.0
187465.86746153224	39.0
187501.42727030555	40.0
187536.98707907883	39.0
187572.54688785214	40.0
187608.10669662544	39.0
187643.66650539875	40.0
187679.22631417206	40.0
187714.78612294537	40.0
187750.34593171868	40.0
187785.90574049196	42.0
187821.46554926527	40.0
187857.02535803858	39.0
187892.58516681188	40.0
187928.1449755852	44.0
187963.7047843585	40.0
187999.2645931318	41.0
188034.8244019051	40.0
188070.3842106784	41.0
188105.9440194517	39.0
188147.56253205994	40.0
188189.18104466813	40.0
188230.79955727636	40.0
188272.41806988456	40.0
188314.0365824928	40.0
188355.65509510098	40.0
188397.2736077092	40.0
188438.8921203174	40.0
188480.51063292564	40.0
188522.12914553387	40.0
188563.74765814206	40.0
188605.3661707503	40.0
188646.9846833585	40.0
188688.60319596672	40.0
188730.2217085749	40.0
188771.84022118314	40.0
188813.45873379137	41.0
188855.07724639957	39.0
188896.6957590078	39.0
188938.314271616	41.0
188979.93278422422	41.0
189021.55129683242	40.0
189063.16980944065	40.0
189104.78832204884	40.0
189146.40683465707	40.0
189188.0253472653	39.0
189223.25074154805	40.0
189258.4761358308	40.0
189293.70153011355	40.0
189328.9269243963	40.0
189364.15231867906	40.0
189399.3777129618	40.0
189434.60310724456	40.0
189469.8285015273	40.0
189505.0538958101	40.0
189540.27929009285	40.0
189575.5046843756	40.0
189610.73007865835	39.0
189645.9554729411	40.0
189680.16073569393	39.0
189714.36599844677	40.0
189748.5712611996	40.0
189782.77652395243	39.0
189816.9817867053	40.0
189851.18704945812	40.0
189885.39231221096	40.0
189919.5975749638	40.0
189953.80283771662	40.0
189988.00810046945	40.0
190025.50810046922	40.0
190063.008100469	40.0
190100.50810046875	39.0
190138.00810046852	40.0
190180.43450734005	40.0
190222.86091421157	40.0
190253.78420640383	40.0
190284.70749859608	40.0
190315.6307907883	40.0
190346.55408298055	40.0
190388.98048985176	40.0
190431.40689672294	40.0
190473.83330359415	40.0
190516.25971046533	40.0
190558.68611733653	40.0
190601.1125242077	40.0
190643.53893107892	40.0
190685.9653379501	40.0
190728.3917448213	40.0
190770.81815169248	40.0
190813.2445585637	40.0
190855.67096543487	39.0
190898.09737230607	40.0
190940.52377917725	40.0
190982.95018604846	40.0
191012.95018604907	40.0
191042.9501860497	40.0
191072.95018605032	40.0
191157.80299978942	40.0
191187.8029997896	40.0
191217.80299978977	40.0
191247.8029997899	40.0
191277.8029997901	40.0
191307.80299979026	40.0
191337.80299979044	40.0
191367.8029997906	40.0
191397.8029997908	40.0
191427.80299979093	40.0
191457.8029997911	40.0
191487.80299979128	39.0
191530.22940666243	40.0
191572.65581353358	39.0
191615.08222040473	40.0
191657.50862727588	40.0
191699.935034147	40.0
191742.36144101815	40.0
191784.7878478893	40.0
191827.21425476045	40.0
191869.6406616316	40.0
191912.06706850274	40.0
191954.4934753739	40.0
191996.91988224504	40.0
192039.3462891162	39.0
192081.7726959873	40.0
192124.46019090345	40.0
192167.1476858196	40.0
192209.83518073574	40.0
192252.52267565185	40.0
192295.210170568	41.0
192337.89766548414	40.0
192380.58516040028	40.0
192423.27265531642	40.0
192465.96015023257	40.0
192499.5011698955	40.0
192533.0421895584	40.0
192566.5832092213	40.0
192600.12422888423	40.0
192630.12422888438	40.0
192660.12422888455	40.0
192690.1242288847	40.0
192720.12422888484	40.0
192750.12422888502	40.0
192780.12422888516	40.0
192822.55063575107	40.0
192852.55063575107	40.0
192882.55063575107	40.0
192912.55063575107	40.0
192942.55063575107	40.0
192972.55063575107	40.0
193002.55063575107	40.0
193032.55063575107	40.0
193062.55063575107	40.0
193092.55063575107	40.0
193122.55063575107	40.0
193152.55063575107	40.0
193182.55063575107	40.0
193212.55063575107	40.0
193242.55063575107	40.0
193272.55063575107	40.0
193302.55063575107	40.0
193332.55063575107	40.0
193362.55063575107	40.0
193392.55063575107	40.0
193434.97704262423	40.0
193464.9770426244	40.0
193494.9770426246	40.0
193524.97704262479	40.0
193554.977042625	40.0
193584.97704262516	40.0
193626.56357890798	40.0
193668.1501151908	40.0
193709.73665147362	40.0
193751.32318775644	40.0
193792.90972403926	40.0
193834.49626032208	40.0
193876.0827966049	40.0
193917.66933288772	40.0
193959.25586917053	40.0
194000.84240545335	40.0
194042.42894173617	40.0
194084.01547801902	40.0
194125.60201430184	40.0
194167.18855058466	40.0
194208.77508686748	40.0
194250.3616231503	40.0
194291.94815943312	40.0
194333.53469571593	40.0
194375.12123199875	40.0
194416.70776828157	43.0
194458.2943045644	41.0
194499.8808408472	40.0
194541.46737713003	40.0
194583.05391341285	40.0
194624.64044969567	40.0
194662.1404496952	40.0
194699.64044969474	40.0
194737.14044969427	40.0
194774.6404496938	40.0
194817.066856565	40.0
194847.68522329978	40.0
194878.30359003457	40.0
194908.92195676934	40.0
194939.54032350413	40.0
194970.1586902389	40.0
195000.7770569737	40.0
195031.39542370845	40.0
195062.01379044325	40.0
195092.632157178	39.0
195123.2505239128	39.0
195153.86889064757	39.0
195184.48725738234	39.0
195215.10562411713	39.0
195245.7239908519	39.0
195276.3423575867	39.0
195306.96072432146	39.0
195337.57909105625	39.0
195368.19745779102	39.0
195398.8158245258	39.0
195429.43419126057	39.0
195460.05255799537	39.0
195490.67092473013	39.0
195521.2892914649	39.0
195551.9076581997	39.0
195582.52602493446	39.0
195613.14439166925	39.0
195643.76275840402	39.0
195674.3811251388	39.0
195704.99949187358	39.0
195735.61785860837	39.0
195766.23622534313	39.0
195796.85459207793	39.0
195827.4729588127	39.0
195858.0913255475	39.0
195888.70969228225	39.0
195919.32805901702	39.0
195949.9464257518	39.0
195980.56479248658	39.0
196011.18315922137	39.0
196041.80152595614	39.0
196072.41989269093	39.0
196103.0382594257	39.0
196133.6566261605	39.0
196164.27499289525	39.0
196194.89335963005	39.0
196225.5117263648	39.0
196256.13009309958	39.0
196286.74845983437	39.0
196317.36682656914	39.0
196350.00585416637	40.0
196382.6448817636	39.0
196415.28390936085	40.0
196447.92293695812	39.0
196480.56196455535	38.0
196513.2009921526	39.0
196545.84001974983	39.0
196588.26642662057	39.0
196630.69283349134	39.0
196673.11924036208	38.0
196704.74201696372	38.0
196736.36479356536	39.0
196767.987570167	38.0
196799.61034676863	42.0
196831.23312337024	39.0
196862.85589997188	38.0
196905.2823068434	39.0
196947.70871371494	39.0
196977.70871371555	38.0
197007.7087137162	38.0
197037.7087137168	38.0
197080.13512058865	39.0
197112.4428128962	39.0
197144.75050520373	39.0
197177.0581975113	39.0
197209.36588981884	39.0
197241.6735821264	39.0
197273.98127443393	39.0
197306.2889667415	39.0
197338.59665904904	39.0
197370.90435135658	39.0
197403.21204366413	39.0
197435.5197359717	39.0
197467.82742827924	39.0
197500.13512058678	39.0
197542.56152745467	39.0
197572.5615274556	38.0
197602.56152745654	38.0
197632.56152745747	38.0
197662.5615274584	39.0
197709.23057501644	39.0
197755.8996225745	39.0
197802.56867013255	39.0
197849.2377176906	39.0
197895.90676524866	39.0
197942.5758128067	39.0
197989.24486036474	39.0
198035.91390792278	39.0
198082.58295548084	39.0
198129.25200303888	39.0
198159.25200303982	38.0
198189.25200304075	36.0
198231.67840991227	37.0
198274.1048167838	38.0
198316.5312236553	38.0
198358.95763052683	38.0
198403.6789900764	39.0
198448.400349626	37.0
198493.12170917555	39.0
198523.12170917648	38.0
198553.12170917742	38.0
198583.12170917835	38.0
198613.12170917928	39.0
198657.84306872802	39.0
198702.56442827676	39.0
198747.28578782553	39.0
198777.28578782553	39.0
198807.28578782553	39.0
198837.28578782553	39.0
198867.28578782553	39.0
198897.28578782553	38.0
198939.71219469738	39.0
198969.71219469738	39.0
198999.71219469738	39.0
199029.71219469738	39.0
199059.71219469738	39.0
199089.71219469738	39.0
199119.71219469738	39.0
199149.71219469738	39.0
199179.71219469738	39.0
199209.71219469738	39.0
199239.71219469738	39.0
199269.71219469738	39.0
199299.71219469738	39.0
199329.71219469738	39.0
199359.71219469738	39.0
199389.71219469738	39.0
199432.13860156923	39.0
199462.13860156984	39.0
199492.13860157048	38.0
199522.1386015711	39.0
199564.56500844183	39.0
199606.9914153126	39.0
199649.41782218334	39.0
199679.41782218334	38.0
199709.41782218334	39.0
199746.28493047063	38.0
199783.15203875792	40.0
199820.0191470452	39.0
199856.8862553325	38.0
199893.7533636198	39.0
199930.62047190705	38.0
199967.48758019434	38.0
200004.35468848163	38.0
200041.22179676892	41.0
200078.0889050562	38.0
200114.9560133435	39.0
200151.8231216308	39.0
200188.69022991808	39.0
200225.55733820537	39.0
200255.55733820554	39.0
200285.55733820572	39.0
200315.55733820586	39.0
200345.55733820604	39.0
200375.5573382062	39.0
200405.5573382064	39.0
200435.55733820656	39.0
200465.55733820674	39.0
200495.55733820688	39.0
200525.55733820706	39.0
200555.55733820723	39.0
200592.4244464945	39.0
200629.29155478172	39.0
200666.15866306899	39.0
200703.02577135622	39.0
200739.89287964348	39.0
200776.7599879307	39.0
200813.62709621797	39.0
200848.74119594996	39.0
200883.85529568195	39.0
200918.9693954139	38.0
200954.0834951459	39.0
200989.19759487789	39.0
201024.31169460987	44.0
201059.42579434186	38.0
201094.53989407385	40.0
201129.6539938058	39.0
201164.7680935378	39.0
201202.26809353844	39.0
201239.7680935391	39.0
201277.26809353975	39.0
201314.76809354042	38.0
201359.7680935395	38.0
201404.76809353856	39.0
201443.1868389632	38.0
201481.60558438787	39.0
201520.02432981253	38.0
201558.44307523718	38.0
201596.86182066184	39.0
201638.09287691742	37.0
201679.323933173	38.0
201720.55498942855	39.0
201756.61050218347	38.0
201792.6660149384	41.0
201828.72152769333	39.0
201864.77704044827	38.0
201900.8325532032	39.0
201936.8880659581	39.0
201972.94357871305	38.0
202008.99909146797	40.0
202045.05460422288	39.0
202087.48101109374	39.0
202129.9074179646	38.0
202172.33382483548	39.0
202214.76023170634	39.0
202246.38300830842	38.0
202278.0057849105	38.0
202309.62856151257	36.0
202349.76721010866	38.0
202389.90585870473	39.0
202430.04450730083	39.0
202470.1831558969	38.0
202510.321804493	42.0
202550.4604530891	45.0
202590.59910168516	38.0
202630.73775028126	38.0
202670.87639887733	39.0
202711.01504747343	39.0
202751.15369606952	38.0
202791.2923446656	39.0
202831.4309932617	39.0
202871.56964185776	38.0
202911.70829045385	39.0
202951.84693904995	39.0
202991.98558764602	39.0
203032.12423624212	39.0
203077.12423624026	39.0
203122.1242362384	39.0
203161.17548461803	39.0
203200.22673299766	39.0
203239.2779813773	39.0
203278.32922975693	40.0
203317.38047813656	42.0
203356.4317265162	39.0
203399.4865720412	39.0
203442.54141756624	39.0
203485.59626309125	39.0
203528.65110861626	39.0
203571.7059541413	39.0
203614.7607996663	39.0
203657.81564519132	39.0
203700.87049071636	39.0
203743.92533624137	39.0
203786.98018176638	39.0
203830.03502729142	39.0
203873.08987281643	39.0
203916.14471834144	39.0
203959.19956386648	39.0
204002.2544093915	39.0
204045.3092549165	39.0
204088.36410044154	39.0
204131.41894596655	39.0
204174.47379149156	39.0
204217.5286370166	39.0
204260.5834825416	39.0
204303.63832806662	39.0
204346.69317359166	39.0
204389.74801911667	42.0
204432.80286464168	39.0
204475.8577101667	40.0
204518.91255569173	39.0
204561.96740121674	40.0
204605.02224674175	39.0
204648.0770922668	39.0
204691.1319377918	39.0
204734.1867833168	39.0
204777.24162884185	39.0
204820.29647436686	39.0
204850.29647436732	39.0
204880.2964743678	39.0
204923.05305280891	39.0
204965.80963125004	39.0
205008.56620969117	39.0
205051.3227881323	39.0
205094.07936657342	39.0
205136.83594501455	39.0
205179.59252345568	38.0
205222.3491018968	38.0
205252.34910189698	37.0
205282.34910189718	37.0
205312.34910189736	37.0
205342.34910189756	37.0
205372.34910189774	36.0
205414.77550876894	39.0
205444.77550876894	38.0
205474.77550876894	38.0
205504.77550876894	38.0
205534.77550876894	38.0
205564.77550876894	39.0
205594.77550876894	39.0
205624.77550876894	39.0
205654.77550876894	38.0
205684.77550876894	38.0
205714.77550876894	38.0
205744.77550876894	39.0
205774.77550876894	39.0
205804.77550876894	39.0
205834.77550876894	39.0
205864.77550876894	39.0
205894.77550876894	39.0
205924.77550876894	39.0
205954.77550876894	39.0
205984.77550876894	39.0
206014.77550876894	39.0
206044.77550876894	39.0
206074.77550876894	39.0
206104.77550876894	39.0
206134.77550876894	39.0
206164.77550876894	39.0
206194.77550876894	39.0
206224.77550876894	39.0
206254.77550876894	39.0
206284.77550876894	39.0
206314.77550876894	39.0
206344.77550876894	39.0
206374.77550876894	39.0
206404.77550876894	39.0
206434.77550876894	39.0
206464.77550876894	39.0
206494.77550876894	39.0
206524.77550876894	39.0
206567.20191563948	39.0
206597.20191563954	39.0
206627.20191563963	39.0
206657.2019156397	39.0
206687.20191563974	39.0
206717.2019156398	39.0
206747.2019156399	39.0
206777.20191563995	39.0
206807.20191564	39.0
206837.2019156401	38.0
206867.20191564015	38.0
206897.2019156402	38.0
206927.20191564027	39.0
206957.20191564035	39.0
206987.2019156404	39.0
207040.23492422892	39.0
207093.2679328174	42.0
207146.3009414059	38.0
207199.3339499944	39.0
207229.3339499944	38.0
207259.3339499944	38.0
207289.3339499944	38.0
207319.3339499944	38.0
207349.3339499944	38.0
207379.3339499944	38.0
207409.3339499944	38.0
207439.3339499944	38.0
207469.3339499944	38.0
207499.3339499944	38.0
207529.3339499944	39.0
207559.3339499944	39.0
207589.3339499944	39.0
207619.3339499944	39.0
207649.3339499944	39.0
207679.3339499944	39.0
207709.3339499944	39.0
207739.3339499944	39.0
207769.3339499944	39.0
207799.3339499944	39.0
207829.3339499944	39.0
207859.3339499944	39.0
207894.31966136413	39.0
207929.30537273383	39.0
207964.29108410355	38.0
207999.27679547324	39.0
208034.26250684296	39.0
208094.26250683924	39.0
208141.12400489414	39.0
208187.98550294907	39.0
208234.84700100397	38.0
208281.7084990589	39.0
208328.5699971138	39.0
208360.19277371612	38.0
208391.81555031845	38.0
208423.43832692076	38.0
208455.0611035231	40.0
208486.6838801254	38.0
208518.30665672774	38.0
208603.15947046815	38.0
208638.5148095272	38.0
208673.87014858623	38.0
208709.22548764528	37.0
208744.5808267043	38.0
208779.93616576336	38.0
208815.2915048224	37.0
208857.71791169458	37.0
208900.14431856677	38.0
208930.2939454303	38.0
208960.44357229385	38.0
208990.5931991574	38.0
209020.74282602093	38.0
209050.89245288447	39.0
209081.042079748	38.0
209111.19170661154	38.0
209141.34133347508	38.0
209171.49096033862	38.0
209201.64058720216	39.0
209246.36194675174	39.0
209291.08330630133	39.0
209335.80466585088	39.0
209365.80466585088	39.0
209395.80466585088	39.0
209425.80466585088	39.0
209455.80466585088	38.0
209485.80466585088	38.0
209515.80466585088	38.0
209545.80466585088	38.0
209575.80466585088	38.0
209605.80466585088	39.0
209635.80466585088	39.0
209665.80466585088	39.0
209695.80466585088	39.0
209725.80466585088	39.0
209755.80466585088	39.0
209798.23107272174	39.0
209840.6574795926	39.0
209870.65747959272	39.0
209900.65747959283	39.0
209930.65747959295	39.0
209960.65747959306	39.0
209990.65747959318	39.0
210020.6574795933	38.0
210050.6574795934	39.0
210080.65747959353	39.0
210110.65747959365	39.0
210140.65747959376	39.0
210170.65747959388	39.0
210200.657479594	39.0
210230.6574795941	39.0
210260.65747959423	39.0
210290.65747959435	39.0
210320.65747959446	39.0
210365.3788391435	39.0
210410.1001986925	39.0
210454.82155824153	38.0
210484.8215582423	38.0
210514.82155824313	38.0
210544.82155824392	38.0
210574.82155824473	38.0
210604.82155824552	38.0
210634.82155824633	38.0
210664.82155824712	38.0
210708.55369745806	39.0
210752.285836669	39.0
210796.01797587995	38.0
210839.75011509086	39.0
210880.98117134644	38.0
210922.21222760202	39.0
210963.44328385757	39.0
211005.86969072843	39.0
211048.2960975993	39.0
211078.2960975993	39.0
211108.2960975993	39.0
211138.2960975993	39.0
211168.2960975993	39.0
211198.2960975993	39.0
211234.3516103546	39.0
211270.40712310994	39.0
211306.4626358653	39.0
211346.46263586404	38.0
211386.46263586282	39.0
211426.46263586156	38.0
211458.77362470448	40.0
211491.0846135474	38.0
211523.3956023903	39.0
211555.7065912332	39.0
211588.01758007612	38.0
211620.32856891904	38.0
211652.63955776193	38.0
211684.95054660484	38.0
211717.26153544776	39.0
211749.57252429068	38.0
211779.5725242916	38.0
211809.57252429254	38.0
211839.57252429347	39.0
211869.5725242944	38.0
211923.65579342507	37.0
211977.73906255575	39.0
212007.73906255668	39.0
212037.7390625576	39.0
212080.16546942847	39.0
212122.59187629932	39.0
212152.59187629932	39.0
212182.59187629932	39.0
212212.59187629932	39.0
212242.59187629932	39.0
212272.59187629932	39.0
212302.59187629932	39.0
212332.59187629932	39.0
212362.59187629932	39.0
212392.59187629932	39.0
212422.59187629932	39.0
212452.59187629932	39.0
212482.59187629932	39.0
212512.59187629932	39.0
212542.59187629932	39.0
212572.59187629932	39.0
212602.59187629932	39.0
212632.59187629932	39.0
212662.59187629932	39.0
212692.59187629932	39.0
212722.59187629932	39.0
212766.43249673286	39.0
212810.27311716636	39.0
212854.1137375999	39.0
212897.9543580334	39.0
212941.79497846693	39.0
212985.63559890047	39.0
213029.47621933397	39.0
213073.3168397675	39.0
213117.15746020104	39.0
213160.99808063454	39.0
213204.83870106807	39.0
213248.67932150158	39.0
213292.5199419351	39.0
213336.36056236865	39.0
213380.20118280215	39.0
213424.04180323568	39.0
213467.8824236692	39.0
213511.72304410272	39.0
213555.56366453625	39.0
213599.40428496976	39.0
213643.2449054033	39.0
213687.0855258368	39.0
213730.92614627033	39.0
213774.76676670386	39.0
213818.60738713737	39.0
213862.4480075709	39.0
213906.28862800443	39.0
213950.12924843794	39.0
213993.96986887147	39.0
214037.81048930497	39.0
214075.07828892965	39.0
214112.34608855433	39.0
214149.61388817898	39.0
214186.88168780366	39.0
214224.14948742834	39.0
214261.41728705302	41.0
214298.6850866777	39.0
214335.95288630234	43.0
214373.22068592702	39.0
214413.35933452315	39.0
214453.49798311928	39.0
214493.6366317154	38.0
214533.77528031153	39.0
214573.91392890766	38.0
214614.05257750378	39.0
214654.19122609994	39.0
214694.32987469606	38.0
214734.4685232922	39.0
214764.4685232928	39.0
214794.46852329344	39.0
214824.46852329405	39.0
214866.89493016558	39.0
214909.3213370371	39.0
214940.52133703695	39.0
214971.7213370368	39.0
215002.92133703665	39.0
215034.12133703651	39.0
215065.32133703635	39.0
215096.52133703622	39.0
215127.72133703606	39.0
215158.92133703592	39.0
215190.12133703576	39.0
215221.32133703562	39.0
215252.52133703546	38.0
215283.72133703533	39.0
215314.92133703516	39.0
215346.12133703503	39.0
215377.32133703487	39.0
215408.52133703473	39.0
215439.72133703457	39.0
215470.92133703444	39.0
215502.12133703427	39.0
215533.32133703414	39.0
215564.52133703398	39.0
215595.72133703384	38.0
215626.92133703368	38.0
215658.12133703355	38.0
215689.32133703338	37.0
215726.821337034	39.0
215764.3213370346	39.0
215801.8213370352	39.0
215839.3213370358	39.0
215873.60705132072	39.0
215907.89276560562	39.0
215942.17847989054	39.0
215976.46419417547	38.0
216010.7499084604	38.0
216045.0356227453	39.0
216079.3213370302	39.0
216121.74774390273	39.0
216151.74774390276	39.0
216181.7477439028	39.0
216211.74774390282	39.0
216241.74774390282	39.0
216271.74774390284	39.0
216301.74774390287	39.0
216331.7477439029	39.0
216361.74774390293	39.0
216391.74774390296	39.0
216421.74774390296	39.0
216451.747743903	39.0
216481.74774390302	39.0
216511.74774390305	39.0
216541.74774390308	39.0
216571.7477439031	39.0
216601.7477439031	39.0
216631.74774390314	39.0
216661.74774390316	39.0
216691.7477439032	39.0
216721.74774390322	39.0
216751.74774390325	39.0
216781.74774390328	39.0
216811.74774390328	39.0
216841.7477439033	39.0
216871.74774390334	39.0
216901.74774390337	39.0
216931.7477439034	39.0
216961.74774390343	39.0
216991.74774390343	39.0
217021.74774390346	39.0
217051.74774390348	39.0
217081.7477439035	39.0
217111.74774390354	39.0
217141.74774390357	39.0
217171.74774390357	39.0
217201.7477439036	39.0
217231.74774390363	39.0
217261.74774390366	39.0
217304.1741507752	39.0
217346.6005576467	39.0
217389.0269645182	39.0
217431.45337138974	39.0
217473.87977826127	39.0
217516.3061851328	39.0
217561.30618513093	39.0
217606.30618512907	39.0
217648.7325920016	39.0
217679.88643815537	39.0
217711.04028430913	39.0
217742.1941304629	39.0
217773.34797661667	39.0
217804.50182277046	39.0
217835.65566892424	39.0
217866.809515078	39.0
217897.96336123178	39.0
217929.11720738557	39.0
217960.27105353933	39.0
217991.4248996931	39.0
218022.57874584687	39.0
218053.73259200066	39.0
218084.88643815444	39.0
218116.0402843082	39.0
218147.19413046198	39.0
218178.34797661574	39.0
218209.50182276953	39.0
218240.6556689233	39.0
218271.80951507707	39.0
218302.96336123085	39.0
218334.11720738464	39.0
218365.2710535384	39.0
218396.42489969218	39.0
218427.57874584594	39.0
218458.73259199972	39.0
218501.15899887125	38.0
218543.58540574278	39.0
218573.5854057437	39.0
218603.58540574464	38.0
218633.58540574557	39.0
218663.5854057465	39.0
218717.66867487665	39.0
218771.7519440068	39.0
218801.75194400773	39.0
218831.75194400866	39.0
218879.77537578894	39.0
218927.7988075692	39.0
218975.82223934948	39.0
219023.84567112976	39.0
219053.84567112976	39.0
219083.84567112976	39.0
219113.84567112976	39.0
219143.84567112976	39.0
219173.84567112976	39.0
219203.84567112976	38.0
219233.84567112976	39.0
219263.84567112976	39.0
219296.1566599726	40.0
219328.46764881545	39.0
219360.77863765828	39.0
219393.08962650114	39.0
219425.40061534397	39.0
219458.9002007476	38.0
219492.39978615125	38.0
219525.89937155487	38.0
219559.3989569585	39.0
219592.89854236215	39.0
219626.39812776577	39.0
219659.8977131694	39.0
219693.39729857305	39.0
219726.89688397667	39.0
219761.8825953461	39.0
219796.8683067155	40.0
219831.85401808494	39.0
219866.83972945437	39.0
219901.8254408238	39.0
219934.3254408237	39.0
219966.82544082365	39.0
219999.32544082357	39.0
220031.82544082348	39.0
220064.32544082342	39.0
220096.82544082333	39.0
220129.32544082325	39.0
220161.8254408232	38.0
220194.3254408231	38.0
220226.825440823	39.0
220259.32544082295	39.0
220291.82544082287	39.0
220334.25184769425	39.0
220376.67825456563	39.0
220419.104661437	39.0
220461.5310683084	39.0
220503.95747517978	39.0
220546.38388205116	39.0
220588.81028892254	38.0
220618.81028892347	39.0
220648.8102889244	39.0
220688.94893752024	39.0
220729.08758611607	39.0
220769.2262347119	38.0
220809.36488330775	39.0
220849.50353190358	39.0
220889.64218049942	39.0
220929.78082909525	39.0
220969.9194776911	39.0
221010.05812628692	39.0
221047.55812628646	39.0
221085.058126286	39.0
221122.55812628553	38.0
221160.05812628506	38.0
221197.55812628608	39.0
221235.0581262871	39.0
221272.55812628815	39.0
221310.05812628916	39.0
221344.3438405741	39.0
221378.62955485898	38.0
221412.9152691439	38.0
221447.20098342883	38.0
221481.48669771376	38.0
221515.77241199865	39.0
221550.05812628358	39.0
221592.48453315478	39.0
221622.49264455153	38.0
221652.50075594828	38.0
221682.50886734502	38.0
221712.51697874177	38.0
221742.52509013852	38.0
221772.53320153526	38.0
221802.541312932	39.0
221832.54942432875	39.0
221862.5575357255	38.0
221892.56564712225	38.0
221922.573758519	38.0
221952.58186991574	38.0
221982.5899813125	40.0
222012.59809270926	46.0
222042.606204106	46.0
222072.61431550275	44.0
222102.6224268995	42.0
222132.63053829625	42.0
222162.638649693	41.0
222192.64676108974	43.0
222222.65487248648	40.0
222252.66298388323	39.0
222282.67109527998	39.0
222312.67920667672	39.0
222342.68731807347	39.0
222372.69542947022	39.0
222402.70354086696	39.0
222432.7116522637	39.0
222462.71976366045	39.0
222492.7278750572	39.0
222522.73598645395	39.0
222552.7440978507	39.0
222582.75220924744	39.0
222612.76032064419	39.0
222642.76843204093	39.0
222672.77654343768	39.0
222702.78465483445	39.0
222732.7927662312	39.0
222762.80087762795	39.0
222792.8089890247	39.0
222822.81710042144	39.0
222852.82521181818	39.0
222882.83332321493	38.0
222925.25973008416	39.0
222955.25973008448	38.0
222985.25973008477	38.0
223015.2597300851	39.0
223045.2597300854	39.0
223075.2597300857	38.0
223105.25973008602	39.0
223138.80074974848	39.0
223172.34176941094	39.0
223205.8827890734	39.0
223239.42380873588	39.0
223272.96482839834	38.0
223306.5058480608	39.0
223340.04686772326	37.0
223373.58788738571	38.0
223407.12890704817	38.0
223440.66992671063	38.0
223474.21094637312	39.0
223507.75196603558	38.0
223547.75196603432	38.0
223587.7519660331	38.0
223627.75196603185	39.0
223660.0629548754	45.0
223692.373943719	38.0
223724.68493256255	37.0
223756.9959214061	39.0
223789.3069102497	38.0
223819.3069102497	39.0
223849.3069102497	39.0
223879.3069102497	39.0
223909.3069102497	39.0
223939.3069102497	39.0
223969.3069102497	39.0
223999.3069102497	39.0
224029.3069102497	39.0
224059.3069102497	39.0
224089.3069102497	39.0
224119.3069102497	39.0
224149.3069102497	39.0
224179.3069102497	39.0
224209.3069102497	39.0
224251.73331712084	39.0
224294.159723992	39.0
224336.58613086314	39.0
224379.0125377343	39.0
224421.4389446054	39.0
224463.86535147656	39.0
224506.2917583477	39.0
224548.71816521886	38.0
224591.14457209	39.0
224633.57097896116	38.0
224675.9973858323	39.0
224718.42379270346	38.0
224760.8501995746	38.0
224803.27660644572	39.0
224863.2766064448	39.0
224905.7030133173	39.0
224948.12942018983	39.0
224988.51815624308	39.0
225028.90689229633	38.0
225069.2956283496	39.0
225109.6843644028	38.0
225139.684364403	38.0
225169.6843644032	38.0
225199.68436440337	38.0
225229.68436440357	38.0
225259.68436440374	39.0
225302.1107712723	39.0
225332.11077127233	38.0
225362.11077127236	38.0
225392.1107712724	38.0
225422.11077127242	38.0
225452.11077127245	39.0
225482.11077127248	39.0
225512.1107712725	39.0
225542.11077127254	39.0
225572.11077127254	39.0
225602.11077127256	39.0
225632.1107712726	39.0
225662.11077127262	39.0
225692.11077127265	39.0
225722.11077127268	39.0
225752.1107712727	39.0
225782.11077127274	39.0
225812.11077127277	39.0
225842.1107712728	39.0
225872.11077127283	39.0
225902.11077127286	39.0
225932.11077127288	39.0
225962.1107712729	39.0
225992.11077127294	39.0
226022.11077127297	39.0
226052.110771273	39.0
226082.110771273	39.0
226112.11077127303	39.0
226142.11077127306	39.0
226172.1107712731	39.0
226202.11077127312	39.0
226232.11077127315	39.0
226262.11077127318	39.0
226292.1107712732	39.0
226322.11077127323	39.0
226366.95618476334	39.0
226411.80159825346	39.0
226456.64701174357	39.0
226501.49242523365	39.0
226546.33783872376	38.0
226591.18325221387	38.0
226636.02866570398	39.0
226680.8740791941	39.0
226725.7194926842	38.0
226766.1082287379	38.0
226806.49696479156	39.0
226846.88570084525	39.0
226887.27443689894	39.0
226917.27443689894	38.0
226947.27443689894	38.0
226977.27443689894	38.0
227007.27443689894	38.0
227037.27443689894	38.0
227067.27443689894	38.0
227097.27443689894	39.0
227127.27443689894	39.0
227157.27443689894	39.0
227187.27443689894	39.0
227217.27443689894	39.0
227247.27443689894	39.0
227277.27443689894	39.0
227307.27443689894	39.0
227337.27443689894	39.0
227379.70084377032	39.0
227422.12725064173	39.0
227464.5536575131	39.0
227506.98006438452	39.0
227549.4064712559	39.0
227591.83287812732	39.0
227634.2592849987	39.0
227676.6856918701	39.0
227719.1120987415	39.0
227761.5385056129	39.0
227803.96491248428	39.0
227846.3913193557	39.0
227888.81772622708	39.0
227936.25189112857	41.0
227983.68605603007	39.0
228026.1124629017	39.0
228068.53886977333	39.0
228110.96527664497	39.0
228141.88856883722	39.0
228172.81186102948	39.0
228203.7351532217	39.0
228234.65844541395	39.0
228272.15844541424	39.0
228309.6584454145	38.0
228347.1584454148	39.0
228384.65844541506	39.0
228414.65844541552	38.0
228444.658445416	39.0
228529.5112591551	38.0
228559.5112591551	38.0
228589.5112591551	38.0
228619.5112591551	38.0
228649.5112591551	39.0
228685.76039707602	40.0
228722.00953499696	39.0
228758.2586729179	39.0
228794.50781083884	38.0
228830.75694875978	39.0
228867.00608668072	38.0
228903.25522460166	39.0
228939.5043625226	39.0
228975.75350044353	39.0
229012.00263836447	38.0
229042.23610492062	38.0
229072.46957147677	38.0
229102.70303803292	39.0
229132.93650458907	39.0
229163.16997114522	39.0
229193.40343770137	39.0
229223.63690425752	39.0
229253.87037081367	39.0
229284.1038373698	39.0
229314.33730392595	39.0
229344.5707704821	42.0
229374.80423703825	38.0
229405.0377035944	38.0
229435.27117015055	38.0
229465.5046367067	38.0
229495.73810326285	39.0
229538.16451013272	38.0
229568.16451013277	38.0
229598.16451013283	38.0
229628.1645101329	38.0
229658.16451013295	38.0
229688.164510133	38.0
229718.16451013307	38.0
229748.16451013312	38.0
229778.16451013318	38.0
229808.1645101332	39.0
229838.16451013327	39.0
229868.16451013333	39.0
229898.16451013339	39.0
229928.16451013344	39.0
229958.1645101335	38.0
229988.16451013356	38.0
230018.16451013362	38.0
230048.16451013368	39.0
230078.16451013373	39.0
230108.1645101338	39.0
230138.16451013385	39.0
230168.1645101339	39.0
230198.16451013397	39.0
230228.16451013403	39.0
230258.16451013408	39.0
230288.1645101341	39.0
230318.16451013417	39.0
230348.16451013423	39.0
230378.1645101343	39.0
230408.16451013435	39.0
230438.1645101344	39.0
230468.16451013446	39.0
230498.16451013452	39.0
230528.16451013458	39.0
230570.5909170061	38.0
230613.01732387763	38.0
230649.51389905906	38.0
230686.01047424047	38.0
230722.5070494219	38.0
230759.00362460333	38.0
230795.50019978473	39.0
230829.04121944765	41.0
230862.58223911055	39.0
230896.12325877347	44.0
230929.6642784364	38.0
230963.2052980993	38.0
230996.7463177622	39.0
231028.67641719826	39.0
231060.60651663435	39.0
231092.5366160704	39.0
231124.46671550645	39.0
231156.3968149425	39.0
231188.3269143786	43.0
231220.25701381464	46.0
231252.1871132507	56.0
231284.11721268675	37.0
231316.04731212283	38.0
231347.97741155888	39.0
231379.90751099493	39.0
231411.83761043102	39.0
231443.76770986707	39.0
231475.69780930312	39.0
231507.62790873917	39.0
231550.05431561044	39.0
231592.48072248168	39.0
231634.90712935294	39.0
231677.33353622418	39.0
231719.75994309544	38.0
231762.18634996668	38.0
231804.61275683795	38.0
231847.03916370918	38.0
231889.46557058045	39.0
231931.8919774517	37.0
231974.31838432295	39.0
232034.3183843211	39.0
232072.7371297461	39.0
232111.1558751711	39.0
232149.5746205961	40.0
232187.9933660211	39.0
232226.41211144612	38.0
232273.84627634776	38.0
232321.2804412494	39.0
232351.2804412494	39.0
232381.2804412494	39.0
232411.2804412494	39.0
232441.2804412494	39.0
232471.2804412494	39.0
232501.2804412494	39.0
232531.2804412494	39.0
232561.2804412494	39.0
232591.2804412494	39.0
232621.2804412494	39.0
232651.2804412494	39.0
232681.2804412494	39.0
232711.2804412494	39.0
232741.2804412494	39.0
232771.2804412494	39.0
232813.7068481206	39.0
232856.1332549918	39.0
232898.559661863	39.0
232940.98606873417	39.0
232983.41247560538	39.0
233025.83888247656	39.0
233068.26528934776	39.0
233110.69169621894	39.0
233145.24422942605	39.0
233179.7967626332	39.0
233214.3492958403	39.0
233248.90182904745	39.0
233283.45436225456	39.0
233318.0068954617	40.0
233352.5594286688	39.0
233394.98583554002	39.0
233437.4122424112	39.0
233479.8386492824	39.0
233522.26505615358	39.0
233564.6914630248	39.0
233607.11786989597	39.0
233649.54427676718	39.0
233691.97068363836	39.0
233728.46725881984	39.0
233764.96383400133	39.0
233801.4604091828	39.0
233837.95698436428	39.0
233874.45355954577	39.0
233910.50907230072	39.0
233946.5645850557	39.0
233982.62009781064	39.0
234018.67561056558	39.0
234054.73112332055	41.0
234090.7866360755	38.0
234126.84214883047	38.0
234162.89766158542	38.0
234198.95317434036	39.0
234232.43611427155	39.0
234265.91905420276	39.0
234299.40199413395	39.0
234332.88493406514	39.0
234366.36787399635	39.0
234399.85081392754	39.0
234433.33375385872	41.0
234466.8166937899	39.0
234500.29963372112	40.0
234533.7825736523	39.0
234567.2655135835	39.0
234600.7484535147	40.0
234634.2313934459	39.0
234667.71433337708	39.0
234701.1972733083	40.0
234734.68021323948	39.0
234768.16315317067	38.0
234810.5895600422	39.0
234853.01596691372	39.0
234883.01596691372	39.0
234913.01596691372	39.0
234943.01596691372	39.0
234973.01596691372	39.0
235003.01596691372	39.0
235033.01596691372	39.0
235063.01596691372	39.0
235093.01596691372	39.0
235123.01596691372	39.0
235153.01596691372	39.0
235183.01596691372	39.0
235213.01596691372	39.0
235243.01596691372	39.0
235273.01596691372	39.0
235303.01596691372	39.0
235333.01596691372	39.0
235363.01596691372	39.0
235393.01596691372	39.0
235423.01596691372	39.0
235453.01596691372	39.0
235483.01596691372	39.0
235513.01596691372	39.0
235543.01596691372	39.0
235573.01596691372	39.0
235603.01596691372	39.0
235633.01596691372	39.0
235663.01596691372	39.0
235693.01596691372	39.0
235723.01596691372	39.0
235753.01596691372	39.0
235783.01596691372	39.0
235820.5159669142	39.0
235858.01596691465	39.0
235895.51596691512	39.0
235933.01596691558	39.0
235968.01596691544	39.0
236003.01596691526	39.0
236038.01596691512	39.0
236073.01596691497	39.0
236108.0159669148	39.0
236143.01596691465	38.0
236179.07147966963	39.0
236215.12699242463	39.0
236251.1825051796	39.0
236281.1825051796	39.0
236311.1825051796	39.0
236341.1825051796	39.0
236371.1825051796	39.0
236401.1825051796	39.0
236431.1825051796	39.0
236461.1825051796	39.0
236491.1825051796	39.0
236521.1825051796	39.0
236551.1825051796	39.0
236581.1825051796	39.0
236611.1825051796	39.0
236641.1825051796	39.0
236671.1825051796	39.0
236701.1825051796	39.0
236731.1825051796	39.0
236761.1825051796	39.0
236791.1825051796	39.0
236821.1825051796	39.0
236851.1825051796	39.0
236881.1825051796	39.0
236911.1825051796	39.0
236941.1825051796	39.0
236971.1825051796	39.0
237001.1825051796	39.0
237031.1825051796	39.0
237061.1825051796	39.0
237091.1825051796	39.0
237121.1825051796	39.0
237151.1825051796	39.0
237182.8052817813	40.0
237214.42805838297	39.0
237246.05083498466	39.0
237279.591854648	39.0
237313.13287431133	39.0
237355.93976449195	38.0
237398.74665467258	39.0
237441.55354485323	39.0
237484.36043503386	39.0
237527.16732521448	39.0
237569.9742153951	39.0
237612.78110557576	39.0
237655.5879957564	39.0
237698.394885937	39.0
237741.20177611764	39.0
237784.0086662983	39.0
237826.81555647892	39.0
237869.62244665954	39.0
237912.42933684017	39.0
237955.23622702083	39.0
237998.04311720145	39.0
238040.85000738208	39.0
238083.6568975627	39.0
238126.46378774336	39.0
238169.27067792398	39.0
238212.0775681046	39.0
238254.88445828523	39.0
238297.6913484659	39.0
238340.4982386465	39.0
238383.30512882714	39.0
238426.11201900776	39.0
238468.91890918842	39.0
238511.72579936904	39.0
238554.53268954967	39.0
238597.3395797303	39.0
238640.14646991095	39.0
238682.95336009157	39.0
238725.7602502722	39.0
238768.56714045283	39.0
238811.37403063348	39.0
238854.1809208141	39.0
238896.98781099473	39.0
238939.79470117536	39.0
238982.601591356	39.0
239025.40848153664	39.0
239068.21537171726	39.0
239111.0222618979	39.0
239153.82915207854	39.0
239196.63604225917	39.0
239239.4429324398	39.0
239282.24982262042	38.0
239325.05671280107	40.0
239367.8636029817	38.0
239410.67049316232	38.0
239453.47738334295	38.0
239496.2842735236	40.0
239539.09116370423	38.0
239581.89805388486	38.0
239624.70494406548	41.0
239667.51183424614	38.0
239710.31872442676	38.0
239740.31872442723	37.0
239770.3187244277	38.0
239800.31872442816	39.0
239830.31872442862	39.0
239872.74513129937	38.0
239915.17153817014	38.0
239957.59794504088	39.0
239987.59794504088	39.0
240017.59794504088	39.0
240047.59794504088	39.0
240077.59794504088	39.0
240107.59794504088	39.0
240137.59794504088	39.0
240167.59794504088	39.0
240197.59794504088	39.0
240227.59794504088	39.0
240257.59794504088	39.0
240287.59794504088	39.0
240317.59794504088	39.0
240347.59794504088	39.0
240377.59794504088	39.0
240407.59794504088	39.0
240437.59794504088	39.0
240467.59794504088	39.0
240497.59794504088	39.0
240527.59794504088	39.0
240557.59794504088	39.0
240587.59794504088	39.0
240617.59794504088	39.0
240647.59794504088	39.0
240677.59794504088	39.0
240707.59794504088	39.0
240737.59794504088	38.0
240777.9866810944	47.0
240818.3754171479	38.0
240858.7641532014	38.0
240899.1528892549	38.0
240929.25687570198	38.0
240959.36086214904	38.0
240989.46484859614	38.0
241019.5688350432	38.0
241049.67282149027	38.0
241079.77680793733	39.0
241109.8807943844	39.0
241139.98478083147	39.0
241170.08876727856	38.0
241200.19275372563	38.0
241230.2967401727	38.0
241260.40072661976	39.0
241302.82713349062	39.0
241345.25354036147	39.0
241375.25354036165	39.0
241405.25354036185	39.0
241435.25354036203	39.0
241465.25354036223	38.0
241495.2535403624	38.0
241528.7945600245	39.0
241562.33557968657	38.0
241595.87659934864	38.0
241629.41761901072	38.0
241659.41761901072	38.0
241689.41761901072	38.0
241719.41761901072	38.0
241749.41761901072	39.0
241779.41761901072	39.0
241809.41761901072	39.0
241839.41761901072	39.0
241869.41761901072	39.0
241899.41761901072	38.0
241929.41761901072	39.0
241959.41761901072	38.0
241989.41761901072	38.0
242019.41761901072	38.0
242049.41761901072	38.0
242079.41761901072	38.0
242109.41761901072	38.0
242139.41761901072	38.0
242169.41761901072	38.0
242199.41761901072	38.0
242246.85178391353	40.0
242294.28594881637	38.0
242338.37434845007	38.0
242382.46274808378	39.0
242426.5511477175	39.0
242470.63954735117	39.0
242514.72794698487	39.0
242558.81634661858	39.0
242602.9047462523	39.0
242646.993145886	39.0
242691.0815455197	39.0
242735.1699451534	39.0
242779.2583447871	39.0
242823.3467444208	39.0
242867.4351440545	38.0
242912.15650360353	39.0
242956.87786315253	41.0
243001.59922270157	37.0
243044.0256295734	38.0
243086.45203644526	39.0
243128.8784433171	38.0
243171.304850189	39.0
243211.69358624198	39.0
243252.08232229497	38.0
243292.47105834796	38.0
243332.85979440095	39.0
243362.85979440095	39.0
243392.85979440095	39.0
243422.85979440095	39.0
243452.85979440095	39.0
243482.85979440095	39.0
243512.85979440095	39.0
243542.85979440095	39.0
243585.2862012728	39.0
243616.5362012727	39.0
243647.78620127265	39.0
243679.03620127257	39.0
243710.28620127248	39.0
243741.53620127242	39.0
243772.78620127233	39.0
243804.03620127225	39.0
243835.2862012722	39.0
243866.5362012721	39.0
243897.786201272	39.0
243929.03620127196	39.0
243960.28620127187	39.0
243991.53620127178	39.0
244022.78620127172	39.0
244054.03620127164	39.0
244085.28620127155	39.0
244116.5362012715	39.0
244147.7862012714	39.0
244179.03620127132	39.0
244210.28620127126	39.0
244241.53620127117	39.0
244272.78620127108	39.0
244304.03620127102	39.0
244335.28620127094	39.0
244377.71260814279	39.0
244407.7126081434	39.0
244437.71260814404	39.0
244467.71260814465	39.0
244505.2126081446	39.0
244542.7126081445	39.0
244580.21260814444	41.0
244617.71260814436	39.0
244655.2126081443	39.0
244692.71260814424	39.0
244730.21260814415	39.0
244767.7126081441	39.0
244812.71260814316	39.0
244857.71260814223	39.0
244891.25362780524	41.0
244924.79464746825	39.0
244958.3356671313	39.0
244991.8766867943	39.0
245029.37668679384	39.0
245066.87668679337	39.0
245104.3766867929	39.0
245141.87668679244	39.0
245175.41770645525	39.0
245208.95872611806	39.0
245242.49974578086	39.0
245276.04076544367	39.0
245307.19461159746	39.0
245338.3484577512	39.0
245369.502303905	39.0
245400.65615005876	39.0
245431.80999621254	39.0
245462.96384236633	39.0
245494.11768852008	39.0
245525.27153467387	39.0
245556.42538082766	39.0
245587.5792269814	39.0
245618.7330731352	39.0
245649.88691928895	39.0
245681.04076544274	39.0
245712.19461159653	39.0
245743.34845775028	39.0
245774.50230390407	39.0
245805.65615005782	39.0
245836.8099962116	39.0
245867.9638423654	39.0
245899.11768851915	39.0
245930.27153467294	39.0
245961.42538082672	39.0
245992.57922698048	39.0
246023.73307313427	39.0
246054.88691928802	39.0
246086.0407654418	39.0
246118.35175428455	40.0
246150.6627431273	39.0
246182.97373197004	39.0
246215.28472081275	39.0
246247.5957096555	39.0
246290.02211652722	39.0
246332.44852339898	39.0
246374.87493027071	39.0
246417.30133714245	39.0
246459.7277440142	39.0
246502.15415088594	39.0
246542.1541508847	39.0
246582.15415088346	39.0
246622.1541508822	39.0
246662.69797473878	39.0
246703.24179859535	39.0
246743.78562245192	39.0
246784.32944630852	39.0
246824.8732701651	39.0
246865.41709402166	40.0
246905.96091787823	39.0
246946.5047417348	38.0
246987.04856559137	39.0
247027.59238944796	39.0
247068.13621330453	38.0
247128.1362133008	39.0
247174.9977113557	39.0
247221.85920941064	39.0
247268.72070746555	39.0
247315.58220552048	39.0
247362.44370357538	39.0
247392.67717013173	39.0
247422.91063668812	39.0
247453.14410324447	39.0
247483.37756980085	40.0
247513.6110363572	39.0
247543.84450291356	39.0
247574.07796946994	39.0
247604.3114360263	39.0
247636.6224248695	40.0
247668.93341371274	39.0
247701.24440255595	39.0
247733.5553913992	39.0
247765.8663802424	39.0
247797.74138024217	39.0
247829.61638024193	39.0
247861.4913802417	39.0
247893.36638024147	39.0
247925.24138024123	39.0
247957.116380241	39.0
247988.99138024077	39.0
248020.86638024054	39.0
248052.7413802403	39.0
248084.61638024007	39.0
248116.49138023984	39.0
248148.3663802396	39.0
248180.24138023937	39.0
248212.11638023914	39.0
248243.9913802389	39.0
248275.86638023867	39.0
248318.29278711003	39.0
248360.71919398138	39.0
248403.14560085273	39.0
248445.5720077241	39.0
248487.99841459547	39.0
248530.42482146682	39.0
248572.85122833817	39.0
248615.27763520952	39.0
248657.70404208088	39.0
248700.13044895226	39.0
248742.5568558236	39.0
248784.98326269496	39.0
248827.40966956632	39.0
248869.83607643767	39.0
248912.26248330902	39.0
248954.6888901804	39.0
248997.11529705176	39.0
249039.5417039231	39.0
249081.96811079446	39.0
249124.39451766582	38.0
249154.39451766582	38.0
249184.39451766582	38.0
249214.39451766582	38.0
249244.39451766582	38.0
249274.39451766582	38.0
249304.39451766582	38.0
249334.39451766582	38.0
249364.39451766582	38.0
249394.39451766582	38.0
249424.39451766582	38.0
249454.39451766582	38.0
249484.39451766582	38.0
249514.39451766582	38.0
249544.39451766582	38.0
249574.39451766582	38.0
249607.9355373285	37.0
249641.47655699123	38.0
249675.01757665392	38.0
249708.55859631664	38.0
249738.55859631664	38.0
249768.55859631664	38.0
249798.55859631664	38.0
249828.55859631664	38.0
249858.55859631664	37.0
249888.55859631664	37.0
249918.55859631664	38.0
249960.9850031878	37.0
250003.41141005896	37.0
250045.8378169301	37.0
250088.26422380126	37.0
250130.69063067244	37.0
250173.1170375436	37.0
250215.54344441477	37.0
250257.96985128592	37.0
250300.39625815707	37.0
250342.82266502824	37.0
250385.2490718994	37.0
250427.67547877054	37.0
250470.10188564172	37.0
250512.52829251287	37.0
250554.95469938405	36.0
250597.3811062552	36.0
250639.80751312635	37.0
250682.23391999752	36.0
250724.66032686867	37.0
250767.08673373982	37.0
250808.31778999526	36.0
250849.54884625066	36.0
250890.7799025061	37.0
250933.2063093772	38.0
250975.63271624825	37.0
251018.05912311934	37.0
251060.48552999043	37.0
251102.91193686152	37.0
251145.33834373258	37.0
251175.3383437335	37.0
251205.33834373445	36.0
251240.32405510417	36.0
251275.30976647386	36.0
251310.29547784358	37.0
251345.28118921327	37.0
251380.266900583	37.0
251425.26690058113	37.0
251470.26690057927	37.0
251512.69330745243	37.0
251542.69330745243	37.0
251572.69330745243	37.0
251602.69330745243	37.0
251632.69330745243	37.0
251662.69330745243	37.0
251692.69330745243	37.0
251722.69330745243	37.0
251752.69330745243	37.0
251782.69330745243	37.0
251812.69330745243	37.0
251842.69330745243	37.0
251872.69330745243	37.0
251902.69330745243	37.0
251932.69330745243	37.0
251962.69330745243	37.0
251992.69330745243	37.0
252022.69330745243	37.0
252052.69330745243	37.0
252082.69330745243	37.0
252112.69330745243	37.0
252142.69330745243	37.0
252172.69330745243	37.0
252202.69330745243	37.0
252245.11971432363	37.0
252287.5461211948	37.0
252329.97252806602	37.0
252372.3989349372	37.0
252414.8253418084	37.0
252457.25174867958	37.0
252499.6781555508	37.0
252542.10456242197	36.0
252584.53096929318	37.0
252626.95737616436	36.0
252669.38378303556	37.0
252711.81018990674	37.0
252754.23659677795	37.0
252796.66300364913	37.0
252830.20402331182	38.0
252863.74504297454	37.0
252897.28606263723	37.0
252930.82708229995	37.0
252987.395624794	38.0
253043.96416728804	37.0
253100.5327097821	37.0
253133.17173737902	38.0
253165.8107649759	36.0
253198.44979257282	37.0
253231.08882016974	37.0
253263.72784776666	37.0
253296.36687536354	37.0
253329.00590296046	38.0
253360.62867956216	38.0
253392.25145616382	37.0
253423.87423276552	37.0
253457.20756609875	37.0
253490.54089943197	36.0
253523.8742327652	36.0
253557.20756609843	37.0
253590.54089943168	38.0
253623.8742327649	38.0
253657.20756609814	37.0
253690.54089943136	37.0
253723.8742327646	38.0
253766.30063963775	38.0
253797.60498746374	37.0
253828.90933528976	38.0
253860.21368311575	38.0
253891.51803094178	38.0
253922.82237876777	38.0
253954.1267265938	37.0
253985.4310744198	37.0
254016.73542224578	37.0
254048.0397700718	37.0
254079.3441178978	37.0
254110.64846572382	37.0
254141.9528135498	37.0
254173.25716137583	37.0
254204.56150920183	37.0
254235.86585702785	37.0
254267.17020485384	37.0
254298.47455267984	37.0
254329.77890050586	37.0
254361.08324833185	37.0
254392.38759615787	37.0
254423.69194398387	37.0
254454.9962918099	37.0
254486.30063963588	36.0
254528.7270465084	37.0
254571.15345338092	36.0
254631.15345338	37.0
254673.57986025122	37.0
254716.00626712246	37.0
254758.43267399367	37.0
254800.8590808649	37.0
254843.28548773614	37.0
254885.71189460738	37.0
254928.13830147858	37.0
254970.56470834982	37.0
255012.99111522106	37.0
255055.4175220923	37.0
255097.8439289635	37.0
255140.27033583474	37.0
255182.69674270597	37.0
255225.1231495772	37.0
255267.54955644842	37.0
255309.97596331965	37.0
255352.4023701909	37.0
255394.82877706212	37.0
255454.8287770584	37.0
255497.25518392966	37.0
255539.68159080093	36.0
255582.10799767222	37.0
255624.5344045435	36.0
255666.96081141476	37.0
255709.38721828602	37.0
255751.81362515732	37.0
255794.24003202858	37.0
255836.66643889985	37.0
255879.0928457711	37.0
255921.5192526424	37.0
255963.94565951367	37.0
256006.37206638494	37.0
256048.7984732562	37.0
256091.2248801275	37.0
256133.65128699876	37.0
256176.07769387003	37.0
256218.5041007413	37.0
256260.9305076126	37.0
256303.35691448385	37.0
256345.78332135512	37.0
256388.2097282264	37.0
256430.63613509768	37.0
256473.06254196895	37.0
256515.4889488402	37.0
256557.91535571148	37.0
256600.34176258277	37.0
256642.76816945404	36.0
256685.1945763253	37.0
256727.62098319657	37.0
256770.04739006786	37.0
256812.47379693913	37.0
256854.9002038104	37.0
256898.63234302177	37.0
256942.36448223316	37.0
256986.09662144454	37.0
257029.82876065592	37.0
257065.18409971514	37.0
257100.53943877434	37.0
257135.89477783357	37.0
257171.2501168928	37.0
257206.605455952	37.0
257241.96079501123	38.0
257274.0008090561	39.0
257306.040823101	38.0
257338.08083714588	38.0
257370.12085119076	37.0
257402.16086523567	37.0
257434.20087928054	37.0
257466.24089332542	37.0
257498.28090737032	37.0
257528.28090737032	37.0
257558.28090737032	37.0
257588.28090737032	37.0
257618.28090737032	37.0
257648.28090737032	37.0
257678.28090737032	37.0
257708.28090737032	37.0
257738.28090737032	37.0
257768.28090737032	37.0
257798.28090737032	37.0
257828.28090737032	37.0
257858.28090737032	37.0
257899.40286774433	37.0
257940.5248281183	37.0
257981.6467884923	37.0
258022.76874886628	37.0
258063.89070924028	37.0
258105.01266961425	37.0
258146.13462998826	37.0
258187.25659036223	42.0
258228.37855073623	40.0
258269.50051111024	40.0
258310.6224714842	40.0
258351.7444318582	37.0
258392.8663922322	38.0
258433.9883526062	37.0
258475.11031298016	37.0
258516.23227335417	37.0
258557.4633296098	37.0
258598.69438586547	37.0
258639.9254421211	37.0
258674.91115349083	38.0
258709.89686486052	38.0
258744.88257623024	37.0
258779.86828759994	37.0
258814.85399896966	37.0
258847.99008202084	37.0
258881.12616507203	38.0
258914.26224812324	38.0
258947.39833117442	38.0
258980.5344142256	37.0
259013.6704972768	38.0
259046.806580328	38.0
259079.9426633792	38.0
259113.07874643037	38.0
259146.21482948156	37.0
259188.64123635308	37.0
259231.0676432246	37.0
259262.31764322452	37.0
259293.56764322447	37.0
259324.81764322438	37.0
259356.0676432243	37.0
259387.31764322423	37.0
259418.56764322415	37.0
259449.81764322406	37.0
259481.067643224	37.0
259512.3176432239	37.0
259543.56764322383	37.0
259574.81764322377	37.0
259606.06764322368	37.0
259637.3176432236	37.0
259668.56764322353	37.0
259699.81764322345	37.0
259731.06764322336	37.0
259762.3176432233	37.0
259793.5676432232	37.0
259824.81764322313	37.0
259856.06764322307	37.0
259887.31764322298	37.0
259918.5676432229	36.0
259949.81764322284	36.0
259981.06764322275	38.0
260023.49405009398	37.0
260065.92045696522	38.0
260108.3468638365	37.0
260150.77327070772	37.0
260193.19967757896	36.0
260235.6260844502	36.0
260278.05249132146	37.0
260320.4788981927	36.0
260362.90530506393	37.0
260405.33171193517	37.0
260447.75811880644	37.0
260490.18452567767	37.0
260532.6109325489	37.0
260573.8419888045	37.0
260615.07304506007	37.0
260656.30410131562	37.0
260693.80410131576	38.0
260731.3041013159	40.0
260768.80410131603	36.0
260806.30410131617	36.0
260843.80410131632	37.0
260881.30410131646	37.0
260918.8041013166	37.0
260956.30410131672	37.0
260989.14481380416	36.0
261021.9855262916	35.0
261054.82623877903	38.0
261087.66695126647	40.0
261120.50766375387	40.0
261153.3483762413	37.0
261186.18908872874	37.0
261219.02980121618	37.0
261251.87051370362	38.0
261284.71122619105	38.0
261317.5519386785	38.0
261359.97834555164	37.0
261389.97834555182	37.0
261419.978345552	37.0
261449.97834555214	37.0
261479.9783455523	37.0
261509.9783455525	37.0
261539.97834555266	37.0
261569.97834555284	37.0
261599.978345553	37.0
261629.97834555316	37.0
261659.97834555333	38.0
261689.9783455535	38.0
261732.4047524247	37.0
261763.31384333374	37.0
261794.22293424277	37.0
261825.1320251518	37.0
261856.04111606086	37.0
261886.9502069699	37.0
261917.85929787892	37.0
261948.76838878795	37.0
261979.67747969698	37.0
262010.586570606	37.0
262041.49566151507	37.0
262072.4047524241	37.0
262103.31384333313	37.0
262134.22293424216	37.0
262165.1320251512	37.0
262196.0411160602	37.0
262226.9502069693	37.0
262257.8592978783	37.0
262288.76838878734	37.0
262319.67747969634	37.0
262350.5865706054	37.0
262381.49566151446	37.0
262412.40475242346	37.0
262443.3138433325	37.0
262474.2229342415	37.0
262505.1320251506	37.0
262536.0411160596	37.0
262566.95020696864	37.0
262597.8592978777	37.0
262628.7683887867	37.0
262659.67747969576	37.0
262690.58657060476	37.0
262721.4956615138	37.0
262752.4047524228	37.0
262794.831159294	37.0
262837.2575661652	37.0
262879.68397303636	37.0
262922.1103799075	37.0
262964.53678677866	37.0
263006.96319364983	37.0
263049.389600521	37.0
263091.8160073922	37.0
263134.24241426337	37.0
263176.66882113455	37.0
263219.09522800567	37.0
263261.52163487684	37.0
263303.948041748	37.0
263346.3744486192	37.0
263388.8008554904	37.0
263431.22726236156	37.0
263473.65366923274	37.0
263516.0800761039	37.0
263558.50648297503	37.0
263600.9328898462	37.0
263643.3592967174	37.0
263685.78570358857	37.0
263728.21211045975	37.0
263770.6385173309	37.0
263813.0649242021	37.0
263855.4913310732	37.0
263897.9177379444	37.0
263940.3441448156	37.0
263982.77055168676	37.0
264020.9928204349	37.0
264059.215089183	37.0
264097.43735793117	37.0
264135.6596266793	37.0
264173.8818954274	37.0
264212.1041641756	37.0
264250.3264329237	37.0
264288.5487016719	37.0
264326.77097042	37.0
264364.99323916814	37.0
264403.2155079163	37.0
264441.4377766644	39.0
264479.66004541254	37.0
264517.8823141607	37.0
264556.1045829088	37.0
264594.32685165695	37.0
264632.5491204051	36.0
264670.7713891532	36.0
264708.99365790136	37.0
264739.91695009364	37.0
264770.840242286	38.0
264801.76353447826	36.0
264832.68682667054	36.0
264863.6101188629	38.0
264894.53341105516	37.0
264925.45670324744	37.0
264956.3799954398	38.0
264998.8064023113	38.0
265041.23280918284	37.0
265077.23280918266	37.0
265113.2328091825	37.0
265149.23280918226	37.0
265185.2328091821	37.0
265221.2328091819	37.0
265263.65921605506	37.0
265294.3113899681	37.0
265324.9635638811	37.0
265355.61573779414	37.0
265386.26791170717	37.0
265416.9200856202	37.0
265447.5722595332	37.0
265478.22443344624	37.0
265508.87660735927	37.0
265539.5287812723	37.0
265570.1809551853	37.0
265600.83312909835	37.0
265631.4853030113	37.0
265662.13747692434	37.0
265692.78965083737	37.0
265723.4418247504	37.0
265754.0939986634	37.0
265784.74617257644	37.0
265815.39834648947	37.0
265846.0505204025	37.0
265876.7026943155	37.0
265907.35486822855	37.0
265938.0070421416	37.0
265968.6592160546	37.0
265999.3113899676	37.0
266029.96356388065	37.0
266060.6157377937	37.0
266091.2679117067	37.0
266121.9200856197	37.0
266152.57225953275	37.0
266183.2244334458	37.0
266213.8766073588	37.0
266244.52878127183	37.0
266275.18095518486	37.0
266305.8331290979	37.0
266336.48530301085	37.0
266367.1374769239	37.0
266397.7896508369	37.0
266428.4418247499	37.0
266459.09399866295	37.0
266489.746172576	37.0
266520.398346489	37.0
266551.05052040203	37.0
266581.70269431506	37.0
266612.3548682281	37.0
266643.0070421411	37.0
266673.65921605413	37.0
266717.6269686156	37.0
266761.59472117695	37.0
266805.5624737384	37.0
266849.53022629983	37.0
266893.4979788612	37.0
266937.46573142265	37.0
266981.4334839841	37.0
267025.40123654547	37.0
267069.3689891069	37.0
267113.33674166835	39.0
267157.3044942297	43.0
267201.27224679117	38.0
267245.23999935255	38.0
267289.207751914	37.0
267330.43880816904	38.0
267371.6698644241	37.0
267412.90092067915	38.0
267451.31966610375	37.0
267489.73841152835	38.0
267528.15715695295	38.0
267566.57590237755	38.0
267604.99464780214	37.0
267634.99464780214	37.0
267664.99464780214	37.0
267694.99464780214	36.0
267724.99464780214	36.0
267754.99464780214	37.0
267784.99464780214	37.0
267814.99464780214	38.0
267857.421054674	37.0
267887.4210546741	37.0
267917.4210546741	37.0
267947.42105467414	37.0
267977.42105467414	37.0
268007.4210546742	37.0
268037.4210546742	37.0
268067.42105467425	37.0
268097.4210546743	37.0
268127.4210546743	37.0
268157.42105467437	37.0
268187.42105467437	37.0
268217.4210546744	37.0
268247.4210546745	37.0
268277.4210546745	38.0
268307.42105467455	38.0
268337.42105467455	38.0
268367.4210546746	38.0
268397.4210546746	38.0
268427.42105467466	38.0
268457.4210546747	38.0
268487.4210546747	38.0
268517.4210546748	38.0
268547.4210546748	38.0
268577.42105467484	38.0
268607.4210546749	38.0
268637.4210546749	38.0
268667.42105467495	38.0
268697.42105467495	38.0
268727.421054675	38.0
268757.421054675	38.0
268787.42105467507	38.0
268817.4210546751	38.0
268847.4210546751	38.0
268877.4210546752	38.0
268907.4210546752	38.0
268937.42105467524	38.0
268967.4210546753	38.0
268997.4210546753	38.0
269027.42105467536	38.0
269057.42105467536	38.0
269087.4210546754	38.0
269117.4210546754	38.0
269147.4210546755	38.0
269177.42105467553	38.0
269207.42105467553	38.0
269237.4210546756	38.0
269267.4210546756	38.0
269297.42105467565	38.0
269327.4210546757	38.0
269357.4210546757	38.0
269387.42105467577	38.0
269417.42105467577	38.0
269447.4210546758	38.0
269477.4210546758	38.0
269507.4210546759	38.0
269549.84746154706	38.0
269592.2738684183	38.0
269634.7002752895	38.0
269677.12668216066	38.0
269719.55308903183	38.0
269761.97949590307	38.0
269804.40590277425	37.0
269836.02867937664	37.0
269867.651455979	37.0
269899.2742325814	37.0
269932.6075659143	37.0
269965.9408992472	37.0
269999.27423258015	37.0
270032.60756591306	37.0
270065.94089924596	37.0
270099.2742325789	37.0
270132.60756591184	37.0
270165.94089924474	37.0
270199.27423257765	37.0
270240.9223766088	37.0
270282.57052064006	37.0
270324.21866467124	37.0
270365.8668087024	37.0
270407.5149527336	37.0
270449.1630967648	37.0
270490.811240796	37.0
270532.4593848272	37.0
270574.10752885835	37.0
270615.7556728896	37.0
270657.40381692076	37.0
270699.05196095194	37.0
270740.7001049831	37.0
270782.34824901435	37.0
270823.9963930455	37.0
270865.6445370767	37.0
270907.2926811079	37.0
270948.9408251391	37.0
270990.5889691703	37.0
271032.23711320147	37.0
271073.88525723264	37.0
271115.5334012639	37.0
271157.18154529505	37.0
271198.82968932623	37.0
271240.4778333574	37.0
271282.12597738864	37.0
271323.7741214198	37.0
271368.77412141796	37.0
271413.7741214161	37.0
271456.2005282876	37.0
271498.62693515915	37.0
271536.1269351587	37.0
271573.6269351582	37.0
271611.12693515775	37.0
271648.6269351573	37.0
271682.1679548203	38.0
271715.7089744833	37.0
271749.24999414635	37.0
271782.7910138093	37.0
271812.7910138093	37.0
271842.7910138093	37.0
271872.7910138093	37.0
271902.7910138093	37.0
271932.7910138093	37.0
271962.7910138093	37.0
271992.7910138093	37.0
272022.7910138093	37.0
272052.7910138093	37.0
272082.7910138093	37.0
272112.7910138093	37.0
272142.7910138093	37.0
272172.7910138093	37.0
272202.7910138093	37.0
272232.7910138093	37.0
272262.7910138093	37.0
272292.7910138093	37.0
272322.7910138093	37.0
272352.7910138093	37.0
272382.7910138093	37.0
272412.7910138093	37.0
272454.05574181984	37.0
272495.32046983036	37.0
272536.5851978409	37.0
272577.84992585133	37.0
272619.11465386185	37.0
272660.37938187236	37.0
272701.6441098829	37.0
272742.9088378934	37.0
272784.1735659039	37.0
272825.43829391437	38.0
272866.7030219249	37.0
272907.9677499354	42.0
272949.2324779459	37.0
272990.49720595643	37.0
273031.76193396695	37.0
273073.0266619774	37.0
273114.2913899879	37.0
273155.55611799844	37.0
273188.1951455951	36.0
273220.83417319175	37.0
273253.47320078843	37.0
273286.1122283851	38.0
273318.75125598174	37.0
273351.3902835784	38.0
273384.0293111751	37.0
273417.77931117464	37.0
273451.5293111742	37.0
273485.2793111737	37.0
273519.02931117325	37.0
273552.7793111728	37.0
273586.5293111723	37.0
273620.27931117185	37.0
273654.0293111714	37.0
273696.45571804314	37.0
273738.88212491485	37.0
273781.3085317866	37.0
273823.73493865837	37.0
273866.16134553007	37.0
273908.5877524018	37.0
273949.1502042506	37.0
273989.7126560993	37.0
274030.27510794805	37.0
274070.8375597968	37.0
274111.4000116456	37.0
274151.9624634943	37.0
274192.52491534303	37.0
274233.0873671918	37.0
274263.0873671918	37.0
274293.0873671918	37.0
274323.0873671918	37.0
274365.5137740643	37.0
274395.51377406437	37.0
274425.5137740644	37.0
274455.51377406454	37.0
274485.5137740646	37.0
274515.51377406466	37.0
274545.5137740647	37.0
274575.51377406484	37.0
274605.5137740649	37.0
274635.51377406495	37.0
274665.513774065	37.0
274695.5137740651	37.0
274725.5137740652	37.0
274755.51377406524	36.0
274797.9401809318	37.0
274828.0898077952	37.0
274858.23943465855	37.0
274888.3890615219	37.0
274918.53868838534	37.0
274948.6883152487	37.0
274978.83794211206	37.0
275008.9875689754	37.0
275039.1371958388	37.0
275069.28682270215	37.0
275099.4364495655	37.0
275129.58607642894	37.0
275159.7357032923	37.0
275189.88533015567	37.0
275220.03495701903	38.0
275250.1845838824	39.0
275280.33421074576	37.0
275310.4838376091	37.0
275340.63346447254	37.0
275370.7830913359	37.0
275400.93271819927	37.0
275442.1301918344	37.0
275483.3276654696	37.0
275524.52513910475	37.0
275565.7226127399	37.0
275606.9200863751	37.0
275648.1175600102	37.0
275689.31503364537	37.0
275730.51250728057	37.0
275771.7099809157	37.0
275812.90745455085	37.0
275854.10492818605	38.0
275895.3024018212	37.0
275936.4998754563	37.0
275977.6973490915	37.0
276018.89482272667	37.0
276060.0922963618	37.0
276101.289769997	37.0
276139.5324163485	37.0
276177.7750627001	37.0
276216.0177090516	37.0
276254.2603554031	37.0
276292.67910082807	37.0
276331.097846253	37.0
276369.51659167797	37.0
276407.9353371029	37.0
276446.35408252786	37.0
276491.354082526	37.0
276536.35408252414	37.0
276578.7804893953	37.0
276608.7804893954	37.0
276638.7804893955	37.0
276668.78048939555	37.0
276698.7804893956	37.0
276728.78048939566	37.0
276758.7804893958	37.0
276788.78048939584	37.0
276818.7804893959	37.0
276848.780489396	37.0
276878.7804893961	37.0
276908.78048939613	37.0
276938.7804893962	37.0
276968.7804893963	37.0
276998.78048939636	37.0
277028.7804893964	37.0
277058.7804893965	37.0
277088.7804893966	37.0
277118.78048939665	37.0
277148.7804893967	37.0
277178.7804893968	37.0
277208.7804893969	37.0
277238.78048939694	37.0
277268.780489397	37.0
277298.7804893971	37.0
277328.7804893972	37.0
277372.47255434934	37.0
277416.16461930145	37.0
277459.8566842536	37.0
277503.5487492057	37.0
277547.2408141579	37.0
277590.93287911004	37.0
277634.62494406215	37.0
277678.3170090143	37.0
277722.0090739665	37.0
277765.7011389186	37.0
277809.39320387074	37.0
277853.08526882285	37.0
277896.777333775	37.0
277940.4693987272	37.0
277984.1614636793	37.0
278027.85352863144	37.0
278071.5455935836	37.0
278101.54559358454	37.0
278131.54559358547	37.0
278181.5455935843	37.0
278231.5455935831	37.0
278281.5455935819	37.0
278311.54559358215	37.0
278341.5455935824	36.0
278371.5455935826	36.0
278401.54559358285	37.0
278431.5455935831	37.0
278461.5455935833	37.0
278491.54559358355	37.0
278521.5455935838	37.0
278563.97200045496	37.0
278606.3984073262	37.0
278648.8248141974	37.0
278691.25122106855	37.0
278722.17451326066	37.0
278753.0978054528	37.0
278784.02109764493	37.0
278814.9443898371	37.0
278857.37079670816	37.0
278899.7972035793	37.0
278942.22361045034	37.0
278984.6500173214	37.0
279027.0764241925	37.0
279069.5028310636	37.0
279111.9292379347	37.0
279154.35564480576	37.0
279196.7820516768	37.0
279239.20845854795	37.0
279281.634865419	37.0
279324.06127229007	37.0
279357.6022919526	37.0
279391.14331161504	37.0
279424.68433127756	39.0
279458.2253509401	36.0
279491.76637060253	37.0
279525.30739026505	37.0
279555.3073902654	37.0
279585.3073902658	37.0
279615.30739026616	37.0
279645.30739026656	37.0
279675.3073902669	37.0
279717.73379713943	37.0
279748.7337971393	37.0
279779.7337971392	37.0
279810.7337971391	37.0
279841.7337971389	37.0
279872.7337971388	37.0
279903.7337971387	37.0
279934.73379713856	37.0
279965.73379713844	37.0
279996.7337971383	37.0
280027.7337971382	37.0
280058.7337971381	37.0
280089.7337971379	37.0
280120.7337971378	37.0
280151.7337971377	37.0
280182.73379713757	37.0
280213.73379713745	37.0
280244.73379713733	37.0
280275.7337971372	37.0
280306.73379713704	37.0
280337.7337971369	37.0
280368.7337971368	37.0
280399.7337971367	37.0
280430.7337971366	37.0
280461.73379713646	37.0
280492.73379713634	37.0
280523.7337971362	37.0
280554.73379713605	37.0
280585.73379713594	37.0
280616.7337971358	37.0
280647.7337971357	37.0
280690.16020400624	37.0
280732.5866108768	37.0
280763.7870818309	37.0
280794.987552785	37.0
280826.1880237392	37.0
280857.3884946933	37.0
280888.58896564745	38.0
280919.78943660157	37.0
280950.9899075557	37.0
280994.7220467665	37.0
281038.45418597735	37.0
281082.18632518814	37.0
281125.918464399	37.0
281155.91846439964	37.0
281185.9184644002	37.0
281215.91846440086	37.0
281253.4184644016	37.0
281290.9184644024	37.0
281328.4184644031	37.0
281365.91846440383	36.0
281399.8761586714	36.0
281433.83385293896	36.0
281467.79154720646	36.0
281501.749241474	37.0
281535.7069357416	36.0
281569.66463000915	36.0
281603.6223242767	36.0
281637.5800185443	36.0
281677.0923519326	36.0
281716.6046853209	36.0
281756.1170187092	35.0
281795.6293520975	35.0
281835.14168548584	35.0
281874.65401887416	35.0
281914.1663522625	35.0
281951.6663522628	35.0
281989.16635226307	35.0
282026.6663522633	35.0
282064.1663522636	35.0
282094.16635226423	35.0
282124.1663522648	35.0
282154.16635226546	35.0
282196.59275913687	35.0
282239.0191660083	35.0
282281.4455728797	34.0
282341.44557287596	34.0
282383.8719797473	34.0
282426.29838661867	34.0
282468.72479349	34.0
282511.1512003614	34.0
282553.5776072327	34.0
282596.0040141041	34.0
282638.4304209755	34.0
282680.85682784684	34.0
282723.2832347182	34.0
282765.70964158955	34.0
282808.1360484609	34.0
282850.56245533226	34.0
282881.8124553322	34.0
282913.0624553321	34.0
282944.312455332	34.0
282975.56245533196	34.0
283006.81245533185	34.0
283038.0624553318	34.0
283069.31245533173	34.0
283100.5624553316	34.0
283131.81245533156	34.0
283163.0624553315	34.0
283194.3124553314	34.0
283225.5624553313	34.0
283256.81245533127	34.0
283288.06245533115	34.0
283319.3124553311	34.0
283350.56245533103	34.0
283381.8124553309	34.0
283413.06245533086	34.0
283444.3124553308	34.0
283475.5624553307	34.0
283506.8124553306	34.0
283538.06245533057	34.0
283569.31245533045	34.0
283600.5624553304	34.0
283635.5481667	34.0
283670.53387806955	34.0
283705.51958943915	34.0
283740.5053008087	33.0
283775.4910121783	34.0
283820.4910121774	34.0
283865.49101217644	34.0
283907.9174190481	34.0
283950.3438259197	34.0
283992.7702327913	34.0
284022.7702327913	34.0
284052.7702327913	34.0
284082.7702327913	34.0
284112.7702327913	34.0
284142.7702327913	34.0
284172.7702327913	34.0
284202.7702327913	34.0
284232.7702327913	34.0
284262.7702327913	34.0
284298.825745546	34.0
284334.88125830074	35.0
284370.9367710555	34.0
284406.9922838102	34.0
284443.04779656493	34.0
284479.10330931965	34.0
284510.05501060566	34.0
284541.0067118917	34.0
284571.9584131777	34.0
284602.91011446365	34.0
284633.86181574967	34.0
284664.8135170357	34.0
284695.7652183217	34.0
284726.7169196077	34.0
284757.66862089373	34.0
284788.6203221797	34.0
284819.5720234657	34.0
284850.5237247517	34.0
284881.47542603774	35.0
284912.42712732375	35.0
284943.37882860977	34.0
284974.3305298957	34.0
285005.28223118174	34.0
285036.23393246776	34.0
285067.1856337538	34.0
285098.1373350398	34.0
285129.0890363258	34.0
285160.0407376118	34.0
285190.9924388978	34.0
285221.9441401838	34.0
285252.8958414698	34.0
285283.84754275583	34.0
285314.79924404185	34.0
285345.75094532786	34.0
285376.7026466138	34.0
285407.65434789984	34.0
285438.60604918585	34.0
285469.55775047187	34.0
285506.4248587593	34.0
285543.2919670467	33.0
285580.1590753341	33.0
285617.0261836215	33.0
285653.8932919089	34.0
285690.7604001963	35.0
285727.6275084837	34.0
285764.4946167711	34.0
285801.36172505846	34.0
285838.2288333459	34.0
285875.0959416333	34.0
285911.9630499207	34.0
285948.8301582081	34.0
285985.6972664955	34.0
286020.0035789892	33.0
286054.3098914829	34.0
286088.61620397656	33.0
286122.9225164703	34.0
286157.228828964	34.0
286191.5351414577	33.0
286225.8414539514	34.0
286260.14776644506	34.0
286294.45407893875	33.0
286328.76039143244	34.0
286363.06670392613	35.0
286397.3730164199	34.0
286431.67932891357	34.0
286474.1057357849	34.0
286516.5321426563	34.0
286558.9585495276	34.0
286601.384956399	34.0
286643.81136327033	34.0
286686.2377701417	34.0
286728.6641770131	34.0
286771.09058388445	34.0
286813.5169907558	34.0
286855.94339762715	34.0
286898.3698044985	34.0
286940.79621136986	33.0
287000.7962113689	33.0
287042.63751207106	33.0
287084.4788127732	33.0
287126.3201134753	33.0
287168.16141417745	33.0
287210.0027148796	33.0
287251.8440155817	33.0
287293.68531628384	33.0
287335.52661698597	33.0
287377.3679176881	33.0
287419.2092183902	33.0
287461.05051909236	33.0
287502.8918197945	33.0
287544.7331204966	33.0
287586.57442119875	33.0
287628.4157219009	33.0
287670.257022603	33.0
287712.09832330514	33.0
287753.93962400727	33.0
287795.7809247094	33.0
287837.6222254115	33.0
287879.46352611366	34.0
287921.3048268158	34.0
287963.14612751786	34.0
288004.98742822	33.0
288046.8287289221	36.0
288088.67002962425	33.0
288130.5113303264	33.0
288172.3526310285	35.0
288214.19393173064	33.0
288256.03523243277	33.0
288297.8765331349	32.0
288339.717833837	32.0
288381.55913453916	33.0
288423.4004352413	33.0
288465.2417359434	33.0
288507.08303664555	33.0
288547.4717726985	33.0
288587.86050875153	32.0
288628.2492448045	35.0
288668.6379808575	32.0
288711.0643877294	32.0
288753.4907946012	32.0
288795.9172014731	33.0
288825.9172014731	33.0
288855.9172014731	33.0
288885.9172014731	33.0
288915.9172014731	33.0
288945.9172014731	33.0
288975.9172014731	33.0
289005.9172014731	33.0
289035.9172014731	33.0
289080.6385610224	33.0
289125.3599205717	33.0
289170.081280121	33.0
289200.081280121	33.0
289230.081280121	33.0
289260.081280121	33.0
289290.081280121	33.0
289320.081280121	33.0
289350.081280121	33.0
289380.081280121	33.0
289410.081280121	33.0
289440.081280121	33.0
289470.081280121	33.0
289500.081280121	33.0
289530.081280121	33.0
289560.081280121	33.0
289590.081280121	33.0
289620.081280121	33.0
289650.081280121	33.0
289680.081280121	33.0
289710.081280121	33.0
289740.081280121	33.0
289770.081280121	33.0
289800.081280121	33.0
289842.50768699247	33.0
289884.93409386394	33.0
289927.36050073535	32.0
289969.7869076068	33.0
290012.2133144783	33.0
290046.76584768516	33.0
290081.318380892	32.0
290115.87091409886	33.0
290150.42344730574	33.0
290184.9759805126	33.0
290219.52851371944	34.0
290254.0810469263	33.0
290296.5074537972	32.0
290338.93386066804	33.0
290381.3602675389	33.0
290423.78667440976	33.0
290455.40945101215	32.0
290487.0322276145	33.0
290518.6550042169	33.0
290559.69157327426	32.0
290600.7281423316	32.0
290641.76471138897	33.0
290682.80128044635	33.0
290723.83784950373	33.0
290764.87441856106	33.0
290805.91098761844	33.0
290846.9475566758	32.0
290887.9841257332	33.0
290929.0206947905	33.0
290970.0572638479	33.0
291011.0938329053	33.0
291052.13040196267	33.0
291093.16697102	33.0
291134.2035400774	33.0
291167.03306608356	33.0
291199.86259208975	33.0
291232.6921180959	33.0
291265.52164410206	33.0
291298.35117010825	33.0
291331.18069611443	33.0
291364.0102221206	33.0
291396.8397481268	33.0
291429.66927413293	33.0
291462.6692741326	33.0
291495.6692741322	33.0
291528.6692741318	33.0
291561.6692741314	33.0
291594.66927413107	33.0
291627.6692741307	33.0
291660.6692741303	33.0
291693.66927412996	33.0
291726.66927412956	33.0
291759.6692741292	33.0
291803.8987891615	33.0
291848.12830419384	33.0
291892.35781922616	33.0
291936.58733425854	33.0
291980.81684929086	33.0
292025.0463643232	33.0
292069.2758793555	35.0
292113.5053943878	33.0
292157.73490942013	33.0
292201.9644244525	33.0
292246.19393948483	33.0
292290.42345451715	33.0
292326.4789672718	33.0
292362.53448002646	33.0
292398.58999278105	33.0
292428.5899927817	33.0
292458.5899927823	33.0
292488.5899927829	33.0
292522.1310124456	34.0
292555.6720321083	33.0
292589.21305177105	33.0
292622.75407143374	33.0
292652.8777832988	32.0
292683.00149516383	31.0
292713.12520702893	32.0
292743.248918894	33.0
292773.372630759	33.0
292803.4963426241	33.0
292833.6200544891	33.0
292863.74376635416	33.0
292893.86747821927	33.0
292923.9911900843	33.0
292954.11490194936	33.0
292996.54130881926	33.0
293026.5413088193	33.0
293056.5413088193	33.0
293086.5413088194	33.0
293116.5413088194	33.0
293146.54130881943	33.0
293176.54130881943	33.0
293206.5413088195	33.0
293236.54130881955	32.0
293266.54130881955	33.0
293296.5413088196	33.0
293326.5413088196	33.0
293356.54130881967	33.0
293386.5413088197	33.0
293416.5413088197	33.0
293446.5413088198	33.0
293476.5413088198	32.0
293506.54130881984	32.0
293536.54130881984	33.0
293566.5413088199	33.0
293596.54130881996	33.0
293626.54130881996	33.0
293656.54130882	33.0
293686.54130882	33.0
293716.5413088201	33.0
293746.54130882013	33.0
293776.54130882013	33.0
293806.5413088202	33.0
293836.5413088202	33.0
293866.54130882025	33.0
293896.54130882025	33.0
293926.5413088203	33.0
293956.54130882036	33.0
293986.54130882036	33.0
294016.5413088204	33.0
294046.5413088204	33.0
294076.5413088205	33.0
294106.54130882054	33.0
294136.54130882054	33.0
294166.5413088206	33.0
294196.5413088206	33.0
294226.54130882066	33.0
294256.54130882066	33.0
294286.5413088207	33.0
294316.5413088208	33.0
294346.5413088208	33.0
294376.54130882083	33.0
294406.54130882083	33.0
294436.5413088209	33.0
294466.54130882095	33.0
294496.54130882095	33.0
294526.541308821	33.0
294556.541308821	33.0
294586.54130882106	33.0
294616.54130882106	33.0
294646.5413088211	33.0
294688.9677156923	33.0
294718.9677156925	33.0
294748.9677156926	33.0
294778.96771569276	33.0
294808.96771569294	33.0
294838.96771569306	33.0
294868.96771569323	33.0
294914.04577299365	33.0
294959.1238302941	33.0
295004.20188759454	33.0
295049.27994489495	33.0
295094.3580021954	33.0
295139.43605949584	33.0
295184.5141167963	33.0
295229.59217409673	33.0
295274.67023139715	33.0
295319.7482886976	33.0
295364.82634599804	33.0
295409.90440329845	33.0
295454.9824605989	33.0
295500.06051789934	33.0
295545.13857519976	33.0
295590.21663250023	33.0
295622.8556600968	33.0
295655.49468769337	33.0
295688.13371528994	32.0
295720.77274288645	33.0
295753.411770483	33.0
295786.0507980796	33.0
295818.68982567615	33.0
295855.55693396355	33.0
295892.42404225096	34.0
295929.29115053837	33.0
295966.1582588258	32.0
296003.0253671132	33.0
296039.8924754006	33.0
296076.759583688	33.0
296106.90921055153	33.0
296137.05883741507	33.0
296167.20846427866	33.0
296197.3580911422	33.0
296227.50771800574	33.0
296257.6573448693	32.0
296287.8069717328	32.0
296317.95659859636	32.0
296348.10622545995	33.0
296378.2558523235	33.0
296422.97721187223	33.0
296467.698571421	33.0
296512.4199309697	33.0
296542.42423976696	32.0
296572.4285485642	32.0
296602.43285736145	32.0
296632.4371661587	32.0
296662.44147495594	32.0
296692.4457837532	33.0
296722.4500925504	33.0
296752.45440134767	33.0
296782.4587101449	33.0
296812.46301894216	32.0
296842.4673277394	32.0
296872.47163653665	33.0
296902.4759453339	33.0
296932.48025413114	33.0
296962.4845629284	33.0
296992.4888717256	33.0
297022.49318052287	33.0
297052.4974893201	33.0
297082.50179811736	33.0
297112.5061069146	33.0
297142.51041571185	33.0
297172.5147245091	33.0
297202.51903330634	33.0
297232.5233421036	33.0
297262.5276509008	33.0
297292.53195969807	33.0
297322.5362684953	33.0
297352.54057729256	33.0
297382.5448860898	33.0
297412.54919488705	33.0
297442.5535036843	33.0
297472.55781248154	33.0
297502.5621212788	33.0
297532.566430076	33.0
297562.57073887327	33.0
297592.5750476705	33.0
297622.57935646776	33.0
297652.583665265	33.0
297682.58797406225	33.0
297712.5922828595	33.0
297742.59659165674	32.0
297772.600900454	32.0
297802.6052092512	32.0
297832.60951804847	32.0
297862.6138268457	32.0
297892.61813564296	32.0
297922.6224444402	33.0
297952.62675323745	33.0
297982.6310620347	33.0
298012.63537083194	33.0
298042.6396796292	33.0
298072.6439884264	33.0
298102.64829722367	33.0
298132.6526060209	33.0
298162.65691481816	33.0
298192.6612236154	33.0
298222.66553241265	32.0
298252.6698412099	33.0
298282.67415000714	33.0
298319.88457038376	33.0
298357.09499076044	33.0
298394.30541113706	33.0
298431.5158315137	35.0
298468.7262518903	32.0
298505.936672267	33.0
298543.1470926436	34.0
298580.3575130202	32.0
298617.5679333969	33.0
298654.7783537735	35.0
298691.98877415014	32.0
298729.19919452677	35.0
298766.40961490344	33.0
298809.04762611404	33.0
298851.6856373246	32.0
298894.3236485352	33.0
298936.9616597457	33.0
298979.5996709563	35.0
299022.23768216686	39.0
299064.87569337746	31.0
299107.513704588	33.0
299150.1517157986	32.0
299192.78972700913	33.0
299227.34226021613	33.0
299261.8947934231	32.0
299296.4473266301	32.0
299330.9998598371	33.0
299365.5523930441	33.0
299400.1049262511	33.0
299434.6574594581	33.0
299464.6574594581	33.0
299494.6574594581	33.0
299524.6574594581	33.0
299554.6574594581	33.0
299584.6574594581	33.0
299614.6574594581	33.0
299657.0838663292	33.0
299699.51027320034	33.0
299741.93668007146	33.0
299784.3630869426	32.0
299826.78949381376	32.0
299869.2159006849	32.0
299911.642307556	32.0
299954.0687144271	32.0
299996.49512129824	32.0
300038.92152816936	33.0
300068.9215281698	32.0
300098.9215281703	33.0
300135.78863645764	33.0
300172.65574474493	34.0
300209.5228530323	33.0
300246.38996131957	33.0
300283.2570696069	32.0
300320.12417789426	33.0
300356.99128618155	33.0
300386.99128618155	33.0
300416.99128618155	33.0
300446.99128618155	33.0
300476.99128618155	33.0
300506.99128618155	33.0
300536.99128618155	33.0
300566.99128618155	33.0
300596.99128618155	33.0
300626.99128618155	33.0
300656.99128618155	33.0
300686.99128618155	33.0
300716.99128618155	33.0
300746.99128618155	33.0
300776.99128618155	32.0
300806.99128618155	32.0
300836.99128618155	32.0
300866.99128618155	32.0
300896.99128618155	32.0
300939.4176930531	32.0
300981.8440999246	32.0
301024.27050679614	32.0
301066.69691366766	32.0
301109.1233205392	31.0
301151.54972741066	31.0
301185.2997274104	32.0
301219.0497274102	32.0
301252.79972740996	32.0
301286.5497274097	32.0
301320.2997274095	32.0
301354.04972740926	32.0
301387.79972740903	32.0
301421.5497274088	32.0
301463.97613428	32.0
301506.4025411512	32.0
301548.8289480224	32.0
301591.25535489357	32.0
301633.68176176475	32.0
301676.108168636	32.0
301718.53457550716	32.0
301760.96098237834	32.0
301803.3873892495	31.0
301845.81379612075	32.0
301888.24020299193	31.0
301930.6666098631	32.0
301973.0930167343	32.0
302015.5194236055	32.0
302057.9458304767	31.0
302091.48685013945	31.0
302125.02786980226	31.0
302158.568889465	31.0
302192.1099091278	30.0
302225.65092879056	31.0
302259.1919484534	29.0
302299.8889999438	30.0
302340.5860514342	29.0
302381.2831029246	30.0
302421.980154415	32.0
302462.67720590543	32.0
302503.37425739586	32.0
302544.0713088862	32.0
302584.76836037665	32.0
302625.4654118671	32.0
302666.1624633575	32.0
302706.8595148479	32.0
302747.5565663383	31.0
302779.699423481	31.0
302811.84228062374	31.0
302843.98513776646	31.0
302876.1279949092	31.0
302908.2708520519	31.0
302940.41370919463	31.0
302972.55656633736	31.0
303004.6994234801	31.0
303036.8422806228	31.0
303068.9851377655	31.0
303101.12799490825	31.0
303133.270852051	31.0
303165.4137091937	31.0
303197.5565663364	31.0
303239.982973205	30.0
303269.982973205	30.0
303299.982973205	30.0
303329.982973205	30.0
303359.982973205	30.0
303389.982973205	30.0
303419.982973205	30.0
303449.982973205	30.0
303479.982973205	30.0
303509.982973205	30.0
303552.40938007616	30.0
303582.40938007616	30.0
303612.40938007616	30.0
303642.40938007616	29.0
303672.40938007616	29.0
303702.40938007616	29.0
303732.40938007616	29.0
303762.40938007616	30.0
303804.83578694804	29.0
303834.83578694804	29.0
303864.83578694804	29.0
303894.83578694804	29.0
303924.83578694804	29.0
303954.83578694804	29.0
303984.83578694804	29.0
304014.83578694804	29.0
304044.83578694804	29.0
304074.83578694804	29.0
304104.83578694804	30.0
304136.45856354974	31.0
304168.08134015143	29.0
304199.7041167531	29.0
304231.3268933548	29.0
304262.9496699566	29.0
304294.5724465583	28.0
304326.19522316	28.0
304357.81799976167	29.0
304389.44077636336	28.0
304421.06355296506	28.0
304452.68632956676	29.0
304484.30910616845	29.0
304515.9318827702	29.0
304547.5546593719	29.0
304579.1774359736	28.0
304619.17743597296	28.0
304659.1774359724	29.0
304699.17743597174	29.0
304741.6038428429	29.0
304784.03024971415	28.0
304826.45665658533	28.0
304868.8830634565	28.0
304911.3094703277	28.0
304945.0594703276	28.0
304978.80947032745	28.0
305012.55947032734	28.0
305046.3094703272	28.0
305080.0594703271	28.0
305113.809470327	28.0
305147.5594703269	27.0
305181.30947032676	28.0
305223.73587719834	28.0
305266.1622840699	27.0
305308.5886909415	27.0
305351.0150978131	27.0
305393.4415046847	27.0
305453.44150468375	27.0
305490.94150468346	27.0
305528.4415046832	27.0
305565.94150468294	27.0
305603.44150468265	28.0
305633.44150468265	27.0
305663.44150468265	28.0
305693.44150468265	27.0
305723.44150468265	27.0
305755.48151872767	32.0
305787.5215327727	28.0
305819.5615468177	27.0
305851.60156086273	27.0
305883.64157490776	28.0
305915.6815889528	28.0
305947.7216029978	28.0
305979.7616170428	27.0
306009.99508359906	27.0
306040.2285501553	28.0
306070.46201671154	27.0
306100.6954832678	27.0
306130.928949824	28.0
306161.16241638025	28.0
306191.3958829365	28.0
306221.6293494927	28.0
306264.0557563639	28.0
306306.48216323514	28.0
306348.9085701063	28.0
306391.3349769775	28.0
306433.7613838487	28.0
306476.1877907199	28.0
306518.6141975911	28.0
306561.04060446227	28.0
306603.46701133344	28.0
306645.8934182047	28.0
306688.31982507586	28.0
306730.74623194704	28.0
306773.1726388182	28.0
306815.59904568945	27.0
306858.0254525606	27.0
306900.4518594318	28.0
306930.8656720833	28.0
306961.27948473475	30.0
306991.6932973862	28.0
307022.10711003764	28.0
307052.5209226891	28.0
307082.9347353406	28.0
307137.018004472	28.0
307191.1012736035	28.0
307221.1012736035	28.0
307251.1012736035	28.0
307281.1012736035	27.0
307311.1012736035	27.0
307341.1012736035	28.0
307371.1012736035	28.0
307401.1012736035	28.0
307431.1012736035	27.0
307461.1012736035	27.0
307491.1012736035	27.0
307521.1012736035	27.0
307551.1012736035	27.0
307581.1012736035	28.0
307611.1012736035	28.0
307641.1012736035	28.0
307671.1012736035	28.0
307713.5276804751	28.0
307755.9540873467	28.0
307798.38049421826	27.0
307840.80690108985	28.0
307883.23330796143	28.0
307943.2333079605	27.0
307985.6597148317	28.0
308028.0861217029	27.0
308070.5125285741	27.0
308130.51252857316	27.0
308172.9389354446	27.0
308215.365342316	28.0
308257.7917491874	26.0
308289.4145257891	26.0
308321.0373023908	28.0
308352.6600789924	27.0
308382.7266717492	27.0
308412.7932645059	26.0
308442.8598572627	26.0
308472.92645001947	26.0
308502.9930427762	25.0
308533.05963553296	27.0
308563.1262282897	29.0
308593.19282104645	28.0
308623.25941380323	28.0
308653.32600655995	27.0
308683.3925993167	27.0
308713.4591920735	27.0
308743.5257848302	27.0
308773.592377587	27.0
308803.65897034376	27.0
308850.3280179018	27.0
308896.99706545984	28.0
308943.6661130179	28.0
308990.335160576	28.0
309037.004208134	28.0
309083.67325569206	27.0
309130.3423032501	28.0
309177.01135080814	26.0
309223.6803983662	27.0
309270.3494459243	27.0
309303.8904655869	26.0
309337.43148524954	27.0
309370.9725049122	28.0
309404.5135245748	27.0
309438.05454423744	28.0
309471.5955639001	27.0
309501.5955639001	26.0
309531.5955639001	26.0
309561.5955639001	27.0
309591.5955639001	26.0
309621.5955639001	28.0
309651.5955639001	28.0
309681.5955639001	28.0
309711.5955639001	28.0
309741.5955639001	28.0
309771.5955639001	28.0
309801.5955639001	28.0
309831.5955639001	28.0
309861.5955639001	28.0
309891.5955639001	28.0
309932.4228085456	28.0
309973.25005319103	28.0
310014.07729783654	28.0
310054.904542482	28.0
310095.7317871275	28.0
310136.55903177295	28.0
310177.38627641846	28.0
310218.2135210639	27.0
310259.0407657094	29.0
310299.86801035487	28.0
310340.6952550004	29.0
310381.5224996458	27.0
310422.34974429134	27.0
310453.77831571986	28.0
310485.2068871484	28.0
310516.6354585769	28.0
310548.0640300054	28.0
310579.49260143394	28.0
310610.9211728625	28.0
310642.34974429104	28.0
310673.77831571957	28.0
310705.2068871481	28.0
310736.6354585766	28.0
310768.06403000513	28.0
310799.49260143365	28.0
310830.9211728622	28.0
310862.3497442907	28.0
310893.7783157192	28.0
310925.2068871478	28.0
310956.6354585763	28.0
310988.06403000484	28.0
311019.49260143336	28.0
311050.9211728619	27.0
311082.3497442904	28.0
311116.6685114273	27.0
311150.98727856425	27.0
311185.30604570115	28.0
311219.62481283804	27.0
311253.943579975	27.0
311288.2623471119	27.0
311322.5811142488	27.0
311356.89988138573	27.0
311391.2186485226	27.0
311451.2186485217	28.0
311536.0714622608	28.0
311566.07146226097	28.0
311596.07146226114	28.0
311626.0714622614	28.0
311656.07146226155	28.0
311686.0714622617	28.0
311716.0714622619	28.0
311746.0714622621	28.0
311776.0714622623	28.0
311806.0714622625	28.0
311836.07146226265	28.0
311880.6696685044	28.0
311925.2678747462	28.0
311969.8660809879	28.0
312014.4642872297	27.0
312059.0624934714	27.0
312103.66069971316	27.0
312148.25890595495	28.0
312192.8571121967	27.0
312237.4553184385	27.0
312282.0535246802	28.0
312318.10903743556	28.0
312354.16455019085	27.0
312390.2200629462	28.0
312435.2200629453	28.0
312480.22006294434	28.0
312517.7200629447	28.0
312555.2200629451	27.0
312592.72006294545	28.0
312630.22006294585	28.0
312661.4200629458	27.0
312692.6200629457	27.0
312723.82006294566	27.0
312755.02006294555	27.0
312786.2200629455	27.0
312817.4200629454	27.0
312848.62006294535	27.0
312879.82006294525	27.0
312911.0200629452	27.0
312942.2200629451	27.0
312973.42006294505	27.0
313004.62006294494	27.0
313035.8200629449	27.0
313067.0200629448	27.0
313098.22006294475	27.0
313129.42006294464	28.0
313160.6200629446	27.0
313191.8200629445	28.0
313223.02006294444	28.0
313254.22006294434	28.0
313285.4200629443	28.0
313316.6200629442	28.0
313347.82006294414	28.0
313379.02006294404	28.0
313410.220062944	28.0
313452.64646981534	28.0
313495.07287668675	28.0
313537.4992835581	28.0
313579.9256904295	28.0
313622.35209730087	28.0
313664.7785041723	28.0
313707.20491104363	27.0
313749.63131791505	28.0
313792.0577247864	27.0
313834.4841316578	27.0
313876.91053852916	27.0
313919.3369454006	27.0
313961.7633522719	27.0
314004.18975914334	28.0
314035.8125357449	27.0
314067.4353123465	28.0
314099.0580889481	27.0
314141.48449581943	27.0
314183.9109026907	27.0
314226.3373095621	28.0
314268.7637164334	27.0
314311.1901233047	27.0
314341.1901233052	27.0
314371.19012330566	28.0
314410.06313593785	28.0
314448.9361485701	29.0
314487.8091612023	27.0
314526.68217383453	28.0
314565.5551864667	30.0
314604.4281990989	27.0
314643.30121173116	28.0
314682.17422436335	27.0
314721.0472369956	28.0
314751.0472369956	27.0
314781.0472369956	27.0
314811.0472369956	28.0
314844.5882566581	27.0
314878.1292763206	28.0
314911.6702959831	27.0
314945.2113156456	28.0
314987.6377225164	28.0
315030.0641293871	28.0
315072.49053625786	28.0
315108.73967417877	28.0
315144.98881209973	27.0
315181.23795002064	28.0
315217.4870879416	28.0
315253.7362258625	28.0
315289.9853637835	27.0
315326.2345017044	27.0
315362.48363962537	27.0
315398.7327775463	27.0
315434.98191546724	26.0
315471.4697346229	27.0
315507.9575537786	29.0
315544.4453729343	26.0
315580.93319208996	26.0
315617.4210112457	28.0
315653.9088304014	26.0
315690.39664955705	27.0
315726.8844687127	28.0
315763.3722878684	26.0
315799.8601070241	28.0
315836.34792617976	28.0
315872.83574533544	26.0
315909.3235644911	26.0
315939.91768157284	26.0
315970.5117986546	28.0
316001.10591573635	28.0
316031.7000328181	27.0
316062.2941498998	28.0
316104.720556771	27.0
316147.1469636421	28.0
316189.5733705133	28.0
316231.99977738445	28.0
316274.42618425563	28.0
316316.85259112675	28.0
316359.2789979979	28.0
316401.7054048691	28.0
316444.1318117402	28.0
316486.5582186114	28.0
316528.9846254826	28.0
316571.41103235376	28.0
316613.8374392249	28.0
316656.26384609606	28.0
316698.69025296724	27.0
316741.11665983836	28.0
316783.54306670954	28.0
316825.9694735807	27.0
316868.3958804519	28.0
316910.822287323	28.0
316953.2486941942	28.0
316989.73651335016	27.0
317026.22433250607	27.0
317062.71215166204	28.0
317099.199970818	28.0
317135.6877899739	27.0
317172.1756091299	27.0
317208.6634282858	28.0
317245.15124744177	28.0
317281.63906659774	27.0
317318.12688575365	28.0
317354.6147049096	28.0
317391.1025240656	28.0
317427.5903432215	28.0
317475.0245081228	28.0
317522.4586730242	28.0
317552.4586730243	27.0
317582.45867302443	27.0
317612.45867302455	28.0
317642.45867302467	28.0
317672.4586730247	28.0
317702.45867302484	28.0
317732.45867302496	28.0
317762.4586730251	28.0
317792.4586730252	28.0
317822.4586730253	28.0
317852.4586730254	28.0
317882.45867302554	28.0
317912.4586730256	28.0
317942.4586730257	28.0
317972.45867302583	28.0
318002.45867302595	28.0
318032.45867302606	28.0
318073.39790125715	28.0
318114.3371294882	28.0
318155.27635771927	27.0
318196.21558595035	28.0
318237.15481418144	27.0
318278.0940424125	27.0
318319.03327064356	27.0
318359.97249887465	28.0
318400.91172710573	32.0
318441.85095533676	27.0
318482.79018356785	27.0
318523.72941179894	27.0
318564.66864003	27.0
318605.60786826105	27.0
318644.48088089324	28.0
318683.3538935255	27.0
318722.2269061577	27.0
318761.0999187899	28.0
318799.9729314221	27.0
318838.8459440543	29.0
318877.71895668656	27.0
318916.59196931875	27.0
318955.464981951	27.0
318987.2296878333	27.0
319018.9943937156	27.0
319050.75909959787	27.0
319082.52380548016	27.0
319114.2885113625	28.0
319146.0532172448	28.0
319177.8179231271	28.0
319209.5826290094	28.0
319241.3473348917	28.0
319273.11204077397	28.0
319304.87674665626	28.0
319336.64145253855	28.0
319368.4061584209	28.0
319400.1708643032	27.0
319431.9355701855	28.0
319463.7002760678	28.0
319495.46498195006	28.0
319528.2945079561	31.0
319561.1240339621	27.0
319593.95355996804	30.0
319626.78308597405	28.0
319659.61261198006	28.0
319692.4421379861	27.0
319725.271663992	28.0
319758.10118999804	28.0
319790.93071600405	27.0
319828.4307160045	28.0
319865.930716005	29.0
319903.43071600544	28.0
319940.9307160059	27.0
319985.93071600544	26.0
320030.930716005	27.0
320062.5534926067	31.0
320094.1762692084	27.0
320125.7990458101	28.0
320157.4218224118	30.0
320189.0445990135	27.0
320220.6673756152	27.0
320252.2901522169	27.0
320283.91292881867	27.0
320315.53570542036	26.0
320347.15848202206	26.0
320378.78125862376	28.0
320410.40403522545	28.0
320440.40403522545	27.0
320470.40403522545	27.0
320500.40403522545	27.0
320530.40403522545	27.0
320560.40403522545	27.0
320590.40403522545	27.0
320620.40403522545	27.0
320650.40403522545	27.0
320680.40403522545	27.0
320710.40403522545	28.0
320740.40403522545	28.0
320770.40403522545	28.0
320800.40403522545	28.0
320830.40403522545	28.0
320860.40403522545	28.0
320890.40403522545	28.0
320920.40403522545	28.0
320950.40403522545	28.0
320980.40403522545	28.0
321010.40403522545	28.0
321040.40403522545	28.0
321070.40403522545	28.0
321100.40403522545	28.0
321142.83044209663	28.0
321185.25684896787	28.0
321227.68325583905	28.0
321270.1096627102	28.0
321312.5360695814	28.0
321354.96247645264	28.0
321397.3888833238	27.0
321427.3888833238	27.0
321457.3888833238	28.0
321499.815290195	27.0
321542.24169706623	28.0
321584.6681039374	27.0
321627.0945108086	28.0
321669.52091767977	27.0
321711.947324551	28.0
321754.3737314222	27.0
321796.80013829336	27.0
321839.22654516454	28.0
321881.98312360555	27.0
321924.7397020465	28.0
321967.4962804875	27.0
322010.2528589285	29.0
322053.0094373695	29.0
322095.7660158105	27.0
322138.5225942515	27.0
322181.2791726925	28.0
322211.27917269315	28.0
322241.2791726937	27.0
322271.27917269437	28.0
322313.705579566	28.0
322356.13198643766	28.0
322398.55839330924	28.0
322432.3083933088	27.0
322466.0583933083	27.0
322499.80839330785	27.0
322533.5583933074	28.0
322567.3083933069	28.0
322601.05839330645	28.0
322634.808393306	28.0
322668.5583933055	28.0
322710.984800177	28.0
322753.41120704846	28.0
322795.83761391987	28.0
322838.26402079134	28.0
322880.6904276628	28.0
322923.1168345343	28.0
322965.5432414057	28.0
323007.96964827715	27.0
323050.3960551486	28.0
323092.8224620201	28.0
323152.82246201916	28.0
323195.24886889005	28.0
323237.6752757609	28.0
323280.10168263176	27.0
323322.5280895026	28.0
323358.9286389488	27.0
323395.3291883951	27.0
323431.72973784135	27.0
323468.1302872876	29.0
323504.5308367339	27.0
323540.9313861801	28.0
323575.91709754954	28.0
323610.90280891897	29.0
323645.8885202884	27.0
323680.87423165777	27.0
323715.8599430272	27.0
323745.85994302726	27.0
323775.8599430273	27.0
323805.8599430274	27.0
323835.8599430274	27.0
323865.85994302743	27.0
323895.8599430275	27.0
323925.85994302755	27.0
323955.8599430276	27.0
323985.85994302767	27.0
324015.85994302767	27.0
324045.8599430277	27.0
324075.8599430278	27.0
324105.85994302784	28.0
324135.8599430279	28.0
324165.85994302796	28.0
324195.85994302796	28.0
324225.859943028	28.0
324255.8599430281	28.0
324285.85994302813	28.0
324328.2863498992	28.0
324370.7127567702	27.0
324413.13916364126	27.0
324455.5655705123	27.0
324497.9919773834	27.0
324540.4183842544	27.0
324582.84479112545	26.0
324625.2711979965	27.0
324667.6976048676	28.0
324697.6976048676	27.0
324727.6976048676	28.0
324757.6976048676	27.0
324787.6976048676	28.0
324823.7531176228	28.0
324859.80863037804	30.0
324895.8641431333	27.0
324931.9196558885	27.0
324967.9751686438	28.0
325004.03068139905	27.0
325044.0306813984	28.0
325084.0306813978	26.0
325124.0306813972	28.0
325157.5717010595	27.0
325191.1127207219	28.0
325224.65374038427	27.0
325258.1947600466	27.0
325291.73577970895	27.0
325325.27679937135	27.0
325355.27679937135	27.0
325385.27679937135	27.0
325415.27679937135	27.0
325445.27679937135	27.0
325475.27679937135	27.0
325505.27679937135	27.0
325535.27679937135	26.0
325565.27679937135	27.0
325595.27679937135	27.0
325625.27679937135	27.0
325655.27679937135	27.0
325685.27679937135	27.0
325715.27679937135	27.0
325745.27679937135	27.0
325775.27679937135	27.0
325805.27679937135	27.0
325835.27679937135	28.0
325865.27679937135	28.0
325895.27679937135	28.0
325925.27679937135	28.0
325955.27679937135	28.0
325985.27679937135	28.0
326015.27679937135	28.0
326045.27679937135	28.0
326075.27679937135	28.0
326105.27679937135	28.0
326135.27679937135	28.0
326165.27679937135	28.0
326195.27679937135	28.0
326225.27679937135	28.0
326267.70320624247	28.0
326310.1296131136	28.0
326352.5560199847	28.0
326394.98242685583	28.0
326437.40883372695	28.0
326479.83524059807	28.0
326522.2616474692	28.0
326564.6880543403	27.0
326607.11446121143	28.0
326645.00294481893	28.0
326682.8914284265	27.0
326720.779912034	28.0
326758.66839564155	28.0
326796.55687924905	27.0
326834.4453628566	28.0
326872.3338464641	31.0
326910.2223300717	28.0
326948.1108136792	27.0
326985.99929728673	27.0
327023.88778089423	27.0
327053.88778089423	27.0
327083.88778089423	27.0
327113.88778089423	27.0
327143.88778089423	27.0
327173.88778089423	27.0
327203.88778089423	27.0
327233.88778089423	27.0
327263.88778089423	27.0
327293.88778089423	27.0
327323.88778089423	27.0
327353.88778089423	27.0
327383.88778089423	27.0
327413.88778089423	27.0
327443.88778089423	27.0
327473.88778089423	27.0
327503.88778089423	28.0
327533.88778089423	28.0
327563.88778089423	28.0
327593.88778089423	28.0
327623.88778089423	28.0
327653.88778089423	28.0
327683.88778089423	28.0
327713.88778089423	28.0
327743.88778089423	28.0
327773.88778089423	28.0
327803.88778089423	28.0
327833.88778089423	28.0
327863.88778089423	28.0
327893.88778089423	27.0
327925.510557496	30.0
327957.1333340977	27.0
327988.75611069944	27.0
328020.3788873012	27.0
328052.0016639029	27.0
328083.62444050465	27.0
328126.0508473759	28.0
328168.47725424706	28.0
328210.9036611183	28.0
328253.3300679895	28.0
328295.7564748607	28.0
328338.1828817319	28.0
328380.6092886031	28.0
328423.0356954743	28.0
328465.46210234554	27.0
328507.8885092167	27.0
328550.31491608795	27.0
328592.7413229592	27.0
328635.16772983037	27.0
328677.5941367016	28.0
328720.0205435728	28.0
328762.446950444	28.0
328804.8733573152	28.0
328847.29976418643	28.0
328889.7261710576	28.0
328932.15257792885	28.0
328974.5789848001	28.0
329017.00539167126	28.0
329059.4317985425	28.0
329101.8582054137	28.0
329144.2846122849	28.0
329186.7110191561	28.0
329229.13742602733	28.0
329271.5638328985	28.0
329313.99023976974	28.0
329356.4166466409	28.0
329398.84305351216	28.0
329441.2694603834	28.0
329483.6958672546	27.0
329526.1222741258	27.0
329568.548680997	27.0
329610.9750878682	27.0
329653.4014947394	27.0
329695.82790161064	27.0
329729.36892127345	28.0
329762.90994093625	27.0
329796.45096059906	27.0
329829.99198026187	27.0
329863.1706849724	27.0
329896.349389683	27.0
329929.52809439355	27.0
329962.7067991041	27.0
329995.8855038147	28.0
330029.06420852523	27.0
330062.2429132358	29.0
330095.42161794635	34.0
330128.600322657	27.0
330161.77902736753	27.0
330194.9577320781	28.0
330231.0132448331	27.0
330267.06875758804	26.0
330303.12427034305	27.0
330343.1242703424	28.0
330383.1242703418	28.0
330423.1242703412	28.0
330465.55067721306	26.0
330495.5506772132	26.0
330525.5506772133	27.0
330555.5506772134	26.0
330585.5506772135	26.0
330615.55067721364	27.0
330645.55067721376	27.0
330675.5506772139	26.0
330705.550677214	26.0
330735.5506772141	26.0
330765.5506772142	26.0
330795.55067721434	27.0
330825.55067721446	27.0
330855.5506772146	27.0
330885.5506772147	27.0
330915.5506772148	27.0
330945.5506772149	28.0
330983.4980091365	30.0
331021.44534105813	26.0
331059.39267297974	26.0
331097.34000490134	27.0
331135.28733682295	27.0
331165.28733682295	27.0
331195.28733682295	27.0
331225.28733682295	28.0
331255.28733682295	28.0
331285.28733682295	28.0
331315.28733682295	28.0
331357.71374369407	27.0
331400.14015056513	28.0
331442.56655743625	27.0
331484.99296430737	27.0
331527.41937117843	27.0
331569.84577804955	27.0
331612.2721849206	27.0
331642.27218492154	28.0
331672.2721849225	27.0
331714.698591793	28.0
331757.12499866355	25.0
331787.1249986638	26.0
331817.124998664	27.0
331847.12499866425	27.0
331877.1249986645	27.0
331919.55140553537	27.0
331961.9778124062	28.0
332004.4042192771	27.0
332046.8306261479	28.0
332081.81633751723	27.0
332116.8020488865	28.0
332151.7877602558	27.0
332186.7734716251	28.0
332221.75918299437	27.0
332261.75918299373	27.0
332301.75918299315	27.0
332341.7591829925	28.0
332384.1855898644	27.0
332414.1855898645	27.0
332444.1855898646	27.0
332474.18558986473	27.0
332504.18558986485	27.0
332534.18558986497	27.0
332564.1855898651	27.0
332594.1855898652	27.0
332624.1855898653	27.0
332654.18558986543	27.0
332684.18558986555	27.0
332714.18558986566	27.0
332744.1855898658	27.0
332774.1855898659	27.0
332804.185589866	27.0
332834.18558986613	27.0
332864.18558986625	27.0
332906.6119967373	28.0
332949.0384036084	28.0
332991.4648104795	27.0
333033.89121735055	27.0
333076.3176242217	28.0
333118.74403109273	27.0
333148.74403109273	27.0
333178.74403109273	27.0
333208.74403109273	27.0
333262.8273002248	27.0
333316.9105693569	27.0
333346.9105693569	27.0
333376.9105693569	27.0
333406.9105693569	27.0
333436.9105693569	27.0
333466.9105693569	27.0
333496.9105693569	27.0
333526.9105693569	27.0
333556.9105693569	28.0
333586.9105693569	28.0
333616.9105693569	28.0
333659.3369762288	27.0
333701.7633831006	27.0
333744.1897899725	27.0
333786.6161968443	27.0
333829.0426037162	28.0
333873.76396326534	28.0
333918.4853228145	27.0
333963.2066823637	28.0
334003.20668236306	27.0
334043.2066823625	27.0
334083.20668236184	28.0
334118.19239373144	27.0
334153.178105101	27.0
334188.1638164706	27.0
334223.14952784014	27.0
334258.13523920975	28.0
334303.1352392088	26.0
334348.1352392079	26.0
334390.56164607906	28.0
334432.9880529503	28.0
334475.4144598215	28.0
334517.84086669266	28.0
334560.26727356383	28.0
334602.69368043507	28.0
334645.12008730625	27.0
334675.12008730636	27.0
334705.12008730654	27.0
334735.12008730666	27.0
334765.12008730683	27.0
334795.12008730695	27.0
334825.1200873071	27.0
334855.12008730724	27.0
334885.1200873074	27.0
334915.1200873075	27.0
334945.1200873077	27.0
334975.1200873078	27.0
335005.120087308	27.0
335035.1200873081	27.0
335068.1612128388	30.0
335101.20233836945	26.0
335134.2434639001	26.0
335167.2845894308	26.0
335200.32571496145	27.0
335233.3668404921	27.0
335266.4079660228	27.0
335299.44909155346	28.0
335332.4902170841	27.0
335365.5313426148	27.0
335398.57246814546	27.0
335431.6135936761	27.0
335464.6547192068	26.0
335505.0155913481	27.0
335545.3764634894	27.0
335585.7373356307	27.0
335626.098207772	28.0
335666.4590799133	27.0
335706.8199520546	26.0
335747.18082419585	27.0
335787.54169633717	26.0
335827.9025684785	26.0
335868.26344061975	26.0
335906.682186044	34.0
335945.1009314683	38.0
335983.51967689255	27.0
336021.93842231686	27.0
336060.3571677411	26.0
336090.3571677411	26.0
336120.3571677411	27.0
336150.3571677411	27.0
336180.3571677411	27.0
336223.7156985375	27.0
336267.07422933384	27.0
336310.4327601302	27.0
336353.7912909266	27.0
336397.14982172294	27.0
336440.50835251925	27.0
336483.8668833156	27.0
336527.225414112	27.0
336570.58394490834	27.0
336613.9424757047	27.0
336657.3010065011	27.0
336700.65953729744	27.0
336744.0180680938	28.0
336787.3765988902	27.0
336830.73512968654	27.0
336874.0936604829	27.0
336917.45219127927	28.0
336960.8107220756	27.0
337004.16925287194	27.0
337047.5277836683	27.0
337090.8863144647	27.0
337134.24484526104	27.0
337177.6033760574	26.0
337210.5571378035	26.0
337243.5108995496	26.0
337276.4646612957	26.0
337309.4184230418	27.0
337342.3721847879	27.0
337375.325946534	27.0
337408.2797082801	27.0
337441.23347002617	27.0
337474.1872317723	27.0
337507.14099351835	27.0
337540.09475526446	27.0
337570.09475526493	27.0
337600.0947552654	26.0
337637.5947552657	27.0
337675.094755266	27.0
337712.5947552662	27.0
337750.0947552665	27.0
337786.5913304481	27.0
337823.0879056297	27.0
337859.5844808113	27.0
337896.0810559929	27.0
337932.5776311745	27.0
337975.00403804565	27.0
338017.4304449168	27.0
338059.85685178795	27.0
338102.28325865907	27.0
338144.70966553024	27.0
338187.13607240136	27.0
338229.5624792725	27.0
338271.9888861436	27.0
338314.4152930148	27.0
338356.8416998859	27.0
338399.268106757	27.0
338441.6945136282	27.0
338471.69451362913	26.0
338501.69451363006	27.0
338552.6062018751	26.0
338603.51789012016	27.0
338654.4295783652	27.0
338705.3412666102	27.0
338756.25295485527	27.0
338786.8470719368	27.0
338817.44118901837	27.0
338848.0353060999	27.0
338878.62942318147	27.0
338909.2235402631	27.0
338951.6499471343	27.0
338994.0763540055	27.0
339036.5027608767	27.0
339078.9291677479	27.0
339121.35557461914	27.0
339163.7819814904	27.0
339206.20838836156	27.0
339248.6347952328	27.0
339291.061202104	27.0
339333.4876089752	27.0
339375.91401584644	27.0
339418.3404227176	27.0
339460.76682958886	27.0
339503.1932364601	27.0
339545.6196433313	27.0
339588.0460502025	27.0
339630.4724570737	27.0
339672.8988639449	27.0
339715.32527081616	27.0
339757.75167768734	27.0
339800.1780845586	27.0
339842.6044914298	27.0
339885.030898301	27.0
339927.4573051722	27.0
339969.8837120434	27.0
340012.31011891464	27.0
340054.7365257859	27.0
340097.16293265705	27.0
340139.5893395283	27.0
340182.0157463995	27.0
340224.4421532707	27.0
340256.31715327065	27.0
340288.1921532706	27.0
340320.06715327053	27.0
340351.9421532705	27.0
340383.8171532704	27.0
340415.69215327036	27.0
340447.5671532703	27.0
340479.44215327024	27.0
340511.3171532702	27.0
340543.1921532701	27.0
340575.06715327007	27.0
340606.94215327	27.0
340638.81715326995	27.0
340670.6921532699	27.0
340702.56715326983	27.0
340734.4421532698	27.0
340776.86856014107	27.0
340819.29496701236	27.0
340861.72137388366	27.0
340904.147780755	27.0
340946.5741876263	27.0
340989.0005944976	27.0
341024.11469422944	27.0
341059.2287939613	27.0
341094.34289369313	27.0
341129.456993425	27.0
341164.5710931568	26.0
341199.68519288866	30.0
341234.7992926205	27.0
341269.91339235235	30.0
341305.0274920842	27.0
341340.14159181603	27.0
341382.5679986875	27.0
341424.994405559	27.0
341467.4208124304	27.0
341509.84721930185	27.0
341552.2736261733	27.0
341590.22095809504	27.0
341628.16829001677	27.0
341666.1156219385	28.0
341704.0629538602	27.0
341742.01028578193	27.0
341781.0615341614	27.0
341820.1127825408	27.0
341859.16403092025	28.0
341898.21527929965	27.0
341937.2665276791	26.0
341976.3177760585	27.0
342010.3177760585	27.0
342044.3177760585	27.0
342078.3177760585	27.0
342112.3177760585	27.0
342146.3177760585	27.0
342180.3177760585	27.0
342214.3177760585	27.0
342248.3177760585	27.0
342282.3177760585	27.0
342316.3177760585	27.0
342350.3177760585	26.0
342384.3177760585	28.0
342418.3177760585	26.0
342452.3177760585	30.0
342486.3177760585	26.0
342528.7441829298	27.0
342571.1705898011	27.0
342613.59699667245	27.0
342656.02340354375	27.0
342698.44981041504	27.0
342740.87621728634	27.0
342783.3026241577	27.0
342825.729031029	27.0
342868.1554379003	27.0
342910.5818447716	27.0
342953.0082516429	27.0
342995.4346585142	27.0
343037.8610653855	27.0
343080.2874722568	27.0
343122.71387912816	26.0
343165.14028599946	26.0
343207.56669287075	27.0
343241.107712533	27.0
343274.6487321952	27.0
343308.1897518574	27.0
343341.73077151965	27.0
343375.2717911818	27.0
343408.81281084404	26.0
343438.81281084404	26.0
343468.81281084404	26.0
343498.81281084404	27.0
343528.81281084404	26.0
343558.81281084404	26.0
343588.81281084404	27.0
343618.81281084404	27.0
343648.81281084404	27.0
343712.4524211492	26.0
343776.0920314543	27.0
343807.7148080567	26.0
343839.33758465905	27.0
343870.96036126144	27.0
343900.96036126144	27.0
343930.96036126144	27.0
343960.96036126144	27.0
343990.96036126144	27.0
344020.96036126144	27.0
344050.96036126144	27.0
344080.96036126144	27.0
344110.96036126144	27.0
344140.96036126144	27.0
344170.96036126144	27.0
344200.96036126144	27.0
344230.96036126144	27.0
344260.96036126144	27.0
344290.96036126144	27.0
344320.96036126144	27.0
344350.96036126144	27.0
344380.96036126144	27.0
344410.96036126144	27.0
344440.96036126144	27.0
344470.96036126144	27.0
344500.96036126144	27.0
344530.96036126144	27.0
344560.96036126144	27.0
344590.96036126144	27.0
344620.96036126144	27.0
344650.96036126144	27.0
344680.96036126144	27.0
344710.96036126144	27.0
344740.96036126144	27.0
344770.96036126144	27.0
344800.96036126144	27.0
344830.96036126144	27.0
344860.96036126144	27.0
344890.96036126144	27.0
344920.96036126144	27.0
344950.96036126144	27.0
344980.96036126144	27.0
345010.96036126144	27.0
345040.96036126144	27.0
345070.96036126144	27.0
345100.96036126144	27.0
345130.96036126144	27.0
345160.96036126144	27.0
345190.96036126144	27.0
345220.96036126144	27.0
345305.8131750019	27.0
345335.81317500223	27.0
345365.81317500264	27.0
345395.813175003	27.0
345425.8131750034	27.0
345455.81317500374	26.0
345490.0184377565	28.0
345524.22370050935	27.0
345558.4289632621	27.0
345592.6342260149	27.0
345626.8394887677	28.0
345661.0447515205	27.0
345695.2500142733	27.0
345729.4552770261	27.0
345763.6605397789	27.0
345797.8658025317	27.0
345827.86580253177	27.0
345857.8658025318	27.0
345887.8658025319	27.0
345917.86580253195	27.0
345947.865802532	27.0
345977.86580253206	27.0
346007.8658025321	27.0
346037.8658025322	27.0
346067.8658025322	27.0
346097.86580253224	27.0
346127.8658025323	27.0
346157.86580253235	27.0
346187.8658025324	27.0
346217.86580253247	27.0
346247.8658025325	27.0
346277.8658025326	27.0
346307.86580253264	27.0
346337.8658025327	27.0
346367.86580253276	27.0
346397.8658025328	27.0
346427.8658025329	27.0
346457.86580253294	27.0
346487.865802533	27.0
346517.86580253305	27.0
346547.8658025331	27.0
346577.8658025331	27.0
346607.86580253317	27.0
346637.8658025332	27.0
346667.8658025333	27.0
346697.86580253334	27.0
346727.8658025334	27.0
346757.86580253346	27.0
346787.8658025335	26.0
346817.8658025336	26.0
346871.9490716645	27.0
346926.03234079544	27.0
346956.0323407964	27.0
346986.0323407973	27.0
347029.04396713234	26.0
347072.05559346743	27.0
347115.06721980247	27.0
347158.0788461375	26.0
347201.09047247254	27.0
347244.10209880763	27.0
347275.30256976164	27.0
347306.5030407157	27.0
347337.7035116697	27.0
347368.9039826237	26.0
347400.1044535778	26.0
347431.3049245318	26.0
347462.5053954858	26.0
347504.93180235795	27.0
347547.3582092301	27.0
347577.3582092303	27.0
347607.3582092305	27.0
347637.3582092307	27.0
347667.3582092309	27.0
347697.35820923105	27.0
347727.3582092312	27.0
347757.3582092314	27.0
347787.35820923164	27.0
347817.3582092318	27.0
347847.358209232	27.0
347886.8705426204	27.0
347926.38287600887	27.0
347965.89520939725	27.0
348005.4075427857	29.0
348044.9198761741	31.0
348084.43220956257	26.0
348123.94454295095	26.0
348155.01597152237	27.0
348186.08740009373	27.0
348217.15882866515	26.0
348248.2302572365	27.0
348279.30168580794	27.0
348310.3731143793	27.0
348341.4445429507	27.0
348372.51597152214	27.0
348403.5874000935	27.0
348434.6588286649	27.0
348465.7302572363	27.0
348496.8016858077	27.0
348527.87311437906	27.0
348558.9445429505	27.0
348590.0159715219	27.0
348621.08740009327	27.0
348652.1588286647	27.0
348683.23025723605	27.0
348714.30168580747	27.0
348745.37311437883	27.0
348776.44454295025	27.0
348807.5159715217	27.0
348838.58740009303	27.0
348869.65882866445	27.0
348900.7302572358	27.0
348931.80168580724	27.0
348962.8731143786	27.0
348993.94454295	27.0
349041.9679747309	27.0
349089.99140651175	27.0
349138.0148382926	27.0
349186.0382700734	27.0
349219.5792897358	27.0
349253.1203093982	26.0
349286.6613290606	27.0
349320.202348723	27.0
349353.74336838536	30.0
349387.28438804776	26.0
349420.82540771016	29.0
349454.36642737256	27.0
349496.79283424444	26.0
349539.21924111625	27.0
349581.64564798813	27.0
349624.07205485995	27.0
349666.4984617318	27.0
349698.12123833346	26.0
349729.7440149351	27.0
349761.3667915368	27.0
349792.98956813844	26.0
349824.6123447401	27.0
349856.2351213417	27.0
349887.8578979434	31.0
349919.48067454505	27.0
349951.1034511467	26.0
349994.8355903579	27.0
350038.56772956904	29.0
350082.29986878025	26.0
350126.0320079914	27.0
350156.0320079914	27.0
350186.0320079914	27.0
350216.0320079914	27.0
350246.0320079914	27.0
350288.4584148626	27.0
350330.8848217338	27.0
350373.311228605	27.0
350415.73763547617	27.0
350458.16404234734	27.0
350500.5904492186	27.0
350530.5904492195	26.0
350560.59044922044	27.0
350603.01685609197	26.0
350645.4432629635	27.0
350685.44326296286	27.0
350725.4432629623	27.0
350765.44326296163	27.0
350807.8696698325	27.0
350850.29607670335	27.0
350880.4197885686	27.0
350910.5435004338	27.0
350940.667212299	27.0
350970.79092416423	27.0
351000.91463602945	27.0
351031.0383478947	27.0
351061.1620597599	27.0
351091.2857716252	27.0
351121.4094834904	27.0
351151.5331953556	26.0
351181.65690722084	27.0
351224.083314092	26.0
351266.50972096325	27.0
351296.50972096325	26.0
351326.50972096325	27.0
351360.050740626	27.0
351393.59176028875	26.0
351427.1327799515	27.0
351460.6737996142	27.0
351494.21481927694	27.0
351527.7558389397	26.0
351561.29685860244	27.0
351594.8378782652	27.0
351628.37889792793	27.0
351661.9199175906	27.0
351695.4609372534	27.0
351729.0019569161	26.0
351813.8547706552	27.0
351845.477547257	26.0
351877.10032385867	27.0
351908.7231004604	27.0
351940.3458770622	26.0
351971.9686536639	27.0
352003.59143026563	27.0
352033.5914302661	27.0
352063.59143026656	27.0
352093.591430267	27.0
352123.5914302675	27.0
352177.67469939764	27.0
352231.7579685278	27.0
352261.7579685287	27.0
352291.75796852965	27.0
352321.7579685306	27.0
352351.7579685315	27.0
352394.1843754027	27.0
352424.1843754027	27.0
352454.1843754027	27.0
352484.1843754027	27.0
352514.1843754027	27.0
352544.1843754027	27.0
352574.1843754027	27.0
352604.1843754027	27.0
352634.1843754027	27.0
352664.1843754027	27.0
352694.1843754027	27.0
352724.1843754027	27.0
352754.1843754027	27.0
352784.1843754027	27.0
352814.1843754027	27.0
352844.1843754027	27.0
352874.1843754027	27.0
352904.1843754027	27.0
352934.1843754027	27.0
352964.1843754027	27.0
352994.1843754027	27.0
353024.1843754027	27.0
353054.1843754027	27.0
353084.1843754027	27.0
353114.1843754027	27.0
353144.1843754027	27.0
353174.1843754027	27.0
353204.1843754027	27.0
353234.1843754027	27.0
353264.1843754027	27.0
353300.2398881582	27.0
353336.2954009137	27.0
353372.3509136692	27.0
353404.0175803358	27.0
353435.68424700235	27.0
353467.3509136689	27.0
353499.0175803355	27.0
353530.684247002	27.0
353562.3509136686	27.0
353594.01758033514	27.0
353625.6842470017	27.0
353657.3509136683	27.0
353689.01758033485	27.0
353720.6842470014	27.0
353752.350913668	27.0
353784.01758033456	26.0
353815.6842470011	26.0
353847.35091366764	26.0
353879.0175803342	26.0
353910.6842470008	26.0
353942.35091366735	27.0
353978.7514631134	32.0
354015.15201255947	26.0
354051.5525620055	27.0
354087.9531114516	26.0
354124.35366089764	27.0
354160.7542103437	27.0
354190.75421034393	26.0
354220.7542103441	27.0
354250.75421034434	27.0
354280.7542103445	27.0
354310.75421034475	27.0
354340.7542103449	27.0
354370.75421034516	27.0
354400.75421034533	27.0
354430.75421034556	27.0
354475.4755698951	27.0
354520.19692944473	28.0
354564.9182889943	27.0
354607.3446958655	27.0
354649.77110273676	27.0
354692.197509608	27.0
354734.62391647924	27.0
354777.05032335053	27.0
354819.47673022177	27.0
354861.903137093	27.0
354904.32954396424	27.0
354946.7559508355	27.0
354989.1823577067	27.0
355031.60876457795	27.0
355074.0351714492	27.0
355116.4615783205	27.0
355158.8879851917	27.0
355201.31439206295	27.0
355243.7407989342	27.0
355286.1672058054	27.0
355328.59361267666	27.0
355371.0200195479	27.0
355413.44642641913	27.0
355455.8728332904	27.0
355498.29924016166	27.0
355540.7256470329	27.0
355583.15205390414	27.0
355625.5784607754	27.0
355668.0048676466	27.0
355718.00486764574	27.0
355768.00486764486	26.0
355818.004867644	27.0
355848.00486764446	27.0
355878.0048676449	27.0
355920.4312745162	26.0
355962.8576813875	27.0
356005.2840882588	27.0
356047.71049513004	26.0
356090.13690200134	27.0
356132.56330887263	27.0
356174.9897157439	27.0
356217.4161226152	26.0
356259.8425294865	26.0
356302.2689363578	26.0
356344.6953432291	26.0
356387.12175010034	26.0
356429.54815697164	27.0
356471.97456384293	27.0
356514.4009707142	26.0
356556.8273775855	26.0
356599.2537844568	26.0
356641.6801913281	27.0
356684.10659819935	27.0
356726.53300507064	27.0
356768.95941194193	27.0
356801.2704007846	27.0
356833.58138962736	27.0
356865.89237847005	27.0
356898.20336731273	27.0
356930.5143561555	26.0
356972.94076302636	27.0
357015.3671698972	27.0
357045.3671698978	27.0
357075.3671698984	26.0
357105.36716989905	27.0
357147.79357677023	27.0
357177.79357677023	27.0
357207.79357677023	27.0
357237.79357677023	27.0
357267.79357677023	27.0
357297.79357677023	27.0
357327.79357677023	27.0
357357.79357677023	27.0
357387.79357677023	27.0
357417.79357677023	27.0
357447.79357677023	27.0
357477.79357677023	27.0
357507.79357677023	27.0
357537.79357677023	27.0
357567.79357677023	27.0
357597.79357677023	27.0
357627.79357677023	27.0
357657.79357677023	27.0
357687.79357677023	27.0
357717.79357677023	27.0
357747.79357677023	27.0
357777.79357677023	27.0
357807.79357677023	27.0
357837.79357677023	27.0
357867.79357677023	27.0
357897.79357677023	27.0
357927.79357677023	27.0
357957.79357677023	27.0
358000.2199836414	27.0
358042.6463905126	27.0
358085.07279738376	27.0
358127.49920425494	27.0
358169.9256111261	27.0
358212.3520179973	27.0
358254.7784248685	27.0
358297.2048317396	27.0
358339.6312386108	27.0
358382.05764548195	27.0
358424.48405235313	27.0
358466.9104592243	27.0
358509.3368660955	27.0
358551.76327296667	27.0
358594.18967983784	27.0
358636.616086709	27.0
358679.0424935802	27.0
358721.4689004514	27.0
358763.89530732256	27.0
358806.32171419373	27.0
358848.7481210649	27.0
358891.17452793603	27.0
358933.6009348072	27.0
358976.0273416784	27.0
359018.45374854957	27.0
359060.88015542075	27.0
359103.3065622919	27.0
359145.7329691631	27.0
359188.1593760343	26.0
359230.58578290546	27.0
359273.01218977664	27.0
359315.4385966478	27.0
359357.865003519	26.0
359400.2914103902	26.0
359442.71781726135	27.0
359476.46781726123	27.0
359510.2178172611	27.0
359543.967817261	27.0
359577.7178172609	27.0
359611.46781726077	27.0
359645.21781726065	27.0
359678.96781726053	27.0
359712.7178172604	27.0
359759.5793153157	27.0
359806.440813371	27.0
359853.30231142626	26.0
359900.1638094815	27.0
359947.02530753677	26.0
359977.0253075377	26.0
360007.0253075386	27.0
360041.5778407456	26.0
360076.1303739526	27.0
360110.6829071596	26.0
360145.2354403666	28.0
360179.7879735736	27.0
360214.3405067806	28.0
360248.8930399876	27.0
360288.22778572474	27.0
360327.5625314619	26.0
360366.8972771991	29.0
360406.2320229362	26.0
360445.56676867337	26.0
360484.9015144105	26.0
360524.2362601477	26.0
360563.57100588485	26.0
360602.905751622	26.0
360642.24049735913	26.0
360681.57524309633	27.0
360720.9099888335	26.0
360760.2447345706	26.0
360799.57948030776	27.0
360838.91422604496	27.0
360878.2489717821	26.0
360917.58371751924	26.0
360956.9184632564	27.0
360997.30719931005	26.0
361037.69593536376	27.0
361078.0846714174	27.0
361118.4734074711	27.0
361148.4734074717	27.0
361178.4734074723	26.0
361208.47340747295	27.0
361250.89981434436	27.0
361293.3262212158	27.0
361335.7526280872	27.0
361373.9952744387	27.0
361412.23792079027	27.0
361450.4805671418	27.0
361488.7232134933	27.0
361535.58471154823	26.0
361582.4462096031	27.0
361629.30770765804	27.0
361676.16920571297	27.0
361723.0307037679	27.0
361753.03070376854	27.0
361783.0307037691	27.0
361813.03070376976	27.0
361855.4571106411	27.0
361897.8835175124	27.0
361940.30992438376	27.0
361982.73633125506	26.0
362025.1627381264	26.0
362065.1627381252	26.0
362105.1627381239	26.0
362145.1627381227	26.0
362184.2139865026	27.0
362223.26523488254	27.0
362262.3164832624	27.0
362301.3677316423	27.0
362340.41898002225	27.0
362379.4702284022	27.0
362424.47022840125	27.0
362469.4702284003	27.0
362511.8966352725	27.0
362554.32304214465	27.0
362585.9458187469	27.0
362617.5685953492	27.0
362649.1913719515	27.0
362679.9808456356	27.0
362710.77031931974	27.0
362741.55979300383	27.0
362772.34926668793	27.0
362803.13874037203	27.0
362833.9282140562	27.0
362864.7176877403	27.0
362895.5071614244	27.0
362926.2966351085	27.0
362957.08610879263	27.0
362987.8755824767	27.0
363018.6650561608	27.0
363049.4545298449	27.0
363080.2440035291	26.0
363111.0334772132	27.0
363141.8229508973	27.0
363172.61242458137	27.0
363203.4018982655	27.0
363234.1913719496	27.0
363264.9808456337	27.0
363295.7703193179	27.0
363326.559793002	27.0
363357.34926668607	27.0
363388.13874037017	27.0
363418.9282140543	27.0
363449.7176877384	27.0
363480.5071614225	27.0
363511.2966351066	27.0
363542.08610879077	27.0
363572.87558247487	27.0
363603.66505615896	27.0
363634.45452984306	27.0
363665.2440035272	27.0
363696.0334772113	27.0
363726.8229508954	27.0
363757.6124245795	27.0
363788.40189826366	26.0
363819.19137194776	27.0
363861.6177788193	27.0
363904.0441856908	26.0
363934.04418569175	26.0
363964.0441856927	26.0
364014.044185692	26.0
364064.04418569134	26.0
364114.04418569064	26.0
364144.96747788327	25.0
364175.8907700759	26.0
364206.8140622686	26.0
364237.7373544612	26.0
364280.68427326356	25.0
364323.63119206595	26.0
364366.5781108683	26.0
364409.5250296707	25.0
364452.471948473	26.0
364495.4188672754	26.0
364538.36578607775	26.0
364581.31270488014	26.0
364624.2596236825	26.0
364667.20654248487	26.0
364710.1534612872	26.0
364753.1003800896	26.0
364796.04729889194	26.0
364838.9942176943	26.0
364881.94113649667	26.0
364924.888055299	26.0
364967.8349741014	26.0
365010.78189290373	26.0
365053.7288117061	26.0
365096.67573050846	26.0
365139.62264931086	25.0
365182.5695681132	26.0
365225.5164869156	26.0
365268.4634057179	26.0
365311.4103245203	26.0
365354.35724332265	26.0
365397.304162125	26.0
365440.2510809274	27.0
365483.1979997297	27.0
365526.1449185321	28.0
365569.09183733445	26.0
365612.03875613684	27.0
365654.9856749392	27.0
365697.93259374157	26.0
365740.8795125439	28.0
365783.8264313463	26.0
365826.77335014864	26.0
365869.720268951	26.0
365912.66718775337	26.0
365955.6141065557	26.0
365998.5610253581	26.0
366028.56102535827	26.0
366058.56102535845	26.0
366088.5610253587	26.0
366118.56102535885	26.0
366148.561025359	26.0
366184.61653811403	26.0
366220.672050869	26.0
366256.727563624	25.0
366286.727563624	25.0
366316.727563624	26.0
366346.727563624	26.0
366376.727563624	26.0
366406.727563624	25.0
366449.15397049586	26.0
366479.6802862853	25.0
366510.2066020748	25.0
366540.7329178642	26.0
366571.25923365366	26.0
366601.78554944316	26.0
366632.3118652326	26.0
366662.83818102203	25.0
366693.3644968115	25.0
366723.89081260096	25.0
366754.41712839046	25.0
366784.9434441799	25.0
366815.46975996933	26.0
366845.9960757588	26.0
366876.52239154826	26.0
366907.0487073377	26.0
366937.5750231272	26.0
366968.10133891663	26.0
366998.62765470607	26.0
367029.15397049556	26.0
367059.680286285	26.0
367090.20660207444	26.0
367120.73291786393	26.0
367151.25923365337	26.0
367181.7855494428	26.0
367212.3118652323	26.0
367242.83818102174	26.0
367273.3644968112	26.0
367303.8908126007	26.0
367334.4171283901	26.0
367364.9434441796	26.0
367395.46975996904	26.0
367425.9960757585	26.0
367456.522391548	26.0
367487.0487073374	26.0
367517.57502312685	26.0
367548.10133891634	26.0
367578.6276547058	26.0
367609.1539704952	26.0
367639.6802862847	26.0
367670.20660207415	26.0
367700.7329178636	26.0
367731.2592336531	26.0
367761.7855494425	26.0
367792.31186523195	26.0
367822.83818102145	26.0
367853.3644968109	26.0
367883.8908126003	26.0
367914.4171283898	26.0
367944.94344417925	26.0
367975.46975996875	26.0
368005.9960757582	26.0
368036.5223915476	26.0
368067.0487073371	26.0
368097.57502312656	26.0
368128.101338916	26.0
368158.6276547055	26.0
368189.1539704949	26.0
368231.5803773662	26.0
368274.00678423746	26.0
368316.43319110875	26.0
368358.85959798	26.0
368401.2860048513	25.0
368443.7124117225	26.0
368486.1388185938	25.0
368528.56522546505	25.0
368570.99163233634	26.0
368612.1545738626	26.0
368653.3175153889	26.0
368694.48045691516	26.0
368735.64339844143	26.0
368776.8063399677	26.0
368817.969281494	26.0
368859.13222302025	27.0
368900.2951645465	26.0
368941.4581060728	26.0
368982.62104759907	25.0
369023.78398912534	26.0
369064.9469306516	27.0
369106.1098721779	26.0
369147.27281370416	25.0
369207.2728137023	26.0
369242.2585250719	25.0
369277.24423644145	25.0
369312.22994781105	25.0
369347.2156591806	26.0
369382.2013705502	26.0
369413.8680372168	26.0
369445.53470388334	26.0
369477.2013705499	25.0
369508.8680372165	26.0
369540.534703883	26.0
369572.20137054956	26.0
369603.86803721613	26.0
369635.5347038827	26.0
369667.2013705493	26.0
369698.86803721584	26.0
369730.5347038824	26.0
369762.201370549	26.0
369793.86803721555	26.0
369825.53470388206	26.0
369857.20137054863	26.0
369888.8680372152	26.0
369920.53470388177	26.0
369952.20137054834	26.0
369993.2379396057	26.0
370034.27450866305	26.0
370075.3110777204	26.0
370116.3476467778	26.0
370157.3842158352	26.0
370198.4207848925	26.0
370239.4573539499	26.0
370280.4939230073	25.0
370321.53049206466	26.0
370362.567061122	30.0
370403.60363017936	28.0
370444.64019923675	25.0
370485.6767682941	26.0
370526.71333735145	26.0
370567.74990640883	26.0
370598.34402349056	26.0
370628.93814057234	26.0
370659.53225765406	26.0
370690.1263747358	26.0
370720.7204918175	26.0
370758.2204918178	26.0
370795.7204918181	26.0
370833.2204918183	25.0
370870.7204918186	26.0
370906.2961154953	26.0
370941.871739172	25.0
370977.44736284873	25.0
371013.02298652544	25.0
371048.59861020214	26.0
371084.1742338789	26.0
371119.7498575556	25.0
371155.3254812323	26.0
371197.75188810384	26.0
371240.17829497537	26.0
371270.67013103224	25.0
371301.16196708905	25.0
371331.6538031459	26.0
371362.14563920273	26.0
371392.6374752596	26.0
371423.1293113164	25.0
371453.6211473733	25.0
371484.11298343015	26.0
371514.60481948697	26.0
371545.09665554384	25.0
371575.58849160065	26.0
371618.0148984722	25.0
371660.4413053437	26.0
371690.4413053437	26.0
371720.4413053437	26.0
371750.4413053437	26.0
371780.4413053437	26.0
371810.4413053437	26.0
371840.4413053437	26.0
371870.4413053437	26.0
371900.4413053437	26.0
371930.4413053437	26.0
371960.4413053437	26.0
371990.4413053437	26.0
372020.4413053437	26.0
372050.4413053437	26.0
372080.4413053437	26.0
372110.4413053437	26.0
372140.4413053437	26.0
372170.4413053437	25.0
372200.4413053437	25.0
372230.4413053437	25.0
372260.4413053437	25.0
372290.4413053437	25.0
372320.4413053437	25.0
372350.4413053437	25.0
372380.4413053437	25.0
372410.4413053437	25.0
372440.4413053437	25.0
372470.4413053437	26.0
372500.4413053437	26.0
372530.4413053437	26.0
372560.4413053437	26.0
372590.4413053437	26.0
372620.4413053437	26.0
372650.4413053437	26.0
372680.4413053437	26.0
372710.4413053437	26.0
372740.4413053437	26.0
372770.4413053437	26.0
372800.4413053437	26.0
372830.4413053437	26.0
372860.4413053437	26.0
372890.4413053437	26.0
372920.4413053437	26.0
372950.4413053437	26.0
372980.4413053437	26.0
373010.4413053437	26.0
373040.4413053437	26.0
373070.4413053437	26.0
373100.4413053437	25.0
373130.4413053437	26.0
373160.4413053437	26.0
373190.4413053437	25.0
373220.4413053437	25.0
373250.4413053437	26.0
373282.7522941868	29.0
373315.06328302994	25.0
373347.37427187304	25.0
373379.6852607162	25.0
373411.9962495593	25.0
373444.3072384024	25.0
373476.6182272455	25.0
373508.92921608867	25.0
373541.24020493176	26.0
373573.5511937749	25.0
373605.9411988078	25.0
373638.3312038407	25.0
373670.7212088736	25.0
373703.1112139065	25.0
373735.5012189394	25.0
373767.89122397226	26.0
373800.28122900514	25.0
373832.6712340381	25.0
373865.06123907096	25.0
373897.45124410384	25.0
373929.8412491367	25.0
373962.23125416966	25.0
373994.62125920254	25.0
374037.04766607285	26.0
374079.47407294315	25.0
374121.9004798135	25.0
374158.30102925986	26.0
374194.7015787062	25.0
374231.1021281525	26.0
374267.50267759885	25.0
374303.9032270452	26.0
374340.30377649155	25.0
374370.30377649155	25.0
374400.30377649155	25.0
374430.30377649155	25.0
374460.30377649155	25.0
374490.30377649155	25.0
374520.30377649155	26.0
374550.30377649155	26.0
374580.30377649155	26.0
374610.30377649155	26.0
374640.30377649155	26.0
374670.30377649155	25.0
374700.30377649155	25.0
374730.30377649155	25.0
374760.30377649155	25.0
374790.30377649155	26.0
374820.30377649155	26.0
374850.30377649155	26.0
374880.30377649155	26.0
374910.30377649155	26.0
374940.30377649155	26.0
374970.30377649155	26.0
375000.30377649155	26.0
375030.30377649155	26.0
375060.30377649155	26.0
375090.30377649155	26.0
375120.30377649155	26.0
375150.30377649155	26.0
375180.30377649155	26.0
375210.30377649155	26.0
375240.30377649155	26.0
375270.30377649155	26.0
375300.30377649155	26.0
375330.30377649155	26.0
375372.73018336267	26.0
375415.15659023385	26.0
375457.58299710497	26.0
375500.0094039761	26.0
375542.43581084727	26.0
375584.8622177184	26.0
375627.2886245895	26.0
375669.7150314606	25.0
375712.1414383318	25.0
375754.5678452029	25.0
375796.99425207404	25.0
375839.4206589452	25.0
375869.4206589452	24.0
375899.4206589452	26.0
375929.4206589452	26.0
375959.4206589452	26.0
375989.4206589452	26.0
376019.4206589452	26.0
376049.4206589452	26.0
376079.4206589452	26.0
376119.2837057429	25.0
376159.1467525406	26.0
376199.00979933824	26.0
376238.8728461359	25.0
376278.7358929336	25.0
376318.5989397313	25.0
376358.46198652894	26.0
376398.32503332663	25.0
376428.91915040824	25.0
376459.51326748985	28.0
376490.1073845714	25.0
376520.701501653	25.0
376551.2956187346	26.0
376593.7220256055	25.0
376636.14843247633	25.0
376666.14843247697	25.0
376696.14843247755	25.0
376726.1484324782	26.0
376768.57483935007	26.0
376798.57483935007	26.0
376828.57483935007	26.0
376858.57483935007	26.0
376888.57483935007	26.0
376918.57483935007	26.0
376948.57483935007	26.0
376978.57483935007	26.0
377008.57483935007	26.0
377038.57483935007	26.0
377068.57483935007	26.0
377098.57483935007	26.0
377128.57483935007	26.0
377158.57483935007	26.0
377188.57483935007	26.0
377218.57483935007	26.0
377248.57483935007	26.0
377278.57483935007	26.0
377308.57483935007	26.0
377338.57483935007	26.0
377368.57483935007	26.0
377398.57483935007	26.0
377428.57483935007	26.0
377471.00124622125	26.0
377513.4276530924	26.0
377555.8540599636	26.0
377598.2804668348	26.0
377640.7068737059	26.0
377683.1332805771	26.0
377725.55968744826	26.0
377767.98609431944	26.0
377810.4125011906	26.0
377852.8389080618	26.0
377895.26531493297	26.0
377937.69172180415	26.0
377980.1181286753	26.0
378022.54453554645	26.0
378064.9709424176	26.0
378107.3973492888	26.0
378149.82375616	26.0
378192.25016303116	26.0
378234.67656990234	26.0
378277.1029767735	26.0
378319.5293836447	26.0
378361.9557905159	26.0
378404.38219738705	26.0
378446.80860425817	26.0
378489.23501112935	26.0
378531.6614180005	26.0
378574.0878248717	26.0
378616.5142317429	26.0
378658.94063861406	26.0
378701.36704548524	26.0
378743.7934523564	26.0
378786.2198592276	26.0
378828.6462660987	26.0
378871.0726729699	26.0
378913.4990798411	26.0
378955.92548671225	26.0
378998.3518935834	26.0
379040.7783004546	26.0
379083.2047073258	26.0
379125.63111419696	26.0
379168.05752106814	26.0
379210.48392793926	26.0
379252.91033481044	26.0
379295.3367416816	26.0
379337.7631485528	26.0
379380.189555424	26.0
379422.61596229515	26.0
379465.04236916633	26.0
379507.4687760375	26.0
379549.8951829087	26.0
379592.32158977987	26.0
379634.747996651	26.0
379677.17440352216	26.0
379719.60081039334	26.0
379762.0272172645	26.0
379804.4536241357	26.0
379846.8800310069	26.0
379889.30643787805	26.0
379931.73284474923	26.0
379974.1592516204	26.0
380016.58565849153	26.0
380059.0120653627	26.0
380101.4384722339	25.0
380131.4384722348	25.0
380161.43847223575	25.0
380203.86487910664	25.0
380246.29128597747	25.0
380279.2912859773	25.0
380312.2912859771	25.0
380345.2912859769	25.0
380378.2912859767	25.0
380411.29128597653	25.0
380444.29128597636	25.0
380477.2912859762	25.0
380510.29128597595	25.0
380543.2912859758	25.0
380576.2912859756	25.0
380618.71769284684	25.0
380661.144099718	25.0
380703.57050658925	25.0
380745.9969134605	25.0
380788.4233203317	25.0
380830.8497272029	25.0
380873.27613407414	25.0
380915.7025409454	25.0
380958.12894781656	25.0
381000.5553546878	25.0
381042.98176155903	25.0
381085.4081684302	25.0
381127.83457530144	25.0
381170.2609821727	25.0
381212.6873890439	25.0
381255.1137959151	25.0
381297.54020278633	25.0
381339.96660965757	25.0
381382.39301652875	25.0
381424.8194234	25.0
381467.2458302712	25.0
381509.6722371424	25.0
381552.09864401363	25.0
381594.52505088487	25.0
381636.9514577561	25.0
381666.9514577561	25.0
381696.9514577561	25.0
381726.9514577561	25.0
381756.9514577561	25.0
381799.37786462664	25.0
381829.3778646267	25.0
381859.3778646268	25.0
381889.3778646269	25.0
381919.377864627	25.0
381949.37786462705	25.0
381979.37786462717	25.0
382009.3778646272	25.0
382039.37786462734	25.0
382069.3778646274	25.0
382099.3778646275	25.0
382129.3778646276	25.0
382159.37786462763	25.0
382189.37786462775	25.0
382219.3778646278	25.0
382249.3778646279	25.0
382279.377864628	25.0
382309.3778646281	25.0
382339.37786462816	25.0
382369.3778646283	25.0
382399.37786462833	25.0
382429.37786462845	25.0
382459.3778646285	25.0
382501.80427149974	25.0
382544.230678371	25.0
382586.6570852422	25.0
382629.08349211345	25.0
382671.50989898463	25.0
382713.93630585587	25.0
382756.3627127271	25.0
382798.78911959834	25.0
382841.2155264696	25.0
382883.6419333408	25.0
382926.06834021205	25.0
382968.4947470833	25.0
383010.92115395446	25.0
383053.3475608257	25.0
383095.77396769694	25.0
383138.2003745682	25.0
383180.6267814394	25.0
383223.05318831065	25.0
383264.0562369777	25.0
383305.0592856447	25.0
383346.0623343117	25.0
383387.0653829787	25.0
383428.06843164575	24.0
383469.07148031273	24.0
383510.0745289798	24.0
383551.0775776468	25.0
383592.0806263138	25.0
383633.08367498085	25.0
383674.08672364784	24.0
383715.0897723149	25.0
383748.04353406123	24.0
383780.9972958075	24.0
383813.9510575539	24.0
383846.90481930017	25.0
383879.8585810465	24.0
383912.8123427928	24.0
383945.76610453916	24.0
383978.71986628545	24.0
384011.6736280318	24.0
384044.6273897781	25.0
384077.58115152444	25.0
384125.60458330496	25.0
384173.6280150855	25.0
384221.65144686605	25.0
384269.67487864656	25.0
384299.67487864656	25.0
384329.67487864656	25.0
384359.67487864656	25.0
384389.67487864656	25.0
384419.67487864656	25.0
384449.67487864656	25.0
384480.7705720585	26.0
384511.86626547045	25.0
384542.96195888234	25.0
384574.0576522943	25.0
384605.15334570623	25.0
384636.2490391182	25.0
384667.3447325301	25.0
384698.44042594207	25.0
384729.53611935396	25.0
384760.6318127659	25.0
384791.72750617785	25.0
384831.7275061772	25.0
384871.7275061766	25.0
384911.727506176	25.0
384952.76407523337	25.0
384993.8006442907	25.0
385034.8372133481	25.0
385075.87378240546	25.0
385116.91035146284	25.0
385157.94692052016	25.0
385198.98348957754	25.0
385240.0200586349	26.0
385281.0566276923	25.0
385322.0931967496	25.0
385363.129765807	25.0
385404.1663348644	25.0
385445.2029039218	25.0
385486.2394729791	25.0
385527.2760420365	25.0
385565.22337395843	25.0
385603.1707058804	25.0
385641.11803780234	25.0
385679.06536972435	25.0
385717.0127016463	25.0
385747.01270164637	25.0
385777.0127016464	25.0
385807.01270164654	25.0
385837.0127016466	25.0
385867.01270164666	25.0
385897.0127016467	25.0
385927.01270164683	25.0
385957.0127016469	25.0
385987.01270164695	25.0
386017.012701647	25.0
386047.0127016471	25.0
386077.0127016472	25.0
386107.01270164724	25.0
386149.43910851877	24.0
386191.8655153903	25.0
386222.961208802	25.0
386254.0569022137	25.0
386285.15259562543	25.0
386316.2482890371	24.0
386347.3439824488	25.0
386378.4396758605	25.0
386409.5353692722	25.0
386440.63106268394	25.0
386471.72675609565	26.0
386502.82244950737	25.0
386533.9181429191	25.0
386576.34454979125	25.0
386618.7709566634	25.0
386649.5027715212	25.0
386680.23458637897	25.0
386710.9664012368	25.0
386741.6982160946	25.0
386772.4300309524	24.0
386803.16184581013	25.0
386833.89366066793	25.0
386864.62547552574	25.0
386895.3572903835	25.0
386948.39029897185	25.0
387001.42330756015	25.0
387054.4563161485	25.0
387107.4893247368	24.0
387137.4893247376	24.0
387167.48932473833	24.0
387197.489324739	24.0
387227.4893247398	24.0
387257.48932474054	24.0
387300.7559400458	24.0
387344.0225553511	24.0
387387.2891706563	25.0
387430.55578596157	24.0
387473.82240126684	24.0
387518.8224012659	24.0
387563.822401265	24.0
387599.8779140205	24.0
387635.93342677597	24.0
387671.9889395315	24.0
387711.98893953086	24.0
387751.9889395303	24.0
387791.98893952963	24.0
387828.04445228464	24.0
387864.0999650396	24.0
387900.1554777946	24.0
387930.1554777946	24.0
387960.1554777946	24.0
387990.1554777946	24.0
388020.1554777946	24.0
388050.1554777946	24.0
388080.1554777946	24.0
388110.1554777946	24.0
388140.1554777946	24.0
388170.1554777946	24.0
388200.1554777946	24.0
388230.1554777946	24.0
388260.1554777946	24.0
388290.1554777946	24.0
388320.1554777946	24.0
388350.1554777946	24.0
388380.1554777946	24.0
388410.1554777946	24.0
388440.1554777946	24.0
388470.1554777946	24.0
388500.1554777946	24.0
388530.1554777946	24.0
388560.1554777946	24.0
388590.1554777946	24.0
388620.1554777946	24.0
388650.1554777946	24.0
388680.1554777946	24.0
388710.1554777946	24.0
388740.1554777946	24.0
388770.1554777946	24.0
388800.1554777946	24.0
388830.1554777946	24.0
388860.1554777946	24.0
388890.1554777946	24.0
388920.1554777946	24.0
388950.1554777946	24.0
388980.1554777946	24.0
389010.1554777946	24.0
389040.1554777946	24.0
389070.1554777946	24.0
389100.1554777946	24.0
389130.1554777946	24.0
389160.1554777946	24.0
389190.1554777946	24.0
389220.1554777946	24.0
389250.1554777946	24.0
389281.7782543962	27.0
389313.40103099786	24.0
389345.02380759956	24.0
389376.6465842012	24.0
389408.26936080283	24.0
389439.8921374045	24.0
389471.51491400617	24.0
389503.1376906078	24.0
389534.76046720945	24.0
389574.7604672088	24.0
389614.7604672082	24.0
389654.7604672076	24.0
389688.3014868706	25.0
389721.8425065336	24.0
389755.38352619665	24.0
389788.9245458596	24.0
389819.86204585957	24.0
389850.7995458595	24.0
389881.73704585945	24.0
389912.6745458594	24.0
389943.61204585934	24.0
389974.5495458593	24.0
390005.4870458592	24.0
390036.42454585916	24.0
390067.3620458591	24.0
390098.29954585904	24.0
390129.237045859	23.0
390160.1745458589	24.0
390191.11204585887	24.0
390222.0495458588	24.0
390252.98704585875	24.0
390283.9245458587	24.0
390314.86204585864	24.0
390345.7995458586	24.0
390376.7370458585	24.0
390407.67454585846	24.0
390438.6120458584	24.0
390469.54954585835	24.0
390500.4870458583	24.0
390531.42454585823	24.0
390562.3620458582	24.0
390593.2995458581	24.0
390624.23704585806	24.0
390655.174545858	24.0
390686.11204585794	24.0
390717.0495458579	24.0
390747.9870458578	24.0
390778.92454585776	24.0
390821.35095272947	24.0
390863.7773596011	24.0
390906.2037664728	24.0
390948.6301733445	24.0
390978.6301733445	24.0
391008.6301733445	24.0
391038.6301733445	24.0
391068.6301733445	24.0
391104.6856860995	24.0
391140.74119885446	24.0
391176.79671160947	24.0
391206.79671160947	24.0
391236.79671160947	24.0
391279.2231184806	24.0
391321.6495253517	24.0
391364.0759322228	24.0
391406.50233909395	24.0
391448.92874596507	24.0
391491.3551528362	24.0
391533.7815597073	24.0
391576.2079665784	24.0
391618.6343734496	24.0
391661.0607803207	23.0
391703.48718719184	24.0
391745.91359406296	24.0
391788.3400009341	24.0
391830.7664078052	24.0
391873.1928146763	24.0
391915.61922154744	24.0
391958.04562841856	24.0
392000.4720352897	24.0
392042.8984421608	24.0
392096.9817112929	24.0
392151.064980425	24.0
392181.06498042593	23.0
392211.06498042686	24.0
392254.0766067618	24.0
392297.0882330967	24.0
392340.09985943156	26.0
392383.1114857665	25.0
392426.1231121014	24.0
392469.1347384363	24.0
392499.36820499256	24.0
392529.60167154885	24.0
392559.8351381051	23.0
392590.0686046614	25.0
392620.3020712176	24.0
392650.5355377739	24.0
392680.76900433016	24.0
392711.00247088645	24.0
392753.42887775635	24.0
392783.42887775647	24.0
392813.4288777565	24.0
392843.42887775664	24.0
392873.4288777567	24.0
392903.4288777568	24.0
392933.4288777569	24.0
392963.428877757	24.0
392993.42887775705	24.0
393023.42887775716	24.0
393053.4288777572	24.0
393083.42887775734	24.0
393113.4288777574	24.0
393143.4288777575	24.0
393173.4288777576	24.0
393203.4288777577	24.0
393233.42887775775	24.0
393263.42887775786	24.0
393293.4288777579	24.0
393323.42887775804	24.0
393353.4288777581	24.0
393383.4288777582	24.0
393425.8552846294	24.0
393468.2816915006	24.0
393510.7080983718	24.0
393553.134505243	24.0
393595.56091211416	24.0
393637.9873189854	24.0
393680.4137258566	24.0
393722.84013272775	24.0
393765.26653959893	24.0
393807.69294647017	24.0
393850.11935334135	24.0
393892.5457602125	24.0
393934.9721670837	24.0
393977.39857395494	24.0
394019.8249808261	24.0
394062.2513876973	24.0
394095.7924073598	24.0
394129.33342702227	24.0
394162.8744466848	25.0
394196.4154663473	23.0
394229.95648600976	25.0
394263.4975056723	24.0
394297.0385253348	24.0
394330.57954499725	24.0
394362.2900409812	24.0
394394.0005369652	24.0
394425.71103294916	24.0
394457.4215289331	24.0
394489.1320249171	24.0
394520.84252090106	25.0
394552.553016885	25.0
394584.26351286896	25.0
394615.97400885297	24.0
394647.6845048369	24.0
394679.39500082086	24.0
394711.10549680487	24.0
394742.8159927888	24.0
394774.52648877277	24.0
394806.2369847568	24.0
394837.9474807407	24.0
394869.6579767247	24.0
394901.3684727087	24.0
394943.79487958	24.0
394986.2212864513	24.0
395028.6476933226	24.0
395071.0741001939	24.0
395113.50050706527	24.0
395155.92691393656	24.0
395198.35332080786	24.0
395240.77972767915	23.0
395283.2061345505	24.0
395325.6325414218	24.0
395368.0589482931	24.0
395398.135381538	23.0
395428.21181478293	24.0
395458.2882480279	24.0
395488.3646812728	24.0
395518.44111451774	24.0
395548.51754776266	24.0
395578.5939810076	24.0
395608.67041425256	24.0
395638.7468474975	24.0
395668.8232807424	24.0
395698.8997139873	24.0
395728.9761472322	24.0
395759.0525804772	24.0
395789.1290137221	24.0
395819.20544696704	24.0
395849.28188021196	24.0
395879.3583134569	23.0
395909.4347467018	24.0
395939.51117994677	23.0
395969.5876131917	25.0
395999.6640464366	24.0
396029.7404796815	24.0
396059.81691292644	24.0
396089.8933461714	23.0
396119.96977941634	23.0
396150.04621266125	23.0
396180.1226459062	24.0
396210.1990791511	24.0
396252.646196986	24.0
396295.093314821	24.0
396337.54043265595	24.0
396379.98755049094	24.0
396422.4346683259	24.0
396464.8817861608	24.0
396507.3289039958	24.0
396549.77602183074	24.0
396592.22313966573	24.0
396634.67025750066	24.0
396677.1173753356	24.0
396719.5644931706	24.0
396762.0116110055	24.0
396804.45872884046	23.0
396846.90584667545	23.0
396889.3529645104	23.0
396931.8000823454	27.0
396974.2472001803	31.0
397016.69431801524	30.0
397059.14143585024	26.0
397101.5885536852	23.0
397144.03567152016	24.0
397186.4827893551	24.0
397228.92990719003	24.0
397271.377025025	24.0
397313.82414285996	24.0
397356.27126069495	24.0
397398.7183785299	24.0
397441.1654963648	24.0
397483.6126141998	24.0
397526.05973203474	24.0
397568.50684986974	24.0
397598.50684987067	24.0
397628.5068498716	24.0
397670.9332567431	24.0
397713.35966361465	24.0
397747.932955329	24.0
397782.5062470434	24.0
397817.07953875774	24.0
397851.6528304721	24.0
397886.2261221865	24.0
397920.7994139009	26.0
397955.37270561524	24.0
397989.9459973296	24.0
398032.3724042009	24.0
398074.79881107225	24.0
398117.22521794355	24.0
398159.65162481484	24.0
398202.0780316862	24.0
398244.5044385575	24.0
398286.93084542884	24.0
398329.35725230013	24.0
398371.78365917143	24.0
398414.2100660428	24.0
398456.6364729141	24.0
398499.0628797854	24.0
398541.4892866567	24.0
398583.915693528	24.0
398626.3421003994	24.0
398668.76850727067	24.0
398709.0177308657	24.0
398749.26695446065	24.0
398789.51617805567	24.0
398829.7654016506	24.0
398870.01462524565	24.0
398900.0146252458	24.0
398930.014625246	24.0
398960.01462524623	24.0
398990.0146252464	24.0
399020.0146252466	24.0
399062.4410321171	24.0
399104.86743898765	24.0
399134.8674389886	24.0
399164.8674389895	24.0
399207.29384586087	24.0
399249.7202527322	24.0
399292.1466596036	24.0
399334.5730664749	24.0
399376.9994733463	24.0
399419.42588021763	24.0
399461.85228708904	24.0
399504.2786939604	24.0
399571.36073328124	24.0
399601.36073328124	24.0
399631.36073328124	24.0
399661.36073328124	24.0
399691.36073328124	24.0
399721.36073328124	24.0
399751.36073328124	24.0
399781.36073328124	24.0
399811.36073328124	24.0
399841.36073328124	24.0
399871.36073328124	24.0
399901.36073328124	24.0
399931.36073328124	24.0
399961.36073328124	24.0
399991.36073328124	24.0
400021.36073328124	24.0
400051.36073328124	24.0
400082.9835098832	26.0
400114.6062864852	24.0
400146.2290630872	24.0
400177.85183968913	28.0
400209.4746162911	24.0
400241.0973928931	24.0
400272.7201694951	25.0
400304.3429460971	24.0
400335.96572269907	24.0
400367.588499301	26.0
400399.211275903	24.0
400430.834052505	24.0
400476.79599328194	24.0
400522.7579340589	24.0
400568.71987483586	24.0
400614.6818156128	24.0
400660.6437563898	24.0
400706.60569716676	24.0
400752.5676379437	24.0
400798.5295787207	24.0
400844.4915194976	24.0
400890.45346027456	24.0
400936.4154010515	24.0
400982.3773418285	24.0
401020.79608725285	24.0
401059.2148326772	24.0
401097.6335781016	24.0
401136.05232352595	24.0
401174.4710689503	24.0
401234.4710689494	24.0
401276.897475821	24.0
401319.32388269267	24.0
401361.75028956425	24.0
401393.37306616653	23.0
401424.9958427688	24.0
401456.6186193711	24.0
401487.50097231223	24.0
401518.3833252533	24.0
401549.26567819447	24.0
401580.14803113556	24.0
401611.0303840767	24.0
401641.91273701785	24.0
401672.79508995893	24.0
401703.6774429001	24.0
401734.55979584117	24.0
401765.4421487823	24.0
401796.3245017234	24.0
401827.20685466455	24.0
401858.0892076057	24.0
401888.9715605468	24.0
401919.8539134879	24.0
401950.736266429	24.0
401981.61861937016	24.0
402012.5009723113	23.0
402043.3833252524	23.0
402074.26567819354	24.0
402105.1480311346	24.0
402136.03038407577	24.0
402166.9127370169	24.0
402197.795089958	24.0
402228.67744289915	24.0
402259.55979584024	24.0
402290.4421487814	24.0
402321.32450172247	24.0
402352.2068546636	24.0
402383.08920760476	24.0
402413.97156054585	24.0
402444.853913487	24.0
402475.7362664281	24.0
402506.6186193692	24.0
402549.0450262411	24.0
402579.0450262411	24.0
402609.0450262411	24.0
402639.0450262411	24.0
402669.0450262411	24.0
402699.0450262411	24.0
402729.0450262411	24.0
402759.0450262411	24.0
402789.0450262411	24.0
402819.0450262411	24.0
402849.0450262411	24.0
402879.0450262411	24.0
402909.0450262411	24.0
402951.4714331124	24.0
402993.89783998363	24.0
403036.3242468549	24.0
403078.7506537262	24.0
403121.17706059746	24.0
403163.60346746875	24.0
403206.02987434005	24.0
403248.4562812113	24.0
403292.1884204221	24.0
403335.92055963294	24.0
403379.65269884374	23.0
403423.3848380546	24.0
403453.3848380555	23.0
403483.38483805646	24.0
403525.81124492676	24.0
403568.23765179707	24.0
403610.66405866743	24.0
403640.6640586681	23.0
403670.66405866866	23.0
403700.6640586693	23.0
403733.4935846755	25.0
403766.32311068167	24.0
403799.1526366878	25.0
403831.982162694	24.0
403864.81168870017	24.0
403897.64121470635	24.0
403930.47074071254	24.0
403963.3002667187	24.0
403996.12979272485	24.0
404026.18832936586	24.0
404056.2468660069	24.0
404086.30540264794	24.0
404116.363939289	24.0
404146.42247593	24.0
404176.481012571	25.0
404206.5395492121	25.0
404236.5980858531	24.0
404266.6566224941	24.0
404296.7151591352	24.0
404326.7736957762	24.0
404356.83223241725	24.0
404386.89076905826	24.0
404416.94930569927	24.0
404447.00784234033	24.0
404477.06637898134	24.0
404561.9191927218	24.0
404591.9191927218	24.0
404621.9191927218	24.0
404663.4335330596	24.0
404704.9478733974	24.0
404746.4622137352	24.0
404787.97655407304	24.0
404829.4908944109	24.0
404871.00523474865	24.0
404912.5195750865	24.0
404954.0339154243	24.0
404995.5482557621	24.0
405037.0625960999	24.0
405078.57693643775	24.0
405120.0912767755	24.0
405161.60561711335	24.0
405203.1199574512	24.0
405244.634297789	24.0
405286.1486381268	24.0
405327.6629784646	24.0
405369.17731880245	24.0
405410.6916591402	24.0
405452.20599947806	24.0
405493.7203398159	24.0
405535.23468015366	24.0
405576.7490204915	24.0
405606.7490204915	23.0
405636.7490204915	24.0
405666.7490204915	24.0
405696.7490204915	23.0
405726.7490204915	23.0
405756.7490204915	24.0
405786.7490204915	23.0
405829.1754273635	24.0
405871.60183423554	24.0
405914.02824110753	24.0
405956.4546479796	23.0
406001.4546479777	23.0
406046.45464797586	23.0
406078.4946620208	26.0
406110.5346760657	22.0
406142.5746901107	21.0
406174.6147041556	25.0
406206.65471820056	21.0
406238.6947322455	23.0
406270.7347462904	22.0
406302.7747603354	22.0
406345.20116720727	23.0
406387.6275740791	23.0
406430.05398095096	23.0
406472.4803878228	23.0
406517.4803878209	23.0
406562.48038781906	23.0
406604.9067946912	23.0
406647.3332015634	23.0
406678.7639289651	23.0
406710.1946563668	23.0
406741.62538376846	23.0
406773.05611117015	23.0
406804.4868385718	23.0
406835.9175659735	23.0
406867.34829337517	22.0
406898.77902077686	23.0
406930.20974817855	23.0
406961.64047558024	23.0
406993.0712029819	26.0
407024.5019303836	22.0
407055.93265778525	23.0
407087.36338518694	27.0
407118.7941125886	22.0
407150.2248399903	22.0
407193.9569792011	23.0
407237.689118412	24.0
407281.4212576228	23.0
407325.15339683363	23.0
407355.15339683427	22.0
407385.15339683485	22.0
407415.1533968355	23.0
407459.8747563852	22.0
407504.59611593495	22.0
407549.3174754846	23.0
407579.3174754846	22.0
407609.3174754846	22.0
407639.3174754846	22.0
407669.3174754846	22.0
407699.3174754846	22.0
407729.3174754846	22.0
407759.3174754846	23.0
407789.3174754846	23.0
407819.3174754846	23.0
407849.3174754846	23.0
407879.3174754846	23.0
407909.3174754846	23.0
407939.3174754846	23.0
407969.3174754846	23.0
408011.7438823558	21.0
408041.74388235586	22.0
408071.7438823559	22.0
408101.743882356	22.0
408131.74388235604	22.0
408161.7438823561	22.0
408191.74388235615	22.0
408221.7438823562	22.0
408251.74388235627	22.0
408281.7438823563	22.0
408311.7438823564	22.0
408341.74388235644	22.0
408371.7438823565	21.0
408401.74388235656	21.0
408431.7438823566	22.0
408461.7438823567	23.0
408491.74388235674	23.0
408521.74388235674	23.0
408551.7438823568	22.0
408581.74388235685	22.0
408611.7438823569	22.0
408641.74388235697	23.0
408671.743882357	23.0
408701.7438823571	23.0
408731.74388235714	23.0
408761.7438823572	23.0
408791.74388235726	23.0
408821.7438823573	23.0
408851.7438823574	23.0
408881.74388235743	23.0
408911.7438823575	23.0
408941.74388235755	23.0
408971.7438823576	23.0
409001.74388235767	22.0
409034.57340836385	27.0
409067.40293437004	23.0
409100.23246037617	23.0
409133.06198638235	23.0
409165.89151238854	22.0
409198.7210383947	22.0
409231.5505644009	22.0
409264.3800904071	23.0
409297.2096164132	23.0
409334.70961641276	22.0
409372.2096164123	23.0
409409.7096164118	23.0
409447.20961641136	23.0
409501.2928855428	22.0
409555.3761546743	23.0
409585.37615467433	22.0
409615.3761546744	22.0
409645.3761546745	23.0
409675.37615467457	23.0
409705.3761546746	22.0
409735.3761546747	22.0
409765.37615467474	22.0
409795.3761546748	22.0
409825.3761546749	22.0
409855.376154675	23.0
409885.37615467503	23.0
409915.3761546751	23.0
409945.37615467515	23.0
409975.37615467526	23.0
410005.3761546753	23.0
410035.3761546754	23.0
410065.37615467544	23.0
410095.3761546755	23.0
410125.3761546756	23.0
410155.3761546757	23.0
410185.37615467573	23.0
410215.3761546758	23.0
410245.37615467585	23.0
410275.3761546759	23.0
410305.376154676	23.0
410335.3761546761	23.0
410365.37615467614	22.0
410429.0157649819	30.0
410492.65537528775	23.0
410522.65537528775	21.0
410552.65537528775	23.0
410596.1553752878	23.0
410639.6553752878	21.0
410683.15537528787	22.0
410726.65537528787	23.0
410770.1553752879	23.0
410813.6553752879	23.0
410857.155375288	23.0
410900.655375288	23.0
410944.15537528804	23.0
410987.6553752881	23.0
411031.1553752881	22.0
411074.65537528816	23.0
411118.15537528816	23.0
411161.6553752882	22.0
411205.1553752882	24.0
411248.6553752883	22.0
411292.1553752883	22.0
411335.65537528833	22.0
411379.15537528833	22.0
411422.6553752884	22.0
411456.1963949512	23.0
411489.737414614	23.0
411523.2784342768	23.0
411556.8194539396	22.0
411586.8194539396	22.0
411616.8194539396	22.0
411646.8194539396	23.0
411676.8194539396	23.0
411706.8194539396	23.0
411736.8194539396	23.0
411793.38799643324	23.0
411849.9565389268	23.0
411906.52508142043	23.0
411936.5836180615	23.0
411966.64215470257	23.0
411996.70069134363	23.0
412026.7592279847	23.0
412056.8177646257	23.0
412086.8763012668	23.0
412116.93483790784	26.0
412146.9933745489	27.0
412177.05191119	22.0
412207.11044783104	22.0
412237.1689844721	23.0
412267.2275211132	23.0
412297.28605775425	23.0
412327.34459439525	23.0
412357.4031310363	23.0
412387.4616676774	23.0
412417.52020431845	22.0
412447.5787409595	22.0
412477.6372776006	23.0
412507.69581424166	23.0
412537.7543508827	23.0
412567.8128875238	24.0
412597.8714241648	24.0
412627.92996080586	25.0
412657.98849744693	23.0
412688.047034088	23.0
412718.10557072907	23.0
412748.16410737013	23.0
412778.2226440112	23.0
412808.28118065227	23.0
412838.3397172933	23.0
412868.39825393434	23.0
412910.82466080546	23.0
412953.25106767664	23.0
412995.67747454776	23.0
413038.10388141894	23.0
413080.53028829006	23.0
413122.9566951612	22.0
413165.38310203236	22.0
413207.8095089035	22.0
413250.2359157746	23.0
413292.6623226458	23.0
413335.0887295169	23.0
413377.5151363881	22.0
413419.9415432592	22.0
413449.9415432592	22.0
413479.9415432592	23.0
413522.36795013136	23.0
413564.7943570035	23.0
413594.94398386707	22.0
413625.09361073066	22.0
413655.2432375942	22.0
413685.39286445774	22.0
413715.54249132134	23.0
413745.6921181849	22.0
413775.8417450484	22.0
413805.991371912	22.0
413836.14099877555	22.0
413866.2906256391	22.0
413908.7170325063	22.0
413940.14560393477	22.0
413971.5741753633	22.0
414003.00274679175	22.0
414034.4313182202	22.0
414065.85988964874	22.0
414097.2884610772	22.0
414128.71703250566	23.0
414160.1456039342	23.0
414191.57417536265	23.0
414223.0027467911	23.0
414254.43131821963	23.0
414285.8598896481	23.0
414317.28846107656	23.0
414348.7170325051	23.0
414380.14560393355	23.0
414411.574175362	23.0
414443.00274679053	23.0
414474.431318219	23.0
414505.85988964746	23.0
414537.288461076	23.0
414568.71703250444	23.0
414604.77254525945	23.0
414640.8280580144	24.0
414676.8835707694	22.0
414717.9201398268	23.0
414758.9567088841	23.0
414799.9932779415	23.0
414841.02984699886	23.0
414882.06641605624	23.0
414923.10298511357	23.0
414964.13955417095	23.0
415005.17612322833	23.0
415046.2126922857	23.0
415087.24926134304	23.0
415128.2858304004	24.0
415169.3223994578	23.0
415210.3589685152	23.0
415251.3955375725	23.0
415292.4321066299	23.0
415322.4321066299	23.0
415352.4321066299	22.0
415382.4321066299	22.0
415418.4876193851	22.0
415454.54313214036	22.0
415490.5986448956	22.0
415527.0952200772	22.0
415563.5917952588	22.0
415600.0883704404	23.0
415636.584945622	22.0
415673.0815208036	23.0
415706.6225404662	22.0
415740.16356012877	22.0
415773.70457979135	22.0
415807.24559945386	22.0
415840.78661911644	22.0
415874.327638779	23.0
415907.8686584416	23.0
415941.40967810416	22.0
415974.95069776673	23.0
416008.4917174293	22.0
416042.0327370918	23.0
416075.5737567544	23.0
416105.5737567544	22.0
416135.5737567544	22.0
416165.5737567544	23.0
416199.1147764169	22.0
416232.6557960794	22.0
416266.1968157419	23.0
416299.7378354044	23.0
416329.7378354044	23.0
416359.7378354044	22.0
416389.7378354044	22.0
416419.7378354044	22.0
416449.7378354044	23.0
416479.7378354044	22.0
416509.7378354044	22.0
416539.7378354044	23.0
416582.1642422756	23.0
416612.1642422756	23.0
416642.16424227564	23.0
416672.16424227564	23.0
416702.16424227564	23.0
416732.1642422757	23.0
416762.1642422757	23.0
416792.1642422757	23.0
416822.16424227576	23.0
416852.16424227576	23.0
416882.16424227576	23.0
416912.1642422758	23.0
416942.1642422758	23.0
416972.1642422758	23.0
417002.1642422759	23.0
417032.1642422759	23.0
417062.1642422759	23.0
417092.16424227593	23.0
417122.16424227593	23.0
417152.16424227593	23.0
417182.164242276	23.0
417212.164242276	23.0
417242.164242276	23.0
417272.16424227605	23.0
417302.16424227605	23.0
417332.16424227605	23.0
417362.16424227605	23.0
417392.1642422761	23.0
417422.1642422761	23.0
417452.1642422761	23.0
417482.16424227617	23.0
417512.16424227617	23.0
417542.16424227617	23.0
417572.1642422762	23.0
417602.1642422762	23.0
417632.1642422762	23.0
417662.1642422763	23.0
417692.1642422763	23.0
417722.1642422763	23.0
417752.16424227634	23.0
417782.16424227634	23.0
417812.16424227634	23.0
417842.1642422764	23.0
417872.1642422764	23.0
417902.1642422764	23.0
417932.16424227646	23.0
417962.16424227646	23.0
417992.16424227646	23.0
418022.1642422765	23.0
418052.1642422765	23.0
418094.5906491487	23.0
418137.01705602085	23.0
418169.0570700659	23.0
418201.0970841109	23.0
418233.1370981559	23.0
418265.17711220094	23.0
418297.21712624596	23.0
418329.257140291	25.0
418361.297154336	23.0
418393.337168381	23.0
418449.90571087506	23.0
418506.47425336915	22.0
418563.0427958632	21.0
418597.1154644638	23.0
418631.18813306437	22.0
418665.26080166496	23.0
418699.33347026556	22.0
418733.4061388662	21.0
418767.4788074668	22.0
418801.5514760674	22.0
418835.624144668	22.0
418869.6968132686	22.0
418903.7694818692	23.0
418937.8421504698	21.0
418971.91481907037	21.0
419005.987487671	22.0
419035.9874876711	22.0
419065.98748767114	23.0
419095.98748767126	23.0
419125.9874876713	23.0
419155.9874876714	22.0
419185.98748767143	22.0
419215.98748767155	21.0
419245.9874876716	22.0
419275.98748767166	23.0
419305.9874876717	23.0
419335.98748767184	23.0
419365.9874876719	23.0
419395.98748767196	23.0
419438.41389454313	23.0
419480.84030141437	23.0
419523.26670828555	23.0
419565.6931151567	23.0
419608.1195220279	23.0
419650.54592889914	23.0
419692.9723357703	23.0
419722.97233577125	23.0
419752.9723357722	23.0
419837.8251495113	23.0
419867.8251495119	23.0
419897.8251495125	23.0
419927.82514951314	23.0
419970.25155638345	23.0
420012.67796325375	23.0
420055.1043701241	23.0
420085.35849231045	23.0
420115.61261449684	23.0
420145.8667366832	25.0
420176.1208588696	23.0
420206.3749810559	23.0
420236.6291032423	23.0
420266.88322542864	23.0
420297.13734761503	23.0
420327.39146980137	23.0
420357.6455919877	23.0
420387.8997141741	24.0
420418.15383636043	23.0
420448.4079585468	23.0
420478.66208073316	23.0
420508.91620291956	23.0
420539.1703251059	23.0
420569.4244472923	23.0
420599.6785694786	24.0
420629.93269166496	25.0
420660.18681385135	23.0
420690.4409360377	23.0
420720.6950582241	23.0
420750.9491804104	22.0
420787.00469316577	23.0
420823.06020592107	23.0
420859.1157186764	22.0
420896.61571867595	22.0
420934.1157186755	23.0
420971.615718675	23.0
421009.11571867455	22.0
421046.61571867473	23.0
421084.1157186749	24.0
421121.6157186751	22.0
421159.11571867525	23.0
421196.6157186754	23.0
421234.1157186756	23.0
421271.6157186758	23.0
421309.1157186759	22.0
421346.61571867607	22.0
421384.11571867624	23.0
421421.6157186764	21.0
421459.1157186766	22.0
421519.11571867473	22.0
421554.1014300441	23.0
421589.08714141353	22.0
421624.0728527829	23.0
421659.0585641523	22.0
421694.0442755217	23.0
421724.7760903795	22.0
421755.5079052374	22.0
421786.2397200952	23.0
421816.971534953	23.0
421847.7033498108	22.0
421878.43516466866	23.0
421909.16697952646	23.0
421939.89879438427	22.0
421970.63060924213	23.0
422014.3627484529	22.0
422058.0948876638	24.0
422101.8270268746	23.0
422145.55916608544	22.0
422175.5591660864	23.0
422205.5591660873	23.0
422247.9855729581	23.0
422290.4119798288	21.0
422332.83838669956	23.0
422362.8383867002	23.0
422392.8383867008	22.0
422422.8383867014	23.0
422476.9216558323	24.0
422531.0049249633	23.0
422573.4313318345	23.0
422615.8577387057	23.0
422658.28414557694	23.0
422700.7105524482	23.0
422743.1369593194	23.0
422785.5633661906	23.0
422827.9897730618	23.0
422870.41617993306	23.0
422912.8425868043	23.0
422955.2689936755	23.0
422997.6954005467	22.0
423040.12180741795	23.0
423082.5482142892	23.0
423124.97462116036	23.0
423167.4010280316	23.0
423209.82743490284	23.0
423252.2538417741	23.0
423294.68024864525	23.0
423337.1066555165	23.0
423379.5330623877	23.0
423421.95946925896	23.0
423464.38587613014	22.0
423506.8122830014	23.0
423544.31228300167	23.0
423581.81228300196	23.0
423619.3122830022	22.0
423656.8122830025	23.0
423693.2128324487	23.0
423729.613381895	22.0
423766.01393134124	23.0
423802.41448078747	23.0
423838.81503023376	23.0
423875.21557968	23.0
423919.48661293683	22.0
423963.7576461936	23.0
424008.02867945045	23.0
424052.29971270723	22.0
424096.57074596407	23.0
424140.84177922085	23.0
424185.1128124777	23.0
424229.38384573447	23.0
424273.6548789913	23.0
424317.9259122481	23.0
424362.1969455049	23.0
424406.4679787617	23.0
424450.73901201854	23.0
424495.0100452753	23.0
424539.28107853216	23.0
424583.55211178894	23.0
424627.8231450458	22.0
424672.09417830256	23.0
424716.3652115594	23.0
424760.63624481624	22.0
424804.907278073	21.0
424849.17831132986	21.0
424893.44934458664	22.0
424923.44934458664	22.0
424953.44934458664	22.0
424993.70476179937	23.0
425033.96017901215	23.0
425074.2155962249	23.0
425114.47101343767	22.0
425154.7264306504	21.0
425194.9818478632	23.0
425235.2372650759	24.0
425275.4926822887	23.0
425315.7480995014	22.0
425356.00351671415	22.0
425396.25893392693	22.0
425436.51435113966	22.0
425476.76976835245	22.0
425517.0251855652	22.0
425557.28060277796	20.0
425597.5360199907	22.0
425637.7914372035	22.0
425678.0468544162	21.0
425718.3022716289	23.0
425757.1752842609	23.0
425796.04829689284	22.0
425834.92130952474	22.0
425873.7943221567	23.0
425912.66733478865	24.0
425951.5403474206	24.0
425990.41336005257	23.0
426029.2863726845	23.0
426068.1593853164	22.0
426098.1593853166	22.0
426128.1593853168	22.0
426158.15938531695	23.0
426188.1593853171	22.0
426218.1593853173	23.0
426248.1593853174	22.0
426278.1593853176	22.0
426308.15938531776	23.0
426338.15938531794	23.0
426368.1593853181	23.0
426398.1593853183	23.0
426437.67171870667	23.0
426477.1840520951	23.0
426516.6963854835	23.0
426556.2087188719	24.0
426595.72105226025	22.0
426635.2333856487	23.0
426674.7457190371	22.0
426704.74571903714	22.0
426734.74571903714	22.0
426764.7457190372	23.0
426794.74571903725	23.0
426824.74571903725	23.0
426854.7457190373	23.0
426884.74571903737	23.0
426914.7457190374	23.0
426944.7457190374	23.0
426974.7457190375	23.0
427004.74571903754	23.0
427034.74571903754	23.0
427064.7457190376	23.0
427094.74571903766	23.0
427124.74571903766	23.0
427154.7457190377	22.0
427184.7457190378	22.0
427214.74571903783	22.0
427244.74571903783	22.0
427274.7457190379	23.0
427304.74571903795	23.0
427334.74571903795	22.0
427364.745719038	23.0
427407.1721259092	23.0
427437.17212590936	23.0
427467.17212590954	23.0
427497.17212590977	22.0
427527.17212590994	23.0
427557.1721259101	22.0
427611.25539504166	23.0
427665.33866417326	23.0
427695.33866417356	22.0
427725.3386641739	23.0
427755.3386641742	22.0
427785.3386641745	22.0
427815.33866417484	22.0
427845.3386641751	23.0
427899.4219333062	23.0
427953.5052024372	22.0
427983.5052024372	23.0
428013.5052024372	23.0
428043.5052024372	23.0
428073.5052024372	23.0
428115.9316093084	23.0
428158.35801617964	23.0
428200.7844230508	23.0
428243.210829922	23.0
428285.6372367932	23.0
428328.0636436644	23.0
428370.4900505356	23.0
428412.91645740677	23.0
428455.34286427795	23.0
428497.7692711492	23.0
428540.19567802036	23.0
428582.62208489154	22.0
428625.0484917627	23.0
428667.47489863395	22.0
428709.90130550513	23.0
428746.8133631557	22.0
428783.7254208063	23.0
428820.6374784569	22.0
428857.54953610746	23.0
428894.461593758	23.0
428931.37365140865	22.0
428968.2857090592	25.0
429005.1977667098	22.0
429042.1098243604	24.0
429079.021882011	23.0
429115.93393966154	24.0
429152.8459973121	23.0
429199.70749536715	23.0
429246.5689934222	22.0
429293.4304914772	23.0
429340.29198953224	22.0
429387.1534875873	23.0
429419.07539643504	22.0
429450.99730528274	22.0
429482.9192141305	22.0
429514.84112297825	23.0
429546.76303182595	22.0
429578.6849406737	22.0
429610.60684952146	23.0
429642.52875836915	22.0
429674.4506672169	22.0
429706.37257606466	23.0
429738.29448491236	22.0
429770.7944849122	22.0
429803.29448491207	22.0
429835.7944849119	22.0
429868.2944849117	22.0
429900.7944849116	22.0
429933.2944849114	22.0
429965.79448491125	22.0
429998.29448491114	22.0
430030.79448491096	22.0
430063.2944849108	23.0
430095.7944849107	23.0
430128.2944849105	23.0
430170.7208917817	23.0
430213.14729865285	23.0
430255.57370552403	23.0
430298.0001123952	23.0
430340.42651926633	23.0
430382.8529261375	23.0
430425.2793330087	22.0
430467.70573987986	22.0
430510.13214675104	23.0
430552.5585536222	23.0
430594.9849604934	23.0
430637.4113673646	23.0
430679.83777423576	23.0
430722.2641811069	23.0
430764.69058797805	23.0
430807.11699484923	23.0
430849.5434017204	23.0
430891.9698085916	23.0
430934.39621546277	23.0
430976.82262233394	23.0
431019.2490292051	23.0
431061.6754360763	23.0
431104.1018429474	22.0
431146.5282498186	23.0
431188.9546566898	22.0
431231.38106356096	23.0
431273.80747043213	22.0
431316.2338773033	22.0
431358.6602841745	22.0
431401.08669104567	23.0
431443.5130979168	22.0
431473.81767425337	22.0
431504.12225058995	22.0
431534.4268269265	23.0
431564.73140326305	22.0
431595.03597959963	22.0
431625.3405559362	22.0
431655.64513227274	22.0
431696.9701396252	23.0
431738.29514697765	22.0
431779.62015433016	23.0
431820.9451616826	23.0
431862.27016903507	23.0
431903.5951763875	22.0
431944.92018374	23.0
431986.2451910925	23.0
432027.57019844494	23.0
432068.8952057974	23.0
432110.22021314985	23.0
432151.54522050236	23.0
432192.8702278548	23.0
432234.19523520727	23.0
432275.5202425597	23.0
432316.8452499122	23.0
432358.1702572647	23.0
432399.49526461714	23.0
432440.8202719696	23.0
432475.805983339	23.0
432510.79169470846	22.0
432545.7774060779	22.0
432580.76311744726	22.0
432615.7488288167	22.0
432646.65791972575	22.0
432677.56701063475	23.0
432708.4761015438	23.0
432739.3851924528	23.0
432770.2942833619	23.0
432801.2033742709	23.0
432832.11246517993	23.0
432863.021556089	23.0
432893.930646998	23.0
432924.83973790705	23.0
432955.74882881605	23.0
432986.6579197251	23.0
433017.5670106341	23.0
433048.4761015432	23.0
433079.38519245223	23.0
433110.29428336123	22.0
433141.2033742703	22.0
433172.1124651793	22.0
433203.02155608835	22.0
433233.9306469974	23.0
433264.8397379064	23.0
433295.7488288155	23.0
433326.6579197245	23.0
433357.56701063353	23.0
433388.47610154253	23.0
433419.3851924516	22.0
433450.29428336065	22.0
433481.20337426965	22.0
433512.1124651787	22.0
433543.0215560877	22.0
433573.93064699677	22.0
433604.8397379058	23.0
433635.74882881483	23.0
433678.17523568735	22.0
433708.17523568735	22.0
433738.17523568735	22.0
433768.17523568735	22.0
433810.60164255986	22.0
433848.54897448164	22.0
433886.4963064034	22.0
433924.4436383252	22.0
433962.390970247	22.0
434000.33830216876	22.0
434030.33830216894	22.0
434060.3383021691	22.0
434090.33830216934	22.0
434120.3383021695	22.0
434150.3383021697	22.0
434180.33830216987	22.0
434210.33830217004	22.0
434240.3383021703	22.0
434270.33830217045	22.0
434300.3383021706	22.0
434342.7647090425	22.0
434372.7647090425	22.0
434402.7647090425	22.0
434432.7647090425	22.0
434462.7647090425	22.0
434492.7647090425	22.0
434528.82022179785	22.0
434564.87573455315	22.0
434600.9312473085	22.0
434645.93124730664	22.0
434690.9312473048	22.0
434733.35765417595	22.0
434775.7840610472	22.0
434818.21046791837	22.0
434860.63687478955	22.0
434903.0632816607	22.0
434945.48968853196	22.0
434987.91609540314	22.0
435030.3425022743	22.0
435072.7689091455	22.0
435115.19531601673	22.0
435157.6217228879	22.0
435200.0481297591	22.0
435242.47453663027	22.0
435284.9009435015	22.0
435327.3273503727	22.0
435387.32735037175	22.0
435420.8683700343	23.0
435454.40938969696	22.0
435487.95040935953	23.0
435521.49142902216	22.0
435555.03244868474	22.0
435588.5734683474	22.0
435622.11448800995	22.0
435655.6555076726	22.0
435685.6555076728	22.0
435715.65550767304	22.0
435745.6555076733	22.0
435775.6555076735	22.0
435806.7512010853	24.0
435837.846894497	22.0
435868.94258790876	22.0
435900.03828132054	22.0
435931.13397473225	22.0
435962.229668144	22.0
435993.32536155573	22.0
436024.4210549675	22.0
436055.5167483793	22.0
436086.612441791	22.0
436117.70813520276	22.0
436149.47284108505	22.0
436181.23754696734	22.0
436213.00225284963	22.0
436244.7669587319	22.0
436276.5316646143	22.0
436308.29637049657	22.0
436340.06107637886	22.0
436371.82578226115	22.0
436403.59048814344	22.0
436435.35519402573	22.0
436467.119899908	22.0
436498.8846057903	22.0
436530.64931167266	22.0
436562.41401755495	22.0
436594.17872343725	22.0
436625.94342931954	22.0
436657.7081352018	22.0
436700.134542073	22.0
436742.56094894424	22.0
436784.9873558154	22.0
436827.4137626866	22.0
436869.8401695578	22.0
436912.266576429	22.0
436954.6929833002	22.0
436997.11939017137	22.0
437034.6193901709	22.0
437072.11939017044	22.0
437109.61939017	22.0
437147.1193901695	22.0
437189.5457970409	22.0
437231.97220391233	22.0
437274.39861078374	22.0
437304.3986107838	22.0
437334.3986107838	22.0
437364.39861078386	22.0
437394.39861078386	22.0
437424.3986107839	22.0
437454.3986107839	22.0
437484.398610784	22.0
437514.398610784	22.0
437544.39861078403	22.0
437574.39861078403	22.0
437604.3986107841	22.0
437634.3986107841	22.0
437664.39861078415	22.0
437694.39861078415	22.0
437724.3986107842	22.0
437754.3986107842	22.0
437784.39861078426	22.0
437814.39861078426	22.0
437844.3986107843	22.0
437874.3986107843	22.0
437904.3986107844	22.0
437934.3986107844	22.0
437964.39861078444	22.0
437994.39861078444	22.0
438024.3986107845	22.0
438054.3986107845	22.0
438084.39861078456	22.0
438114.39861078456	22.0
438144.3986107846	22.0
438174.3986107846	22.0
438204.3986107847	22.0
438237.93963044736	23.0
438271.48065011005	22.0
438305.0216697728	22.0
438338.5626894355	22.0
438381.3192678766	22.0
438424.07584631775	21.0
438466.8324247589	22.0
438509.5890032	22.0
438552.34558164113	23.0
438595.10216008226	22.0
438637.8587385234	22.0
438680.6153169645	22.0
438710.6153169645	22.0
438740.6153169645	22.0
438770.6153169645	22.0
438800.6153169645	22.0
438840.97618910583	22.0
438881.3370612471	22.0
438921.6979333884	22.0
438962.05880552967	22.0
439002.419677671	22.0
439042.78054981225	22.0
439083.14142195357	22.0
439123.5022940948	22.0
439163.86316623614	22.0
439204.2240383774	22.0
439235.14733056986	22.0
439266.0706227624	21.0
439296.99391495483	21.0
439327.9172071473	21.0
439370.34361401846	21.0
439412.7700208896	21.0
439455.19642776076	21.0
439497.62283463194	21.0
439540.0492415031	21.0
439582.47564837424	21.0
439624.9020552454	21.0
439667.3284621166	21.0
439709.7548689878	21.0
439752.1812758589	21.0
439794.6076827301	21.0
439837.03408960125	21.0
439879.4604964724	21.0
439921.88690334355	21.0
439964.3133102147	21.0
440006.7397170859	21.0
440049.1661239571	21.0
440091.5925308282	21.0
440134.0189376994	21.0
440176.44534457056	21.0
440218.8717514417	21.0
440261.29815831286	21.0
440298.7981583124	21.0
440336.2981583119	21.0
440373.79815831146	21.0
440411.298158311	21.0
440453.7245651819	21.0
440496.1509720527	21.0
440526.15097205277	21.0
440556.1509720528	21.0
440586.1509720529	21.0
440616.1509720529	21.0
440646.15097205294	21.0
440676.150972053	21.0
440706.15097205306	21.0
440736.1509720531	21.0
440766.1509720532	21.0
440796.1509720532	21.0
440826.15097205323	21.0
440856.1509720533	21.0
440886.15097205335	21.0
440916.1509720534	21.0
440946.15097205347	21.0
440976.15097205347	21.0
441006.1509720535	21.0
441036.1509720536	21.0
441066.15097205364	21.0
441096.1509720537	21.0
441126.15097205376	21.0
441156.1509720538	21.0
441186.1509720538	21.0
441216.1509720539	21.0
441246.15097205393	21.0
441276.150972054	21.0
441306.15097205405	21.0
441336.1509720541	21.0
441366.1509720541	21.0
441396.15097205417	21.0
441426.1509720542	21.0
441456.1509720543	21.0
441486.15097205434	21.0
441516.1509720544	21.0
441546.1509720544	21.0
441576.15097205446	21.0
441606.1509720545	21.0
441636.1509720546	21.0
441678.5773789238	21.0
441708.57737892424	21.0
441738.5773789247	21.0
441768.57737892517	21.0
441798.57737892563	21.0
441838.27624540817	21.0
441877.97511189064	21.0
441917.6739783732	21.0
441957.3728448557	20.0
441997.07171133824	23.0
442036.7705778207	21.0
442076.46944430325	21.0
442116.1683107858	21.0
442155.8671772683	21.0
442195.5660437508	21.0
442235.2649102333	21.0
442274.96377671586	21.0
442314.6626431984	21.0
442354.36150968086	21.0
442394.0603761634	21.0
442424.0603761634	21.0
442454.0603761634	21.0
442484.0603761634	21.0
442514.0603761634	21.0
442544.0603761634	21.0
442574.0603761634	21.0
442604.0603761634	21.0
442634.0603761634	21.0
442664.0603761634	21.0
442708.4571596072	21.0
442752.85394305096	21.0
442797.25072649476	21.0
442841.6475099385	21.0
442886.0442933823	21.0
442930.4410768261	22.0
442974.8378602699	22.0
443019.2346437137	21.0
443063.63142715744	21.0
443108.02821060125	21.0
443152.424994045	21.0
443183.0191111265	21.0
443213.613228208	21.0
443244.20734528947	21.0
443274.8014623709	21.0
443305.3955794524	21.0
443347.82198632427	21.0
443390.2483931961	21.0
443426.74496837787	21.0
443463.24154355965	21.0
443499.7381187414	21.0
443536.23469392327	21.0
443572.73126910505	21.0
443615.1576759766	21.0
443657.5840828481	21.0
443687.5840828481	21.0
443717.5840828481	21.0
443747.5840828481	21.0
443832.43689658854	21.0
443862.4368965889	21.0
443892.4368965893	21.0
443922.43689658964	21.0
443952.43689659005	21.0
443982.4368965904	21.0
444027.15825613996	21.0
444071.87961568957	21.0
444116.6009752391	21.0
444146.60097523924	21.0
444176.60097523936	21.0
444206.6009752395	21.0
444236.6009752396	21.0
444266.6009752397	21.0
444296.6009752398	21.0
444326.60097523994	21.0
444356.60097524006	21.0
444386.6009752402	21.0
444416.6009752403	21.0
444446.6009752404	21.0
444476.6009752405	21.0
444506.60097524064	21.0
444536.60097524076	21.0
444566.6009752409	21.0
444596.600975241	21.0
444637.4282198862	21.0
444678.2554645315	21.0
444719.0827091767	21.0
444759.9099538219	21.0
444800.73719846713	21.0
444841.5644431124	21.0
444882.3916877576	21.0
444923.21893240284	21.0
444964.0461770481	22.0
445004.87342169334	23.0
445045.70066633855	21.0
445086.5279109838	21.0
445127.35515562905	21.0
445158.27844782115	21.0
445189.2017400133	22.0
445220.1250322054	21.0
445251.0483243976	21.0
445293.4747312691	21.0
445335.90113814065	21.0
445370.90113814047	21.0
445405.90113814035	21.0
445440.9011381402	21.0
445475.90113814	21.0
445510.9011381399	21.0
445545.9011381397	21.0
445588.3275450109	21.0
445630.7539518821	21.0
445673.1803587533	21.0
445715.6067656245	21.0
445758.03317249566	21.0
445800.4595793669	21.0
445842.8859862381	21.0
445885.31239310926	21.0
445927.73879998043	21.0
445970.16520685167	21.0
446012.59161372285	21.0
446055.018020594	21.0
446097.4444274652	21.0
446139.87083433644	21.0
446169.8708343369	21.0
446199.8708343374	21.0
446243.137449643	21.0
446286.4040649486	21.0
446329.67068025423	22.0
446372.93729555985	21.0
446416.2039108655	21.0
446446.2039108655	21.0
446476.2039108655	21.0
446506.2039108655	21.0
446536.2039108655	21.0
446578.63031773735	21.0
446621.05672460917	21.0
446651.0567246101	21.0
446681.05672461103	21.0
446725.840154086	20.0
446770.62358356104	21.0
446815.407013036	21.0
446860.19044251106	21.0
446904.97387198603	21.0
446949.75730146107	21.0
446994.54073093605	21.0
447039.324160411	21.0
447084.10758988606	21.0
447128.89101936104	21.0
447173.6744488361	21.0
447218.45787831105	21.0
447263.241307786	21.0
447308.02473726106	21.0
447352.80816673604	21.0
447397.5915962111	21.0
447442.37502568605	21.0
447487.1584551611	21.0
447518.0817473532	21.0
447549.00503954536	21.0
447579.92833173746	21.0
447610.85162392963	21.0
447653.27803080087	21.0
447695.70443767216	21.0
447738.1308445434	21.0
447780.5572514147	21.0
447822.9836582859	21.0
447865.4100651572	21.0
447907.83647202846	21.0
447950.26287889975	21.0
447992.689285771	21.0
448035.1156926422	21.0
448077.5420995135	21.0
448119.96850638476	21.0
448162.39491325605	21.0
448204.8213201273	21.0
448247.2477269986	21.0
448289.6741338698	21.0
448332.1005407411	21.0
448374.52694761235	21.0
448416.9533544836	21.0
448476.9533544817	21.0
448519.37976135337	21.0
448561.806168225	21.0
448604.2325750966	21.0
448634.2325750966	21.0
448664.2325750966	21.0
448694.2325750966	21.0
448724.2325750966	21.0
448754.2325750966	21.0
448784.2325750966	21.0
448814.2325750966	21.0
448844.2325750966	21.0
448886.6589819675	21.0
448929.0853888383	21.0
448974.08538883785	21.0
449019.0853888374	21.0
449061.51179570856	21.0
449103.9382025798	21.0
449133.9382025798	21.0
449163.9382025798	21.0
449193.9382025798	21.0
449223.9382025798	21.0
449253.9382025798	21.0
449296.3646094509	21.0
449338.791016322	21.0
449381.2174231931	21.0
449423.6438300642	21.0
449466.07023693534	21.0
449508.4966438064	21.0
449550.9230506775	21.0
449593.34945754864	21.0
449635.77586441976	20.0
449678.2022712908	21.0
449720.62867816194	20.0
449763.05508503306	20.0
449805.4814919042	21.0
449847.90789877524	21.0
449890.33430564636	21.0
449920.9284227283	20.0
449951.5225398103	21.0
449982.11665689223	21.0
450012.7107739742	21.0
450043.30489105615	21.0
450085.73129792634	21.0
450128.1577047966	21.0
450158.1577047969	21.0
450188.1577047972	21.0
450218.1577047975	21.0
450248.1577047978	21.0
450278.15770479816	21.0
450308.15770479845	21.0
450338.15770479874	21.0
450368.1577047991	20.0
450398.1577047994	21.0
450428.15770479967	21.0
450458.1577048	21.0
450488.1577048003	21.0
450530.5841116715	21.0
450573.0105185427	21.0
450615.4369254139	21.0
450657.8633322851	21.0
450700.28973915626	21.0
450742.7161460275	21.0
450785.1425528987	21.0
450827.56895976985	21.0
450869.99536664103	21.0
450912.42177351227	21.0
450954.84818038344	21.0
450997.2745872546	21.0
451039.7009941258	21.0
451082.12740099704	21.0
451124.5538078682	21.0
451166.9802147394	21.0
451209.4066216106	21.0
451251.8330284818	21.0
451294.259435353	21.0
451336.68584222416	21.0
451379.11224909534	21.0
451421.5386559666	21.0
451453.16143256886	21.0
451484.78420917114	21.0
451516.4069857734	21.0
451549.13425850053	21.0
451581.8615312276	21.0
451614.5888039547	21.0
451647.31607668183	21.0
451680.04334940895	21.0
451712.770622136	21.0
451745.49789486313	21.0
451778.22516759025	21.0
451810.9524403174	21.0
451843.67971304443	21.0
451876.40698577155	21.0
451918.83339264273	21.0
451963.8333926418	21.0
452008.83339264087	21.0
452046.6823606414	21.0
452084.531328642	21.0
452122.38029664254	21.0
452160.2292646431	21.0
452198.0782326436	21.0
452235.92720064416	21.0
452273.7761686447	21.0
452311.6251366453	21.0
452349.47410464584	21.0
452387.3230726464	21.0
452425.17204064695	20.0
452463.0210086475	20.0
452500.8699766481	21.0
452545.86997664714	21.0
452590.8699766462	21.0
452625.8556880154	21.0
452660.8413993846	23.0
452695.82711075374	21.0
452730.81282212294	23.0
452765.79853349214	20.0
452800.78424486134	21.0
452835.7699562305	24.0
452870.7556675997	20.0
452905.7413789689	21.0
452940.72709033807	21.0
452970.7270903382	21.0
453000.7270903383	21.0
453030.7270903384	21.0
453060.72709033854	21.0
453090.7270903386	21.0
453120.7270903387	20.0
453150.7270903388	20.0
453180.72709033894	21.0
453210.72709033906	21.0
453240.7270903392	21.0
453270.7270903393	21.0
453300.7270903394	21.0
453330.72709033947	21.0
453360.7270903396	21.0
453390.7270903397	21.0
453420.7270903398	21.0
453450.72709033993	21.0
453493.153497211	21.0
453535.5799040821	21.0
453578.0063109532	21.0
453620.43271782424	21.0
453662.85912469536	21.0
453705.2855315664	21.0
453747.71193843754	21.0
453790.1383453086	21.0
453832.56475217966	21.0
453874.9911590508	21.0
453917.41756592185	21.0
453959.8439727929	21.0
453990.767264985	21.0
454021.6905571772	21.0
454052.6138493693	21.0
454083.53714156145	21.0
454125.9635484322	21.0
454168.38995530293	21.0
454210.8163621737	21.0
454240.9659890372	21.0
454271.1156159006	21.0
454301.2652427641	21.0
454331.4148696275	22.0
454361.564496491	23.0
454391.7141233544	21.0
454421.8637502179	21.0
454452.01337708137	21.0
454482.1630039448	21.0
454512.3126308083	21.0
454554.7390376788	21.0
454586.5037435611	21.0
454618.2684494434	21.0
454650.0331553257	21.0
454681.797861208	21.0
454713.5625670903	21.0
454745.3272729726	21.0
454777.0919788549	21.0
454808.8566847372	21.0
454840.6213906195	21.0
454872.3860965018	21.0
454904.1508023841	21.0
454935.91550826636	21.0
454967.6802141487	21.0
454999.444920031	21.0
455031.2096259133	21.0
455062.9743317956	21.0
455094.7390376779	21.0
455137.16544454976	21.0
455167.16544454976	21.0
455197.16544454976	21.0
455227.16544454976	21.0
455257.16544454976	21.0
455299.59185142105	21.0
455342.0182582924	21.0
455384.4446651637	21.0
455426.871072035	21.0
455469.29747890634	21.0
455511.72388577764	21.0
455554.150292649	21.0
455596.5766995203	21.0
455639.0031063916	21.0
455681.42951326293	21.0
455723.8559201342	21.0
455766.2823270055	21.0
455808.7087338769	21.0
455851.13514074817	21.0
455893.5615476195	20.0
455935.9879544908	21.0
455985.9879544901	21.0
456035.9879544895	21.0
456085.9879544888	21.0
456115.98795448896	21.0
456145.9879544891	21.0
456175.98795448925	21.0
456205.9879544894	21.0
456235.98795448954	21.0
456265.9879544897	21.0
456295.9879544899	21.0
456325.98795449	21.0
456355.9879544902	21.0
456385.98795449035	21.0
456415.98795449047	21.0
456445.98795449064	21.0
456478.0279685356	22.0
456510.0679825805	21.0
456542.1079966255	21.0
456574.1480106704	21.0
456606.18802471535	21.0
456638.2280387603	21.0
456670.2680528052	21.0
456702.3080668502	21.0
456732.3080668502	21.0
456762.3080668502	21.0
456792.3080668502	21.0
456822.3080668502	21.0
456852.3080668502	21.0
456882.3080668502	21.0
456912.3080668502	21.0
456942.3080668502	21.0
456972.3080668502	20.0
457002.3080668502	20.0
457032.3080668502	20.0
457062.3080668502	20.0
457092.3080668502	20.0
457122.3080668502	21.0
457152.3080668502	21.0
457182.3080668502	21.0
457212.3080668502	21.0
457242.3080668502	21.0
457272.3080668502	21.0
457302.3080668502	21.0
457332.3080668502	21.0
457362.3080668502	20.0
457404.73447372334	21.0
457440.734473723	21.0
457476.7344737226	20.0
457512.73447372223	21.0
457548.7344737218	21.0
457584.7344737215	21.0
457627.984469446	21.0
457671.23446517054	21.0
457714.484460895	21.0
457757.73445661954	21.0
457800.98445234407	21.0
457844.2344480686	21.0
457887.48444379313	21.0
457930.7344395176	21.0
457973.98443524214	21.0
458017.23443096667	21.0
458060.4844266912	21.0
458103.7344224157	21.0
458146.9844181402	21.0
458190.23441386473	21.0
458233.48440958926	21.0
458276.7344053138	21.0
458319.98440103827	21.0
458363.2343967628	21.0
458406.4843924873	21.0
458449.73438821186	21.0
458492.9843839364	21.0
458536.23437966086	21.0
458579.4843753854	21.0
458622.7343711099	20.0
458665.98436683445	20.0
458709.234362559	21.0
458739.2343625599	20.0
458769.23436256085	21.0
458812.96650177176	20.0
458856.69864098274	24.0
458900.43078019365	21.0
458944.1629194046	20.0
458974.1655859528	20.0
459004.16825250094	20.0
459034.1709190491	20.0
459064.17358559725	20.0
459094.17625214544	20.0
459124.17891869356	21.0
459154.18158524175	21.0
459184.1842517899	21.0
459214.18691833806	21.0
459244.1895848862	21.0
459274.1922514344	21.0
459304.19491798256	21.0
459334.1975845307	21.0
459364.2002510789	21.0
459394.202917627	21.0
459424.2055841752	21.0
459454.2082507233	21.0
459484.2109172715	21.0
459514.2135838196	21.0
459544.2162503678	21.0
459574.21891691594	21.0
459604.2215834641	21.0
459634.22425001225	21.0
459664.22691656044	21.0
459694.2295831086	21.0
459724.23224965675	21.0
459754.23491620494	21.0
459784.23758275306	21.0
459814.24024930125	21.0
459844.2429158494	21.0
459874.24558239756	22.0
459904.2482489457	22.0
459934.2509154939	22.0
459964.253582042	22.0
459994.2562485902	22.0
460024.2589151384	22.0
460054.2615816865	21.0
460084.2642482347	21.0
460114.2669147828	21.0
460144.269581331	21.0
460174.2722478791	21.0
460204.2749144273	21.0
460234.27758097544	21.0
460264.2802475236	21.0
460294.28291407175	21.0
460324.28558061994	21.0
460354.28824716806	21.0
460384.29091371625	21.0
460414.29358026444	21.0
460444.29624681256	21.0
460474.29891336075	21.0
460504.3015799089	21.0
460534.30424645706	21.0
460564.3069130052	21.0
460594.3095795534	21.0
460624.3122461015	21.0
460654.3149126497	21.0
460684.3175791978	21.0
460714.320245746	21.0
460744.3229122942	21.0
460774.3255788423	21.0
460804.3282453905	21.0
460834.3309119386	21.0
460864.3335784868	21.0
460894.33624503494	21.0
460924.3389115831	21.0
460954.34157813125	21.0
460984.34424467944	21.0
461014.34691122756	21.0
461044.34957777575	21.0
461074.3522443239	21.0
461104.35491087206	21.0
461134.35757742025	21.0
461164.3602439684	21.0
461194.36291051656	21.0
461236.78931738774	21.0
461274.2893173873	21.0
461311.7893173868	21.0
461349.28931738634	21.0
461386.7893173859	21.0
461429.2157242574	21.0
461471.64213112893	21.0
461501.64213112986	21.0
461531.6421311308	21.0
461561.6421311317	21.0
461591.64213113266	21.0
461632.0308671856	21.0
461672.41960323864	21.0
461712.8083392916	21.0
461753.1970753446	21.0
461783.1970753446	21.0
461813.1970753446	21.0
461843.1970753446	21.0
461873.1970753446	21.0
461903.1970753446	21.0
461933.1970753446	21.0
461963.1970753446	21.0
461993.1970753446	21.0
462023.1970753446	21.0
462065.6234822178	21.0
462096.8734822176	21.0
462128.1234822175	21.0
462159.3734822173	21.0
462190.62348221714	21.0
462221.873482217	21.0
462253.12348221685	21.0
462284.3734822167	21.0
462315.62348221656	21.0
462346.8734822164	21.0
462378.1234822162	21.0
462409.3734822161	21.0
462440.6234822159	21.0
462471.87348221574	21.0
462503.1234822156	21.0
462534.37348221545	21.0
462565.6234822153	21.0
462596.87348221516	21.0
462628.123482215	21.0
462659.3734822148	21.0
462690.6234822147	21.0
462721.8734822145	21.0
462753.12348221435	21.0
462784.3734822142	21.0
462815.62348221405	21.0
462855.32234869665	21.0
462895.02121517924	21.0
462934.7200816618	20.0
462974.4189481445	21.0
463014.11781462707	21.0
463053.81668110966	21.0
463093.51554759225	21.0
463133.21441407484	21.0
463172.91328055743	21.0
463212.61214704	21.0
463252.3110135226	21.0
463292.00988000527	25.0
463331.70874648786	21.0
463371.40761297045	21.0
463411.10647945304	21.0
463441.10647945304	21.0
463471.10647945304	21.0
463501.10647945304	21.0
463531.10647945304	21.0
463561.10647945304	21.0
463591.10647945304	21.0
463621.10647945304	21.0
463651.10647945304	21.0
463681.10647945304	21.0
463711.10647945304	21.0
463741.10647945304	21.0
463771.10647945304	21.0
463801.10647945304	21.0
463831.10647945304	21.0
463861.10647945304	21.0
463891.10647945304	21.0
463921.10647945304	21.0
463951.10647945304	21.0
463981.10647945304	21.0
464011.10647945304	21.0
464041.10647945304	21.0
464083.53288632445	21.0
464125.9592931958	21.0
464168.3857000672	20.0
464210.8121069386	21.0
464253.23851381	21.0
464295.6649206814	21.0
464338.0913275528	20.0
464380.51773442415	20.0
464422.94414129556	20.0
464465.3705481669	21.0
464496.9933247693	21.0
464528.61610137165	21.0
464560.23887797404	21.0
464602.9954564149	21.0
464645.7520348557	21.0
464688.5086132966	21.0
464731.26519173745	21.0
464774.0217701783	21.0
464816.7783486191	22.0
464859.53492706	21.0
464902.29150550085	21.0
464932.2915055009	21.0
464962.29150550097	21.0
464992.291505501	21.0
465022.2915055011	21.0
465052.29150550114	21.0
465082.2915055012	21.0
465112.29150550126	21.0
465142.2915055013	21.0
465172.2915055013	21.0
465202.2915055014	21.0
465232.29150550143	21.0
465262.2915055015	21.0
465292.29150550155	21.0
465322.2915055016	21.0
465352.29150550166	21.0
465382.2915055017	21.0
465412.2915055018	21.0
465442.29150550184	21.0
465472.2915055019	21.0
465502.29150550195	21.0
465532.291505502	21.0
465562.2915055021	21.0
465592.29150550213	21.0
465622.2915055022	21.0
465652.29150550225	21.0
465682.29150550225	21.0
465712.2915055023	21.0
465742.29150550236	21.0
465772.2915055024	21.0
465802.2915055025	21.0
465832.29150550254	21.0
465862.2915055026	21.0
465892.29150550265	21.0
465922.2915055027	21.0
465953.91428210447	24.0
465985.5370587063	21.0
466017.15983530803	21.0
466048.78261190985	21.0
466080.4053885116	21.0
466112.0281651134	21.0
466142.3489937343	21.0
466172.66982235515	21.0
466202.990650976	21.0
466233.3114795969	21.0
466263.63230821776	21.0
466293.9531368386	21.0
466324.2739654595	21.0
466354.59479408036	21.0
466384.9156227012	21.0
466415.2364513221	21.0
466445.55727994296	21.0
466475.87810856383	21.0
466506.1989371847	21.0
466536.5197658055	21.0
466566.8405944264	21.0
466597.16142304725	21.0
466627.4822516681	21.0
466657.803080289	21.0
466688.12390890985	21.0
466718.4447375307	21.0
466748.7655661516	21.0
466779.08639477246	21.0
466809.4072233933	21.0
466839.7280520142	21.0
466870.04888063506	21.0
466900.36970925593	21.0
466930.6905378768	21.0
466961.01136649767	21.0
466991.33219511854	21.0
467021.6530237394	21.0
467051.9738523603	21.0
467082.29468098114	21.0
467112.615509602	21.0
467142.9363382229	21.0
467173.25716684374	21.0
467203.5779954646	21.0
467233.8988240855	21.0
467264.21965270635	21.0
467294.5404813272	21.0
467324.8613099481	21.0
467355.1821385689	21.0
467385.50296718976	21.0
467415.82379581063	21.0
467446.1446244315	20.0
467476.46545305237	20.0
467506.78628167324	20.0
467537.1071102941	21.0
467567.427938915	21.0
467597.74876753584	21.0
467628.0695961567	21.0
467658.3904247776	21.0
467688.71125339845	21.0
467719.0320820193	21.0
467749.3529106402	20.0
467779.67373926105	20.0
467809.9945678819	21.0
467840.3153965028	21.0
467870.63622512366	21.0
467900.9570537445	21.0
467931.2778823654	21.0
467961.59871098626	21.0
467991.91953960713	21.0
468022.240368228	21.0
468052.56119684887	21.0
468082.88202546973	21.0
468113.2028540906	21.0
468143.5236827115	21.0
468173.84451133234	21.0
468204.16533995315	21.0
468234.486168574	21.0
468264.8069971949	21.0
468295.12782581575	21.0
468325.4486544366	21.0
468355.7694830575	21.0
468386.09031167836	21.0
468416.4111402992	21.0
468446.7319689201	21.0
468477.05279754096	21.0
468507.37362616183	21.0
468537.6944547827	21.0
468568.01528340357	21.0
468598.33611202444	21.0
468628.6569406453	21.0
468658.9777692662	21.0
468689.29859788704	21.0
468719.6194265079	21.0
468749.9402551288	21.0
468780.26108374965	21.0
468810.5819123705	21.0
468840.9027409914	21.0
468871.22356961225	21.0
468901.5443982331	21.0
468931.865226854	21.0
468962.18605547486	21.0
469002.8831069652	21.0
469043.5801584556	21.0
469084.2772099459	21.0
469124.97426143626	21.0
469165.6713129266	21.0
469206.368364417	21.0
469247.06541590736	21.0
469287.76246739767	21.0
469328.45951888803	21.0
469369.1565703784	21.0
469409.85362186877	21.0
469450.55067335913	21.0
469484.09169302206	21.0
469517.632712685	21.0
469551.17373234784	21.0
469584.71475201077	21.0
469629.7147520103	21.0
469674.71475200984	21.0
469759.56756574893	21.0
469789.567565749	21.0
469819.567565749	21.0
469849.56756574905	21.0
469879.5675657491	21.0
469909.5675657491	21.0
469939.56756574917	21.0
469969.5675657492	21.0
469999.5675657492	21.0
470029.5675657493	21.0
470059.56756574934	21.0
470089.56756574934	21.0
470119.5675657494	21.0
470149.56756574946	21.0
470179.56756574946	21.0
470209.5675657495	21.0
470239.5675657496	21.0
470269.5675657496	21.0
470299.56756574963	21.0
470329.5675657497	21.0
470359.5675657497	21.0
470389.56756574975	21.0
470419.5675657498	21.0
470449.5675657498	21.0
470479.56756574987	20.0
470515.081586569	20.0
470550.5956073882	21.0
470586.10962820734	20.0
470621.6236490265	21.0
470657.13766984566	20.0
470692.6516906648	20.0
470728.16571148403	21.0
470763.6797323032	20.0
470799.19375312235	20.0
470834.7077739415	21.0
470870.22179476067	20.0
470905.7358155798	20.0
470941.249836399	21.0
470976.76385721815	21.0
471012.2778780373	21.0
471047.79189885646	20.0
471083.3059196756	21.0
471114.22921186744	20.0
471145.1525040592	20.0
471176.075796251	21.0
471206.99908844277	21.0
471244.49908844306	21.0
471281.99908844335	26.0
471319.4990884436	20.0
471356.9990884439	20.0
471394.49908844416	20.0
471431.99908844446	20.0
471469.49908844475	21.0
471506.999088445	21.0
471536.999088445	21.0
471566.999088445	21.0
471596.999088445	21.0
471626.999088445	21.0
471669.4254953167	20.0
471711.8519021883	21.0
471754.27830906	21.0
471796.70471593173	21.0
471836.7047159311	20.0
471876.7047159305	19.0
471916.70471592987	19.0
471959.1311228014	20.0
472001.5575296729	21.0
472043.98393654445	21.0
472086.410343416	21.0
472116.410343416	21.0
472146.410343416	21.0
472176.410343416	21.0
472206.410343416	21.0
472236.410343416	21.0
472266.410343416	21.0
472296.410343416	21.0
472326.410343416	21.0
472356.410343416	21.0
472386.410343416	21.0
472416.410343416	21.0
472446.410343416	21.0
472476.410343416	21.0
472506.410343416	21.0
472536.410343416	21.0
472566.410343416	21.0
472596.410343416	21.0
472626.410343416	21.0
472656.410343416	21.0
472686.410343416	21.0
472716.410343416	21.0
472746.410343416	21.0
472776.410343416	21.0
472806.410343416	21.0
472836.410343416	21.0
472866.410343416	21.0
472896.410343416	21.0
472926.410343416	21.0
472956.410343416	21.0
472986.410343416	21.0
473016.410343416	21.0
473046.410343416	21.0
473076.410343416	21.0
473106.410343416	21.0
473136.410343416	21.0
473166.410343416	21.0
473196.410343416	21.0
473226.410343416	21.0
473256.410343416	21.0
473286.410343416	21.0
473316.410343416	21.0
473346.410343416	20.0
473376.410343416	21.0
473412.465856171	20.0
473448.5213689259	20.0
473484.5768816809	21.0
473517.5443081966	20.0
473550.5117347122	21.0
473583.47916122794	21.0
473616.4465877436	21.0
473649.41401425924	20.0
473682.3814407749	21.0
473715.3488672906	21.0
473748.31629380625	21.0
473781.2837203219	21.0
473814.25114683755	20.0
473847.21857335325	21.0
473880.1859998689	21.0
473913.15342638455	21.0
473946.1208529002	21.0
473979.0882794159	26.0
474012.05570593156	21.0
474045.0231324472	21.0
474080.00884381693	21.0
474114.99455518665	21.0
474149.9802665563	21.0
474184.96597792604	21.0
474219.95168929576	21.0
474259.9516892951	21.0
474299.95168929454	21.0
474339.9516892939	21.0
474382.3780961638	20.0
474412.3780961638	20.0
474442.3780961638	20.0
474472.3780961638	20.0
474502.3780961638	20.0
474532.3780961638	20.0
474562.3780961638	20.0
474592.3780961638	20.0
474622.3780961638	21.0
474652.3780961638	21.0
474682.3780961638	21.0
474712.3780961638	21.0
474742.3780961638	21.0
474772.3780961638	21.0
474802.3780961638	21.0
474832.3780961638	21.0
474862.3780961638	21.0
474892.3780961638	21.0
474922.3780961638	21.0
474952.3780961638	21.0
474982.3780961638	21.0
475012.3780961638	21.0
475042.3780961638	21.0
475072.3780961638	21.0
475102.3780961638	21.0
475147.4561534643	21.0
475192.53421076486	21.0
475237.61226806534	21.0
475282.69032536587	21.0
475327.7683826664	21.0
475372.84643996693	21.0
475417.9244972674	21.0
475463.00255456794	21.0
475508.08061186847	21.0
475553.158669169	21.0
475598.2367264695	21.0
475643.31478377	21.0
475688.39284107054	21.0
475733.4708983711	20.0
475778.5489556716	20.0
475823.6270129721	21.0
475854.5503051642	21.0
475885.47359735635	22.0
475916.39688954846	21.0
475947.3201817406	20.0
475989.74658861215	21.0
476032.1729954837	20.0
476074.5994023552	21.0
476117.02580922673	21.0
476147.1495210918	21.0
476177.2732329569	21.0
476207.3969448219	21.0
476237.52065668703	21.0
476267.6443685521	23.0
476297.7680804172	20.0
476327.89179228223	20.0
476358.0155041473	21.0
476388.1392160124	21.0
476418.2629278774	20.0
476448.38663974253	21.0
476490.8130466117	20.0
476522.577752494	20.0
476554.3424583763	21.0
476586.1071642586	21.0
476617.8718701409	21.0
476649.63657602324	21.0
476681.40128190554	21.0
476713.1659877878	21.0
476744.9306936701	21.0
476776.6953995524	21.0
476808.4601054347	21.0
476840.224811317	21.0
476871.9895171993	21.0
476903.75422308163	21.0
476935.5189289639	21.0
476967.2836348462	21.0
476999.0483407285	20.0
477030.8130466108	21.0
477073.2394534787	20.0
477103.3280799643	21.0
477133.41670645	20.0
477163.5053329356	20.0
477193.59395942127	20.0
477223.6825859069	20.0
477253.7712123925	20.0
477283.85983887815	21.0
477313.94846536376	21.0
477344.03709184943	20.0
477374.12571833504	20.0
477404.2143448207	21.0
477434.3029713063	21.0
477464.3915977919	21.0
477506.8180046628	21.0
477549.24441153364	20.0
477579.24441153364	21.0
477609.24441153364	21.0
477639.24441153364	20.0
477669.24441153364	20.0
477702.78543119633	22.0
477736.326450859	21.0
477769.86747052177	21.0
477803.40849018446	21.0
477845.8348970556	21.0
477888.2613039267	20.0
477930.6877107979	21.0
477973.114117669	21.0
478015.5405245401	21.0
478057.96693141124	21.0
478100.39333828236	21.0
478142.81974515354	21.0
478185.24615202466	21.0
478227.6725588958	21.0
478270.0989657669	21.0
478312.525372638	21.0
478354.95177950914	21.0
478397.3781863803	21.0
478439.80459325144	21.0
478482.23100012256	21.0
478524.6574069937	21.0
478567.0838138648	21.0
478609.510220736	21.0
478651.9366276071	21.0
478694.3630344782	21.0
478736.78944134933	21.0
478779.21584822045	21.0
478821.64225509163	21.0
478864.06866196275	21.0
478906.4950688339	21.0
478948.921475705	21.0
478991.3478825761	21.0
479033.7742894473	21.0
479076.2006963184	20.0
479118.62710318953	20.0
479161.05351006065	21.0
479221.0535100597	21.0
479260.91655685805	21.0
479300.7796036563	20.0
479340.64265045465	20.0
479380.5056972529	24.0
479420.36874405126	20.0
479460.23179084953	20.0
479500.09483764786	20.0
479539.95788444614	20.0
479571.5806610478	21.0
479603.2034376494	21.0
479634.82621425105	21.0
479666.4489908527	21.0
479698.0717674544	20.0
479729.694544056	20.0
479761.31732065766	21.0
479792.9400972593	21.0
479824.56287386094	21.0
479856.1856504626	22.0
479887.8084270642	20.0
479919.43120366585	21.0
479951.0539802675	20.0
479982.6767568692	21.0
480014.2995334708	21.0
480044.2995334708	20.0
480074.2995334708	20.0
480104.2995334708	20.0
480134.2995334708	20.0
480164.2995334708	20.0
480194.2995334708	21.0
480224.2995334708	20.0
480254.2995334708	20.0
480284.2995334708	20.0
480314.2995334708	20.0
480344.2995334708	20.0
480374.2995334708	20.0
480404.2995334708	21.0
480434.2995334708	21.0
480464.2995334708	21.0
480494.2995334708	21.0
480524.2995334708	21.0
480554.2995334708	21.0
480584.2995334708	21.0
480614.2995334708	21.0
480644.2995334708	21.0
480674.2995334708	21.0
480704.2995334708	21.0
480746.72594034194	21.0
480789.1523472131	21.0
480831.57875408424	21.0
480874.0051609554	20.0
480916.43156782654	21.0
480958.85797469766	20.0
481001.28438156884	20.0
481043.71078843996	20.0
481086.1371953111	20.0
481128.56360218226	20.0
481170.9900090534	20.0
481213.41641592456	19.0
481255.8428227957	21.0
481285.8428227957	20.0
481315.8428227957	21.0
481358.26922966685	20.0
481400.6956365381	20.0
481443.12204340927	21.0
481485.54845028045	20.0
481527.9748571516	20.0
481570.40126402286	21.0
481612.82767089404	21.0
481642.8276708947	20.0
481672.82767089526	20.0
481702.8276708959	21.0
481748.9253931825	21.0
481795.023115469	21.0
481841.1208377556	21.0
481887.21856004215	20.0
481933.31628232874	20.0
481979.4140046153	19.0
482009.4140046153	19.0
482039.4140046153	19.0
482069.4140046153	20.0
482099.4140046153	20.0
482129.4140046153	20.0
482159.4140046153	20.0
482189.4140046153	20.0
482219.4140046153	20.0
482262.1705830564	20.0
482304.92716149753	20.0
482347.68373993866	19.0
482390.4403183798	19.0
482433.1968968209	21.0
482475.95347526204	20.0
482518.71005370317	19.0
482561.4666321443	20.0
482591.4666321443	20.0
482621.4666321443	20.0
482651.4666321443	20.0
482681.4666321443	20.0
482711.4666321443	20.0
482741.4666321443	20.0
482771.4666321443	20.0
482813.8930390155	20.0
482843.8930390155	20.0
482873.8930390155	20.0
482903.8930390155	20.0
482933.8930390155	20.0
482963.8930390155	20.0
482993.8930390155	20.0
483023.8930390155	20.0
483053.8930390155	20.0
483083.8930390155	20.0
483113.8930390155	20.0
483143.8930390155	20.0
483173.8930390155	20.0
483203.8930390155	20.0
483233.8930390155	20.0
483263.8930390155	20.0
483293.8930390155	20.0
483323.8930390155	20.0
483353.8930390155	20.0
483383.8930390155	20.0
483413.8930390155	20.0
483443.8930390155	20.0
483473.8930390155	20.0
483503.8930390155	20.0
483533.8930390155	20.0
483563.8930390155	20.0
483593.8930390155	20.0
483623.8930390155	20.0
483653.8930390155	20.0
483683.8930390155	20.0
483713.8930390155	20.0
483743.8930390155	20.0
483773.8930390155	20.0
483803.8930390155	20.0
483848.7384525056	20.0
483893.5838659958	20.0
483938.42927948595	19.0
483983.2746929761	19.0
484028.1201064663	19.0
484072.96551995643	20.0
484117.81093344657	19.0
484162.65634693677	19.0
484207.5017604269	19.0
484237.50176042755	19.0
484267.50176042813	19.0
484297.5017604288	20.0
484337.7509840233	19.0
484378.00020761794	20.0
484418.2494312125	19.0
484458.4986548071	20.0
484498.74787840166	20.0
484528.74787840166	20.0
484558.74787840166	19.0
484588.74787840166	20.0
484618.74787840166	20.0
484648.74787840166	20.0
484678.74787840166	20.0
484708.74787840166	20.0
484738.74787840166	19.0
484768.74787840166	19.0
484798.74787840166	19.0
484828.74787840166	19.0
484858.74787840166	19.0
484888.74787840166	19.0
484918.74787840166	19.0
484948.74787840166	19.0
484978.74787840166	19.0
485008.74787840166	19.0
485038.74787840166	19.0
485068.74787840166	19.0
485098.74787840166	20.0
485128.74787840166	20.0
485158.74787840166	19.0
485188.74787840166	19.0
485218.74787840166	19.0
485248.74787840166	19.0
485278.74787840166	20.0
485308.74787840166	20.0
485338.74787840166	20.0
485368.74787840166	20.0
485398.74787840166	20.0
485428.74787840166	20.0
485458.74787840166	20.0
485488.74787840166	20.0
485518.74787840166	20.0
485548.74787840166	20.0
485578.74787840166	20.0
485608.74787840166	20.0
485638.74787840166	20.0
485668.74787840166	20.0
485698.74787840166	20.0
485728.74787840166	20.0
485758.74787840166	20.0
485788.74787840166	20.0
485818.74787840166	20.0
485848.74787840166	20.0
485891.17428527283	20.0
485933.6006921441	20.0
485976.02709901525	20.0
486018.4535058864	20.0
486060.8799127576	20.0
486103.30631962884	20.0
486145.7327265	20.0
486188.1591333712	20.0
486230.5855402424	20.0
486273.0119471136	20.0
486315.4383539848	20.0
486357.86476085597	20.0
486400.29116772715	19.0
486442.7175745984	20.0
486476.2585942613	20.0
486509.79961392423	20.0
486547.299613924	20.0
486584.79961392377	19.0
486622.29961392353	19.0
486659.7996139233	19.0
486702.22602079535	19.0
486744.65242766746	20.0
486787.0788345395	20.0
486817.0788345395	20.0
486847.0788345395	20.0
486877.0788345395	20.0
486907.0788345395	20.0
486937.0788345395	20.0
486967.0788345395	20.0
486997.0788345395	20.0
487027.0788345395	20.0
487073.3621874897	20.0
487119.6455404398	20.0
487165.92889339	20.0
487212.2122463401	20.0
487258.4955992903	20.0
487304.7789522404	20.0
487351.0623051906	20.0
487397.3456581407	19.0
487443.6290110909	19.0
487489.912364041	19.0
487536.1957169912	19.0
487569.7367366537	20.0
487603.2777563162	20.0
487636.8187759787	23.0
487670.3597956412	20.0
487703.90081530367	23.0
487737.4418349662	19.0
487779.86824183806	20.0
487822.2946487099	20.0
487864.72105558176	20.0
487894.72105558176	20.0
487924.72105558176	20.0
487978.80432471266	20.0
488032.8875938436	20.0
488062.88759384374	20.0
488092.88759384386	20.0
488122.8875938439	20.0
488152.88759384403	20.0
488182.88759384415	20.0
488212.88759384427	20.0
488242.8875938443	20.0
488272.88759384444	20.0
488302.88759384456	20.0
488332.8875938447	20.0
488362.8875938448	20.0
488392.88759384485	20.0
488422.88759384496	20.0
488452.8875938451	20.0
488482.8875938452	20.0
488512.88759384525	20.0
488542.8875938454	20.0
488572.8875938455	20.0
488619.55664140364	20.0
488666.22568896186	20.0
488712.89473652	20.0
488759.56378407823	20.0
488806.2328316364	20.0
488852.90187919454	20.0
488899.57092675276	20.0
488946.2399743109	20.0
488992.9090218691	20.0
489039.5780694273	19.0
489069.5780694273	19.0
489099.5780694273	19.0
489129.5780694273	19.0
489159.5780694273	19.0
489189.5780694273	19.0
489219.5780694273	19.0
489249.5780694273	19.0
489279.5780694273	19.0
489309.5780694273	19.0
489339.5780694273	19.0
489369.5780694273	19.0
489399.5780694273	19.0
489429.5780694273	19.0
489459.5780694273	19.0
489489.5780694273	18.0
489519.5780694273	18.0
489555.63358218194	18.0
489591.6890949366	18.0
489627.7446076912	18.0
489663.80012044584	18.0
489699.8556332005	18.0
489735.91114595515	19.0
489765.9111459553	18.0
489795.91114595544	18.0
489825.9111459556	18.0
489855.9111459558	18.0
489885.9111459559	18.0
489915.9111459561	18.0
489945.91114595626	18.0
489975.9111459564	18.0
490005.91114595655	18.0
490035.9111459567	18.0
490065.91114595684	18.0
490095.911145957	18.0
490136.0497945531	18.0
490176.1884431491	19.0
490216.32709174516	18.0
490256.4657403412	18.0
490296.6043889373	21.0
490336.7430375333	21.0
490376.8816861294	19.0
490417.02033472544	19.0
490457.15898332145	18.0
490488.35945427534	18.0
490519.5599252293	19.0
490550.7603961832	18.0
490581.9608671371	18.0
490613.161338091	19.0
490644.36180904496	18.0
490675.56227999885	19.0
490717.98868687014	19.0
490760.41509374144	18.0
490802.84150061273	19.0
490845.267907484	19.0
490887.6943143553	19.0
490930.1207212266	19.0
490972.5471280979	19.0
491014.9735349692	19.0
491057.3999418405	19.0
491099.82634871174	18.0
491142.25275558303	19.0
491184.6791624543	19.0
491227.1055693256	18.0
491269.5319761969	18.0
491311.9583830682	18.0
491354.3847899395	18.0
491396.8111968108	18.0
491439.2376036821	19.0
491481.6640105534	18.0
491524.0904174247	18.0
491571.5245823263	19.0
491618.95874722797	19.0
491648.95874722814	19.0
491678.95874722826	19.0
491708.95874722843	19.0
491738.9587472286	19.0
491768.9587472287	19.0
491798.9587472289	19.0
491828.9587472291	19.0
491858.9587472292	19.0
491888.95874722936	19.0
491918.95874722954	19.0
491948.95874722966	19.0
491978.95874722983	18.0
492018.0099956092	19.0
492057.0612439885	18.0
492096.11249236786	20.0
492135.16374074714	19.0
492174.2149891265	19.0
492213.2662375058	18.0
492251.345103035	19.0
492289.42396856414	18.0
492327.5028340933	20.0
492365.58169962245	18.0
492403.6605651516	18.0
492441.73943068075	19.0
492480.15817610535	18.0
492518.57692152995	18.0
492556.99566695455	20.0
492595.41441237915	18.0
492633.83315780375	18.0
492663.83315780404	18.0
492693.83315780427	18.0
492723.83315780456	18.0
492753.8331578048	18.0
492783.8331578051	18.0
492813.8331578053	18.0
492843.8331578056	18.0
492873.8331578059	18.0
492903.83315780613	18.0
492933.8331578064	18.0
492963.83315780666	18.0
492993.83315780695	18.0
493023.8331578072	18.0
493053.8331578075	18.0
493088.6341795035	19.0
493123.43520119955	18.0
493158.23622289556	18.0
493193.0372445916	18.0
493227.83826628764	18.0
493262.63928798365	18.0
493297.4403096797	18.0
493332.2413313757	18.0
493367.04235307174	18.0
493397.0423530722	18.0
493427.04235307267	18.0
493457.04235307314	18.0
493487.0423530736	18.0
493525.2031968797	18.0
493563.3640406858	18.0
493601.5248844919	18.0
493639.68572829803	20.0
493677.84657210414	18.0
493716.0074159102	18.0
493754.1682597163	18.0
493792.3291035224	19.0
493830.4899473285	18.0
493868.6507911346	18.0
493906.81163494074	18.0
493944.97247874684	18.0
493974.97247874684	18.0
494004.97247874684	18.0
494034.97247874684	18.0
494064.97247874684	18.0
494094.97247874684	18.0
494124.97247874684	18.0
494154.97247874684	18.0
494184.97247874684	18.0
494227.3988856181	18.0
494269.8252924893	18.0
494312.2516993605	18.0
494354.67810623173	18.0
494397.10451310297	18.0
494439.5309199742	18.0
494481.95732684544	18.0
494524.3837337166	18.0
494566.81014058786	18.0
494609.2365474591	18.0
494651.6629543303	18.0
494694.0893612015	18.0
494736.51576807274	18.0
494778.942174944	18.0
494821.3685818152	18.0
494863.79498868645	18.0
494906.22139555763	18.0
494948.64780242887	18.0
494991.0742093001	18.0
495033.50061617134	18.0
495075.9270230426	18.0
495116.48947489134	18.0
495157.05192674004	18.0
495197.6143785888	18.0
495238.17683043756	19.0
495278.7392822863	18.0
495319.301734135	18.0
495359.8641859838	18.0
495400.42663783254	18.0
495430.426637833	18.0
495460.4266378335	18.0
495490.42663783394	18.0
495520.4266378344	18.0
495565.14799738396	18.0
495609.8693569336	18.0
495654.59071648313	18.0
495690.6462292385	19.0
495726.7017419938	18.0
495762.7572547491	18.0
495796.50725474866	18.0
495830.2572547482	18.0
495864.00725474773	18.0
495897.75725474727	18.0
495931.5072547468	18.0
495965.25725474634	18.0
495999.00725474587	18.0
496032.7572547454	18.0
496072.2695881343	18.0
496111.7819215232	18.0
496151.2942549122	18.0
496190.8065883011	19.0
496230.31892169	18.0
496269.8312550789	18.0
496309.3435884678	18.0
496343.84116294223	18.0
496378.33873741666	18.0
496412.8363118911	18.0
496447.3338863655	18.0
496481.83146083995	18.0
496516.3290353144	20.0
496550.8266097888	18.0
496585.32418426324	18.0
496619.8217587377	21.0
496654.3193332121	18.0
496688.81690768653	18.0
496731.2433145574	18.0
496773.66972142825	18.0
496803.66972142825	18.0
496833.66972142825	18.0
496863.66972142825	18.0
496893.66972142825	18.0
496923.66972142825	18.0
496953.66972142825	18.0
496983.66972142825	18.0
497013.66972142825	18.0
497043.66972142825	18.0
497073.66972142825	18.0
497103.66972142825	18.0
497133.66972142825	18.0
497163.66972142825	18.0
497193.66972142825	18.0
497223.66972142825	18.0
497253.66972142825	18.0
497283.66972142825	18.0
497313.66972142825	18.0
497343.66972142825	18.0
497373.66972142825	18.0
497403.66972142825	18.0
497433.66972142825	18.0
497463.66972142825	18.0
497493.66972142825	18.0
497523.66972142825	18.0
497553.66972142825	18.0
497583.66972142825	18.0
497613.66972142825	18.0
497643.66972142825	18.0
497673.66972142825	18.0
497703.66972142825	18.0
497733.66972142825	18.0
497763.66972142825	18.0
497793.66972142825	18.0
497823.66972142825	18.0
497853.66972142825	18.0
497893.9189450229	18.0
497934.1681686176	18.0
497974.41739221226	18.0
498014.6666158069	19.0
498054.91583940154	18.0
498094.42817279	18.0
498133.9405061784	17.0
498173.45283956686	18.0
498212.9651729553	19.0
498252.47750634374	17.0
498291.9898397322	18.0
498331.5021731206	18.0
498371.01450650906	18.0
498410.5268398975	18.0
498450.03917328594	18.0
498489.5515066744	18.0
498529.0638400628	18.0
498568.57617345126	18.0
498608.0885068397	18.0
498646.3311531911	18.0
498684.5737995425	18.0
498722.8164458939	18.0
498761.0590922453	18.0
498797.11460500065	18.0
498833.17011775594	21.0
498869.2256305113	18.0
498911.6520373825	18.0
498954.0784442537	18.0
498996.5048511249	18.0
499038.9312579961	18.0
499081.3576648673	18.0
499123.78407173854	18.0
499166.2104786097	18.0
499208.63688548096	18.0
499251.06329235213	18.0
499293.48969922337	18.0
499335.91610609455	18.0
499378.3425129658	18.0
499420.76891983696	18.0
499463.1953267082	18.0
499505.6217335794	18.0
499548.0481404506	18.0
499590.4745473218	18.0
499632.900954193	18.0
499675.3273610642	18.0
499717.75376793544	18.0
499760.1801748066	18.0
499802.60658167786	18.0
499845.03298854904	18.0
499887.4593954203	18.0
499929.88580229145	18.0
499972.3122091627	18.0
500014.73861603386	18.0
500057.1650229051	18.0
500099.5914297763	18.0
500142.0178366475	18.0
500184.4442435187	18.0
500226.87065038993	18.0
500269.2970572611	18.0
500311.72346413234	18.0
500354.1498710035	18.0
500396.57627787476	18.0
500439.00268474594	18.0
500481.4290916172	18.0
500523.85549848835	18.0
500566.2819053596	18.0
500608.70831223077	18.0
500651.134719102	18.0
500693.5611259732	18.0
500735.9875328444	18.0
500778.4139397156	18.0
500820.84034658683	18.0
500863.266753458	18.0
500906.9988926689	18.0
500950.7310318799	18.0
500994.4631710908	18.0
501038.1953103018	18.0
501068.1953103024	18.0
501098.195310303	18.0
501128.19531030365	17.0
501163.1810216729	18.0
501198.16673304216	18.0
501233.1524444114	18.0
501268.13815578073	18.0
501303.12386715	18.0
501333.12386715	18.0
501363.12386715	18.0
501393.12386715	18.0
501435.55027402117	18.0
501465.55027402117	18.0
501495.55027402117	18.0
501525.55027402117	18.0
501555.55027402117	18.0
501585.55027402117	18.0
501615.55027402117	18.0
501645.55027402117	18.0
501675.55027402117	18.0
501705.55027402117	18.0
501735.55027402117	18.0
501765.55027402117	18.0
501795.55027402117	18.0
501825.55027402117	18.0
501855.55027402117	18.0
501885.55027402117	18.0
501915.55027402117	18.0
501945.55027402117	18.0
501975.55027402117	18.0
502005.55027402117	18.0
502035.55027402117	18.0
502065.55027402117	18.0
502095.55027402117	18.0
502125.55027402117	18.0
502155.55027402117	18.0
502185.55027402117	18.0
502215.55027402117	18.0
502245.55027402117	18.0
502275.55027402117	18.0
502305.55027402117	18.0
502347.9766808917	18.0
502390.40308776224	18.0
502432.8294946328	18.0
502475.2559015033	18.0
502510.2416128725	18.0
502545.2273242417	18.0
502580.21303561085	18.0
502615.19874698005	18.0
502650.18445834925	18.0
502685.17016971845	18.0
502720.1558810876	19.0
502755.1415924568	18.0
502790.127303826	19.0
502825.1130151952	18.0
502867.53942206636	18.0
502909.9658289376	18.0
502952.3922358088	18.0
502994.81864267995	18.0
503037.24504955113	18.0
503079.67145642237	18.0
503122.09786329354	18.0
503169.53202819533	18.0
503216.9661930971	18.0
503246.9661930971	18.0
503276.9661930971	18.0
503306.9661930971	18.0
503336.9661930971	18.0
503366.9661930971	18.0
503396.9661930971	18.0
503426.9661930971	18.0
503456.9661930971	18.0
503499.3925999683	18.0
503529.3925999683	18.0
503559.3925999683	18.0
503589.3925999683	18.0
503619.3925999683	18.0
503649.3925999683	18.0
503679.3925999683	18.0
503709.3925999683	18.0
503739.3925999683	18.0
503769.3925999683	18.0
503799.3925999683	18.0
503829.3925999683	18.0
503859.3925999683	18.0
503889.3925999683	18.0
503919.3925999683	18.0
503949.3925999683	18.0
503979.3925999683	18.0
504009.3925999683	18.0
504039.3925999683	18.0
504069.3925999683	18.0
504099.3925999683	18.0
504129.3925999683	18.0
504159.3925999683	18.0
504201.8190068396	18.0
504244.2454137109	18.0
504286.6718205822	18.0
504329.09822745353	18.0
504371.5246343248	18.0
504413.9510411961	18.0
504446.5900687928	18.0
504479.22909638943	18.0
504511.8681239861	19.0
504544.5071515828	18.0
504577.1461791794	18.0
504609.7852067761	18.0
504642.4242343728	18.0
504673.2813772299	18.0
504704.13852008706	18.0
504734.99566294416	18.0
504765.85280580126	18.0
504796.70994865836	18.0
504827.5670915155	18.0
504858.4242343726	18.0
504889.2813772297	18.0
504920.1385200868	18.0
504950.995662944	18.0
504981.8528058011	18.0
505012.7099486582	18.0
505043.5670915153	18.0
505074.42423437245	18.0
505105.28137722955	18.0
505136.13852008665	18.0
505166.99566294375	18.0
505197.8528058009	18.0
505228.709948658	18.0
505259.5670915151	18.0
505290.4242343722	18.0
505321.2813772294	18.0
505352.1385200865	18.0
505382.9956629436	18.0
505413.8528058007	18.0
505444.70994865784	18.0
505475.56709151494	18.0
505506.42423437204	18.0
505537.28137722914	18.0
505568.1385200863	18.0
505598.9956629434	18.0
505629.8528058005	18.0
505660.7099486576	18.0
505691.56709151476	18.0
505722.42423437187	18.0
505764.8506412434	18.0
505807.2770481149	18.0
505843.27704811475	18.0
505879.27704811457	18.0
505915.27704811434	18.0
505951.27704811416	18.0
505987.277048114	18.0
506029.7034549845	18.0
506072.12986185506	18.0
506106.08755612286	18.0
506140.04525039066	18.0
506174.0029446585	18.0
506207.9606389263	19.0
506241.9183331941	16.0
506275.8760274619	16.0
506309.83372172975	16.0
506343.79141599755	17.0
506386.2178228694	18.0
506416.2178228694	18.0
506446.2178228694	18.0
506476.2178228694	18.0
506506.2178228694	18.0
506536.2178228694	18.0
506566.2178228694	18.0
506596.2178228694	18.0
506638.64422974084	18.0
506681.07063661225	18.0
506723.49704348366	18.0
506765.92345035507	18.0
506808.3498572265	18.0
506850.7762640979	18.0
506893.2026709693	18.0
506935.6290778407	18.0
506978.0554847121	18.0
507020.48189158353	18.0
507062.90829845495	18.0
507105.33470532636	18.0
507136.5847053262	18.0
507167.83470532607	18.0
507199.0847053259	18.0
507230.3347053257	18.0
507261.5847053256	18.0
507292.8347053254	18.0
507324.08470532525	18.0
507355.33470532513	18.0
507386.58470532496	18.0
507417.8347053248	18.0
507449.08470532467	18.0
507480.3347053245	18.0
507511.5847053243	18.0
507542.8347053242	18.0
507574.084705324	18.0
507605.33470532385	18.0
507636.58470532374	18.0
507667.83470532356	18.0
507699.0847053234	18.0
507730.3347053233	18.0
507761.5847053231	18.0
507792.8347053229	18.0
507824.0847053228	18.0
507855.33470532263	18.0
507897.7611121945	18.0
507927.76111219544	18.0
507957.7611121964	18.0
507987.7611121973	18.0
508017.76111219823	18.0
508060.1875190688	18.0
508102.6139259393	18.0
508145.04033280985	18.0
508187.4667396804	18.0
508217.4667396813	18.0
508247.46673968225	18.0
508311.106349988	18.0
508374.74596029386	18.0
508407.38498789043	18.0
508440.024015487	18.0
508472.66304308356	18.0
508505.3020706801	18.0
508537.94109827664	18.0
508570.5801258732	18.0
508603.2191534698	18.0
508633.21915346995	18.0
508663.2191534701	18.0
508693.2191534703	18.0
508723.2191534705	18.0
508753.21915347065	18.0
508783.21915347077	18.0
508813.21915347094	18.0
508843.2191534711	18.0
508873.2191534713	18.0
508903.21915347147	18.0
508933.21915347164	18.0
508975.64556034293	18.0
509018.0719672142	18.0
509060.49837408547	18.0
509102.92478095676	18.0
509145.351187828	18.0
509187.7775946993	18.0
509230.2040015706	18.0
509272.6304084418	18.0
509303.55370063393	18.0
509334.4769928261	18.0
509365.4002850182	18.0
509396.32357721037	18.0
509481.17639094946	18.0
509511.17639094946	18.0
509541.17639094946	18.0
509571.17639094946	18.0
509601.17639094946	18.0
509631.17639094946	18.0
509661.17639094946	18.0
509691.17639094946	18.0
509721.17639094946	18.0
509751.17639094946	18.0
509781.17639094946	18.0
509811.17639094946	18.0
509841.17639094946	18.0
509871.17639094946	18.0
509901.17639094946	18.0
509931.17639094946	18.0
509961.17639094946	18.0
509991.17639094946	18.0
510021.17639094946	18.0
510051.17639094946	18.0
510081.17639094946	18.0
510111.17639094946	18.0
510141.17639094946	18.0
510171.17639094946	18.0
510202.3768619036	19.0
510233.5773328577	18.0
510264.7778038119	18.0
510295.978274766	18.0
510327.1787457201	18.0
510358.37921667425	18.0
510389.5796876284	18.0
510432.00609449955	18.0
510474.4325013708	18.0
510516.85890824196	18.0
510559.28531511314	18.0
510601.7117219843	18.0
510644.13812885556	18.0
510686.56453572673	18.0
510728.9909425979	18.0
510771.4173494691	18.0
510813.8437563403	18.0
510856.2701632115	18.0
510898.6965700827	18.0
510941.12297695386	18.0
510983.5493838251	18.0
511025.9757906963	18.0
511068.40219756746	18.0
511110.82860443863	18.0
511153.25501130987	18.0
511195.68141818105	18.0
511238.1078250522	18.0
511280.5342319234	18.0
511322.96063879464	18.0
511365.3870456658	18.0
511407.813452537	18.0
511450.2398594082	18.0
511492.6662662794	18.0
511535.0926731506	18.0
511577.51908002177	18.0
511619.94548689295	18.0
511662.3718937642	18.0
511699.8718937644	18.0
511737.37189376465	18.0
511774.8718937649	18.0
511812.3718937651	18.0
511872.37189376325	18.0
511914.79830063495	18.0
511957.2247075066	18.0
511999.6511143783	18.0
512042.07752125	18.0
512078.5740964318	18.0
512115.07067161356	18.0
512151.56724679534	18.0
512188.0638219772	18.0
512224.56039715896	18.0
512266.98680402985	18.0
512309.4132109007	18.0
512342.9127963042	18.0
512376.41238170775	18.0
512409.9119671113	18.0
512443.4115525148	18.0
512476.91113791836	18.0
512510.4107233219	18.0
512543.91030872543	18.0
512577.409894129	18.0
512610.90947953257	18.0
512646.96499228757	18.0
512683.0205050425	18.0
512719.0760177975	18.0
512750.5760177974	18.0
512782.07601779734	18.0
512813.5760177972	18.0
512845.07601779717	18.0
512876.57601779705	18.0
512908.07601779694	18.0
512939.5760177969	18.0
512971.07601779676	18.0
513002.5760177967	18.0
513034.0760177966	18.0
513065.57601779647	18.0
513097.0760177964	18.0
513128.5760177963	18.0
513160.07601779624	18.0
513191.5760177961	18.0
513223.076017796	18.0
513254.57601779595	18.0
513286.0760177958	18.0
513317.57601779577	18.0
513349.07601779565	18.0
513391.5024246672	18.0
513433.9288315387	18.0
513470.42540672014	18.0
513506.9219819016	18.0
513543.41855708306	18.0
513579.9151322645	18.0
513616.411707446	18.0
513654.41755494947	18.0
513692.4234024529	18.0
513730.4292499564	18.0
513768.4350974599	18.0
513806.4409449633	18.0
513844.4467924668	18.0
513882.45263997023	18.0
513920.4584874737	18.0
513958.4643349772	18.0
513988.4643349772	18.0
514018.4643349772	18.0
514048.4643349772	18.0
514078.4643349772	18.0
514108.4643349772	18.0
514138.4643349772	18.0
514168.4643349772	18.0
514198.4643349772	18.0
514243.18569452636	18.0
514287.9070540755	18.0
514332.6284136247	18.0
514364.1284136246	18.0
514395.62841362454	18.0
514427.1284136244	18.0
514458.62841362436	18.0
514490.12841362425	18.0
514521.62841362413	18.0
514553.1284136241	18.0
514584.62841362396	18.0
514616.1284136239	18.0
514647.6284136238	18.0
514679.12841362366	18.0
514710.6284136236	18.0
514742.1284136235	18.0
514773.62841362343	18.0
514805.1284136233	18.0
514836.6284136232	18.0
514868.12841362314	18.0
514899.628413623	18.0
514931.12841362297	18.0
514962.62841362285	18.0
515000.12841362343	18.0
515037.6284136241	18.0
515075.12841362465	18.0
515112.6284136253	18.0
515142.6284136253	18.0
515172.6284136253	18.0
515214.0077562977	18.0
515255.3870989701	18.0
515296.7664416425	18.0
515338.1457843149	18.0
515379.5251269873	18.0
515420.9044696597	18.0
515462.2838123321	18.0
515503.6631550045	18.0
515545.0424976769	18.0
515586.4218403493	17.0
515627.8011830217	21.0
515669.1805256941	17.0
515710.5598683665	20.0
515751.93921103893	18.0
515793.3185537113	18.0
515834.6978963837	18.0
515876.0772390561	18.0
515917.45658172853	18.0
515958.8359244009	18.0
516000.2152670733	18.0
516039.74373782525	18.0
516079.2722085772	18.0
516118.8006793291	18.0
516158.32915008103	18.0
516197.857620833	18.0
516237.3860915849	19.0
516276.9145623368	20.0
516316.44303308876	18.0
516355.9715038407	18.0
516395.49997459265	19.0
516435.0284453446	18.0
516474.5569160965	18.0
516504.5569160965	18.0
516534.5569160965	18.0
516564.5569160965	18.0
516594.5569160965	18.0
516624.5569160965	18.0
516654.5569160965	18.0
516684.5569160965	18.0
516714.5569160965	18.0
516744.5569160965	18.0
516774.5569160965	18.0
516804.5569160965	18.0
516834.5569160965	18.0
516864.5569160965	18.0
516894.5569160965	18.0
516924.5569160965	18.0
516966.9833229677	18.0
517009.40972983895	18.0
517051.8361367102	18.0
517094.2625435814	18.0
517136.68895045266	18.0
517179.1153573239	18.0
517221.5417641951	18.0
517263.9681710663	18.0
517306.39457793755	18.0
517348.8209848088	18.0
517391.24739168	18.0
517433.67379855126	18.0
517476.1002054225	18.0
517518.52661229373	18.0
517560.95301916497	18.0
517603.3794260362	18.0
517645.80583290744	18.0
517675.80583290744	18.0
517705.80583290744	18.0
517740.35836611444	18.0
517774.91089932143	18.0
517809.4634325284	18.0
517844.0159657354	18.0
517878.5684989424	18.0
517913.1210321494	18.0
517947.6735653564	18.0
517978.4427961256	18.0
518009.2120268948	18.0
518039.981257664	18.0
518070.7504884331	18.0
518101.5197192023	18.0
518132.2889499715	18.0
518163.0581807407	18.0
518193.8274115099	18.0
518224.59664227907	18.0
518255.36587304826	18.0
518286.13510381745	18.0
518316.9043345866	18.0
518347.67356535577	18.0
518378.44279612496	18.0
518409.21202689415	18.0
518439.98125766334	18.0
518470.75048843253	18.0
518501.5197192017	18.0
518532.2889499709	18.0
518563.05818074004	18.0
518593.82741150924	18.0
518624.5966422784	18.0
518655.3658730476	18.0
518686.1351038168	18.0
518716.904334586	18.0
518747.6735653552	18.0
518778.4427961244	18.0
518809.2120268935	18.0
518839.9812576627	18.0
518870.7504884319	18.0
518901.5197192011	18.0
518932.2889499703	18.0
518963.05818073946	18.0
518993.82741150865	18.0
519024.59664227784	18.0
519055.365873047	18.0
519086.13510381617	18.0
519116.90433458536	18.0
519147.67356535455	18.0
519190.09997222613	18.0
519232.5263790977	18.0
519274.9527859693	18.0
519317.3791928409	18.0
519359.8055997125	18.0
519404.80559971154	18.0
519449.8055997106	18.0
519485.8611124658	18.0
519521.9166252209	19.0
519557.9721379761	18.0
519594.02765073127	18.0
519630.0831634864	18.0
519666.13867624156	18.0
519706.1386762409	18.0
519746.13867624034	18.0
519786.1386762397	18.0
519828.5650831096	18.0
519858.5650831096	18.0
519888.5650831096	18.0
519918.5650831096	18.0
519948.5650831096	18.0
519978.5650831096	18.0
520008.5650831096	18.0
520038.5650831096	18.0
520068.5650831096	18.0
520098.5650831096	18.0
520128.5650831096	18.0
520158.5650831096	18.0
520188.5650831096	18.0
520218.5650831096	18.0
520248.5650831096	18.0
520278.5650831096	18.0
520308.5650831096	18.0
520338.5650831096	18.0
520368.5650831096	18.0
520398.5650831096	18.0
520428.5650831096	18.0
520458.5650831096	18.0
520488.5650831096	18.0
520518.5650831096	18.0
520560.9914899795	18.0
520600.99148997886	18.0
520640.9914899783	18.0
520680.99148997763	18.0
520717.85859826504	18.0
520754.72570655245	20.0
520791.59281483985	18.0
520828.45992312726	18.0
520865.32703141466	18.0
520902.1941397021	18.0
520939.0612479895	18.0
520969.0612479904	18.0
520999.06124799134	18.0
521041.4876548635	18.0
521083.9140617357	18.0
521143.91406173195	18.0
521178.8997731013	18.0
521213.88548447075	18.0
521248.8711958401	18.0
521283.8569072095	18.0
521318.8426185789	18.0
521378.84261857707	18.0
521421.26902544795	18.0
521463.6954323188	18.0
521493.6954323194	18.0
521523.69543232	18.0
521553.69543232064	18.0
521603.69543231995	18.0
521653.6954323193	18.0
521703.6954323186	18.0
521733.69543231867	18.0
521763.69543231867	18.0
521793.6954323187	18.0
521823.6954323188	18.0
521853.6954323188	18.0
521883.69543231884	18.0
521913.6954323189	18.0
521943.6954323189	18.0
521973.69543231896	18.0
522003.695432319	18.0
522033.695432319	18.0
522063.6954323191	18.0
522093.69543231913	18.0
522123.6954323192	18.0
522153.6954323192	18.0
522183.69543231925	18.0
522213.6954323193	18.0
522243.6954323193	18.0
522273.69543231936	18.0
522303.6954323194	18.0
522333.6954323194	18.0
522363.6954323195	18.0
522393.69543231954	18.0
522423.69543231954	18.0
522453.6954323196	18.0
522483.69543231966	18.0
522513.69543231966	18.0
522543.6954323197	18.0
522573.6954323198	18.0
522603.6954323198	18.0
522633.69543231983	18.0
522663.6954323199	18.0
522693.6954323199	18.0
522723.69543231995	18.0
522753.69543232	18.0
522783.69543232006	18.0
522813.69543232006	18.0
522843.6954323201	18.0
522873.6954323202	18.0
522903.6954323202	18.0
522933.69543232024	18.0
522963.6954323203	18.0
522993.6954323203	18.0
523023.69543232035	18.0
523053.6954323204	18.0
523083.6954323204	18.0
523113.69543232047	18.0
523157.3340222451	18.0
523200.9726121697	18.0
523244.61120209424	18.0
523288.24979201885	18.0
523331.88838194346	18.0
523375.52697186806	18.0
523419.1655617927	18.0
523462.8041517173	18.0
523506.44274164183	18.0
523550.08133156644	18.0
523593.71992149105	18.0
523637.35851141566	18.0
523680.99710134027	18.0
523724.6356912649	18.0
523768.2742811894	18.0
523811.91287111404	18.0
523855.55146103865	18.0
523899.19005096325	18.0
523942.82864088786	18.0
523986.4672308125	18.0
524030.105820737	18.0
524073.74441066163	18.0
524117.38300058624	18.0
524161.02159051085	18.0
524204.66018043546	18.0
524248.29877036007	18.0
524291.9373602846	18.0
524335.5759502093	18.0
524379.2145401338	18.0
524422.8531300584	18.0
524466.491719983	18.0
524510.1303099076	18.0
524553.7688998323	18.0
524597.4074897568	18.0
524641.0460796815	18.0
524674.587099345	18.0
524708.1281190086	18.0
524741.1281190084	18.0
524774.1281190083	18.0
524807.128119008	18.0
524840.1281190079	18.0
524873.1281190077	18.0
524906.1281190075	18.0
524939.1281190073	18.0
524972.1281190071	18.0
525005.128119007	18.0
525038.1281190068	18.0
525080.5545258786	18.0
525122.9809327505	18.0
525167.98093275	18.0
525212.9809327496	18.0
525255.4073396211	18.0
525297.8337464926	16.0
525327.8337464931	17.0
525357.8337464936	17.0
525400.2601533646	18.0
525442.6865602357	17.0
525485.1129671067	17.0
525527.5393739778	18.0
525569.9657808489	18.0
525600.8890730412	18.0
525631.8123652333	17.0
525662.7356574256	17.0
525693.6589496179	17.0
525736.0853564895	18.0
525778.5117633612	18.0
525820.9381702328	18.0
525852.2425180589	18.0
525883.5468658849	18.0
525914.851213711	18.0
525946.155561537	18.0
525977.4599093631	18.0
526008.7642571891	18.0
526040.0686050152	17.0
526071.3729528412	17.0
526102.6773006673	17.0
526133.9816484933	17.0
526165.2859963194	17.0
526196.5903441453	17.0
526227.8946919714	17.0
526259.1990397974	17.0
526290.5033876235	17.0
526321.8077354495	17.0
526353.1120832756	17.0
526384.4164311016	17.0
526415.7207789277	17.0
526447.0251267537	17.0
526478.3294745798	17.0
526509.6338224058	17.0
526540.9381702319	17.0
526583.3645771029	17.0
526625.7909839741	17.0
526668.2173908452	17.0
526710.6437977164	17.0
526753.0702045874	17.0
526795.4966114586	17.0
526837.9230183297	17.0
526880.3494252007	17.0
526922.7758320719	17.0
526965.202238943	17.0
527007.6286458141	17.0
527050.0550526852	17.0
527092.4814595563	17.0
527134.9078664274	17.0
527177.3342732985	17.0
527219.7606801697	17.0
527262.1870870407	17.0
527304.6134939119	17.0
527347.039900783	17.0
527389.466307654	17.0
527431.8927145252	17.0
527474.3191213963	17.0
527516.7455282675	17.0
527559.1719351385	17.0
527595.2274478935	17.0
527631.2829606485	17.0
527667.3384734035	17.0
527697.5719399595	17.0
527727.8054065157	17.0
527758.0388730718	17.0
527788.272339628	18.0
527818.505806184	17.0
527848.7392727402	17.0
527878.9727392963	17.0
527909.2062058524	17.0
527951.632612724	17.0
527994.0590195955	17.0
528024.2924861517	17.0
528054.5259527077	17.0
528084.7594192639	17.0
528114.99288582	18.0
528145.2263523762	17.0
528175.4598189323	17.0
528205.6932854884	17.0
528235.9267520446	17.0
528278.3531589131	17.0
528308.3531589134	17.0
528338.3531589138	17.0
528368.3531589143	17.0
528398.3531589146	17.0
528428.353158915	16.0
528478.3531589145	17.0
528528.3531589139	17.0
528578.3531589134	17.0
528608.3531589134	17.0
528638.3531589136	17.0
528668.3531589136	17.0
528698.3531589136	17.0
528728.3531589137	17.0
528758.3531589137	17.0
528788.3531589137	17.0
528818.3531589138	17.0
528848.3531589138	17.0
528878.3531589138	17.0
528908.3531589139	17.0
528938.3531589139	17.0
528968.3531589139	17.0
528998.353158914	17.0
529028.353158914	17.0
529058.353158914	17.0
529088.3531589141	17.0
529118.3531589141	17.0
529148.3531589141	17.0
529178.3531589143	17.0
529208.3531589143	17.0
529238.3531589143	17.0
529268.3531589144	17.0
529298.3531589144	17.0
529328.3531589144	17.0
529358.3531589145	17.0
529388.3531589145	17.0
529418.3531589145	17.0
529448.3531589146	17.0
529478.3531589146	17.0
529508.3531589146	17.0
529538.3531589147	17.0
529568.3531589147	17.0
529598.3531589147	17.0
529628.3531589148	17.0
529658.3531589148	17.0
529688.3531589148	17.0
529718.353158915	17.0
529748.353158915	17.0
529778.353158915	17.0
529808.3531589151	17.0
529838.3531589151	17.0
529868.3531589151	17.0
529898.3531589152	17.0
529928.3531589152	17.0
529958.3531589152	17.0
529988.3531589153	17.0
530018.3531589153	17.0
530059.5506325505	17.0
530100.7481061856	17.0
530141.9455798208	17.0
530183.143053456	17.0
530224.3405270911	17.0
530265.5380007263	17.0
530306.7354743615	17.0
530347.9329479965	17.0
530389.1304216317	17.0
530430.3278952668	16.0
530471.525368902	16.0
530512.7228425372	17.0
530553.9203161723	18.0
530595.1177898075	17.0
530636.3152634427	17.0
530677.5127370778	17.0
530718.710210713	17.0
530750.171232921	17.0
530781.6322551288	17.0
530813.0932773368	17.0
530844.5542995447	17.0
530876.0153217526	17.0
530907.4763439605	17.0
530938.9373661685	17.0
530970.3983883763	17.0
531001.8594105843	17.0
531033.3204327922	17.0
531064.7814550002	17.0
531096.2424772081	17.0
531127.703499416	17.0
531159.164521624	17.0
531190.6255438318	16.0
531222.0865660398	17.0
531253.5475882477	17.0
531285.0086104557	17.0
531316.4696326635	17.0
531347.9306548715	17.0
531379.3916770794	17.0
531421.8180839502	17.0
531464.2444908211	16.0
531494.6583034728	17.0
531525.0721161246	17.0
531555.4859287762	18.0
531585.899741428	17.0
531616.3135540796	17.0
531646.7273667313	17.0
531696.72736673	17.0
531746.7273667288	17.0
531796.7273667275	17.0
531826.7273667281	17.0
531856.7273667288	17.0
531886.7273667294	17.0
531933.5888647852	17.0
531980.4503628409	17.0
532027.3118608968	16.0
532074.1733589525	17.0
532121.0348570083	16.0
532151.0348570085	16.0
532181.0348570086	16.0
532211.0348570088	16.0
532241.034857009	17.0
532271.0348570092	16.0
532313.4612638807	17.0
532355.8876707522	17.0
532386.4817878337	16.0
532417.0759049152	16.0
532447.6700219968	17.0
532478.2641390783	17.0
532508.8582561598	17.0
532551.2846630313	17.0
532593.7110699029	17.0
532623.7110699029	17.0
532653.711069903	17.0
532683.711069903	17.0
532713.7110699031	17.0
532743.7110699031	17.0
532773.7110699032	17.0
532803.7110699032	17.0
532833.7110699033	17.0
532863.7110699033	17.0
532893.7110699035	17.0
532923.7110699035	17.0
532953.7110699036	17.0
532983.7110699036	17.0
533013.7110699037	17.0
533043.7110699037	17.0
533073.7110699038	17.0
533103.7110699038	17.0
533146.137476775	17.0
533188.563883646	17.0
533230.9902905172	17.0
533273.4166973884	17.0
533315.8431042596	17.0
533358.2695111306	17.0
533400.6959180018	17.0
533443.122324873	17.0
533485.548731744	17.0
533527.9751386152	17.0
533570.4015454864	17.0
533612.8279523576	17.0
533655.2543592287	17.0
533697.6807660998	17.0
533727.6807660998	17.0
533757.6807660998	17.0
533800.1071729705	17.0
533842.5335798414	17.0
533884.9599867121	17.0
533914.9599867121	17.0
533944.9599867121	17.0
533974.9599867121	17.0
534004.9599867121	17.0
534034.9599867121	17.0
534064.9599867121	17.0
534094.9599867121	17.0
534124.9599867121	17.0
534167.3863935843	17.0
534209.8128004564	17.0
534239.8128004564	17.0
534269.8128004564	17.0
534299.8128004564	17.0
534329.8128004564	17.0
534359.8128004564	17.0
534389.8128004564	17.0
534419.8128004564	17.0
534449.8128004564	17.0
534479.8128004564	17.0
534509.8128004564	17.0
534539.8128004564	17.0
534569.8128004564	17.0
534599.8128004564	17.0
534629.8128004564	17.0
534659.8128004564	17.0
534689.8128004564	17.0
534719.8128004564	17.0
534749.8128004564	17.0
534779.8128004564	17.0
534809.8128004564	17.0
534839.8128004564	17.0
534869.8128004564	17.0
534899.8128004564	17.0
534929.8128004564	17.0
534959.8128004564	17.0
534989.8128004564	17.0
535019.8128004564	17.0
535049.8128004564	17.0
535079.8128004564	16.0
535109.8128004564	16.0
535139.8128004564	17.0
535169.8128004564	17.0
535199.8128004564	17.0
535229.8128004564	17.0
535259.8128004564	17.0
535289.8128004564	17.0
535319.8128004564	17.0
535349.8128004564	17.0
535379.8128004564	17.0
535409.8128004564	17.0
535439.8128004564	17.0
535469.8128004564	17.0
535499.8128004564	17.0
535529.8128004564	17.0
535559.8128004564	17.0
535589.8128004564	17.0
535619.8128004564	17.0
535649.8128004564	17.0
535679.8128004564	17.0
535709.8128004564	17.0
535739.8128004564	17.0
535769.8128004564	17.0
535799.8128004564	17.0
535829.8128004564	17.0
535859.8128004564	17.0
535889.8128004564	17.0
535919.8128004564	17.0
535949.8128004564	17.0
535979.8128004564	17.0
536009.8128004564	17.0
536039.8128004564	17.0
536069.8128004564	17.0
536099.8128004564	17.0
536129.8128004564	17.0
536159.8128004564	17.0
536189.8128004564	17.0
536219.8128004564	17.0
536249.8128004564	17.0
536279.8128004564	17.0
536309.8128004564	17.0
536339.8128004564	17.0
536369.8128004564	17.0
536399.8128004564	17.0
536429.8128004564	17.0
536459.8128004564	17.0
536489.8128004564	17.0
536519.8128004564	17.0
536562.2392073289	17.0
536607.239207327	17.0
536652.2392073252	17.0
536694.6656141963	17.0
536737.0920210675	17.0
536779.5184279387	17.0
536821.94483481	17.0
536864.3712416812	16.0
536906.7976485523	17.0
536949.2240554235	16.0
536979.2240554241	17.0
537009.2240554248	17.0
537039.2240554254	17.0
537081.6504622961	17.0
537124.0768691669	17.0
537166.5032760376	17.0
537196.5032760382	16.0
537226.5032760389	16.0
537256.5032760395	17.0
537298.9296829108	17.0
537341.356089782	17.0
537383.7824966533	17.0
537426.2089035246	17.0
537468.6353103957	17.0
537511.061717267	17.0
537553.4881241383	17.0
537595.9145310096	17.0
537638.3409378808	17.0
537680.7673447521	17.0
537712.8073587973	17.0
537744.8473728424	17.0
537776.8873868876	17.0
537808.9274009328	17.0
537840.9674149778	17.0
537873.007429023	18.0
537905.0474430682	17.0
537937.0874571133	17.0
537979.8440355542	17.0
538022.600613995	17.0
538065.3571924359	17.0
538108.1137708767	16.0
538150.8703493176	19.0
538193.6269277585	18.0
538236.3835061992	17.0
538279.1400846401	17.0
538309.1400846401	17.0
538339.1400846401	17.0
538369.1400846401	17.0
538399.1400846401	17.0
538429.1400846401	17.0
538459.1400846401	17.0
538489.1400846401	17.0
538531.5664915113	17.0
538561.7511086385	17.0
538591.9357257655	17.0
538622.1203428927	17.0
538652.3049600199	17.0
538682.489577147	17.0
538712.6741942741	17.0
538742.8588114013	17.0
538773.0434285284	17.0
538803.2280456555	17.0
538839.2835584105	16.0
538875.3390711655	17.0
538911.3945839205	16.0
538951.3945839199	17.0
538991.3945839192	17.0
539031.3945839186	17.0
539073.8209907901	17.0
539116.2473976617	16.0
539153.7473976612	16.0
539191.2473976607	16.0
539228.7473976603	16.0
539266.2473976598	17.0
539308.0886983619	17.0
539349.929999064	17.0
539391.7712997661	17.0
539433.6126004682	17.0
539475.4539011703	17.0
539517.2952018724	17.0
539559.1365025744	17.0
539600.9778032765	17.0
539642.8191039787	17.0
539684.6604046808	17.0
539726.5017053828	17.0
539768.3430060849	17.0
539810.184306787	17.0
539852.0256074892	17.0
539893.8669081912	17.0
539935.7082088933	17.0
539977.5495095954	17.0
540019.3908102975	17.0
540061.2321109995	17.0
540103.0734117017	17.0
540144.9147124038	17.0
540186.7560131059	17.0
540228.5973138079	17.0
540270.43861451	20.0
540312.2799152122	17.0
540354.1212159143	17.0
540395.9625166163	17.0
540437.8038173184	17.0
540479.6451180205	17.0
540521.4864187227	17.0
540563.3277194247	17.0
540605.1690201268	17.0
540647.0103208289	16.0
540688.851621531	17.0
540730.692922233	17.0
540772.5342229352	17.0
540803.5019648706	17.0
540834.4697068061	17.0
540865.4374487415	17.0
540896.405190677	17.0
540927.3729326124	17.0
540958.340674548	17.0
540989.3084164833	17.0
541020.2761584189	17.0
541051.2439003543	17.0
541082.2116422898	17.0
541113.1793842252	17.0
541144.1471261607	17.0
541175.1148680961	17.0
541206.0826100316	17.0
541237.050351967	17.0
541268.0180939025	17.0
541298.9858358379	17.0
541329.9535777734	17.0
541360.9213197088	17.0
541391.8890616443	17.0
541422.8568035797	17.0
541453.8245455152	17.0
541484.7922874506	17.0
541515.7600293861	17.0
541546.7277713215	17.0
541577.6955132571	17.0
541608.6632551925	17.0
541639.630997128	17.0
541670.5987390634	17.0
541701.5664809989	17.0
541732.5342229343	17.0
541768.5897356882	17.0
541804.6452484422	17.0
541840.7007611961	17.0
541870.7007611963	16.0
541900.7007611964	17.0
541930.7007611967	17.0
541960.7007611968	17.0
541990.700761197	17.0
542044.7840303286	17.0
542098.8672994601	16.0
542128.8672994601	17.0
542158.8672994601	17.0
542188.8672994601	17.0
542227.9185478397	17.0
542266.9697962194	16.0
542306.021044599	16.0
542345.0722929788	16.0
542384.1235413584	16.0
542423.174789738	16.0
542460.6747897378	16.0
542498.1747897376	16.0
542535.6747897373	16.0
542573.1747897371	17.0
542604.7975663389	18.0
542636.4203429407	16.0
542668.0431195425	17.0
542699.6658961445	20.0
542731.2886727463	16.0
542762.9114493481	17.0
542805.3378562196	17.0
542847.7642630911	17.0
542877.7642630911	16.0
542907.7642630911	16.0
542937.7642630911	17.0
542967.7642630911	17.0
543010.190669963	16.0
543041.690669963	17.0
543073.1906699629	17.0
543104.6906699629	17.0
543136.1906699628	17.0
543167.6906699628	17.0
543199.1906699628	17.0
543230.6906699627	17.0
543262.1906699627	17.0
543293.6906699626	17.0
543325.1906699626	17.0
543356.6906699626	17.0
543388.1906699624	17.0
543419.6906699624	17.0
543451.1906699623	17.0
543482.6906699623	17.0
543514.1906699623	17.0
543545.6906699622	17.0
543577.1906699622	17.0
543608.6906699621	17.0
543640.1906699621	17.0
543682.6170768337	17.0
543725.0434837053	16.0
543767.4698905769	17.0
543809.8962974484	17.0
543852.3227043201	17.0
543882.5561708761	16.0
543912.7896374323	16.0
543943.0231039884	16.0
543973.2565705446	17.0
544003.4900371006	16.0
544033.7235036568	17.0
544063.9569702129	16.0
544094.190436769	17.0
544179.0432505094	16.0
544209.04325051	16.0
544239.0432505107	16.0
544269.0432505113	16.0
544305.0987632666	16.0
544341.154276022	16.0
544377.2097887773	16.0
544437.2097887736	17.0
544479.6361956451	17.0
544522.0626025166	17.0
544557.0626025163	16.0
544592.062602516	17.0
544627.0626025157	17.0
544662.0626025153	17.0
544697.0626025151	16.0
544732.0626025148	16.0
544774.4890093872	16.0
544816.9154162598	16.0
544846.9154162607	16.0
544876.9154162616	17.0
544930.9986853919	17.0
544985.081954522	17.0
545015.0819545225	17.0
545045.0819545232	17.0
545075.0819545238	17.0
545117.5083613963	17.0
545150.2356341233	17.0
545182.9629068505	17.0
545215.6901795776	17.0
545248.4174523046	17.0
545281.1447250318	17.0
545313.8719977589	17.0
545346.599270486	17.0
545379.3265432131	17.0
545412.0538159402	17.0
545444.7810886673	17.0
545477.5083613944	17.0
545515.4556933161	18.0
545553.4030252376	17.0
545591.3503571593	17.0
545629.2976890808	17.0
545667.2450210025	16.0
545697.2450210025	16.0
545727.2450210025	16.0
545757.2450210025	17.0
545787.2450210025	16.0
545817.2450210025	17.0
545847.2450210025	17.0
545889.0137761461	17.0
545930.7825312898	17.0
545972.5512864335	17.0
546014.3200415771	17.0
546056.0887967208	17.0
546097.8575518645	17.0
546139.6263070082	17.0
546181.3950621518	17.0
546223.1638172955	17.0
546264.9325724392	17.0
546306.7013275828	17.0
546348.4700827264	17.0
546390.2388378702	17.0
546432.0075930138	17.0
546473.7763481576	17.0
546515.5451033012	17.0
546557.3138584448	17.0
546599.0826135885	17.0
546640.8513687322	17.0
546682.6201238758	17.0
546724.3888790195	17.0
546766.1576341632	17.0
546807.9263893069	17.0
546849.6951444505	17.0
546891.4638995941	17.0
546933.2326547379	17.0
546975.0014098815	17.0
547016.7701650251	17.0
547058.5389201689	17.0
547100.3076753125	17.0
547142.0764304562	17.0
547183.8451855999	17.0
547237.9284547319	17.0
547292.011723864	17.0
547322.0117238649	17.0
547352.0117238659	17.0
547398.8732219209	17.0
547445.734719976	17.0
547492.596218031	17.0
547539.4577160861	17.0
547586.3192141411	17.0
547646.3192141402	17.0
547683.8192141404	17.0
547721.3192141408	17.0
547758.819214141	18.0
547796.3192141413	17.0
547838.7456210124	17.0
547881.1720278835	17.0
547923.5984347545	17.0
547966.0248416257	17.0
548008.4512484968	17.0
548050.8776553678	17.0
548093.3040622389	17.0
548135.73046911	17.0
548178.156875981	17.0
548220.5832828521	17.0
548263.0096897231	17.0
548305.4360965943	17.0
548347.8625034654	17.0
548390.2889103364	17.0
548432.7153172075	17.0
548475.1417240786	17.0
548517.5681309496	17.0
548549.190907552	17.0
548580.8136841544	17.0
548612.4364607567	17.0
548642.4364607576	16.0
548672.4364607586	16.0
548702.4364607595	16.0
548732.4364607604	17.0
548774.8628676316	17.0
548817.2892745028	17.0
548859.715681374	17.0
548902.1420882453	17.0
548944.5684951164	17.0
548986.9949019876	17.0
549029.4213088588	17.0
549071.84771573	17.0
549114.2741226011	17.0
549156.7005294723	17.0
549199.1269363435	17.0
549241.5533432148	17.0
549283.979750086	17.0
549326.4061569571	17.0
549368.8325638283	17.0
549405.1421827984	17.0
549441.4518017684	17.0
549477.7614207383	17.0
549514.0710397083	17.0
549550.3806586784	17.0
549586.6902776484	17.0
549622.9998966183	17.0
549659.3095155883	17.0
549695.6191345584	17.0
549731.9287535284	17.0
549768.2383724983	16.0
549804.5479914683	17.0
549840.8576104384	17.0
549877.1672294084	17.0
549913.4768483783	17.0
549949.7864673483	17.0
549986.0960863184	17.0
550022.4057052884	16.0
550058.7153242583	16.0
550095.0249432283	17.0
550131.3345621984	16.0
550167.6441811684	16.0
550205.1441811682	16.0
550242.6441811679	17.0
550280.1441811677	17.0
550317.6441811675	16.0
550360.0705880394	17.0
550402.4969949112	17.0
550444.923401783	17.0
550487.3498086549	17.0
550529.7762155267	17.0
550559.7762155267	16.0
550589.7762155267	17.0
550619.7762155267	16.0
550649.7762155267	16.0
550679.7762155267	17.0
550709.7762155267	17.0
550739.7762155267	17.0
550769.7762155267	17.0
550812.2026223983	17.0
550854.6290292698	16.0
550885.7004578412	17.0
550916.7718864126	17.0
550947.843314984	17.0
550978.9147435554	17.0
551009.9861721267	17.0
551041.0576006982	17.0
551072.1290292696	17.0
551103.2004578409	17.0
551134.2718864124	17.0
551165.3433149838	17.0
551196.4147435551	17.0
551227.4861721265	17.0
551258.557600698	17.0
551289.6290292693	17.0
551320.7004578407	17.0
551351.7718864122	17.0
551382.8433149835	17.0
551413.9147435549	17.0
551444.9861721263	17.0
551476.0576006977	17.0
551507.1290292691	17.0
551538.2004578405	17.0
551569.2718864119	17.0
551600.3433149833	17.0
551631.4147435547	17.0
551662.486172126	17.0
551693.5576006975	17.0
551724.6290292689	17.0
551767.05543614	17.0
551809.4818430111	17.0
551851.9082498823	17.0
551894.3346567535	17.0
551936.7610636245	17.0
551979.1874704957	17.0
552021.6138773669	17.0
552064.0402842379	17.0
552106.4666911091	16.0
552148.8930979803	14.0
552191.3195048514	17.0
552233.7459117225	17.0
552265.3686883249	17.0
552296.9914649273	18.0
552328.6142415296	17.0
552358.9188178662	17.0
552389.2233942028	16.0
552419.5279705394	16.0
552449.8325468759	17.0
552480.1371232126	17.0
552510.4416995491	17.0
552540.7462758857	17.0
552583.1726827569	17.0
552625.599089628	17.0
552668.0254964991	17.0
552710.4519033702	17.0
552752.8783102414	17.0
552795.3047171124	17.0
552837.7311239836	17.0
552880.1575308548	17.0
552922.5839377259	17.0
552965.010344597	17.0
553007.4367514681	17.0
553049.8631583393	17.0
553092.2895652105	17.0
553134.7159720815	17.0
553177.1423789527	17.0
553219.5687858238	17.0
553261.995192695	17.0
553304.421599566	17.0
553346.8480064372	17.0
553389.2744133084	17.0
553431.7008201794	17.0
553474.1272270506	17.0
553516.5536339217	17.0
553558.9800407928	17.0
553601.4064476639	17.0
553643.8328545351	17.0
553686.2592614063	16.0
553728.6856682773	16.0
553771.1120751485	17.0
553813.5384820196	17.0
553855.9648888907	16.0
553887.5876654922	17.0
553919.2104420937	16.0
553950.8332186952	16.0
553993.2596255669	16.0
554035.6860324385	17.0
554078.1124393102	16.0
554108.4170156467	16.0
554138.7215919833	17.0
554169.0261683199	16.0
554199.3307446565	17.0
554229.635320993	16.0
554259.9398973295	16.0
554290.2444736662	16.0
554326.2999864208	16.0
554362.3554991755	17.0
554398.4110119301	16.0
554434.4665246848	17.0
554470.5220374394	16.0
554506.577550194	17.0
554536.7271770575	16.0
554566.8768039211	16.0
554597.0264307846	16.0
554627.1760576483	19.0
554657.3256845118	19.0
554687.4753113753	16.0
554717.6249382389	16.0
554747.7745651024	17.0
554777.924191966	17.0
554808.0738188296	17.0
554850.5002257	17.0
554892.9266325702	17.0
554935.3530394406	16.0
554966.9758160429	16.0
554998.5985926451	17.0
555030.2213692474	17.0
555060.2213692477	17.0
555090.2213692479	17.0
555120.221369248	17.0
555150.2213692482	17.0
555180.2213692485	17.0
555210.2213692487	17.0
555240.2213692488	17.0
555270.221369249	16.0
555300.2213692493	16.0
555385.0741829884	17.0
555415.0741829885	17.0
555445.0741829885	17.0
555475.0741829886	17.0
555505.0741829886	17.0
555535.0741829887	17.0
555565.0741829888	17.0
555595.0741829888	17.0
555625.074182989	17.0
555655.074182989	17.0
555685.0741829891	17.0
555715.0741829892	17.0
555745.0741829892	17.0
555775.0741829893	17.0
555805.0741829893	17.0
555835.0741829894	17.0
555865.0741829894	17.0
555895.0741829895	17.0
555925.0741829897	17.0
555955.0741829897	17.0
555985.0741829898	17.0
556015.0741829898	17.0
556045.0741829899	17.0
556075.07418299	17.0
556105.07418299	17.0
556135.0741829901	17.0
556165.0741829901	17.0
556195.0741829902	17.0
556249.1574521211	16.0
556303.240721252	16.0
556333.2407212526	16.0
556363.2407212533	16.0
556393.2407212539	16.0
556433.629457307	17.0
556474.0181933602	16.0
556514.4069294134	17.0
556554.7956654666	16.0
556584.7956654668	16.0
556614.795665467	16.0
556644.7956654672	16.0
556674.7956654674	16.0
556704.7956654676	16.0
556734.7956654679	16.0
556764.795665468	16.0
556794.7956654682	16.0
556824.7956654684	16.0
556867.2220723383	16.0
556897.2236998983	16.0
556927.2253274583	16.0
556957.2269550184	16.0
556987.2285825784	16.0
557017.2302101384	16.0
557047.2318376985	16.0
557077.2334652585	16.0
557107.2350928185	16.0
557137.2367203785	16.0
557167.2383479385	16.0
557197.2399754985	16.0
557227.2416030585	16.0
557257.2432306185	16.0
557287.2448581785	16.0
557317.2464857385	16.0
557347.2481132987	16.0
557377.2497408587	16.0
557407.2513684187	16.0
557437.2529959787	16.0
557467.2546235387	16.0
557497.2562510987	16.0
557527.2578786587	16.0
557557.2595062187	16.0
557587.2611337787	16.0
557617.2627613387	16.0
557647.2643888987	16.0
557677.2660164589	16.0
557707.2676440189	16.0
557737.2692715789	16.0
557767.2708991389	16.0
557797.2725266989	16.0
557827.2741542589	16.0
557857.2757818189	16.0
557887.2774093789	16.0
557917.2790369389	16.0
557947.2806644989	16.0
557977.282292059	16.0
558007.283919619	16.0
558037.285547179	16.0
558067.2871747391	16.0
558097.2888022991	16.0
558127.2904298591	16.0
558157.2920574191	16.0
558187.2936849791	16.0
558217.2953125391	16.0
558247.2969400991	16.0
558277.2985676591	16.0
558307.3001952192	16.0
558337.3018227792	16.0
558367.3034503392	16.0
558397.3050778992	16.0
558427.3067054593	16.0
558457.3083330193	16.0
558487.3099605793	16.0
558517.3115881393	16.0
558547.3132156993	16.0
558577.3148432593	16.0
558607.3164708194	16.0
558637.3180983794	16.0
558667.3197259394	16.0
558697.3213534994	16.0
558727.3229810594	16.0
558757.3246086194	16.0
558787.3262361794	16.0
558817.3278637395	16.0
558847.3294912995	16.0
558877.3311188595	16.0
558907.3327464195	16.0
558937.3343739796	16.0
558967.3360015396	16.0
558997.3376290996	16.0
559027.3392566596	16.0
559057.3408842196	16.0
559087.3425117796	16.0
559117.3441393396	16.0
559147.3457668996	16.0
559177.3473944596	16.0
559207.3490220197	16.0
559237.3506495798	16.0
559267.3522771398	16.0
559297.3539046998	16.0
559327.3555322598	16.0
559357.3571598198	16.0
559387.3587873798	16.0
559417.3604149398	16.0
559447.3620424998	16.0
559477.3636700598	16.0
559507.3652976198	16.0
559537.36692518	16.0
559567.36855274	16.0
559597.3701803	16.0
559627.37180786	16.0
559657.37343542	16.0
559687.37506298	16.0
559717.37669054	16.0
559747.3783181	16.0
559789.8047249708	16.0
559832.2311318418	16.0
559862.8252489234	16.0
559893.419366005	16.0
559924.0134830866	16.0
559954.6076001682	16.0
559985.2017172497	16.0
560035.2017172485	16.0
560085.2017172474	16.0
560135.2017172462	16.0
560165.2017172471	16.0
560195.2017172481	16.0
560234.2529656277	16.0
560273.3042140073	16.0
560312.355462387	17.0
560351.4067107666	16.0
560390.4579591462	16.0
560429.5092075259	16.0
560459.5092075265	16.0
560489.5092075272	16.0
560519.5092075277	16.0
560555.5647202827	16.0
560591.6202330377	16.0
560627.6757457927	16.0
560687.675745789	16.0
560726.9743297106	16.0
560766.2729136321	16.0
560805.5714975537	16.0
560844.8700814754	16.0
560884.1686653969	17.0
560923.4672493185	16.0
560962.7658332401	16.0
561002.0644171616	16.0
561041.3630010833	16.0
561080.6615850049	16.0
561119.9601689264	16.0
561159.258752848	16.0
561198.5573367696	16.0
561236.7999831211	16.0
561275.0426294727	18.0
561313.2852758241	16.0
561351.5279221756	16.0
561393.9543290475	16.0
561436.3807359193	16.0
561481.3807359184	16.0
561526.3807359175	16.0
561562.4362486724	16.0
561598.4917614275	15.0
561634.5472741824	16.0
561674.5472741819	16.0
561714.5472741812	16.0
561754.5472741806	16.0
561790.6027869359	16.0
561826.6582996913	16.0
561862.7138124466	16.0
561907.7138124447	16.0
561952.7138124428	16.0
561987.6995238125	16.0
562022.685235182	17.0
562057.6709465517	16.0
562092.6566579213	16.0
562127.6423692909	16.0
562158.9173592988	16.0
562190.1923493067	16.0
562221.4673393144	16.0
562252.7423293223	16.0
562284.0173193301	16.0
562315.292309338	16.0
562346.5672993457	16.0
562377.8422893536	16.0
562409.1172793615	16.0
562440.3922693693	16.0
562471.6672593771	17.0
562502.9422493849	17.0
562534.2172393928	16.0
562565.4922294007	16.0
562596.7672194084	16.0
562628.0422094163	16.0
562659.3171994241	16.0
562690.592189432	16.0
562721.8671794398	16.0
562753.1421694476	16.0
562784.4171594555	16.0
562815.6921494633	16.0
562846.9671394711	16.0
562878.242129479	16.0
562920.6685363514	16.0
562950.6685363514	16.0
562980.6685363514	16.0
563010.6685363514	16.0
563040.6685363514	16.0
563070.6685363514	16.0
563100.6685363514	16.0
563130.6685363514	16.0
563160.6685363514	16.0
563190.6685363514	16.0
563220.6685363514	16.0
563250.6685363514	16.0
563280.6685363514	16.0
563310.6685363514	16.0
563340.6685363514	16.0
563370.6685363514	16.0
563400.6685363514	16.0
563430.6685363514	16.0
563460.6685363514	16.0
563490.6685363514	16.0
563520.6685363514	16.0
563550.6685363514	16.0
563580.6685363514	16.0
563610.6685363514	16.0
563640.6685363514	16.0
563670.6685363514	16.0
563700.6685363514	16.0
563730.6685363514	16.0
563760.6685363514	16.0
563790.6685363514	16.0
563820.6685363514	16.0
563850.6685363514	16.0
563880.6685363514	16.0
563910.6685363514	16.0
563940.6685363514	16.0
563970.6685363514	16.0
564000.6685363514	16.0
564030.6685363514	16.0
564060.6685363514	16.0
564090.6685363514	16.0
564120.6685363514	16.0
564150.6685363514	16.0
564180.6685363514	16.0
564210.6685363514	16.0
564240.6685363514	16.0
564270.6685363514	16.0
564300.6685363514	16.0
564330.6685363514	16.0
564360.6685363514	16.0
564390.6685363514	16.0
564420.6685363514	16.0
564450.6685363514	16.0
564480.6685363514	16.0
564510.6685363514	16.0
564540.6685363514	16.0
564570.6685363514	16.0
564600.6685363514	16.0
564630.6685363514	16.0
564660.6685363514	16.0
564690.6685363514	16.0
564720.6685363514	16.0
564750.6685363514	16.0
564780.6685363514	16.0
564810.6685363514	16.0
564840.6685363514	16.0
564870.6685363514	16.0
564900.6685363514	16.0
564930.6685363514	16.0
564960.6685363514	16.0
564990.6685363514	16.0
565020.6685363514	16.0
565050.6685363514	16.0
565080.6685363514	16.0
565110.6685363514	16.0
565140.6685363514	16.0
565170.6685363514	16.0
565200.6685363514	16.0
565230.6685363514	16.0
565260.6685363514	16.0
565290.6685363514	16.0
565320.6685363514	16.0
565350.6685363514	16.0
565380.6685363514	16.0
565410.6685363514	16.0
565453.0949432239	16.0
565495.5213500964	16.0
565525.7548166525	16.0
565555.9882832086	16.0
565586.2217497648	16.0
565616.4552163208	16.0
565646.6886828769	16.0
565676.9221494329	16.0
565707.1556159891	16.0
565737.3890825452	16.0
565779.8154894174	16.0
565822.2418962895	16.0
565867.2418962877	16.0
565912.2418962858	16.0
565954.6683031573	16.0
565997.0947100288	16.0
566033.5912852103	16.0
566070.0878603917	16.0
566106.5844355732	16.0
566143.0810107547	16.0
566179.5775859361	16.0
566222.0039928076	16.0
566264.4303996791	16.0
566304.4303996785	16.0
566344.4303996778	16.0
566384.4303996773	16.0
566426.8568065484	16.0
566456.8568065487	16.0
566486.8568065488	16.0
566516.856806549	16.0
566546.8568065491	16.0
566576.8568065494	16.0
566606.8568065496	16.0
566636.8568065497	16.0
566666.85680655	16.0
566696.8568065501	16.0
566726.8568065503	16.0
566769.2832134222	16.0
566799.2832134222	16.0
566829.2832134222	16.0
566859.2832134222	16.0
566889.2832134222	16.0
566919.2832134222	16.0
566949.2832134222	16.0
566979.2832134222	16.0
567009.2832134222	16.0
567039.2832134222	16.0
567069.2832134222	16.0
567099.2832134222	16.0
567129.2832134222	16.0
567159.2832134222	16.0
567189.2832134222	16.0
567219.2832134222	16.0
567249.2832134222	16.0
567279.2832134222	16.0
567309.2832134222	16.0
567339.2832134222	16.0
567369.2832134222	16.0
567399.2832134222	16.0
567429.2832134222	16.0
567459.2832134222	16.0
567489.2832134222	16.0
567519.2832134222	16.0
567549.2832134222	16.0
567579.2832134222	16.0
567609.2832134222	16.0
567639.2832134222	16.0
567669.2832134222	16.0
567699.2832134222	16.0
567729.2832134222	16.0
567759.2832134222	16.0
567789.2832134222	16.0
567819.2832134222	16.0
567849.2832134222	16.0
567879.2832134222	16.0
567921.7096202946	16.0
567957.7096202943	16.0
567993.7096202939	16.0
568029.7096202935	16.0
568065.7096202931	16.0
568101.7096202928	16.0
568146.4309798421	15.0
568191.1523393914	16.0
568235.8736989406	16.0
568265.9322355817	16.0
568295.9907722226	16.0
568326.0493088637	16.0
568356.1078455048	16.0
568386.1663821457	16.0
568416.2249187868	16.0
568446.2834554279	16.0
568476.3419920689	16.0
568506.4005287099	16.0
568536.4590653509	16.0
568566.517601992	16.0
568596.576138633	16.0
568626.634675274	16.0
568656.6932119151	16.0
568686.751748556	16.0
568716.8102851971	15.0
568754.3102851978	15.0
568791.8102851986	16.0
568829.3102851993	16.0
568866.8102852001	16.0
568899.8102851998	16.0
568932.8102851994	16.0
568965.810285199	16.0
568998.8102851986	16.0
569031.8102851983	16.0
569064.8102851979	16.0
569097.8102851976	16.0
569130.8102851971	16.0
569163.8102851968	16.0
569196.8102851964	16.0
569228.4330617981	21.0
569260.0558383999	15.0
569291.6786150016	16.0
569323.3013916033	16.0
569354.9241682051	16.0
569386.5469448068	16.0
569416.5469448068	16.0
569446.5469448068	16.0
569476.5469448068	16.0
569506.5469448068	16.0
569536.5469448068	16.0
569566.5469448068	16.0
569596.5469448068	16.0
569626.5469448068	16.0
569656.5469448068	16.0
569686.5469448068	16.0
569716.5469448068	16.0
569746.5469448068	16.0
569776.5469448068	16.0
569806.5469448068	16.0
569836.5469448068	16.0
569866.5469448068	16.0
569896.5469448068	16.0
569926.5469448068	16.0
569956.5469448068	16.0
569986.5469448068	16.0
570016.5469448068	16.0
570046.5469448068	16.0
570076.5469448068	16.0
570106.5469448068	16.0
570136.5469448068	16.0
570166.5469448068	16.0
570196.5469448068	16.0
570226.5469448068	16.0
570256.5469448068	16.0
570286.5469448068	16.0
570316.5469448068	16.0
570346.5469448068	16.0
570376.5469448068	16.0
570406.5469448068	16.0
570436.5469448068	16.0
570466.5469448068	16.0
570496.5469448068	16.0
570526.5469448068	16.0
570556.5469448068	16.0
570598.973351679	16.0
570641.3997585512	16.0
570673.899758551	16.0
570706.3997585508	16.0
570738.8997585507	16.0
570771.3997585506	16.0
570803.8997585503	16.0
570836.3997585502	16.0
570868.8997585501	16.0
570901.3997585499	16.0
570933.8997585498	16.0
570966.3997585496	16.0
570998.8997585494	16.0
571031.3997585493	16.0
571063.0225351509	17.0
571094.6453117526	16.0
571126.2680883541	16.0
571157.8908649558	16.0
571189.5136415574	16.0
571221.1364181591	16.0
571251.1364181594	16.0
571281.1364181595	16.0
571311.1364181597	16.0
571341.1364181598	16.0
571371.13641816	16.0
571401.1364181603	16.0
571431.1364181604	16.0
571461.1364181606	16.0
571491.1364181607	16.0
571521.136418161	16.0
571563.5628250329	16.0
571605.9892319047	16.0
571637.8029196293	16.0
571669.6166073539	16.0
571701.4302950784	16.0
571733.2439828031	16.0
571765.0576705276	16.0
571796.8713582521	16.0
571828.6850459768	16.0
571860.4987337013	16.0
571892.312421426	16.0
571924.1261091505	16.0
571955.939796875	16.0
571987.7534845996	16.0
572019.5671723242	16.0
572051.3808600488	16.0
572083.1945477733	16.0
572115.0082354979	16.0
572146.8219232225	16.0
572189.248330093	16.0
572219.248330093	16.0
572249.248330093	16.0
572279.248330093	16.0
572309.248330093	16.0
572339.248330093	16.0
572372.7893497561	17.0
572406.3303694192	16.0
572439.8713890824	16.0
572473.4124087455	16.0
572506.9534284086	16.0
572540.4944480717	16.0
572580.4944480704	16.0
572620.4944480693	16.0
572660.494448068	16.0
572702.9208549395	16.0
572745.347261811	16.0
572776.9700384126	16.0
572808.5928150143	16.0
572840.2155916159	16.0
572871.8383682176	17.0
572903.4611448192	16.0
572935.0839214209	16.0
572978.3505367261	16.0
573021.6171520314	16.0
573064.8837673366	16.0
573108.1503826419	16.0
573151.4169979471	16.0
573181.4169979471	16.0
573211.4169979471	16.0
573241.4169979471	16.0
573271.4169979471	16.0
573301.4169979471	16.0
573331.4169979471	16.0
573361.4169979471	16.0
573391.4169979471	16.0
573421.4169979471	16.0
573451.4169979471	16.0
573481.4169979471	16.0
573511.4169979471	16.0
573541.4169979471	16.0
573571.4169979471	16.0
573603.7279867905	17.0
573636.0389756337	16.0
573668.349964477	16.0
573700.6609533203	16.0
573732.9719421637	16.0
573763.4637454423	16.0
573793.955548721	16.0
573824.4473519996	16.0
573854.9391552783	16.0
573885.430958557	16.0
573915.9227618356	16.0
573946.4145651143	16.0
573976.9063683929	16.0
574007.3981716715	16.0
574037.8899749502	16.0
574068.3817782289	16.0
574098.8735815076	16.0
574129.3653847862	16.0
574159.8571880648	16.0
574190.3489913435	16.0
574220.8407946222	16.0
574251.3325979009	16.0
574281.8244011794	16.0
574312.3162044581	16.0
574342.8080077368	16.0
574373.2998110155	16.0
574403.7916142942	16.0
574434.2834175727	16.0
574464.7752208514	16.0
574495.2670241301	16.0
574525.7588274088	16.0
574556.2506306875	16.0
574586.742433966	16.0
574617.2342372447	16.0
574647.7260405234	16.0
574678.2178438021	16.0
574708.7096470807	16.0
574739.2014503594	16.0
574769.693253638	16.0
574800.1850569167	16.0
574830.6768601954	16.0
574861.168663474	16.0
574891.6604667527	16.0
574922.1522700313	16.0
574952.64407331	16.0
574983.1358765886	16.0
575013.6276798673	16.0
575044.119483146	16.0
575074.6112864246	16.0
575105.1030897032	16.0
575135.5948929819	16.0
575166.0866962606	16.0
575196.5784995393	16.0
575227.0703028179	16.0
575257.5621060965	16.0
575288.0539093752	16.0
575318.5457126539	16.0
575349.0375159326	16.0
575379.5293192111	16.0
575410.0211224898	16.0
575440.5129257685	16.0
575471.0047290472	16.0
575501.4965323259	16.0
575531.9883356044	16.0
575562.4801388831	16.0
575592.9719421618	16.0
575635.3983490329	16.0
575677.8247559039	16.0
575720.251162775	16.0
575762.6775696459	16.0
575805.103976517	15.0
575847.530383388	16.0
575889.9567902591	16.0
575932.3831971302	16.0
575974.8096040012	16.0
576007.1205928443	16.0
576039.4315816874	15.0
576071.7425705306	15.0
576104.0535593737	16.0
576136.3645482168	15.0
576166.3645482168	15.0
576196.3645482169	16.0
576226.3645482169	16.0
576256.3645482169	16.0
576286.364548217	16.0
576316.364548217	16.0
576346.364548217	16.0
576376.3645482172	16.0
576406.3645482172	16.0
576436.3645482172	16.0
576466.3645482173	16.0
576496.3645482173	16.0
576526.3645482174	16.0
576556.3645482174	16.0
576586.3645482174	16.0
576616.3645482175	16.0
576646.3645482175	16.0
576676.3645482175	15.0
576706.3645482176	15.0
576736.3645482176	15.0
576766.3645482176	16.0
576796.3645482177	16.0
576826.3645482177	16.0
576868.7909550889	15.0
576898.7909550889	15.0
576928.7909550889	15.0
576958.7909550889	16.0
577001.2173619604	16.0
577043.643768832	15.0
577074.0575814836	15.0
577104.4713941353	14.0
577134.8852067869	15.0
577165.2990194386	14.0
577195.7128320902	15.0
577226.1266447419	15.0
577310.9794584822	15.0
577342.5151525446	15.0
577374.0508466071	15.0
577405.5865406694	15.0
577437.1222347318	15.0
577468.6579287943	15.0
577500.1936228566	16.0
577531.729316919	17.0
577563.2650109814	16.0
577594.8007050438	16.0
577626.3363991062	17.0
577657.8720931686	15.0
577689.407787231	15.0
577720.9434812934	15.0
577752.4791753558	15.0
577784.0148694182	15.0
577815.5505634806	15.0
577847.086257543	15.0
577878.6219516054	16.0
577910.1576456678	16.0
577941.6933397301	16.0
577984.119746601	16.0
578026.5461534719	16.0
578068.9725603428	15.0
578111.3989672136	16.0
578141.3989672136	16.0
578171.3989672136	16.0
578201.3989672136	16.0
578231.3989672136	16.0
578261.3989672136	16.0
578291.3989672136	16.0
578333.8253740855	15.0
578376.2517809573	15.0
578406.2517809576	15.0
578436.2517809578	15.0
578466.2517809579	15.0
578496.2517809581	15.0
578526.2517809584	15.0
578556.2517809586	15.0
578586.2517809587	16.0
578616.251780959	16.0
578646.2517809592	16.0
578688.6781878308	16.0
578731.1045947025	15.0
578773.5310015741	16.0
578803.5310015747	16.0
578833.5310015754	16.0
578863.531001576	16.0
578927.1706118812	15.0
578990.8102221863	16.0
579050.8102221853	15.0
579093.2366290565	16.0
579135.6630359277	16.0
579178.0894427989	16.0
579220.5158496702	16.0
579262.9422565413	16.0
579305.3686634125	16.0
579347.7950702837	16.0
579390.2214771549	16.0
579432.647884026	16.0
579475.0742908972	16.0
579517.5006977684	16.0
579559.9271046397	16.0
579602.3535115109	15.0
579644.7799183821	16.0
579679.765629752	15.0
579714.7513411219	15.0
579749.7370524917	15.0
579784.7227638616	16.0
579819.7084752315	16.0
579859.7084752303	15.0
579899.7084752291	15.0
579939.7084752278	16.0
579972.538001234	17.0
580005.3675272402	15.0
580038.1970532463	15.0
580071.0265792526	16.0
580103.8561052587	15.0
580136.6856312648	16.0
580169.5151572711	16.0
580202.3446832772	16.0
580235.1742092834	16.0
580265.1742092834	15.0
580295.1742092834	16.0
580325.1742092834	15.0
580355.1742092834	16.0
580385.1742092834	16.0
580415.1742092834	16.0
580445.1742092834	16.0
580475.1742092834	16.0
580517.6006161545	16.0
580560.0270230254	16.0
580602.4534298965	16.0
580644.8798367676	16.0
580687.3062436386	16.0
580729.7326505096	16.0
580772.1590573806	16.0
580814.5854642517	15.0
580857.0118711229	15.0
580893.0118711225	15.0
580929.0118711222	15.0
580965.0118711217	15.0
581001.0118711214	15.0
581037.011871121	15.0
581079.4382779909	15.0
581110.742625817	15.0
581142.0469736429	15.0
581173.351321469	15.0
581204.6556692949	15.0
581235.9600171209	15.0
581267.264364947	15.0
581298.5687127729	15.0
581329.873060599	15.0
581361.1774084249	15.0
581392.481756251	15.0
581423.786104077	15.0
581455.090451903	15.0
581486.394799729	15.0
581517.699147555	15.0
581549.003495381	15.0
581580.307843207	15.0
581611.612191033	15.0
581642.916538859	15.0
581674.2208866851	15.0
581705.525234511	15.0
581736.829582337	15.0
581768.133930163	15.0
581799.438277989	15.0
581832.9792976519	15.0
581866.5203173147	15.0
581900.0613369775	15.0
581933.6023566403	15.0
581964.1286724297	15.0
581994.6549882191	15.0
582025.1813040086	15.0
582055.707619798	15.0
582086.2339355875	15.0
582116.7602513769	15.0
582147.2865671663	15.0
582177.8128829558	15.0
582208.3391987452	15.0
582238.8655145346	15.0
582269.3918303241	15.0
582299.9181461135	15.0
582330.444461903	15.0
582360.9707776924	15.0
582391.497093482	15.0
582422.0234092714	15.0
582452.5497250608	15.0
582483.0760408503	15.0
582513.6023566397	15.0
582544.1286724291	15.0
582574.6549882186	15.0
582605.181304008	15.0
582635.7076197974	15.0
582666.2339355869	15.0
582696.7602513763	15.0
582727.2865671657	15.0
582757.8128829552	15.0
582788.3391987446	15.0
582818.8655145341	15.0
582849.3918303235	15.0
582879.9181461129	15.0
582910.4444619024	15.0
582940.9707776918	15.0
582971.4970934812	15.0
583002.0234092707	15.0
583032.5497250601	15.0
583063.0760408496	15.0
583093.602356639	15.0
583124.1286724284	15.0
583154.6549882179	15.0
583185.1813040073	15.0
583215.7076197967	15.0
583246.2339355863	15.0
583276.7602513757	15.0
583307.2865671652	15.0
583337.8128829546	15.0
583368.339198744	15.0
583398.8655145335	15.0
583429.3918303229	15.0
583459.9181461124	15.0
583490.4444619018	15.0
583520.9707776912	15.0
583551.4970934807	15.0
583582.0234092701	15.0
583612.5497250595	15.0
583643.076040849	15.0
583673.6023566384	14.0
583707.1433763016	15.0
583740.6843959648	14.0
583774.225415628	13.0
583807.7664352913	15.0
583841.2660206946	15.0
583874.7656060979	15.0
583908.2651915012	14.0
583941.7647769046	18.0
583975.2643623078	14.0
584008.7639477112	14.0
584042.2635331146	15.0
584075.7631185178	14.0
584109.2627039212	15.0
584151.689110793	14.0
584181.689110793	14.0
584211.689110793	14.0
584241.689110793	15.0
584271.689110793	15.0
584301.689110793	15.0
584331.689110793	15.0
584361.689110793	15.0
584391.689110793	15.0
584421.689110793	15.0
584451.689110793	15.0
584481.689110793	15.0
584511.689110793	15.0
584541.689110793	15.0
584571.689110793	15.0
584601.689110793	15.0
584644.1155176642	15.0
584686.5419245354	15.0
584728.9683314066	15.0
584771.3947382779	15.0
584813.8211451491	15.0
584856.2475520202	15.0
584898.6739588914	15.0
584933.6596702607	15.0
584968.6453816299	15.0
585003.6310929992	15.0
585038.6168043684	15.0
585073.6025157378	15.0
585103.6025157378	15.0
585133.6025157378	15.0
585163.6025157378	15.0
585193.6025157378	15.0
585223.6025157378	15.0
585253.6025157378	15.0
585283.6025157378	15.0
585313.6025157378	15.0
585343.6025157378	15.0
585373.6025157378	15.0
585403.6025157378	15.0
585433.6025157378	15.0
585463.6025157378	15.0
585493.6025157378	15.0
585523.6025157378	15.0
585553.6025157378	15.0
585583.6025157378	15.0
585613.6025157378	15.0
585648.5882271072	15.0
585683.5739384766	14.0
585718.559649846	15.0
585753.5453612155	15.0
585788.5310725849	15.0
585819.4543647771	15.0
585850.3776569691	15.0
585881.3009491613	15.0
585912.2242413535	15.0
585950.9860697269	15.0
585989.7478981003	15.0
586028.5097264737	15.0
586067.2715548471	16.0
586106.0333832206	15.0
586144.7952115941	15.0
586183.5570399675	15.0
586222.3188683409	15.0
586261.0806967143	15.0
586299.8425250878	15.0
586338.6043534612	15.0
586398.6043534603	15.0
586441.0307603313	15.0
586483.4571672024	15.0
586525.8835740734	14.0
586568.3099809445	15.0
586610.7363878156	15.0
586670.7363878146	15.0
586713.1627946851	15.0
586755.5892015557	15.0
586798.0156084262	15.0
586828.0156084262	15.0
586858.0156084262	15.0
586888.0156084262	15.0
586936.0390402072	14.0
586984.0624719881	14.0
587032.0859037691	14.0
587080.10933555	14.0
587110.1093355506	14.0
587140.1093355513	14.0
587170.1093355519	15.0
587218.1327673321	15.0
587266.1561991124	16.0
587314.1796308927	14.0
587362.203062673	15.0
587392.3526895364	12.0
587422.5023164	13.0
587452.6519432634	14.0
587482.8015701268	22.0
587512.9511969902	16.0
587543.1008238537	15.0
587573.2504507172	15.0
587603.4000775806	15.0
587633.5497044441	15.0
587663.6993313076	14.0
587706.125738178	14.0
587736.125738178	15.0
587766.125738178	15.0
587796.125738178	15.0
587826.125738178	15.0
587856.125738178	15.0
587886.125738178	15.0
587916.125738178	15.0
587946.125738178	15.0
587976.125738178	15.0
588006.125738178	15.0
588036.125738178	15.0
588066.125738178	15.0
588096.125738178	15.0
588126.125738178	15.0
588156.125738178	15.0
588186.125738178	15.0
588216.125738178	15.0
588246.125738178	15.0
588276.125738178	15.0
588306.125738178	15.0
588336.125738178	15.0
588366.125738178	15.0
588396.125738178	15.0
588426.125738178	15.0
588456.125738178	15.0
588486.125738178	15.0
588516.125738178	15.0
588558.5521450492	15.0
588600.9785519204	15.0
588643.4049587916	15.0
588685.8313656629	15.0
588728.257772534	15.0
588770.6841794052	15.0
588813.1105862764	15.0
588861.1340180568	15.0
588909.1574498372	15.0
588957.1808816176	15.0
589005.2043133979	15.0
589037.5153022414	15.0
589069.826291085	15.0
589102.1372799285	15.0
589134.4482687721	15.0
589166.7592576157	15.0
589219.7922662041	15.0
589272.8252747926	15.0
589325.8582833811	15.0
589378.8912919697	15.0
589419.2800280228	15.0
589459.668764076	15.0
589500.0575001292	15.0
589540.4462361824	15.0
589582.872643054	15.0
589625.2990499256	15.0
589667.7254567973	15.0
589697.7254567982	15.0
589727.7254567991	15.0
589791.3650671043	15.0
589855.0046774094	15.0
589887.9584391558	15.0
589920.9122009021	15.0
589953.8659626485	15.0
589986.8197243948	15.0
590019.7734861412	15.0
590052.7272478875	15.0
590085.6810096339	15.0
590118.6347713802	15.0
590151.5885331266	15.0
590184.542294873	15.0
590217.4960566193	15.0
590261.5542483701	15.0
590305.6124401209	15.0
590349.6706318716	15.0
590393.7288236223	15.0
590437.7870153731	15.0
590481.8452071239	15.0
590525.9033988746	15.0
590569.9615906253	15.0
590614.0197823761	15.0
590658.0779741269	15.0
590702.1361658776	15.0
590746.1943576284	15.0
590790.2525493791	15.0
590834.3107411299	15.0
590878.3689328806	15.0
590922.4271246314	15.0
590966.4853163821	15.0
591010.5435081329	15.0
591054.6016998836	15.0
591098.6598916344	15.0
591142.7180833851	15.0
591186.7762751359	15.0
591230.8344668866	15.0
591274.8926586374	15.0
591318.9508503882	15.0
591363.0090421389	15.0
591397.7401521127	15.0
591432.4712620863	15.0
591467.20237206	15.0
591501.9334820337	15.0
591536.6645920074	15.0
591571.395701981	15.0
591606.1268119548	15.0
591640.8579219285	15.0
591675.5890319021	15.0
591710.3201418759	15.0
591745.0512518495	15.0
591779.7823618233	14.0
591809.9319886867	14.0
591840.0816155502	14.0
591870.2312424136	15.0
591900.3808692772	15.0
591930.5304961406	14.0
591960.6801230041	14.0
591990.8297498676	14.0
592020.9793767311	14.0
592051.1290035945	14.0
592081.2786304579	14.0
592123.7050373288	14.0
592166.1314441997	14.0
592196.1314441997	14.0
592226.1314441997	14.0
592256.1314441998	14.0
592286.1314441998	14.0
592316.1314441998	14.0
592346.1314441998	14.0
592376.1314441998	14.0
592406.1314442	14.0
592436.1314442	14.0
592466.1314442	14.0
592496.1314442	14.0
592526.1314442001	14.0
592556.1314442001	14.0
592586.1314442001	14.0
592616.1314442001	14.0
592646.1314442001	14.0
592676.1314442002	14.0
592706.1314442002	14.0
592736.1314442002	14.0
592766.1314442002	14.0
592796.1314442002	14.0
592826.1314442003	14.0
592856.1314442003	14.0
592886.1314442003	14.0
592916.1314442003	14.0
592946.1314442003	14.0
592976.1314442004	14.0
593006.1314442004	14.0
593036.1314442004	14.0
593066.1314442004	14.0
593096.1314442005	14.0
593126.1314442005	14.0
593156.1314442005	14.0
593186.1314442005	14.0
593216.1314442005	14.0
593246.1314442006	14.0
593276.1314442006	14.0
593306.1314442006	14.0
593348.5578510718	14.0
593390.984257943	14.0
593433.4106648142	14.0
593475.8370716855	14.0
593518.2634785566	14.0
593560.6898854278	14.0
593603.116292299	14.0
593645.5426991702	14.0
593687.9691060414	14.0
593730.3955129125	14.0
593772.8219197837	14.0
593815.248326655	14.0
593857.6747335262	14.0
593900.1011403974	14.0
593942.5275472685	14.0
593984.9539541397	14.0
594027.3803610109	14.0
594069.8067678821	14.0
594112.2331747533	14.0
594154.6595816246	14.0
594197.0859884957	14.0
594239.5123953669	14.0
594281.9388022381	14.0
594324.6262971541	14.0
594367.3137920703	14.0
594410.0012869863	14.0
594452.6887819023	14.0
594495.3762768183	14.0
594538.0637717345	14.0
594580.7512666505	14.0
594623.4387615665	14.0
594666.1262564826	14.0
594697.7490330848	14.0
594729.371809687	14.0
594760.9945862893	14.0
594792.6173628914	15.0
594824.2401394937	14.0
594855.8629160959	14.0
594898.2893229671	14.0
594940.7157298382	14.0
594983.1421367094	14.0
595025.5685435806	14.0
595067.9949504518	14.0
595110.421357323	14.0
595152.847764194	14.0
595195.2741710652	14.0
595237.7005779364	14.0
595280.1269848075	14.0
595322.5533916787	14.0
595364.9797985499	14.0
595407.4062054211	14.0
595449.8326122923	14.0
595492.2590191634	14.0
595534.6854260346	14.0
595577.1118329058	14.0
595619.538239777	14.0
595661.9646466481	14.0
595704.3910535192	14.0
595746.8174603904	14.0
595789.2438672616	14.0
595831.6702741327	14.0
595874.0966810039	14.0
595916.5230878751	14.0
595958.9494947463	14.0
596001.3759016175	14.0
596043.8023084886	14.0
596086.2287153598	14.0
596128.655122231	14.0
596171.0815291022	14.0
596213.5079359733	14.0
596255.9343428444	14.0
596298.3607497156	14.0
596340.7871565868	14.0
596383.213563458	14.0
596425.6399703291	14.0
596468.0663772003	14.0
596510.4927840715	14.0
596552.9191909427	14.0
596595.3455978138	14.0
596637.772004685	14.0
596680.1984115562	14.0
596722.6248184274	14.0
596765.0512252985	14.0
596807.4776321697	14.0
596849.9040390408	14.0
596892.330445912	14.0
596934.7568527831	14.0
596977.1832596543	14.0
597019.6096665255	14.0
597062.0360733967	14.0
597104.4624802679	14.0
597146.888887139	14.0
597189.3152940102	14.0
597231.7417008814	13.0
597265.282720544	15.0
597298.8237402067	13.0
597332.3647598693	15.0
597365.9057795319	13.0
597399.4467991946	13.0
597432.9878188572	13.0
597479.8493169124	13.0
597526.7108149675	13.0
597573.5723130227	13.0
597620.4338110778	13.0
597667.295309133	13.0
597727.2953091321	13.0
597769.7217160031	13.0
597812.1481228742	13.0
597854.5745297453	13.0
597897.0009366163	13.0
597939.4273434874	13.0
597978.9396768757	13.0
598018.452010264	13.0
598057.9643436524	13.0
598097.4766770407	13.0
598136.9890104289	13.0
598176.5013438172	13.0
598216.0136772055	13.0
598246.0136772065	13.0
598276.0136772074	13.0
598318.4400840795	13.0
598360.8664909515	13.0
598403.2928978236	13.0
598441.2402297453	13.0
598479.1875616668	13.0
598517.1348935885	13.0
598555.08222551	13.0
598593.0295574317	13.0
598656.6691677375	14.0
598720.3087780433	13.0
598756.3642907988	13.0
598792.4198035543	13.0
598828.4753163097	13.0
598858.4753163097	13.0
598888.4753163097	13.0
598925.9753163098	13.0
598963.47531631	13.0
599000.9753163101	13.0
599038.4753163102	13.0
599075.9753163103	13.0
599113.4753163104	13.0
599150.9753163105	13.0
599188.4753163107	13.0
599233.4753163088	13.0
599278.4753163069	13.0
599320.9017231792	13.0
599363.3281300513	13.0
599408.3281300494	13.0
599453.3281300475	13.0
599495.7545369191	13.0
599538.1809437906	13.0
599568.9127586485	13.0
599599.6445735063	13.0
599630.3763883642	13.0
599661.108203222	13.0
599691.84001808	13.0
599722.5718329378	13.0
599753.3036477957	13.0
599784.0354626535	13.0
599814.7672775114	13.0
599857.1936843831	13.0
599899.6200912547	13.0
599942.0464981264	13.0
599973.9214981261	13.0
600005.7964981259	13.0
600037.6714981257	13.0
600069.5464981254	13.0
600101.4214981252	13.0
600133.296498125	13.0
600165.1714981247	13.0
600197.0464981245	13.0
600228.9214981243	13.0
600260.796498124	13.0
600292.6714981238	13.0
600324.5464981236	13.0
600356.4214981233	13.0
600388.2964981231	13.0
600420.1714981229	13.0
600452.0464981226	13.0
600487.0322094919	13.0
600522.0179208613	13.0
600557.0036322306	13.0
600591.9893435998	13.0
600626.9750549691	13.0
600660.9327492369	13.0
600694.8904435047	13.0
600728.8481377725	13.0
600762.8058320403	13.0
600796.7635263081	13.0
600830.7212205759	13.0
600864.6789148437	13.0
600898.6366091114	13.0
600941.0630159823	13.0
600983.4894228532	13.0
601013.4894228532	13.0
601043.4894228532	13.0
601073.4894228532	13.0
601103.4894228532	13.0
601133.4894228532	13.0
601163.4894228532	13.0
601197.0304425162	14.0
601230.5714621792	13.0
601264.1124818422	14.0
601297.6535015051	13.0
601331.1945211681	13.0
601364.7355408311	13.0
601395.001032732	13.0
601425.2665246328	13.0
601455.5320165337	13.0
601485.7975084345	13.0
601516.0630003354	13.0
601546.3284922363	13.0
601576.5939841372	13.0
601606.859476038	13.0
601637.1249679389	13.0
601667.3904598397	13.0
601697.6559517406	13.0
601727.9214436414	13.0
601758.1869355423	13.0
601788.4524274431	13.0
601818.717919344	13.0
601861.9845346492	13.0
601905.2511499545	13.0
601948.5177652597	13.0
601991.784380565	13.0
602035.0509958703	13.0
602072.5509958698	13.0
602110.0509958693	13.0
602147.5509958689	13.0
602185.0509958684	13.0
602221.1065086231	13.0
602257.1620213779	14.0
602293.2175341327	13.0
602329.2730468874	13.0
602365.3285596422	12.0
602401.3840723969	13.0
602437.4395851517	13.0
602473.4950979064	13.0
602509.5506106612	13.0
602554.5506106593	13.0
602599.5506106574	13.0
602637.050610658	13.0
602674.5506106586	13.0
602712.0506106593	13.0
602749.5506106599	13.0
602787.7932570114	13.0
602826.0359033629	16.0
602864.2785497145	13.0
602902.521196066	13.0
602945.7878113713	13.0
602989.0544266766	13.0
603032.3210419818	13.0
603075.5876572871	13.0
603118.8542725923	13.0
603149.7775647854	13.0
603180.7008569785	13.0
603211.6241491716	13.0
603242.5474413647	13.0
603289.4089394197	13.0
603336.2704374746	13.0
603383.1319355295	13.0
603429.9934335843	13.0
603476.8549316393	13.0
603508.4777082417	13.0
603540.1004848441	13.0
603571.7232614463	13.0
603614.1496683172	13.0
603656.5760751881	13.0
603699.002482059	13.0
603741.4288889298	13.0
603771.4288889302	13.0
603801.4288889307	13.0
603831.4288889312	13.0
603861.4288889316	13.0
603900.5441033627	13.0
603939.6593177938	15.0
603978.7745322249	13.0
604017.8897466558	13.0
604057.0049610869	15.0
604096.120175518	14.0
604135.235389949	13.0
604174.3506043801	13.0
604213.4658188112	13.0
604252.5810332422	13.0
604290.0810332417	12.0
604327.5810332412	12.0
604365.0810332408	12.0
604402.5810332403	13.0
604438.6365459956	13.0
604474.692058751	13.0
604510.7475715063	12.0
604540.7475715063	12.0
604570.7475715063	12.0
604600.7475715063	12.0
604630.7475715063	12.0
604660.7475715063	13.0
604690.7475715063	13.0
604723.3865991029	14.0
604756.0256266994	13.0
604788.664654296	13.0
604821.3036818926	13.0
604853.9427094891	13.0
604886.5817370857	13.0
604919.2207646823	13.0
604949.2207646825	13.0
604979.2207646826	13.0
605009.2207646829	13.0
605039.220764683	13.0
605069.2207646832	13.0
605099.2207646833	13.0
605129.2207646836	13.0
605159.2207646837	13.0
605189.2207646839	13.0
605219.220764684	13.0
605249.2207646843	13.0
605279.2207646844	13.0
605309.2207646846	13.0
605339.2207646847	13.0
605369.220764685	13.0
605399.2207646851	13.0
605429.2207646853	13.0
605459.2207646854	13.0
605489.2207646857	13.0
605519.2207646858	13.0
605549.220764686	13.0
605591.6471715571	13.0
605634.0735784281	13.0
605676.4999852992	13.0
605718.9263921703	13.0
605761.3527990413	13.0
605803.7792059124	13.0
605846.2056127834	13.0
605888.6320196546	13.0
605931.0584265257	13.0
605973.4848333967	13.0
606015.9112402678	13.0
606058.3376471389	13.0
606100.7640540099	13.0
606143.190460881	13.0
606185.616867752	13.0
606228.0432746231	12.0
606258.0432746231	12.0
606288.0432746231	12.0
606326.8051029965	12.0
606365.56693137	12.0
606404.3287597434	12.0
606443.0905881167	13.0
606481.8524164901	14.0
606520.6142448635	12.0
606559.3760732369	13.0
606598.1379016103	13.0
606636.8997299838	13.0
606675.6615583571	13.0
606714.4233867305	12.0
606750.9199619123	12.0
606787.416537094	14.0
606823.9131122759	12.0
606860.4096874576	13.0
606896.9062626394	13.0
606960.5458729452	13.0
607024.185483251	12.0
607055.8082598528	13.0
607087.4310364547	13.0
607119.0538130566	13.0
607150.6765896584	14.0
607182.2993662602	12.0
607213.9221428621	12.0
607245.5449194639	12.0
607277.1676960657	13.0
607308.7904726677	12.0
607339.6728256089	13.0
607370.55517855	13.0
607401.4375314912	13.0
607432.3198844322	13.0
607463.2022373735	13.0
607494.0845903145	13.0
607524.9669432557	13.0
607555.8492961968	13.0
607586.731649138	13.0
607617.6140020791	13.0
607648.4963550203	13.0
607679.3787079614	13.0
607710.2610609026	13.0
607741.1434138437	13.0
607772.0257667849	13.0
607802.908119726	13.0
607833.7904726672	13.0
607864.6728256084	13.0
607895.5551785495	13.0
607926.4375314907	13.0
607957.3198844318	13.0
607988.202237373	13.0
608019.0845903141	13.0
608049.9669432553	13.0
608080.8492961964	13.0
608111.7316491376	13.0
608142.6140020787	13.0
608173.4963550199	13.0
608204.378707961	13.0
608235.2610609022	13.0
608266.1434138432	13.0
608297.0257667844	13.0
608327.9081197255	13.0
608358.7904726667	13.0
608401.2168795379	13.0
608443.6432864092	13.0
608486.0696932804	13.0
608528.4961001516	13.0
608570.9225070229	13.0
608613.348913894	13.0
608655.7753207653	13.0
608698.2017276365	13.0
608740.6281345077	13.0
608783.054541379	13.0
608825.4809482502	13.0
608867.9073551213	13.0
608910.3337619926	13.0
608952.7601688638	12.0
608995.186575735	13.0
609037.6129826063	12.0
609080.0393894775	13.0
609122.4657963488	13.0
609164.8922032199	12.0
609207.3186100911	13.0
609249.7450169624	13.0
609292.1714238336	13.0
609334.5978307048	13.0
609377.024237576	13.0
609431.107506707	13.0
609485.1907758379	13.0
609515.1907758379	13.0
609545.1907758379	13.0
609587.6171827101	13.0
609630.0435895822	13.0
609661.7102562487	13.0
609693.3769229153	13.0
609725.0435895819	13.0
609756.7102562485	13.0
609788.376922915	13.0
609820.0435895816	13.0
609851.7102562481	13.0
609883.3769229148	13.0
609915.0435895813	13.0
609946.7102562478	13.0
609978.3769229144	13.0
610010.0435895809	13.0
610041.7102562475	13.0
610073.3769229141	13.0
610105.0435895807	13.0
610136.7102562472	13.0
610168.3769229138	12.0
610200.0435895803	13.0
610232.3545784233	18.0
610264.6655672663	11.0
610296.9765561093	13.0
610329.2875449522	12.0
610361.5985337952	11.0
610393.9095226382	12.0
610426.2205114812	12.0
610458.5315003241	13.0
610490.8424891671	12.0
610523.1534780101	12.0
610566.1651043452	12.0
610609.1767306802	12.0
610652.1883570153	17.0
610695.1999833504	12.0
610738.2116096853	12.0
610781.2232360204	12.0
610811.5278123571	12.0
610841.8323886936	12.0
610872.1369650302	16.0
610902.4415413667	12.0
610932.7461177034	12.0
610963.0506940399	12.0
610993.3552703765	12.0
611029.4107831314	12.0
611065.4662958862	13.0
611101.521808641	12.0
611131.521808641	12.0
611161.521808641	13.0
611191.521808641	12.0
611221.521808641	12.0
611251.521808641	13.0
611281.521808641	13.0
611323.9482155129	13.0
611366.3746223848	13.0
611398.3746223846	13.0
611430.3746223843	13.0
611462.3746223841	13.0
611494.3746223837	13.0
611526.3746223835	13.0
611558.3746223833	13.0
611590.374622383	13.0
611622.3746223828	13.0
611654.3746223826	13.0
611686.3746223823	13.0
611718.3746223821	13.0
611750.3746223818	13.0
611782.3746223815	13.0
611814.3746223813	13.0
611846.3746223811	13.0
611888.8010292525	13.0
611931.227436124	13.0
611973.6538429954	13.0
612016.0802498669	13.0
612058.5066567383	12.0
612088.5066567383	12.0
612118.5066567383	12.0
612148.5066567383	12.0
612178.5066567383	12.0
612208.5066567383	12.0
612238.5066567383	12.0
612268.5066567383	12.0
612310.9330636095	12.0
612358.3672285111	13.0
612405.8013934128	12.0
612448.2278002839	12.0
612478.2278002842	12.0
612508.2278002844	12.0
612538.2278002845	12.0
612568.2278002847	12.0
612598.227800285	12.0
612628.2278002852	12.0
612658.2278002853	12.0
612688.2278002856	12.0
612718.2278002858	12.0
612760.6542071563	12.0
612793.1542071562	12.0
612825.6542071559	12.0
612858.1542071558	12.0
612890.6542071557	12.0
612923.1542071555	12.0
612955.6542071553	12.0
612988.1542071552	12.0
613020.654207155	12.0
613053.1542071549	12.0
613085.6542071548	12.0
613118.1542071545	12.0
613150.6542071544	12.0
613193.0806140269	12.0
613223.1324723196	12.0
613253.1843306125	12.0
613283.2361889053	12.0
613313.2880471981	12.0
613343.339905491	12.0
613373.3917637838	12.0
613403.4436220765	12.0
613433.4954803694	12.0
613463.5473386622	12.0
613493.599196955	12.0
613523.6510552479	12.0
613553.7029135406	12.0
613583.7547718334	12.0
613613.8066301263	12.0
613643.8584884191	12.0
613673.9103467119	12.0
613703.9622050048	12.0
613746.3886118759	12.0
613786.3886118754	12.0
613826.3886118747	12.0
613866.3886118741	12.0
613902.444124629	12.0
613938.4996373841	12.0
613974.555150139	12.0
614008.3051501388	11.0
614042.0551501386	11.0
614075.8051501383	12.0
614109.5551501381	12.0
614143.3051501379	12.0
614177.0551501376	12.0
614210.8051501374	11.0
614244.5551501372	12.0
614276.1779267393	17.0
614307.8007033415	12.0
614339.4234799437	12.0
614371.0462565458	15.0
614402.6690331481	12.0
614434.2918097503	12.0
614476.7182166207	12.0
614519.1446234913	12.0
614549.1446234917	12.0
614579.144623492	12.0
614609.1446234925	12.0
614639.1446234928	12.0
614669.1446234932	11.0
614705.2001362478	11.0
614741.2556490025	15.0
614777.3111617571	12.0
614813.3666745118	12.0
614849.4221872664	12.0
614885.477700021	12.0
614922.9777000205	12.0
614960.4777000201	12.0
614997.9777000196	12.0
615035.4777000191	12.0
615070.4634113888	12.0
615105.4491227583	12.0
615140.434834128	12.0
615175.4205454976	12.0
615210.4062568672	12.0
615250.4062568666	12.0
615290.406256866	12.0
615330.4062568654	12.0
615372.8326637362	12.0
615415.2590706071	12.0
615460.2590706062	11.0
615505.2590706053	12.0
615541.3145833608	12.0
615577.3700961163	11.0
615613.4256088717	12.0
615644.3489010638	12.0
615675.2721932558	12.0
615706.195485448	12.0
615737.11877764	12.0
615768.0420698321	12.0
615798.9653620241	14.0
615829.8886542163	12.0
615860.8119464084	12.0
615903.2383532808	12.0
615945.6647601534	12.0
615990.6647601515	12.0
616035.6647601497	12.0
616073.1647601499	12.0
616110.6647601501	12.0
616148.1647601504	12.0
616185.6647601506	12.0
616225.66476015	12.0
616265.6647601493	12.0
616305.6647601487	12.0
616348.0911670203	12.0
616390.5175738918	11.0
616420.5175738918	11.0
616450.5175738918	11.0
616480.5175738918	12.0
616510.5175738918	12.0
616540.5175738918	12.0
616570.5175738918	12.0
616612.9439807633	12.0
616655.3703876348	12.0
616685.3703876348	12.0
616715.3703876348	12.0
616745.3703876348	12.0
616775.3703876348	11.0
616805.3703876348	12.0
616835.3703876348	12.0
616865.3703876348	12.0
616907.2422737597	12.0
616949.1141598844	12.0
616990.9860460092	12.0
617032.857932134	12.0
617074.7298182588	12.0
617116.6017043835	12.0
617158.4735905083	12.0
617200.3454766332	12.0
617242.2173627579	12.0
617284.0892488827	12.0
617325.9611350074	12.0
617367.8330211323	12.0
617409.704907257	12.0
617451.5767933818	12.0
617493.4486795067	12.0
617535.3205656314	12.0
617577.1924517562	12.0
617619.0643378809	12.0
617660.9362240058	12.0
617702.8081101305	12.0
617744.6799962553	12.0
617786.5518823802	12.0
617828.4237685049	12.0
617870.2956546297	12.0
617912.1675407544	12.0
617954.0394268793	12.0
617995.911313004	12.0
618037.7831991288	12.0
618079.6550852536	12.0
618121.5269713784	13.0
618163.3988575032	13.0
618205.2707436279	15.0
618247.1426297528	12.0
618289.0145158775	11.0
618330.8864020023	12.0
618372.758288127	12.0
618414.6301742519	12.0
618456.5020603767	12.0
618501.5020603762	12.0
618546.5020603758	12.0
618583.3691686629	12.0
618620.2362769501	13.0
618657.1033852373	12.0
618693.9704935245	12.0
618730.8376018116	12.0
618767.7047100988	12.0
618804.571818386	12.0
618834.571818386	12.0
618864.571818386	12.0
618894.571818386	12.0
618936.9982252582	12.0
618979.4246321303	12.0
619009.4246321303	12.0
619039.4246321303	12.0
619069.4246321303	12.0
619099.4246321303	12.0
619129.4246321303	12.0
619159.4246321303	12.0
619189.4246321303	12.0
619219.4246321303	12.0
619249.4246321303	12.0
619279.4246321303	12.0
619309.4246321303	12.0
619339.4246321303	12.0
619369.4246321303	12.0
619399.4246321303	12.0
619429.4246321303	12.0
619459.4246321303	12.0
619489.4246321303	12.0
619519.4246321303	12.0
619549.4246321303	12.0
619579.4246321303	12.0
619609.4246321303	12.0
619639.4246321303	12.0
619669.4246321303	12.0
619699.4246321303	12.0
619729.4246321303	12.0
619759.4246321303	12.0
619789.4246321303	12.0
619819.4246321303	12.0
619849.4246321303	12.0
619879.4246321303	12.0
619909.4246321303	12.0
619939.4246321303	12.0
619969.4246321303	12.0
619999.4246321303	12.0
620029.4246321303	12.0
620059.4246321303	12.0
620089.4246321303	12.0
620119.4246321303	12.0
620149.4246321303	12.0
620179.4246321303	12.0
620209.4246321303	12.0
620239.4246321303	12.0
620269.4246321303	12.0
620299.4246321303	12.0
620329.4246321303	12.0
620359.4246321303	12.0
620389.4246321303	12.0
620419.4246321303	12.0
620449.4246321303	12.0
620479.4246321303	12.0
620509.4246321303	12.0
620539.4246321303	12.0
620569.4246321303	12.0
620599.4246321303	12.0
620629.4246321303	12.0
620659.4246321303	12.0
620689.4246321303	12.0
620719.4246321303	12.0
620749.4246321303	12.0
620779.4246321303	12.0
620821.8510390008	11.0
620851.8510390008	11.0
620881.8510390008	11.0
620911.8510390008	11.0
620941.8510390008	11.0
620971.8510390008	11.0
621004.4900665972	15.0
621037.1290941937	11.0
621069.7681217901	12.0
621102.4071493866	12.0
621135.046176983	11.0
621167.6852045795	12.0
621200.324232176	12.0
621243.1527584507	11.0
621285.9812847255	11.0
621328.8098110004	12.0
621371.6383372751	12.0
621414.4668635499	12.0
621457.2953898247	12.0
621500.1239160994	12.0
621542.9524423743	12.0
621585.7809686491	12.0
621628.6094949238	12.0
621671.4380211986	12.0
621714.2665474734	12.0
621757.0950737483	12.0
621799.923600023	12.0
621842.7521262978	12.0
621885.5806525726	12.0
621928.4091788473	12.0
621971.2377051222	12.0
622014.066231397	12.0
622056.8947576717	12.0
622099.7232839465	12.0
622142.5518102213	12.0
622185.3803364962	12.0
622228.2088627709	12.0
622271.0373890457	12.0
622313.8659153205	12.0
622356.6944415952	12.0
622399.5229678701	12.0
622442.3514941449	12.0
622485.1800204196	12.0
622528.0085466944	12.0
622570.8370729692	11.0
622613.6655992441	13.0
622656.4941255188	13.0
622699.3226517936	13.0
622742.1511780684	12.0
622784.9797043431	12.0
622827.808230618	12.0
622870.6367568928	12.0
622913.4652831675	12.0
622956.2938094423	12.0
622999.1223357171	12.0
623041.950861992	11.0
623084.7793882667	11.0
623127.6079145415	12.0
623170.4364408163	12.0
623213.264967091	11.0
623256.0934933659	12.0
623298.9220196407	11.0
623341.7505459154	12.0
623384.5790721902	12.0
623427.4075984651	12.0
623470.2361247399	12.0
623500.2361247408	11.0
623530.2361247417	12.0
623576.9051722998	12.0
623623.5742198579	12.0
623670.243267416	11.0
623716.9123149742	11.0
623763.5813625323	11.0
623810.2504100904	12.0
623856.9194576485	11.0
623903.5885052066	12.0
623950.2575527647	11.0
623996.9266003228	12.0
624028.5493769252	11.0
624060.1721535276	10.0
624091.7949301299	10.0
624132.1836661831	11.0
624172.5724022365	11.0
624212.9611382898	13.0
624253.349874343	11.0
624320.431913666	11.0
624362.858320537	11.0
624405.2847274082	11.0
624447.7111342793	11.0
624490.1375411504	11.0
624532.5639480215	11.0
624574.9903548927	11.0
624617.4167617637	11.0
624659.8431686349	11.0
624702.269575506	11.0
624733.8923521084	11.0
624765.5151287108	11.0
624797.137905313	11.0
624839.564312184	11.0
624881.990719055	11.0
624924.4171259259	11.0
624966.8435327967	11.0
625009.2699396677	11.0
625039.6837523191	11.0
625070.0975649706	11.0
625100.511377622	11.0
625130.9251902736	11.0
625161.339002925	11.0
625191.7528155765	11.0
625234.179222448	11.0
625276.6056293196	11.0
625319.0320361911	11.0
625361.4584430626	11.0
625391.4584430635	11.0
625421.4584430645	11.0
625463.8848499347	11.0
625506.3112568049	11.0
625536.3112568054	11.0
625566.3112568061	11.0
625596.3112568067	11.0
625644.3346885871	11.0
625692.3581203675	16.0
625740.3815521479	10.0
625788.4049839282	11.0
625818.6384504843	11.0
625848.8719170403	11.0
625879.1053835965	11.0
625909.3388501526	10.0
625939.5723167086	11.0
625969.8057832647	11.0
626000.0392498209	11.0
626030.2727163769	11.0
626066.3282291325	11.0
626102.383741888	11.0
626138.4392546434	11.0
626170.0182020117	11.0
626201.59714938	11.0
626233.1760967483	11.0
626264.7550441166	11.0
626296.3339914851	11.0
626327.9129388534	11.0
626359.4918862217	11.0
626391.07083359	11.0
626422.6497809583	11.0
626454.2287283266	11.0
626485.8076756949	11.0
626517.3866230632	11.0
626548.9655704316	11.0
626580.5445177999	11.0
626612.1234651683	11.0
626643.7024125366	11.0
626675.2813599049	11.0
626706.8603072732	11.0
626738.4392546415	11.0
626771.9802743051	12.0
626805.5212939687	11.0
626839.0623136321	11.0
626872.6033332957	11.0
626912.6033332951	11.0
626952.6033332944	11.0
626992.6033332938	11.0
627036.3354725046	11.0
627080.0676117154	11.0
627123.7997509263	11.0
627167.5318901371	11.0
627197.5318901375	11.0
627227.5318901378	11.0
627257.5318901383	11.0
627287.5318901386	11.0
627317.531890139	11.0
627359.9582970082	11.0
627389.9582970083	11.0
627419.9582970084	11.0
627449.9582970085	11.0
627479.9582970086	11.0
627509.9582970086	11.0
627539.9582970088	11.0
627569.9582970089	11.0
627599.958297009	11.0
627629.9582970091	11.0
627659.9582970092	11.0
627689.9582970093	11.0
627719.9582970095	11.0
627749.9582970096	11.0
627779.9582970096	11.0
627809.9582970097	11.0
627839.9582970098	11.0
627869.9582970099	11.0
627899.95829701	11.0
627929.9582970102	11.0
627959.9582970103	11.0
627989.9582970104	11.0
628019.9582970105	11.0
628049.9582970105	11.0
628079.9582970106	11.0
628109.9582970107	11.0
628139.9582970109	11.0
628169.958297011	11.0
628199.9582970111	11.0
628229.9582970112	11.0
628259.9582970113	11.0
628289.9582970114	11.0
628319.9582970114	11.0
628349.9582970116	11.0
628379.9582970117	11.0
628409.9582970118	11.0
628439.9582970119	11.0
628482.3847038831	11.0
628516.3423981507	11.0
628550.3000924182	11.0
628584.2577866858	11.0
628618.2154809533	12.0
628652.173175221	11.0
628686.1308694885	11.0
628720.0885637561	11.0
628754.0462580236	11.0
628796.4726648951	11.0
628838.8990717666	11.0
628868.8990717666	11.0
628898.8990717666	11.0
628928.8990717666	11.0
628958.8990717666	11.0
628988.8990717666	11.0
629031.3254786377	11.0
629073.7518855089	11.0
629116.17829238	11.0
629158.6046992511	11.0
629201.0311061222	11.0
629243.4575129934	11.0
629285.8839198644	11.0
629328.3103267355	11.0
629370.7367336067	11.0
629413.1631404777	11.0
629455.5895473489	10.0
629498.01595422	11.0
629540.442361091	11.0
629582.8687679622	11.0
629625.2951748333	11.0
629667.7215817044	11.0
629698.4533965623	11.0
629729.1852114201	12.0
629759.9170262779	11.0
629790.6488411356	11.0
629821.3806559934	11.0
629852.1124708512	11.0
629882.844285709	11.0
629913.5761005668	11.0
629944.3079154246	11.0
629986.7343222959	11.0
630029.1607291672	11.0
630071.5871360383	11.0
630114.0135429096	11.0
630156.4399497809	11.0
630198.8663566522	11.0
630241.2927635235	11.0
630283.7191703948	11.0
630313.7191703948	11.0
630343.7191703949	11.0
630373.7191703949	11.0
630403.7191703949	11.0
630433.719170395	11.0
630463.719170395	11.0
630493.719170395	11.0
630523.7191703952	11.0
630553.7191703952	11.0
630583.7191703952	11.0
630613.7191703953	11.0
630643.7191703953	11.0
630673.7191703953	11.0
630703.7191703954	11.0
630733.7191703954	11.0
630763.7191703954	11.0
630793.7191703955	11.0
630823.7191703955	11.0
630853.7191703955	11.0
630883.7191703956	11.0
630913.7191703956	11.0
630943.7191703956	11.0
630973.7191703958	11.0
631003.7191703958	11.0
631033.7191703959	11.0
631063.7191703959	11.0
631093.7191703959	11.0
631123.719170396	11.0
631153.719170396	11.0
631183.719170396	11.0
631213.7191703961	11.0
631243.7191703961	11.0
631273.7191703961	11.0
631303.7191703962	11.0
631333.7191703962	11.0
631363.7191703962	11.0
631393.7191703963	11.0
631423.7191703963	11.0
631453.7191703963	11.0
631483.7191703964	11.0
631513.7191703964	11.0
631543.7191703964	11.0
631573.7191703966	11.0
631603.7191703966	11.0
631633.7191703966	11.0
631663.7191703967	11.0
631693.7191703967	11.0
631729.0965996417	11.0
631764.4740288869	14.0
631799.8514581319	11.0
631835.2288873771	11.0
631870.6063166221	11.0
631905.9837458673	10.0
631941.3611751123	11.0
631976.7386043573	11.0
632014.2386043569	11.0
632051.7386043564	11.0
632089.238604356	11.0
632126.7386043555	11.0
632163.3288076236	11.0
632199.9190108916	11.0
632236.5092141597	11.0
632273.0994174278	11.0
632309.6896206958	11.0
632346.2798239639	12.0
632382.870027232	11.0
632419.4602305	11.0
632456.0504337681	11.0
632492.6406370362	11.0
632529.2308403042	10.0
632559.4643068602	10.0
632589.6977734164	11.0
632619.9312399725	11.0
632650.1647065285	10.0
632680.3981730847	10.0
632710.6316396408	10.0
632740.865106197	10.0
632771.098572753	11.0
632807.1540855083	11.0
632843.2095982637	11.0
632879.265111019	11.0
632909.9968183361	11.0
632940.7285256531	11.0
632971.4602329701	11.0
633002.1919402871	11.0
633032.9236476042	11.0
633063.6553549212	11.0
633094.3870622382	11.0
633125.1187695552	10.0
633155.8504768723	10.0
633186.5821841893	10.0
633217.3138915063	10.0
633248.0455988233	10.0
633278.7773061404	10.0
633309.5090134575	10.0
633340.2407207744	11.0
633370.9724280915	11.0
633401.7041354085	11.0
633432.4358427256	11.0
633463.1675500425	11.0
633493.8992573596	11.0
633524.6309646766	10.0
633555.3626719937	11.0
633586.0943793106	11.0
633616.8260866277	11.0
633647.5577939447	11.0
633678.2895012618	11.0
633709.0212085787	11.0
633739.7529158958	11.0
633770.4846232128	11.0
633801.2163305299	11.0
633831.9480378468	11.0
633862.6797451639	11.0
633893.4114524809	11.0
633924.143159798	10.0
633954.8748671149	10.0
633985.606574432	11.0
634016.338281749	11.0
634047.0699890661	10.0
634077.801696383	10.0
634108.5334037001	10.0
634139.2651110172	9.0
634181.6915178903	10.0
634211.6915178903	10.0
634241.6915178903	10.0
634271.6915178903	10.0
634301.6915178903	10.0
634331.6915178903	10.0
634361.6915178903	10.0
634391.6915178903	10.0
634421.6915178903	10.0
634451.6915178903	10.0
634481.6915178903	10.0
634511.6915178903	10.0
634541.6915178903	10.0
634571.6915178903	10.0
634601.6915178903	10.0
634631.6915178903	10.0
634661.6915178903	10.0
634691.6915178903	11.0
634734.1179247628	11.0
634769.1179247624	11.0
634804.1179247622	11.0
634839.1179247618	11.0
634874.1179247615	11.0
634909.1179247613	11.0
634944.1179247609	10.0
634986.5443316288	11.0
635016.5541919414	11.0
635046.564052254	11.0
635076.5739125665	11.0
635106.5837728791	11.0
635136.5936331917	11.0
635166.6034935042	11.0
635196.6133538167	11.0
635226.6232141292	11.0
635256.6330744418	11.0
635286.6429347544	11.0
635316.6527950669	11.0
635346.6626553795	11.0
635376.6725156921	11.0
635406.6823760046	11.0
635436.6922363172	11.0
635466.7020966298	11.0
635496.7119569423	11.0
635526.7218172549	11.0
635556.7316775675	11.0
635586.7415378799	11.0
635616.7513981925	11.0
635646.761258505	10.0
635676.7711188176	10.0
635706.7809791302	10.0
635736.7908394428	11.0
635766.8006997553	11.0
635796.8105600679	11.0
635826.8204203804	11.0
635856.830280693	11.0
635886.8401410056	11.0
635916.8500013181	11.0
635946.8598616307	11.0
635976.8697219432	11.0
636006.8795822557	11.0
636036.8894425683	11.0
636066.8993028809	11.0
636096.9091631934	10.0
636126.919023506	10.0
636156.9288838186	11.0
636189.239872662	12.0
636221.5508615054	11.0
636253.8618503489	11.0
636286.1728391923	11.0
636318.4838280358	10.0
636360.9102349062	10.0
636403.3366417768	11.0
636445.7630486473	11.0
636488.1894555179	10.0
636518.1894555185	10.0
636548.1894555192	10.0
636578.1894555198	10.0
636620.615862391	10.0
636663.0422692621	10.0
636693.0422692627	10.0
636723.0422692634	10.0
636753.042269264	10.0
636795.4686761352	10.0
636828.3093886226	10.0
636861.1501011101	10.0
636893.9908135976	10.0
636926.8315260849	10.0
636959.6722385724	10.0
636992.5129510598	10.0
637025.3536635473	10.0
637058.1943760348	10.0
637091.0350885222	10.0
637123.8758010096	10.0
637156.716513497	10.0
637199.1429203682	10.0
637241.5693272394	10.0
637271.5693272394	10.0
637301.5693272394	10.0
637331.5693272394	10.0
637361.5693272394	10.0
637391.5693272394	10.0
637421.5693272394	10.0
637451.5693272394	10.0
637481.5693272394	10.0
637511.5693272394	10.0
637553.9957341113	10.0
637586.8364465989	10.0
637619.6771590866	10.0
637652.5178715741	10.0
637685.3585840617	10.0
637718.1992965494	10.0
637751.040009037	10.0
637783.8807215246	10.0
637816.7214340123	10.0
637849.5621464999	10.0
637882.4028589876	10.0
637915.2435714751	10.0
637957.6699783463	9.0
637989.4836660707	9.0
638021.2973537953	10.0
638053.1110415197	10.0
638084.9247292442	10.0
638116.7384169686	10.0
638148.5521046931	10.0
638180.3657924175	10.0
638212.179480142	10.0
638243.9931678665	10.0
638275.8068555909	10.0
638307.6205433154	10.0
638339.4342310398	10.0
638371.2479187644	10.0
638403.0616064888	10.0
638434.8752942132	10.0
638466.6889819377	10.0
638498.5026696621	9.0
638540.9290765346	10.0
638570.929076535	10.0
638600.9290765355	10.0
638630.929076536	10.0
638660.9290765364	10.0
638703.355483408	10.0
638745.7818902795	10.0
638783.7292222013	10.0
638821.6765541229	10.0
638859.6238860447	11.0
638897.5712179664	10.0
638935.5185498882	10.0
638980.5966071887	10.0
639025.6746644892	10.0
639070.7527217898	10.0
639115.8307790903	10.0
639160.9088363907	10.0
639205.9868936912	10.0
639251.0649509918	10.0
639296.1430082923	10.0
639341.2210655928	10.0
639386.2991228934	10.0
639431.3771801939	10.0
639476.4552374944	10.0
639521.533294795	10.0
639566.6113520954	10.0
639611.6894093959	10.0
639656.7674666964	10.0
639686.7674666967	10.0
639716.7674666968	10.0
639746.767466697	10.0
639776.7674666971	10.0
639806.7674666974	10.0
639842.822979452	10.0
639878.8784922067	10.0
639914.9340049613	10.0
639944.9340049614	10.0
639974.9340049615	10.0
640004.9340049616	10.0
640034.9340049617	10.0
640064.9340049617	10.0
640094.9340049619	10.0
640124.934004962	10.0
640154.9340049621	10.0
640184.9340049622	10.0
640227.3604118334	10.0
640269.7868187045	10.0
640312.2132255756	10.0
640354.6396324468	10.0
640397.0660393179	10.0
640439.492446189	10.0
640481.9188530602	10.0
640524.3452599314	10.0
640566.7716668025	10.0
640609.1980736736	10.0
640651.6244805448	10.0
640694.0508874159	10.0
640736.4772942871	10.0
640771.4630056565	10.0
640806.448717026	10.0
640841.4344283955	10.0
640876.420139765	11.0
640911.4058511344	10.0
640954.4215136566	10.0
640997.4371761788	10.0
641040.4528387008	10.0
641083.468501223	10.0
641126.4841637452	10.0
641169.4998262674	10.0
641212.5154887894	10.0
641255.5311513116	10.0
641298.5468138338	10.0
641341.5624763559	10.0
641384.578138878	10.0
641427.5938014002	10.0
641470.6094639223	10.0
641513.6251264445	10.0
641556.6407889667	10.0
641599.6564514887	10.0
641642.6721140109	10.0
641685.6877765331	10.0
641728.7034390552	10.0
641771.7191015773	10.0
641814.7347640995	10.0
641857.7504266216	10.0
641900.7660891438	10.0
641943.781751666	10.0
641986.797414188	10.0
642029.8130767102	10.0
642072.8287392324	10.0
642115.8444017546	10.0
642158.8600642766	10.0
642201.8757267988	10.0
642244.891389321	10.0
642287.9070518431	10.0
642330.9227143652	10.0
642373.9383768874	10.0
642416.9540394095	10.0
642459.9697019317	10.0
