0.0	2995.0
41.73851453441474	2996.0
83.47702906882948	2995.0
125.21554360324421	2995.0
161.48957719651227	2996.0
197.76361078978033	2994.0
234.03764438304842	2994.0
270.31167797631645	2992.0
306.58571156958453	2990.0
342.8597451628526	2991.0
379.1337787561207	2990.0
421.42975022654633	2987.0
463.72572169697196	2991.0
473.1616427381407	2991.0
484.60107081522426	2991.0
530.6134049216054	2990.0
552.0209984839385	2991.0
587.8017775882067	2992.0
614.2965357885505	2990.0
640.9630296196419	2990.0
691.9409769740201	2989.0
742.9189243283984	2989.0
761.3098025174056	2989.0
773.1790081260884	2988.0
779.0459630835865	2988.0
790.7330688211044	2988.0
806.1193831512339	2988.0
830.9416740095664	2988.0
837.0293753192706	2988.0
848.6482025746141	2991.0
865.3798924143929	2990.0
886.2580788034866	2990.0
930.2845933848216	2988.0
970.0283140989553	2985.0
992.837563120799	2983.0
1061.4799155184996	2984.0
1098.6082812297993	2989.0
1135.7366469410988	2990.0
1172.8650126523985	2990.0
1209.9933783636982	2989.0
1240.7241874898682	2990.0
1271.454996616038	2990.0
1302.1858057422078	2989.0
1332.9166148683778	2989.0
1363.6474239945478	2987.0
1394.3782331207176	2985.0
1432.7154535613304	2987.0
1471.052674001943	2987.0
1509.3898944425557	2986.0
1547.7271148831683	2985.0
1586.064335323781	2985.0
1629.0543889025669	2985.0
1672.0444424813527	2987.0
1715.0344960601387	2986.0
1756.1761269173853	2986.0
1797.3177577746321	2988.0
1838.4593886318787	2988.0
1879.6010194891255	2988.0
1920.742650346372	2987.0
1961.884281203619	2988.0
1993.4263504617954	2987.0
2024.968419719972	2985.0
2056.5104889781483	2986.0
2088.052558236325	2985.0
2119.5946274945013	2984.0
2151.136696752678	2983.0
2182.6787660108544	2984.0
2214.220835269031	2985.0
2245.7629045272074	2986.0
2277.304973785384	2984.0
2312.4161607409856	2985.0
2347.5273476965867	2986.0
2382.6385346521884	2985.0
2417.74972160779	2983.0
2452.8609085633916	2982.0
2487.972095518993	2979.0
2524.349190342942	2981.0
2560.726285166892	2983.0
2597.1033799908414	2986.0
2633.480474814791	2986.0
2669.8575696387406	2985.0
2714.151981571479	2989.0
2758.4463935042177	2992.0
2802.7408054369557	2993.0
2847.0352173696942	2997.0
2891.3296293024327	2993.0
2935.624041235171	2991.0
2979.9184531679093	2985.0
3021.027126278226	2986.0
3062.135799388543	2984.0
3103.24447249886	2984.0
3144.353145609177	2984.0
3185.4618187194937	2986.0
3248.7263439461135	2986.0
3266.103641941691	2991.0
3285.723445016774	2992.0
3302.4837829672415	2992.0
3325.237355428636	2993.0
3360.7540210483626	2989.0
3404.6821331483966	2993.0
3426.9865168461324	2995.0
3445.899067456162	3000.0
3475.430622065593	2995.0
3499.9678252967733	2996.0
3516.765875288348	2999.0
3561.15402329969	3000.0
3605.542171311032	2994.0
3634.589199938528	2993.0
3657.7718593607156	3007.0
3684.680163921635	2999.0
3717.1840967133844	2988.0
3736.36194962409	2988.0
3773.6617543672282	2981.0
3855.245631999748	2981.0
3887.3345315519377	2980.0
3915.3685931817054	2985.0
3942.5732013395145	2979.0
3968.033529048388	2988.0
4006.9095124214746	2988.0
4045.785495794561	2988.0
4084.661479167648	2995.0
4104.755878052158	2991.0
4135.758001743238	2985.0
4187.631405072137	2987.0
4239.504808401035	3005.0
4266.98203399789	2993.0
4297.323393474176	2997.0
4347.619277266817	2995.0
4397.915161059458	2993.0
4434.729398637023	2991.0
4479.801701844255	2993.0
4524.874005051486	3000.0
4569.946308258718	3001.0
4616.226336789966	3000.0
4662.506365321213	3001.0
4731.066099496643	2998.0
4771.881460616839	2992.0
4812.696821737034	2991.0
4853.51218285723	2991.0
4920.902763476733	2990.0
4950.647047223394	2990.0
5022.41532187526	2983.0
5065.147334451935	2979.0
5106.471865681518	2975.0
5125.175627028475	2983.0
5134.216142811981	2983.0
5143.19693450617	2975.0
5163.835680047326	2980.0
5212.275377368034	2984.0
5230.527381780926	2984.0
5249.691235257511	2983.0
5269.816125732892	2983.0
5279.015492812859	2982.0
5297.556413247171	2973.0
5318.012360244943	2973.0
5352.862179989184	2969.0
5387.711999733426	2967.0
5416.708956883322	2975.0
5469.912151491698	2976.0
5496.937587045502	2976.0
5515.827158080266	2974.0
5582.8083090674945	2964.0
5599.215390917618	2964.0
5607.787950027999	2956.0
5610.892327835682	2956.0
5618.882896027321	2956.0
5666.642995907129	2954.0
5714.403095786937	2954.0
5736.785070124854	2955.0
5745.542466760631	2955.0
5776.580618508844	2956.0
5807.618770257056	2957.0
5838.656922005269	2957.0
5869.695073753481	2956.0
5900.733225501694	2949.0
5931.7713772499055	2948.0
5962.809528998118	2949.0
5991.42816647864	2951.0
6026.601051837349	2950.0
6054.220210143402	2949.0
6087.775140615641	2949.0
6121.330071087879	2950.0
6154.885001560118	2952.0
6188.439932032356	2952.0
6227.247493754346	2952.0
6266.055055476335	2950.0
6307.235361645671	2951.0
6348.415667815008	2955.0
6389.595973984345	2948.0
6430.776280153681	2940.0
6471.956586323018	2937.0
6513.1368924923545	2939.0
6538.024234853944	2939.0
6580.511730466664	2941.0
6622.999226079384	2940.0
6649.797785124982	2940.0
6690.435198792459	2935.0
6731.072612459937	2937.0
6762.010692602149	2937.0
6794.822665150445	2939.0
6820.896200619115	2935.0
6840.374219224503	2938.0
6857.0868666713295	2938.0
6873.104688241934	2940.0
6892.32948557992	2940.0
6922.897725166387	2940.0
6956.819596987932	2935.0
6990.741468809476	2932.0
7023.857653688406	2935.0
7057.570403090695	2937.0
7091.283152492984	2943.0
7124.995901895274	2941.0
7158.708651297564	2940.0
7192.421400699853	2933.0
7226.1341501021425	2929.0
7259.846899504432	2924.0
7297.515302674445	2927.0
7335.183705844458	2940.0
7372.85210901447	2943.0
7404.056247617275	2946.0
7435.260386220081	2942.0
7466.464524822886	2942.0
7497.668663425691	2939.0
7528.872802028496	2939.0
7560.076940631302	2941.0
7591.281079234107	2929.0
7622.485217836912	2929.0
7653.689356439718	2927.0
7684.893495042523	2926.0
7716.097633645328	2926.0
7747.301772248134	2925.0
7778.505910850939	2925.0
7809.7100494537435	2920.0
7841.740848779405	2918.0
7879.4239593847215	2918.0
7917.107069990037	2916.0
7948.149788783156	2916.0
7979.192507576273	2917.0
8010.235226369391	2917.0
8041.277945162509	2916.0
8072.3206639556265	2915.0
8103.363382748745	2916.0
8134.406101541863	2917.0
8165.44882033498	2917.0
8196.4915391281	2916.0
8227.534257921216	2916.0
8258.576976714334	2920.0
8289.619695507452	2924.0
8320.66241430057	2927.0
8351.705133093688	2927.0
8382.747851886807	2925.0
8413.790570679923	2930.0
8444.833289473041	2930.0
8475.87600826616	2930.0
8506.918727059277	2926.0
8537.961445852396	2924.0
8569.004164645514	2917.0
8600.04688343863	2911.0
8631.089602231748	2907.0
8654.400099809125	2906.0
8686.900024615272	2907.0
8719.399949421417	2907.0
8751.899874227563	2904.0
8784.39979903371	2902.0
8816.899723839855	2901.0
8849.399648646002	2902.0
8881.899573452149	2905.0
8914.399498258295	2909.0
8946.89942306444	2916.0
8979.399347870587	2918.0
9011.98827978793	2919.0
9044.577211705277	2917.0
9077.16614362262	2914.0
9109.755075539966	2911.0
9142.34400745731	2917.0
9174.932939374656	2907.0
9207.521871292	2900.0
9240.110803209345	2899.0
9273.204664354542	2893.0
9306.298525499738	2895.0
9339.392386644933	2894.0
9372.48624779013	2896.0
9405.580108935326	2896.0
9438.673970080523	2893.0
9455.89671371681	2894.0
9482.204143671355	2894.0
9509.11019906907	2894.0
9547.954827454925	2894.0
9553.054466213434	2894.0
9586.105389570674	2890.0
9619.156312927911	2896.0
9652.20723628515	2897.0
9685.25815964239	2895.0
9718.309082999627	2895.0
9751.360006356867	2896.0
9784.410929714104	2895.0
9817.461853071343	2891.0
9850.512776428583	2883.0
9910.3698591876	2879.0
9942.236403409535	2884.0
9974.10294763147	2890.0
10005.969491853406	2896.0
10037.83603607534	2897.0
10069.702580297275	2887.0
10101.56912451921	2884.0
10133.435668741145	2878.0
10165.30221296308	2877.0
10197.168757185016	2878.0
10229.035301406951	2876.0
10239.525376261985	2876.0
10302.31137323567	2875.0
10333.569602325364	2874.0
10360.872716239328	2879.0
10384.788698005917	2888.0
10405.29176309384	2888.0
10443.292124363037	2884.0
10481.292485632233	2879.0
10509.720129711535	2878.0
10534.537344314698	2877.0
10566.190890290898	2875.0
10597.844436267098	2871.0
10629.497982243298	2871.0
10655.165799924229	2871.0
10692.688498555715	2871.0
10730.2111971872	2871.0
10767.733895818687	2873.0
10799.87385933914	2872.0
10832.013822859595	2869.0
10864.15378638005	2871.0
10896.293749900504	2863.0
10918.427013656004	2863.0
10939.358214868484	2860.0
10969.480476675715	2854.0
11007.913548115452	2845.0
11044.60980224388	2851.0
11078.852518751683	2849.0
11113.095235259485	2854.0
11147.337951767287	2855.0
11183.236378769321	2857.0
11217.364776776629	2851.0
11251.493174783938	2849.0
11293.92349282646	2848.0
11338.93925558005	2849.0
11383.95501833364	2850.0
11418.9168138265	2848.0
11453.87860931936	2837.0
11488.84040481222	2828.0
11515.32975768468	2828.0
11525.769523970024	2824.0
11591.474065239772	2820.0
11625.020437463712	2821.0
11658.566809687652	2820.0
11692.11318191159	2823.0
11725.659554135531	2819.0
11766.797329304232	2822.0
11793.807515969807	2823.0
11813.681727370978	2826.0
11840.522110876449	2827.0
11899.100622294363	2825.0
11927.547018524512	2824.0
11945.56699997983	2828.0
11967.951924412575	2827.0
11995.234268459672	2827.0
12015.728104200069	2827.0
12072.29230493049	2813.0
12108.015907272686	2819.0
12143.73950961488	2822.0
12179.463111957075	2837.0
12215.18671429927	2838.0
12250.910316641466	2839.0
12287.934699786385	2832.0
12324.959082931304	2815.0
12361.983466076223	2805.0
12399.007849221141	2809.0
12436.03223236606	2807.0
12473.05661551098	2798.0
12510.0809986559	2796.0
12547.105381800819	2793.0
12584.129764945737	2791.0
12621.154148090656	2801.0
12658.178531235575	2798.0
12695.202914380494	2800.0
12767.064305965989	2807.0
12805.038616743488	2816.0
12843.012927520987	2822.0
12880.987238298487	2822.0
12918.961549075986	2833.0
12956.935859853485	2828.0
12994.910170630985	2807.0
13032.884481408484	2799.0
13070.858792185983	2805.0
13108.833102963481	2793.0
13146.80741374098	2785.0
13188.422430032033	2791.0
13230.037446323084	2801.0
13271.652462614136	2789.0
13313.267478905187	2779.0
13354.88249519624	2775.0
13401.197703207783	2779.0
13439.626877305973	2776.0
13478.056051404163	2782.0
13516.485225502354	2797.0
13554.914399600544	2808.0
13593.343573698734	2823.0
13631.772747796924	2846.0
13669.38470815566	2819.0
13706.996668514394	2799.0
13744.60862887313	2797.0
13782.220589231863	2766.0
13825.197869720712	2771.0
13868.175150209561	2791.0
13911.152430698408	2809.0
13954.129711187257	2826.0
13997.106991676106	2854.0
14040.084272164955	2855.0
14083.061552653804	2857.0
14118.356619141985	2844.0
14153.651685630166	2848.0
14188.946752118347	2836.0
14224.241818606528	2826.0
14259.536885094709	2831.0
14294.83195158289	2821.0
14330.12701807107	2816.0
14365.422084559254	2801.0
14400.717151047435	2775.0
14436.012217535615	2767.0
14471.307284023796	2745.0
14505.256769785929	2748.0
14539.20625554806	2738.0
14573.155741310193	2735.0
14607.105227072325	2730.0
14641.054712834457	2731.0
14675.004198596589	2730.0
14708.953684358721	2767.0
14734.981397574515	2774.0
14772.466190738436	2751.0
14809.950983902358	2747.0
14856.536350734219	2736.0
14888.56872774295	2734.0
14932.120506778594	2725.0
14943.618334896415	2722.0
14974.688383820303	2716.0
15005.758432744191	2711.0
15036.828481668079	2711.0
15067.898530591967	2715.0
15098.968579515857	2722.0
15130.038628439745	2738.0
15161.108677363633	2745.0
15192.17872628752	2746.0
15223.248775211408	2745.0
15254.318824135296	2741.0
15285.388873059184	2731.0
15316.458921983072	2722.0
15347.52897090696	2713.0
15378.599019830848	2718.0
15409.669068754738	2717.0
15445.937544838866	2726.0
15482.206020922993	2723.0
15514.505103922304	2710.0
15555.808707895107	2699.0
15597.112311867912	2706.0
15629.57631469479	2710.0
15666.796377556138	2693.0
15704.016440417488	2676.0
15741.236503278837	2684.0
15778.456566140185	2674.0
15815.676629001533	2710.0
15852.896691862883	2712.0
15890.116754724231	2752.0
15927.33681758558	2700.0
15964.556880446928	2671.0
16003.458007327668	2666.0
16042.35913420841	2678.0
16081.260261089152	2681.0
16112.74380797733	2687.0
16144.227354865507	2687.0
16175.710901753682	2701.0
16207.19444864186	2702.0
16238.677995530037	2698.0
16270.161542418215	2714.0
16301.645089306392	2700.0
16333.12863619457	2719.0
16364.612183082745	2722.0
16396.095729970923	2723.0
16427.5792768591	2725.0
16459.062823747277	2717.0
16490.546370635453	2699.0
16522.029917523632	2695.0
16553.513464411808	2662.0
16584.997011299987	2664.0
16616.480558188163	2673.0
16648.69268855382	2663.0
16680.904818919476	2650.0
16713.116949285133	2645.0
16749.24592975416	2642.0
16785.374910223185	2647.0
16821.503890692213	2662.0
16857.632871161237	2694.0
16893.761851630265	2703.0
16925.8728643552	2698.0
16957.983877080133	2683.0
16990.094889805063	2680.0
17022.205902529997	2673.0
17054.31691525493	2663.0
17086.427927979865	2635.0
17118.5389407048	2620.0
17150.64995342973	2618.0
17186.49299127102	2615.0
17224.29019511365	2637.0
17262.08739895628	2656.0
17299.884602798906	2669.0
17334.3982845655	2674.0
17368.911966332093	2650.0
17403.425648098688	2639.0
17437.93932986528	2616.0
17472.453011631875	2591.0
17506.96669339847	2577.0
17541.48037516506	2579.0
17575.994056931657	2568.0
17610.50773869825	2573.0
17645.021420464844	2590.0
17720.24288481886	2582.0
17766.26866214968	2566.0
17814.02160722076	2556.0
17847.68056514105	2563.0
17871.65083230437	2567.0
17916.300971842244	2579.0
17951.665879353575	2593.0
17987.030786864907	2580.0
18016.96343208437	2561.0
18051.70070452258	2564.0
18096.491069824442	2548.0
18102.384966883492	2548.0
18128.214140426397	2540.0
18165.53593894383	2536.0
18202.857737461265	2537.0
18240.1795359787	2534.0
18277.501334496133	2540.0
18316.30782994022	2544.0
18355.1143253843	2542.0
18393.920820828385	2549.0
18432.72731627247	2567.0
18471.533811716556	2577.0
18510.340307160637	2573.0
18549.146802604722	2566.0
18587.953298048807	2549.0
18626.759793492893	2524.0
18665.566288936974	2521.0
18703.13446370743	2519.0
18740.702638477884	2520.0
18778.27081324834	2518.0
18815.83898801879	2511.0
18853.407162789244	2509.0
18890.9753375597	2509.0
18928.556465230584	2511.0
18966.13759290147	2510.0
19003.718720572353	2513.0
19041.299848243238	2513.0
19078.880975914122	2512.0
19121.922157393183	2512.0
19164.96333887224	2510.0
19208.0045203513	2512.0
19251.045701830357	2511.0
19293.53200248933	2513.0
19336.018303148307	2517.0
19391.76314338288	2512.0
19447.507983617452	2514.0
19484.674414631332	2511.0
19521.84084564521	2512.0
19559.00727665909	2511.0
19596.17370767297	2513.0
19633.340138686846	2515.0
19670.506569700727	2519.0
19707.673000714607	2508.0
19744.839431728484	2505.0
19782.005862742364	2506.0
19819.172293756244	2499.0
19851.408393871006	2494.0
19883.64449398577	2485.0
19915.88059410053	2483.0
19948.11669421529	2481.0
19980.35279433005	2476.0
20012.588894444812	2472.0
20044.824994559574	2466.0
20077.061094674336	2457.0
20109.2971947891	2449.0
20142.926915468728	2447.0
20176.556636148358	2444.0
20210.18635682799	2446.0
20243.81607750762	2460.0
20277.44579818725	2478.0
20311.07551886688	2474.0
20344.705239546514	2474.0
20389.852376312287	2457.0
20434.999513078055	2444.0
20480.146649843828	2431.0
20525.2937866096	2421.0
20570.44092337537	2400.0
20615.58806014114	2389.0
20660.73519690691	2385.0
20711.602935920117	2389.0
20745.512102029454	2385.0
20779.421268138794	2393.0
20823.18740242708	2399.0
20866.95353671537	2404.0
20910.719671003655	2409.0
20954.485805291944	2405.0
20998.25193958023	2411.0
21042.018073868516	2418.0
21085.784208156805	2415.0
21129.55034244509	2416.0
21173.316476733376	2398.0
21217.082611021666	2381.0
21248.29674900506	2375.0
21279.510886988457	2363.0
21310.725024971853	2362.0
21341.93916295525	2361.0
21373.153300938644	2365.0
21404.36743892204	2361.0
21435.58157690543	2354.0
21466.795714888827	2353.0
21498.009852872223	2359.0
21529.22399085562	2357.0
21568.250383575254	2361.0
21600.747235931292	2353.0
21620.909467640333	2353.0
21654.270660839804	2351.0
21698.91885183969	2348.0
21754.936768473523	2325.0
21810.954685107357	2328.0
21866.343826956985	2326.0
21911.277678228013	2324.0
21956.211529499044	2328.0
22001.14538077007	2329.0
22043.349303020583	2325.0
22085.553225271095	2327.0
22127.757147521606	2322.0
22169.96106977212	2328.0
22212.16499202263	2309.0
22254.368914273142	2304.0
22296.572836523657	2305.0
22335.500699515796	2304.0
22374.428562507936	2305.0
22413.356425500075	2300.0
22452.284288492214	2297.0
22507.01143593837	2289.0
22544.713891197935	2299.0
22582.416346457496	2294.0
22620.11880171706	2295.0
22647.559973552747	2291.0
22696.14205165448	2280.0
22738.930259480603	2278.0
22781.718467306724	2276.0
22824.50667513285	2279.0
22857.66894376835	2280.0
22895.007171468977	2275.0
22923.70914494375	2275.0
22965.844935780256	2278.0
23006.230228403187	2278.0
23044.19502987278	2276.0
23076.230159106603	2290.0
23099.14137446581	2286.0
23108.836436758782	2286.0
23142.175113597328	2283.0
23175.513790435874	2283.0
23208.85246727442	2277.0
23242.191144112967	2277.0
23275.529820951513	2288.0
23308.86849779006	2285.0
23342.207174628606	2280.0
23375.545851467155	2275.0
23408.8845283057	2270.0
23442.223205144248	2267.0
23475.561881982794	2256.0
23508.90055882134	2255.0
23542.239235659887	2252.0
23575.577912498433	2259.0
23608.91658933698	2268.0
23642.255266175525	2260.0
23675.59394301407	2262.0
23708.932619852618	2270.0
23742.271296691164	2258.0
23773.585680364744	2260.0
23804.900064038327	2273.0
23836.214447711907	2290.0
23867.528831385487	2269.0
23898.84321505907	2269.0
23930.15759873265	2266.0
23961.47198240623	2260.0
23992.786366079814	2247.0
24024.100749753394	2244.0
24055.415133426974	2247.0
24086.729517100557	2264.0
24118.043900774137	2277.0
24149.35828444772	2300.0
24180.6726681213	2298.0
24211.98705179488	2299.0
24243.301435468464	2294.0
24274.615819142044	2287.0
24305.593707957705	2293.0
24336.571596773367	2288.0
24367.54948558903	2298.0
24398.52737440469	2289.0
24429.50526322035	2277.0
24460.483152036013	2269.0
24491.461040851675	2248.0
24522.438929667336	2259.0
24553.416818482998	2262.0
24584.39470729866	2261.0
24615.37259611432	2264.0
24646.350484929982	2267.0
24677.328373745644	2262.0
24708.306262561306	2251.0
24739.284151376967	2254.0
24770.26204019263	2244.0
24801.23992900829	2223.0
24834.26718872491	2211.0
24867.294448441527	2216.0
24900.321708158146	2207.0
24933.348967874765	2200.0
24966.37622759138	2199.0
24999.403487307998	2199.0
25032.430747024617	2199.0
25065.458006741235	2200.0
25098.485266457854	2205.0
25131.512526174472	2203.0
25164.53978589109	2206.0
25197.56704560771	2203.0
25230.387032758263	2210.0
25263.207019908816	2215.0
25296.02700705937	2222.0
25328.846994209922	2224.0
25361.666981360475	2219.0
25394.486968511028	2216.0
25427.30695566158	2212.0
25460.126942812134	2209.0
25493.26305781463	2199.0
25526.39917281713	2186.0
25559.535287819628	2179.0
25592.67140282213	2182.0
25625.807517824625	2183.0
25658.943632827126	2185.0
25701.565871466806	2182.0
25735.003861150275	2191.0
25768.44185083374	2198.0
25801.87984051721	2203.0
25835.317830200675	2207.0
25868.55845354361	2211.0
25901.799076886542	2193.0
25935.039700229478	2202.0
25953.245333383806	2210.0
25985.297089037853	2209.0
26017.3488446919	2204.0
26049.400600345947	2227.0
26081.452355999994	2218.0
26113.50411165404	2202.0
26145.55586730809	2194.0
26177.607622962136	2191.0
26209.659378616183	2181.0
26241.71113427023	2190.0
26273.762889924277	2185.0
26305.814645578324	2178.0
26337.86640123237	2166.0
26370.39686092781	2161.0
26402.927320623243	2160.0
26435.45778031868	2161.0
26467.988240014118	2163.0
26500.518699709555	2163.0
26533.04915940499	2163.0
26565.579619100426	2159.0
26598.110078795864	2162.0
26630.6405384913	2161.0
26647.510510818352	2155.0
26673.29938164461	2152.0
26726.216359019385	2150.0
26769.107576875067	2146.0
26811.99879473075	2150.0
26840.700351091593	2143.0
26888.44073012466	2144.0
26933.190087308893	2137.0
26972.066070826873	2134.0
27010.94205434485	2139.0
27049.81803786283	2143.0
27088.694021380812	2148.0
27127.57000489879	2134.0
27166.44598841677	2132.0
27222.863035628383	2139.0
27270.629773302084	2136.0
27334.32441861436	2135.0
27368.316862857344	2132.0
27402.309307100328	2128.0
27436.301751343308	2129.0
27470.29419558629	2126.0
27496.79677891269	2124.0
27502.708689047005	2124.0
27515.43672530466	2120.0
27533.55531370027	2120.0
27564.290748490985	2121.0
27594.635175217285	2123.0
27624.97960194359	2125.0
27655.324028669893	2127.0
27692.102325500273	2127.0
27729.619919451263	2120.0
27764.25262300544	2119.0
27798.88532655962	2118.0
27833.518030113795	2119.0
27868.15073366797	2121.0
27912.007652240154	2120.0
27949.663940381382	2124.0
27986.907342042996	2136.0
28002.58373510278	2133.0
28038.41025050364	2118.0
28074.236765904494	2113.0
28110.063281305353	2112.0
28145.889796706208	2122.0
28181.716312107066	2117.0
28217.542827507925	2117.0
28253.36934290878	2131.0
28289.19585830964	2128.0
28323.832805259295	2144.0
28358.469752208952	2142.0
28393.10669915861	2147.0
28427.74364610826	2144.0
28462.38059305792	2138.0
28497.017540007575	2133.0
28531.65448695723	2118.0
28566.29143390689	2105.0
28600.928380856545	2086.0
28635.565327806202	2074.0
28670.20227475586	2080.0
28678.89751061209	2081.0
28710.44907199625	2081.0
28775.134946536033	2086.0
28826.75844135051	2077.0
28878.381936164988	2069.0
28930.005430979465	2064.0
28970.976612327162	2070.0
29011.94779367486	2081.0
29048.9894630348	2081.0
29112.20554478781	2075.0
29161.568968611817	2074.0
29210.93239243583	2073.0
29260.295816259837	2065.0
29303.15257452831	2054.0
29346.009332796784	2052.0
29388.45652554659	2061.0
29416.200954194297	2069.0
29443.72638033256	2054.0
29467.13615285098	2054.0
29490.359353350075	2050.0
29526.8201462273	2047.0
29557.97142873621	2038.0
29602.333524285124	2034.0
29646.695619834038	2032.0
29671.12610072081	2027.0
29711.202788275295	2026.0
29751.279475829782	2027.0
29791.356163384266	2029.0
29835.936958686852	2027.0
29889.722527157795	2032.0
29943.508095628742	2032.0
30023.75020945348	2024.0
30068.02143186822	2022.0
30109.2509124264	2027.0
30160.280477488555	2027.0
30213.147338975472	2029.0
30248.053743338747	2034.0
30282.960147702022	2029.0
30317.866552065298	2030.0
30352.78270871467	2028.0
30387.698865364036	2027.0
30428.972111771414	2017.0
30470.245358178796	2019.0
30511.518604586174	2022.0
30561.843445581282	2020.0
30602.090482912845	2022.0
30650.797688636398	2022.0
30674.927555173257	2013.0
30708.99952086371	2014.0
30739.12650325481	2010.0
30784.990074500598	2017.0
30830.853645746385	2017.0
30876.71721699217	2018.0
30901.266455969195	2024.0
30937.67966779536	2021.0
30974.092879621527	2018.0
31010.506091447693	2026.0
31046.91930327386	2023.0
31083.332515100024	2007.0
31119.74572692619	2013.0
31156.158938752353	2005.0
31195.142271434273	1998.0
31234.12560411619	1997.0
31273.10893679811	1998.0
31312.092269480032	2002.0
31351.07560216195	1999.0
31390.05893484387	2010.0
31429.04226752579	2017.0
31468.025600207708	2017.0
31507.00893288963	2017.0
31551.427729425657	2015.0
31595.846525961686	2007.0
31640.265322497715	1993.0
31684.68411903374	1984.0
31729.10291556977	1993.0
31766.26307625907	1993.0
31803.423236948373	1991.0
31840.583397637674	1993.0
31877.743558326976	1983.0
31914.903719016278	1987.0
31952.06387970558	1985.0
31989.22404039488	1981.0
32026.384201084184	1983.0
32063.544361773485	1982.0
32100.704522462787	1982.0
32137.86468315209	1975.0
32175.02484384139	1972.0
32212.185004530693	1976.0
32247.720184112844	1971.0
32283.255363695	1966.0
32318.79054327715	1965.0
32350.19995397093	1967.0
32381.60936466471	1974.0
32413.018775358487	1981.0
32444.428186052268	1984.0
32475.837596746045	1995.0
32507.247007439822	1997.0
32538.656418133603	1993.0
32570.06582882738	1990.0
32601.47523952116	1990.0
32632.88465021494	1982.0
32664.294060908716	1965.0
32695.703471602497	1958.0
32727.112882296275	1954.0
32758.522292990056	1950.0
32789.93170368383	1946.0
32821.34111437761	1957.0
32852.75052507139	1962.0
32884.15993576517	1964.0
32903.27649838459	1964.0
32946.57797068127	1968.0
32978.2781880731	1968.0
33009.97840546492	1958.0
33041.67862285675	1960.0
33073.37884024858	1965.0
33105.07905764041	1967.0
33136.77927503223	1953.0
33168.47949242406	1953.0
33200.17970981589	1948.0
33231.87992720772	1944.0
33263.580144599546	1940.0
33295.280361991376	1934.0
33326.980579383206	1944.0
33358.680796775036	1949.0
33392.12936911513	1942.0
33425.57794145522	1942.0
33459.02651379532	1934.0
33492.47508613542	1927.0
33525.92365847551	1917.0
33559.37223081561	1922.0
33592.8208031557	1921.0
33633.928989381566	1922.0
33675.03717560743	1919.0
33718.64399528934	1923.0
33760.23334568415	1925.0
33795.085148723156	1923.0
33829.93695176215	1924.0
33851.223175731786	1933.0
33866.77172316359	1933.0
33876.361708483746	1932.0
33956.2380651735	1914.0
33997.1917051397	1915.0
34038.14534510591	1913.0
34079.098985072116	1916.0
34120.05262503833	1918.0
34161.00626500453	1940.0
34201.95990497074	1968.0
34242.91354493694	2012.0
34283.86718490315	2019.0
34324.820824869355	1994.0
34365.774464835566	1954.0
34406.72810480177	1944.0
34447.68174476797	1924.0
34488.63538473418	1920.0
34529.589024700384	1913.0
34570.542664666595	1909.0
34611.4963046328	1905.0
34652.44994459901	1898.0
34693.40358456521	1895.0
34734.35722453142	1897.0
34772.37188155055	1899.0
34810.38653856968	1894.0
34848.401195588805	1894.0
34886.41585260793	1895.0
34924.43050962706	1893.0
34962.44516664619	1889.0
35000.45982366532	1885.0
35037.22982195749	1886.0
35073.99982024965	1891.0
35110.76981854182	1896.0
35147.53981683398	1895.0
35184.30981512615	1908.0
35221.07981341832	1918.0
35257.84981171048	1932.0
35294.61981000265	1929.0
35331.389808294814	1921.0
35368.159806586984	1902.0
35404.929804879146	1886.0
35441.699803171316	1886.0
35478.469801463485	1884.0
35515.23979975565	1886.0
35557.08448476404	1892.0
35598.92916977244	1889.0
35640.77385478083	1883.0
35682.618539789226	1882.0
35724.46322479762	1883.0
35766.30790980602	1883.0
35808.15259481441	1871.0
35849.997279822805	1867.0
35891.08418521344	1869.0
35932.17109060407	1875.0
35973.2579959947	1881.0
36014.34490138534	1875.0
36055.431806775974	1874.0
36096.5187121666	1873.0
36137.60561755724	1865.0
36148.530688370745	1865.0
36182.29308482339	1864.0
36216.05548127604	1867.0
36249.81787772868	1868.0
36283.58027418133	1868.0
36317.342670633974	1868.0
36351.10506708662	1864.0
36384.86746353927	1866.0
36418.62985999191	1860.0
36452.39225644455	1863.0
36486.1546528972	1860.0
36519.917049349846	1863.0
36553.679445802496	1860.0
36587.44184225514	1859.0
36621.20423870778	1863.0
36654.96663516043	1859.0
36688.729031613075	1858.0
36722.491428065725	1859.0
36763.31857952583	1859.0
36804.14573098594	1861.0
36844.97288244604	1860.0
36885.80003390615	1866.0
36926.627185366255	1860.0
36967.45433682636	1861.0
37008.28148828646	1862.0
37049.10863974657	1858.0
37089.93579120668	1863.0
37130.762942666785	1854.0
37171.590094126885	1851.0
37212.41724558699	1848.0
37253.2443970471	1848.0
37294.07154850721	1846.0
37334.89869996731	1844.0
37375.725851427414	1844.0
37416.55300288752	1845.0
37458.13492237433	1843.0
37499.71684186115	1841.0
37541.298761347956	1842.0
37576.92961192025	1841.0
37631.08330693461	1840.0
37679.757978257556	1839.0
37729.62806271245	1839.0
37770.94477260954	1839.0
37812.26148250662	1838.0
37853.57819240371	1835.0
37894.89490230079	1836.0
37952.00030818595	1841.0
37978.10369848551	1840.0
38014.41332525343	1839.0
38058.94039715786	1836.0
38095.29954255934	1835.0
38131.65868796082	1834.0
38168.01783336231	1836.0
38213.501304121484	1836.0
38258.98477488066	1832.0
38305.848441874674	1831.0
38341.355783135536	1830.0
38376.8631243964	1830.0
38412.370465657266	1830.0
38447.87780691813	1830.0
38483.38514817899	1832.0
38518.89248943985	1830.0
38554.39983070071	1827.0
38589.90717196158	1825.0
38625.414513222444	1827.0
38660.921854483306	1827.0
38696.42919574417	1827.0
38731.93653700503	1827.0
38767.288946313914	1827.0
38802.64135562281	1824.0
38837.99376493169	1823.0
38873.34617424058	1823.0
38908.69858354947	1823.0
38944.050992858356	1822.0
38979.40340216724	1821.0
39014.75581147613	1823.0
39050.10822078502	1826.0
39085.460630093905	1822.0
39120.81303940279	1825.0
39156.16544871168	1825.0
39189.66623967067	1823.0
39223.16703062965	1823.0
39256.667821588635	1822.0
39290.16861254762	1828.0
39323.6694035066	1827.0
39357.17019446559	1829.0
39390.67098542457	1825.0
39424.17177638355	1821.0
39457.67256734253	1818.0
39491.173358301516	1817.0
39524.6741492605	1820.0
39558.174940219484	1819.0
39594.35658256855	1820.0
39630.53822491761	1820.0
39666.71986726668	1822.0
39702.901509615745	1824.0
39739.08315196481	1819.0
39775.26479431387	1819.0
39811.44643666294	1817.0
39847.62807901201	1815.0
39883.80972136107	1813.0
39919.991363710134	1812.0
39965.97911472389	1815.0
39997.900934740486	1817.0
40029.82275475708	1816.0
40061.74457477368	1815.0
40093.66639479028	1816.0
40125.58821480688	1818.0
40157.51003482347	1821.0
40189.43185484007	1823.0
40221.35367485667	1823.0
40253.27549487326	1806.0
40285.19731488986	1810.0
40319.078121791325	1812.0
40352.95892869279	1814.0
40386.83973559425	1814.0
40420.720542495714	1814.0
40454.60134939718	1811.0
40488.48215629864	1808.0
40522.3629632001	1811.0
40556.243770101566	1813.0
40590.12457700303	1810.0
40624.00538390449	1805.0
40657.886190805955	1802.0
40691.76699770742	1795.0
40731.45439983197	1792.0
40771.14180195653	1788.0
40810.829204081085	1794.0
40850.51660620564	1794.0
40890.2040083302	1794.0
40929.89141045475	1797.0
40969.578812579304	1795.0
41009.266214703865	1794.0
41047.9091741629	1789.0
41086.552133621946	1789.0
41125.19509308098	1790.0
41163.83805254002	1791.0
41202.48101199906	1794.0
41244.149848266825	1796.0
41285.81868453459	1796.0
41327.48752080236	1795.0
41369.156357070126	1798.0
41410.82519333789	1795.0
41452.49402960566	1791.0
41494.16286587342	1790.0
41535.831702141186	1791.0
41577.50053840895	1790.0
41619.16937467672	1792.0
41660.83821094449	1791.0
41702.50704721225	1788.0
41752.21517875112	1788.0
41810.59942702528	1787.0
41858.32692078561	1785.0
41906.054414545935	1787.0
41963.765918246085	1785.0
42021.477421946234	1783.0
42057.43593907489	1780.0
42101.88215958554	1776.0
42136.469809244816	1777.0
42170.55801106329	1785.0
42218.15844180139	1785.0
42259.065467181324	1784.0
42295.64081372319	1783.0
42333.469296950076	1783.0
42346.92640161844	1781.0
42353.670209990254	1781.0
42385.64162337656	1780.0
42417.61303676287	1779.0
42449.58445014919	1778.0
42481.5558635355	1777.0
42513.527276921806	1776.0
42545.498690308115	1776.0
42577.47010369443	1779.0
42609.44151708074	1783.0
42641.41293046705	1789.0
42673.38434385336	1782.0
42705.355757239675	1781.0
42737.327170625984	1776.0
42769.29858401229	1775.0
42801.2699973986	1773.0
42833.24141078491	1772.0
42865.21282417123	1771.0
42896.88570567252	1767.0
42928.55858717381	1765.0
42960.2314686751	1763.0
42992.224313303705	1763.0
43024.21715793231	1770.0
43056.210002560925	1775.0
43088.20284718953	1774.0
43120.19569181814	1774.0
43152.188536446745	1774.0
43184.18138107535	1774.0
43216.174225703966	1773.0
43248.18803381676	1770.0
43280.20184192955	1761.0
43312.215650042344	1759.0
43344.22945815514	1756.0
43376.24326626793	1753.0
43408.25707438072	1752.0
43440.27088249352	1757.0
43472.284690606306	1759.0
43504.2984987191	1759.0
43536.3123068319	1759.0
43568.326114944684	1760.0
43609.404054371305	1759.0
43650.481993797934	1759.0
43691.559933224555	1759.0
43725.1259769377	1759.0
43758.692020650844	1760.0
43792.25806436399	1754.0
43825.82410807713	1754.0
43859.39015179027	1755.0
43892.956195503415	1754.0
43926.52223921656	1755.0
43960.088282929704	1754.0
43993.65432664285	1752.0
44027.22037035599	1756.0
44060.78641406914	1753.0
44097.20724321367	1753.0
44133.62807235821	1762.0
44170.04890150274	1761.0
44206.46973064728	1759.0
44242.89055979181	1766.0
44279.31138893635	1759.0
44315.732218080884	1759.0
44352.15304722542	1755.0
44384.84591547289	1750.0
44417.53878372036	1747.0
44450.23165196783	1750.0
44482.924520215296	1750.0
44515.617388462764	1753.0
44548.31025671023	1751.0
44581.0031249577	1747.0
44613.69599320517	1745.0
44646.38886145264	1745.0
44679.0817297001	1744.0
44711.774597947566	1742.0
44744.467466195034	1742.0
44777.1603344425	1745.0
44809.85320268997	1746.0
44842.54607093744	1745.0
44875.23893918491	1743.0
44907.931807432375	1741.0
44940.62467567984	1742.0
44973.31754392731	1744.0
45006.01041217478	1743.0
45054.28475179769	1742.0
45098.03736242951	1739.0
45141.78997306133	1736.0
45172.31115748932	1740.0
45202.83234191731	1744.0
45233.3535263453	1742.0
45263.87471077329	1741.0
45294.39589520128	1738.0
45300.29462197964	1738.0
45340.38799936184	1734.0
45380.481376744036	1736.0
45399.49701080447	1733.0
45431.08847442031	1736.0
45453.30574183813	1738.0
45476.03066976699	1740.0
45497.792254200984	1741.0
45537.62918816754	1740.0
45577.4661221341	1732.0
45604.98472774106	1731.0
45632.02562735343	1732.0
45663.432009562945	1732.0
45694.000425187034	1730.0
45726.698396028056	1730.0
45759.396366869085	1732.0
45792.09433771011	1734.0
45824.79230855113	1734.0
45857.49027939216	1732.0
45890.18825023318	1728.0
45922.8862210742	1729.0
45955.58419191523	1730.0
45987.25283388457	1733.0
46018.92147585392	1735.0
46050.59011782326	1735.0
46082.2587597926	1734.0
46113.92740176195	1734.0
46145.59604373129	1733.0
46177.26468570064	1733.0
46208.93332766998	1733.0
46240.60196963933	1732.0
46272.27061160867	1731.0
46303.20136109361	1730.0
46334.132110578554	1732.0
46365.0628600635	1730.0
46395.993609548445	1727.0
46426.924359033386	1726.0
46457.85510851833	1724.0
46488.78585800327	1722.0
46519.71660748821	1720.0
46550.64735697316	1721.0
46581.5781064581	1721.0
46612.508855943044	1722.0
46643.439605427986	1722.0
46674.37035491293	1724.0
46705.30110439788	1726.0
46736.23185388282	1719.0
46767.16260336776	1715.0
46798.0933528527	1714.0
46829.024102337644	1715.0
46859.954851822586	1714.0
46905.24461717309	1713.0
46950.53438252359	1711.0
46995.8241478741	1713.0
47041.1139132246	1719.0
47086.4036785751	1717.0
47131.69344392561	1717.0
47176.98320927611	1721.0
47210.38287374202	1724.0
47243.78253820793	1726.0
47277.18220267384	1726.0
47310.58186713974	1724.0
47343.981531605656	1721.0
47377.38119607156	1716.0
47410.780860537474	1709.0
47444.18052500338	1703.0
47477.580189469285	1703.0
47510.9798539352	1702.0
47544.3795184011	1704.0
47577.77918286701	1703.0
47611.7588404406	1703.0
47645.73849801418	1704.0
47679.71815558777	1706.0
47711.54184806592	1705.0
47743.36554054407	1706.0
47775.189233022225	1705.0
47807.01292550038	1703.0
47838.83661797853	1703.0
47870.66031045668	1703.0
47902.484002934834	1703.0
47934.30769541299	1704.0
47966.13138789114	1703.0
47997.95508036929	1703.0
48029.77877284744	1702.0
48061.602465325595	1703.0
48093.426157803755	1701.0
48132.58346865353	1700.0
48171.740779503314	1701.0
48210.89809035309	1698.0
48250.055401202866	1701.0
48289.21271205264	1706.0
48328.370022902425	1705.0
48367.5273337522	1703.0
48406.68464460198	1702.0
48445.84195545175	1701.0
48484.99926630154	1699.0
48524.15657715131	1699.0
48584.38060964617	1696.0
48620.32624099202	1697.0
48656.27187233787	1695.0
48692.21750368372	1694.0
48728.16313502957	1697.0
48764.10876637543	1694.0
48800.05439772128	1691.0
48836.00002906713	1692.0
48871.94566041298	1693.0
48903.15576095853	1692.0
48934.36586150408	1690.0
48965.575962049625	1688.0
48996.78606259517	1689.0
49027.99616314072	1692.0
49059.20626368627	1692.0
49090.416364231816	1694.0
49121.626464777364	1695.0
49152.83656532291	1695.0
49184.04666586846	1693.0
49215.25676641401	1692.0
49246.466866959556	1693.0
49277.676967505104	1689.0
49308.88706805065	1692.0
49340.0971685962	1697.0
49387.81518148793	1693.0
49435.53319437966	1693.0
49469.65264512868	1703.0
49503.7720958777	1708.0
49537.89154662671	1719.0
49572.01099737573	1714.0
49606.13044812475	1720.0
49640.249898873764	1707.0
49674.369349622786	1706.0
49708.4888003718	1695.0
49742.608251120815	1697.0
49776.72770186984	1698.0
49812.611889023174	1696.0
49848.49607617651	1712.0
49884.38026332985	1733.0
49920.264450483184	1735.0
49956.14863763652	1740.0
49992.032824789865	1741.0
50030.695689442175	1746.0
50069.358554094484	1742.0
50108.0214187468	1740.0
50146.68428339911	1719.0
50185.34714805142	1707.0
50224.01001270373	1712.0
50262.67287735604	1718.0
50301.335742008356	1715.0
50339.998606660665	1710.0
50378.661471312975	1691.0
50417.324335965284	1680.0
50455.987200617594	1692.0
50494.65006526991	1706.0
50524.885352779376	1706.0
50564.874306496946	1682.0
50602.54871643984	1684.0
50640.22312638273	1677.0
50677.89753632562	1677.0
50715.93216951453	1674.0
50765.8905398004	1678.0
50808.03165439462	1674.0
50850.172768988836	1685.0
50892.31388358305	1684.0
50934.454998177265	1686.0
50972.97588801021	1692.0
51011.496777843146	1699.0
51052.93245631102	1694.0
51094.36813477889	1673.0
51135.80381324676	1668.0
51173.39477639416	1668.0
51210.98573954155	1719.0
51248.57670268895	1717.0
51286.16766583635	1719.0
51323.75862898374	1714.0
51361.34959213114	1682.0
51398.94055527853	1687.0
51436.53151842593	1688.0
51474.12248157333	1715.0
51511.71344472072	1735.0
51549.30440786812	1729.0
51586.89537101552	1724.0
51624.48633416291	1726.0
51662.07729731031	1713.0
51699.66826045771	1694.0
51737.2592236051	1688.0
51771.934193913454	1659.0
51806.60916422181	1652.0
51841.28413453017	1650.0
51875.95910483853	1651.0
51910.63407514688	1658.0
51945.30904545524	1659.0
51980.02451297342	1660.0
52014.73998049159	1659.0
52049.45544800977	1655.0
52084.17091552795	1651.0
52118.886383046134	1648.0
52153.60185056431	1649.0
52188.31731808249	1648.0
52223.03278560067	1648.0
52257.74825311884	1655.0
52291.48382379146	1679.0
52325.21939446408	1692.0
52358.9549651367	1705.0
52392.69053580931	1705.0
52426.42610648194	1698.0
52460.16167715455	1690.0
52493.89724782717	1661.0
52527.63281849979	1672.0
52535.16947109517	1682.0
52552.964598722116	1682.0
52579.72880244987	1662.0
52657.78002651808	1659.0
52692.656526981	1676.0
52751.12045642018	1713.0
52809.58438585937	1680.0
52853.6400710118	1665.0
52897.989358835155	1651.0
52945.06100047185	1639.0
52991.83360241384	1641.0
53037.99613790251	1640.0
53073.9512855864	1641.0
53109.08417731377	1650.0
53144.21706904115	1656.0
53164.888889153524	1665.0
53201.20564519297	1661.0
53237.52240123242	1653.0
53273.83915727186	1634.0
53310.155913311304	1639.0
53346.47266935075	1641.0
53382.78942539019	1638.0
53419.10618142964	1640.0
53455.422937469084	1631.0
53491.73969350853	1634.0
53528.05644954798	1643.0
53549.71659266067	1646.0
53597.38008949459	1658.0
53645.04358632851	1684.0
53692.70708316244	1708.0
53740.37057999636	1674.0
53788.03407683028	1649.0
53835.6975736642	1627.0
53892.10904848943	1631.0
53933.0545609003	1630.0
53969.38832859431	1631.0
54002.4537098285	1628.0
54047.1439617162	1628.0
54073.413912997654	1628.0
54128.840118829976	1629.0
54169.68050330904	1634.0
54210.52088778811	1640.0
54251.361272267175	1641.0
54292.20165674624	1650.0
54333.04204122531	1652.0
54371.44757799005	1626.0
54409.85311475479	1611.0
54448.258651519536	1616.0
54486.66418828428	1634.0
54525.06972504902	1682.0
54563.475261813765	1662.0
54595.7785213284	1650.0
54628.08178084303	1624.0
54660.385040357665	1619.0
54692.6882998723	1614.0
54724.99155938694	1615.0
54754.53353348171	1615.0
54813.517768915866	1611.0
54850.43327723164	1616.0
54887.348785547416	1610.0
54924.26429386318	1626.0
54970.76323123961	1626.0
55012.17832387557	1613.0
55050.91346261328	1610.0
55089.64860135099	1614.0
55128.3837400887	1608.0
55159.71016755438	1600.0
55191.03659502006	1597.0
55222.36302248574	1608.0
55253.689449951424	1618.0
55285.0158774171	1629.0
55316.34230488278	1628.0
55347.668732348466	1628.0
55378.99515981415	1624.0
55410.321587279825	1631.0
55441.64801474551	1630.0
55472.97444221119	1630.0
55504.30086967687	1625.0
55535.62729714255	1616.0
55566.95372460823	1619.0
55598.28015207391	1618.0
55629.60657953959	1619.0
55660.933007005275	1619.0
55692.25943447095	1618.0
55723.58586193663	1620.0
55754.91228940232	1609.0
55786.238716868	1602.0
55817.565144333676	1599.0
55848.89157179936	1598.0
55880.21799926504	1591.0
55927.18645528877	1591.0
55978.959868065154	1599.0
56002.51179905921	1599.0
56025.31661229003	1603.0
56080.29238921687	1608.0
56123.16792913176	1601.0
56166.04346904665	1593.0
56208.919008961544	1590.0
56227.851897712164	1604.0
56246.583906802814	1608.0
56265.40502062239	1608.0
56284.52868078852	1614.0
56324.64598824633	1609.0
56369.35466731621	1600.0
56401.74343232133	1591.0
56434.13219732644	1587.0
56466.52096233156	1583.0
56497.097147685636	1582.0
56527.67333303972	1580.0
56558.24951839379	1577.0
56588.825703747876	1576.0
56619.40188910195	1573.0
56649.97807445603	1578.0
56680.55425981011	1579.0
56711.130445164184	1575.0
56741.70663051827	1575.0
56772.28281587234	1579.0
56802.85900122642	1581.0
56833.4351865805	1582.0
56864.011371934575	1576.0
56894.58755728866	1573.0
56925.16374264273	1573.0
56955.73992799681	1574.0
56986.31611335089	1578.0
57018.85497849083	1591.0
57051.393843630765	1595.0
57083.932708770706	1606.0
57116.47157391065	1609.0
57149.01043905059	1611.0
57181.54930419052	1614.0
57214.08816933046	1619.0
57246.6270344704	1624.0
57279.165899610336	1625.0
57311.70476475028	1627.0
57344.24362989022	1634.0
57376.78249503016	1639.0
57409.32136017009	1646.0
57441.86022531003	1650.0
57474.39909044997	1662.0
57506.93795558991	1676.0
57539.47682072985	1682.0
57572.01568586979	1689.0
57604.55455100972	1694.0
57637.09341614966	1692.0
57669.6322812896	1686.0
57702.171146429544	1682.0
57735.00462930244	1669.0
57767.83811217535	1666.0
57800.67159504825	1657.0
57833.50507792115	1654.0
57866.33856079405	1664.0
57899.17204366696	1666.0
57932.005526539855	1666.0
57964.83900941276	1668.0
57997.67249228566	1671.0
58030.505975158565	1677.0
58063.33945803146	1670.0
58096.17294090437	1662.0
58129.00642377727	1654.0
58161.83990665017	1646.0
58194.67338952307	1634.0
58227.50687239598	1643.0
58260.340355268876	1640.0
58293.17383814178	1635.0
58326.00732101468	1629.0
58358.840803887586	1622.0
58391.674286760484	1617.0
58424.50776963339	1608.0
58457.34125250629	1588.0
58490.17473537919	1593.0
58523.00821825209	1582.0
58555.84170112499	1589.0
58588.6751839979	1576.0
58621.508666870795	1550.0
58664.41756474611	1556.0
58707.326462621415	1548.0
58750.23536049673	1553.0
58793.144258372035	1569.0
58836.05315624735	1564.0
58878.962054122654	1573.0
58921.87095199797	1562.0
58964.77984987327	1562.0
59007.68874774859	1560.0
59050.59764562389	1568.0
59093.50654349921	1587.0
59136.41544137451	1586.0
59179.324339249826	1590.0
59222.23323712513	1595.0
59265.142135000446	1587.0
59308.05103287575	1582.0
59350.959930751065	1578.0
59393.86882862637	1572.0
59436.777726501685	1556.0
59479.68662437699	1550.0
59522.08203707541	1555.0
59564.477449773825	1555.0
59606.87286247224	1557.0
59649.26827517066	1554.0
59691.66368786908	1561.0
59734.059100567494	1563.0
59776.45451326591	1557.0
59818.84992596433	1546.0
59861.24533866274	1538.0
59903.640751361156	1535.0
59946.03616405957	1533.0
59988.43157675799	1537.0
60030.82698945641	1538.0
60073.222402154825	1590.0
60115.61781485324	1577.0
60158.01322755166	1568.0
60200.408640250076	1584.0
60242.80405294849	1572.0
60248.004268164404	1572.0
60261.2057756232	1572.0
60306.00557455427	1576.0
60350.805373485346	1545.0
60402.4370457212	1543.0
60454.06602747594	1548.0
60479.09380743837	1542.0
60506.032581103056	1556.0
60559.22895774605	1560.0
60611.68974633656	1544.0
60651.566206974065	1534.0
60691.44266761157	1529.0
60731.31912824907	1533.0
60771.19558888657	1530.0
60824.00802393759	1539.0
60875.956489486	1543.0
60901.58353446695	1528.0
60927.01820408744	1526.0
60949.01758084085	1515.0
60971.03667692384	1515.0
60993.107647115925	1512.0
61038.97305436045	1506.0
61076.62260189448	1504.0
61114.2721494285	1509.0
61141.869881057806	1503.0
61164.25700728789	1512.0
61186.77951949364	1512.0
61232.34087406348	1509.0
61259.66538382658	1506.0
61301.69485597975	1526.0
61343.72432813292	1524.0
61402.86936434141	1506.0
61432.9601995706	1520.0
61463.34350615872	1514.0
61488.95276047639	1514.0
61540.15880248201	1515.0
61567.24292642897	1519.0
61617.34160368607	1519.0
61638.97134733088	1513.0
61660.85862420795	1513.0
61700.02205362138	1512.0
61739.18548303481	1528.0
61778.348912448244	1538.0
61817.51234186167	1534.0
61856.675771275106	1527.0
61895.83920068853	1535.0
61935.00263010197	1547.0
61974.152796003225	1520.0
62013.30296190448	1508.0
62052.45312780574	1512.0
62091.603293707	1505.0
62130.753459608255	1527.0
62172.703056628634	1515.0
62214.65265364901	1505.0
62256.602250669384	1491.0
62298.55184768976	1498.0
62340.50144471014	1520.0
62382.45104173052	1530.0
62424.40063875089	1528.0
62466.35023577127	1531.0
62508.29983279165	1517.0
62550.24942981203	1505.0
62592.1990268324	1483.0
62634.14862385278	1481.0
62682.267498196234	1489.0
62738.019156599	1484.0
62779.49132210618	1490.0
62820.96348761336	1489.0
62862.435653120534	1491.0
62903.90781862771	1493.0
62945.37998413489	1495.0
62986.852149642065	1487.0
63028.32431514924	1478.0
63069.79648065642	1485.0
63111.26864616359	1488.0
63152.74081167077	1489.0
63194.212977177944	1477.0
63235.68514268512	1473.0
63245.14896140376	1473.0
63267.66780125162	1478.0
63289.823621448835	1478.0
63306.42219496602	1469.0
63323.26247008838	1469.0
63364.03994590173	1464.0
63404.81742171508	1466.0
63432.747508715795	1472.0
63447.970537486384	1471.0
63463.29399385592	1471.0
63489.41967352613	1475.0
63515.52131426501	1476.0
63587.41927342862	1466.0
63597.75956864537	1473.0
63601.99993851556	1473.0
63606.64746772864	1473.0
63619.035199505255	1473.0
63654.95861729573	1471.0
63690.8820350862	1475.0
63726.80545287667	1468.0
63770.4487156833	1466.0
63809.541072748456	1456.0
63848.578574924315	1475.0
63891.47049227906	1470.0
63933.901112752916	1459.0
63964.941390273954	1460.0
63995.60238616877	1449.0
64022.72348146821	1447.0
64049.56720072187	1439.0
64089.55488214516	1440.0
64116.5487765401	1430.0
64143.551381665064	1430.0
64163.16215072099	1429.0
64201.14637600614	1435.0
64239.13060129128	1448.0
64277.11482657642	1444.0
64315.099051861565	1442.0
64353.08327714671	1447.0
64391.067502431855	1458.0
64429.051727717	1451.0
64469.828314901904	1459.0
64510.6049020868	1461.0
64551.381489271706	1450.0
64592.1580764566	1436.0
64631.831496296785	1430.0
64671.50491613697	1421.0
64711.17833597716	1420.0
64745.83296234371	1423.0
64780.48758871026	1426.0
64815.142215076805	1426.0
64849.796841443356	1430.0
64884.45146780991	1430.0
64919.10609417646	1433.0
64953.76072054301	1434.0
64988.415346909555	1433.0
65023.069973276106	1431.0
65057.72459964266	1442.0
65092.37922600921	1450.0
65127.03385237575	1458.0
65161.688478742304	1454.0
65196.343105108856	1454.0
65230.99773147541	1444.0
65265.65235784196	1430.0
65300.3069842085	1411.0
65334.961610575054	1406.0
65369.616236941605	1406.0
65404.27086330816	1407.0
65441.522797658334	1417.0
65478.77473200852	1419.0
65516.026666358695	1423.0
65553.27860070887	1416.0
65590.53053505906	1421.0
65633.56144498548	1420.0
65676.59235491189	1417.0
65719.62326483832	1414.0
65762.65417476473	1410.0
65805.68508469114	1407.0
65848.71599461755	1405.0
65875.90961164603	1403.0
65911.68420463472	1407.0
65947.4587976234	1405.0
65983.23339061209	1400.0
66019.00798360078	1401.0
66054.78257658947	1408.0
66069.97431485174	1407.0
66093.7035901101	1407.0
66095.47202472127	1407.0
66139.96610512513	1408.0
66184.460185529	1410.0
66228.95426593286	1405.0
66273.44834633672	1400.0
66310.00567318736	1400.0
66346.56300003802	1398.0
66383.12032688866	1401.0
66419.6776537393	1398.0
66456.23498058996	1395.0
66492.7923074406	1397.0
66529.34963429124	1396.0
66549.03900833745	1394.0
66580.07314225922	1394.0
66632.39872919187	1397.0
66665.91806190243	1397.0
66697.74016565943	1394.0
66716.80309625466	1394.0
66734.01340956334	1391.0
66753.96005564518	1391.0
66763.2105702407	1389.0
66767.50866382198	1389.0
66805.86681543177	1391.0
66844.22496704156	1395.0
66876.2649517975	1394.0
66908.30493655344	1392.0
66947.27391133609	1391.0
66978.73366322933	1389.0
67010.19341512259	1386.0
67041.65316701583	1387.0
67079.18571988576	1388.0
67116.71827275571	1389.0
67154.25082562564	1390.0
67175.94935090057	1390.0
67192.94102944958	1389.0
67209.75911821281	1389.0
67233.43575315773	1388.0
67254.92507449865	1389.0
67292.11398214508	1392.0
67329.30288979152	1394.0
67374.8799545727	1388.0
67420.45701935387	1388.0
67442.71184222853	1395.0
67477.75866134366	1390.0
67504.28211661614	1386.0
67553.73122858239	1389.0
67594.88063574828	1388.0
67636.03004291418	1386.0
67677.17945008008	1384.0
67715.49896351252	1383.0
67747.89097431093	1378.0
67774.30131846774	1379.0
67815.62453670926	1384.0
67856.94775495077	1389.0
67895.26484976157	1387.0
67912.76465371449	1387.0
67930.31595083949	1391.0
67951.08552090808	1391.0
67971.97369131172	1383.0
67994.28417767644	1383.0
68072.84691825348	1380.0
68104.33380673273	1375.0
68134.92315118949	1376.0
68181.28495676783	1373.0
68227.64676234618	1379.0
68272.74279015299	1379.0
68291.2728439356	1379.0
68306.90928187472	1373.0
68315.98973578372	1372.0
68319.99172293126	1372.0
68358.93169015851	1374.0
68397.87165738575	1379.0
68436.81162461301	1384.0
68475.75159184025	1383.0
68514.6915590675	1373.0
68553.63152629475	1373.0
68592.571493522	1372.0
68601.76863066801	1372.0
68620.95035663135	1383.0
68648.15458119428	1383.0
68693.20633744313	1385.0
68738.25809369198	1380.0
68744.79364056657	1380.0
68760.75689866468	1380.0
68792.40795838361	1375.0
68816.62492049609	1378.0
68857.39438311777	1376.0
68898.16384573946	1364.0
68938.93330836114	1365.0
68973.36800421741	1361.0
69007.80270007368	1366.0
69042.23739592996	1367.0
69076.67209178623	1375.0
69111.1067876425	1365.0
69145.54148349876	1371.0
69183.85772165858	1370.0
69222.17395981839	1370.0
69260.49019797822	1368.0
69298.80643613804	1367.0
69337.12267429786	1373.0
69375.43891245767	1380.0
69410.29743514975	1382.0
69445.15595784184	1379.0
69480.01448053392	1360.0
69514.873003226	1355.0
69549.73152591809	1352.0
69584.59004861017	1354.0
69602.16457436664	1359.0
69634.39081355739	1359.0
69665.52268199617	1359.0
69709.99663466324	1357.0
69754.4705873303	1357.0
69781.57715090684	1360.0
69783.26476579993	1360.0
69814.10404836	1354.0
69844.94333092007	1356.0
69875.78261348013	1361.0
69906.6218960402	1368.0
69937.46117860026	1369.0
69968.30046116034	1369.0
69999.1397437204	1363.0
70029.97902628047	1357.0
70066.61295539475	1355.0
70103.24688450905	1355.0
70139.88081362333	1359.0
70176.5147427376	1355.0
70213.1486718519	1352.0
70249.78260096618	1350.0
70282.9105321061	1355.0
70316.03846324603	1360.0
70349.16639438596	1366.0
70382.29432552589	1378.0
70415.42225666581	1373.0
70448.55018780575	1366.0
70481.67811894568	1352.0
70514.80605008561	1347.0
70531.38327384477	1347.0
70573.9010536269	1342.0
70616.41883340903	1344.0
70658.93661319117	1366.0
70701.4543929733	1369.0
70743.97217275544	1386.0
70786.48995253757	1397.0
70829.0077323197	1379.0
70871.52551210184	1364.0
70913.25712537195	1366.0
70954.98873864206	1371.0
70996.72035191217	1370.0
71038.45196518228	1373.0
71080.1835784524	1375.0
71121.91519172251	1374.0
71163.64680499262	1364.0
71195.93385992071	1366.0
71228.2209148488	1365.0
71260.50796977688	1359.0
71292.79502470497	1358.0
71325.08207963307	1372.0
71357.36913456116	1365.0
71390.28616964057	1357.0
71419.3323162515	1350.0
71443.0854994292	1346.0
71484.11012303086	1349.0
71525.1347466325	1345.0
71566.15937023415	1337.0
71607.1839938358	1342.0
71648.20861743746	1347.0
71689.2332410391	1341.0
71730.25786464075	1342.0
71771.2824882424	1342.0
71812.30711184406	1337.0
71853.3317354457	1336.0
71893.8094313307	1336.0
71934.28712721569	1333.0
71974.76482310069	1330.0
72015.24251898569	1326.0
72055.72021487069	1333.0
72096.1979107557	1330.0
72136.6756066407	1315.0
72177.1533025257	1317.0
72200.36733898403	1317.0
72263.09684886021	1322.0
72339.06233267394	1319.0
72377.4039826084	1319.0
72415.74563254286	1318.0
72454.08728247733	1323.0
72492.42893241177	1318.0
72526.64306309786	1316.0
72560.85719378393	1315.0
72595.07132447002	1316.0
72629.2854551561	1319.0
72663.49958584218	1318.0
72697.71371652826	1318.0
72731.92784721433	1318.0
72764.29938275437	1315.0
72796.6709182944	1320.0
72829.04245383444	1315.0
72861.41398937447	1311.0
72893.7855249145	1310.0
72926.15706045453	1304.0
72958.52859599456	1303.0
72990.9001315346	1304.0
73023.27166707463	1305.0
73037.15985219656	1304.0
73041.42654692604	1304.0
73052.85092790153	1304.0
73095.58275483866	1308.0
73141.33786123554	1304.0
73187.09296763243	1301.0
73225.62213857524	1301.0
73264.15130951807	1301.0
73306.4164970236	1300.0
73348.68168452913	1302.0
73402.55426609764	1308.0
73433.24203227255	1303.0
73454.00040976191	1303.0
73474.53668322254	1304.0
73496.62530155692	1305.0
73518.6188122106	1307.0
73552.47937733175	1309.0
73586.51163286343	1309.0
73620.7543824223	1304.0
73655.16532189655	1297.0
73714.32117571936	1301.0
73743.95330156328	1300.0
73794.07438745181	1302.0
73829.82629227734	1304.0
73865.57819710288	1303.0
73901.33010192841	1297.0
73968.05839124457	1294.0
74001.04049332374	1302.0
74033.72053833169	1298.0
74056.4263318586	1293.0
74086.07342985549	1295.0
74111.29718807232	1295.0
74143.78604217748	1295.0
74169.65225937881	1293.0
74198.99103213468	1295.0
74258.67339388473	1298.0
74314.24074610866	1296.0
74366.00103891955	1298.0
74418.71421322272	1298.0
74449.02419371516	1298.0
74481.72006266842	1298.0
74514.41593162168	1300.0
74549.26622796142	1300.0
74584.11652430115	1297.0
74618.3404312439	1293.0
74659.6905549248	1294.0
74689.90311501485	1292.0
74710.20294537887	1290.0
74728.46689443469	1296.0
74737.51034959141	1296.0
74772.48399174715	1296.0
74807.45763390289	1294.0
74842.43127605863	1296.0
74877.40491821438	1308.0
74912.37856037011	1311.0
74948.63365576438	1312.0
74984.88875115865	1318.0
75021.14384655292	1321.0
75057.39894194719	1310.0
75093.65403734148	1301.0
75127.0586402882	1295.0
75160.46324323492	1293.0
75193.86784618165	1287.0
75227.27244912837	1283.0
75260.67705207509	1282.0
75294.08165502182	1283.0
75327.48625796854	1286.0
75360.10995412433	1286.0
75392.73365028013	1288.0
75425.35734643592	1291.0
75457.98104259171	1289.0
75490.6047387475	1288.0
75523.2284349033	1285.0
75554.98719834446	1283.0
75586.74596178564	1283.0
75618.5047252268	1283.0
75650.26348866797	1283.0
75682.02225210913	1286.0
75713.78101555031	1285.0
75745.53977899147	1284.0
75777.29854243265	1283.0
75814.00314331635	1284.0
75850.70774420006	1285.0
75880.15012765539	1284.0
75915.50130180505	1280.0
75957.21426560992	1278.0
75984.33832441492	1276.0
76022.25657371333	1279.0
76060.17482301174	1278.0
76128.60721645605	1277.0
76186.77931746893	1276.0
76251.99291620147	1280.0
76294.84249268536	1277.0
76346.67556145696	1277.0
76398.50863022855	1275.0
76434.46306761079	1272.0
76461.55164158341	1273.0
76503.52515167056	1271.0
76539.03356700717	1274.0
76574.54198234378	1273.0
76610.05039768039	1274.0
76645.558813017	1275.0
76681.06722835361	1274.0
76716.57564369023	1277.0
76772.23625272949	1277.0
76822.67925710697	1278.0
76863.54709082635	1278.0
76886.34651552344	1277.0
76914.47325763933	1276.0
76963.6532188337	1275.0
77002.41363799026	1275.0
77018.52985892119	1276.0
77046.44669674821	1273.0
77058.2856812598	1273.0
77074.9711464361	1273.0
77091.38166291299	1273.0
77102.58802624082	1276.0
77127.14068442842	1278.0
77138.93740758202	1278.0
77147.58158044048	1278.0
77151.54953049711	1271.0
77189.6691858433	1271.0
77227.78884118948	1271.0
77265.90849653567	1272.0
77304.02815188187	1269.0
77342.14780722806	1266.0
77378.05525957851	1270.0
77413.96271192897	1272.0
77449.87016427942	1273.0
77485.77761662989	1269.0
77517.7620163136	1264.0
77549.74641599732	1266.0
77581.73081568103	1268.0
77613.71521536473	1268.0
77645.69961504845	1267.0
77677.68401473216	1267.0
77709.66841441588	1267.0
77741.6528140996	1267.0
77773.63721378331	1266.0
77805.62161346702	1267.0
77822.44886962343	1268.0
77844.11258171237	1268.0
77865.39092518907	1267.0
77893.7422445185	1267.0
77926.1821693189	1264.0
77949.1558262375	1266.0
77987.63112552102	1266.0
78026.10642480451	1270.0
78064.58172408803	1271.0
78099.77827796852	1268.0
78123.09835575502	1266.0
78159.03605783104	1267.0
78196.22594497762	1267.0
78223.02510764531	1267.0
78269.22994249547	1268.0
78303.59259358613	1274.0
78337.9552446768	1274.0
78372.31789576747	1270.0
78406.68054685813	1272.0
78441.35112994115	1277.0
78476.02171302417	1275.0
78510.69229610718	1271.0
78545.36287919019	1274.0
78596.56603974255	1272.0
78647.76920029492	1270.0
78708.27059824426	1264.0
78748.94234729247	1262.0
78789.61409634067	1260.0
78830.28584538888	1258.0
78870.95759443709	1258.0
78911.62934348529	1260.0
78952.3010925335	1257.0
78955.84543134473	1257.0
78988.19669256614	1256.0
79020.54795378755	1260.0
79052.89921500896	1262.0
79085.25047623037	1261.0
79117.6017374518	1262.0
79149.95299867321	1260.0
79182.30425989462	1259.0
79212.88462261943	1260.0
79243.46498534424	1258.0
79274.04534806903	1262.0
79304.62571079384	1262.0
79335.20607351865	1256.0
79365.78643624346	1253.0
79396.36679896826	1255.0
79426.94716169307	1257.0
79435.2228803464	1259.0
79479.4948041706	1262.0
79510.17100978475	1263.0
79540.8472153989	1260.0
79576.2716076402	1256.0
79611.69599988149	1254.0
79647.11443486561	1258.0
79682.53286984975	1256.0
79717.95130483387	1260.0
79753.369739818	1253.0
79788.78817480213	1249.0
79835.8410150927	1250.0
79882.89385538327	1255.0
79929.94669567383	1261.0
79965.430763642	1257.0
80000.91483161016	1256.0
80036.39889957833	1255.0
80071.8829675465	1251.0
80079.15955667698	1249.0
80114.75320842862	1250.0
80150.34686018026	1254.0
80185.94051193191	1261.0
80221.53416368355	1264.0
80256.38492714042	1270.0
80291.23569059728	1270.0
80326.08645405415	1265.0
80360.93721751102	1260.0
80392.0040671174	1254.0
80423.07091672381	1254.0
80454.1377663302	1252.0
80485.2046159366	1255.0
80516.27146554299	1265.0
80547.33831514939	1274.0
80578.40516475578	1279.0
80609.47201436217	1280.0
80640.53886396857	1283.0
80671.60571357496	1280.0
80702.67256318136	1276.0
80738.13311020426	1265.0
80773.59365722717	1252.0
80809.05420425007	1245.0
80844.51475127299	1244.0
80879.97529829589	1245.0
80915.4358453188	1246.0
80950.37135273335	1244.0
80985.30686014789	1241.0
81014.7514592722	1249.0
81079.27445516008	1247.0
81101.2314551981	1248.0
81114.88815587512	1248.0
81136.8897417926	1245.0
81174.17018735675	1242.0
81211.45063292091	1244.0
81248.73107848506	1245.0
81286.01152404922	1240.0
81312.50837937191	1236.0
81330.97257801016	1236.0
81348.39674460948	1235.0
81366.76414048184	1239.0
81402.82780731235	1243.0
81438.89147414286	1244.0
81474.95514097337	1248.0
81511.01880780388	1246.0
81547.08247463439	1244.0
81583.7970940361	1245.0
81620.51171343781	1245.0
81657.22633283953	1245.0
81693.94095224125	1247.0
81730.65557164296	1247.0
81763.55232234004	1248.0
81796.44907303713	1248.0
81829.34582373421	1246.0
81862.2425744313	1248.0
81895.13932512837	1251.0
81928.03607582547	1254.0
81960.26321732975	1254.0
81992.49035883402	1253.0
82024.71750033829	1245.0
82056.94464184257	1241.0
82089.17178334684	1238.0
82121.39892485112	1237.0
82157.84410441267	1236.0
82194.28928397421	1244.0
82230.73446353574	1244.0
82267.17964309729	1244.0
82303.62482265884	1235.0
82306.57739132243	1235.0
82313.2200828957	1240.0
82329.22922970535	1238.0
82364.08998613327	1236.0
82397.92860578022	1236.0
82431.76722542717	1238.0
82465.60584507414	1243.0
82499.44446472109	1242.0
82533.28308436804	1237.0
82580.02205048426	1236.0
82626.16025803945	1236.0
82671.75931750203	1237.0
82716.30998642274	1241.0
82753.97091643466	1236.0
82772.56164358658	1236.0
82791.00427845391	1237.0
82818.03964521128	1236.0
82835.42782795617	1236.0
82864.56882778747	1241.0
82888.92950730625	1244.0
82916.55333319062	1246.0
82951.61647127327	1241.0
82986.67960935591	1237.0
83019.29992843744	1234.0
83043.32027272391	1236.0
83060.7043883811	1234.0
83078.12307471907	1230.0
83097.08000197142	1230.0
83116.27766306674	1235.0
83157.36314064465	1236.0
83198.44861822255	1240.0
83230.72856493102	1233.0
83249.04468682573	1231.0
83308.12421831749	1232.0
83374.41635600498	1230.0
83443.50018534156	1228.0
83454.66476000329	1228.0
83463.84858479437	1227.0
83494.98940729772	1227.0
83526.13022980107	1226.0
83557.27105230442	1228.0
83588.41187480777	1231.0
83619.55269731113	1233.0
83650.69351981448	1233.0
83681.83434231783	1235.0
83712.97516482118	1234.0
83744.11598732453	1231.0
83775.25680982789	1228.0
83809.05506675965	1227.0
83842.85332369142	1233.0
83876.65158062319	1239.0
83910.44983755496	1245.0
83944.24809448673	1243.0
83978.0463514185	1232.0
84011.84460835026	1229.0
84033.9951521068	1229.0
84058.10396945932	1230.0
84071.03608765535	1230.0
84083.84329212188	1230.0
84096.59589136549	1230.0
84106.9105241589	1227.0
84117.34688540334	1227.0
84139.44648519534	1223.0
84161.81881276183	1223.0
84173.63748014106	1233.0
84186.1716939136	1227.0
84238.87504104538	1225.0
84275.35692685329	1226.0
84311.83881266118	1228.0
84348.32069846909	1224.0
84384.80258427699	1220.0
84421.2844700849	1226.0
84457.7663558928	1229.0
84513.05832411344	1230.0
84545.7964683851	1230.0
84578.53461265676	1232.0
84611.27275692842	1232.0
84644.01090120008	1231.0
84676.74904547172	1230.0
84709.48718974338	1228.0
84742.22533401503	1226.0
84786.65049752878	1225.0
84831.07566104253	1224.0
84864.65515178177	1229.0
84898.234642521	1230.0
84931.81413326024	1229.0
84965.39362399948	1229.0
84998.9731147387	1224.0
85032.55260547795	1219.0
85066.13209621717	1221.0
85099.71158695641	1226.0
85138.95128436293	1228.0
85178.19098176947	1221.0
85217.43067917599	1221.0
85256.67037658252	1221.0
85303.40934716529	1226.0
85332.44164361262	1225.0
85360.42132678827	1225.0
85387.6798360029	1222.0
85414.30859573472	1222.0
85449.47943562684	1223.0
85484.65027551897	1222.0
85519.82111541109	1224.0
85559.70558442331	1226.0
85591.60067137166	1229.0
85623.49575832003	1230.0
85666.2553090527	1221.0
85691.70968671396	1218.0
85717.43344077666	1218.0
85754.97376580916	1222.0
85791.13848922422	1219.0
85813.44607893305	1220.0
85846.43371914657	1222.0
85868.20354347854	1222.0
85890.09014659806	1219.0
85932.68436634631	1226.0
85975.27858609456	1216.0
86011.92554623731	1221.0
86048.57250638008	1212.0
86070.12400679228	1212.0
86113.44888298755	1214.0
86162.92012141133	1212.0
86212.3913598351	1217.0
86267.72591940426	1215.0
86301.27976743305	1213.0
86335.30456101401	1211.0
86369.32935459497	1215.0
86403.35414817593	1218.0
86437.37894175689	1221.0
86471.40373533787	1211.0
86505.42852891883	1215.0
86539.45332249979	1218.0
86573.47811608075	1219.0
86606.05573655576	1224.0
86638.63335703078	1225.0
86671.2109775058	1227.0
86708.92417395106	1228.0
86746.6373703963	1224.0
86784.35056684156	1218.0
86822.06376328682	1216.0
86857.20085067155	1217.0
86892.33793805627	1221.0
86927.475025441	1218.0
86962.61211282572	1213.0
86996.35750600739	1208.0
87030.10289918906	1209.0
87063.84829237073	1216.0
87097.5936855524	1213.0
87131.33907873408	1211.0
87165.08447191576	1211.0
87198.82986509743	1222.0
87232.5752582791	1214.0
87266.32065146077	1220.0
87300.06604464244	1227.0
87334.90203249487	1226.0
87369.7380203473	1232.0
87404.57400819972	1221.0
87439.40999605214	1212.0
87474.24598390456	1216.0
87509.081971757	1206.0
87543.91795960942	1201.0
87578.75394746184	1203.0
87613.58993531427	1211.0
87648.4259231667	1207.0
87683.26191101912	1205.0
87718.09789887154	1204.0
87752.93388672397	1209.0
87787.76987457639	1210.0
87822.60586242881	1215.0
87836.43108304942	1214.0
87864.21817854163	1215.0
87892.27194846558	1215.0
87935.0458775598	1209.0
87980.2448986232	1210.0
88023.22583771154	1209.0
88052.60129067628	1215.0
88084.16075523518	1207.0
88128.76157055775	1213.0
88173.36238588032	1205.0
88181.00865725538	1205.0
88200.18471362196	1208.0
88226.45605246328	1205.0
88256.8889142018	1209.0
88321.7046901907	1210.0
88360.40834296875	1209.0
88399.11199574677	1216.0
88437.81564852482	1215.0
88476.51930130286	1205.0
88504.75976992991	1203.0
88531.48562686004	1207.0
88557.50713851981	1204.0
88609.95069929428	1208.0
88635.35053902995	1211.0
88665.0088636667	1202.0
88682.30251640706	1202.0
88717.82601579913	1200.0
88754.01519491662	1203.0
88790.28262426051	1205.0
88835.266995084	1205.0
88889.24884537367	1208.0
88932.04124509102	1211.0
88958.9355436097	1218.0
88995.07201791262	1222.0
89031.20849221556	1217.0
89067.34496651849	1217.0
89110.7794299908	1202.0
89154.21389346312	1212.0
89197.64835693543	1209.0
89253.82344531003	1206.0
89289.68438889821	1198.0
89325.54533248639	1203.0
89361.40627607459	1205.0
89397.26721966277	1206.0
89451.8865932085	1205.0
89482.03276627106	1204.0
89512.03141250744	1204.0
89541.70899931928	1203.0
89570.85827679727	1199.0
89591.70185651875	1196.0
89612.00315278019	1189.0
89637.80207542916	1191.0
89661.41989396633	1191.0
89680.59956533746	1198.0
89694.57186101083	1196.0
89700.79772121795	1197.0
89706.96002156817	1197.0
89720.47830834704	1197.0
89738.58968448933	1196.0
89761.48975423255	1196.0
89786.10273316244	1203.0
89809.4622279947	1207.0
89833.24480185844	1197.0
89853.85396535153	1197.0
89895.28513012319	1198.0
89921.021375898	1198.0
89953.09538933566	1198.0
89985.16940277333	1199.0
90017.24341621099	1198.0
90049.31742964865	1195.0
90087.19478355061	1192.0
90125.07213745259	1194.0
90162.94949135455	1196.0
90200.82684525651	1193.0
90250.2645882515	1191.0
90285.23306878337	1191.0
90316.95653424693	1190.0
90348.67999971048	1190.0
90380.40346517402	1199.0
90412.12693063758	1199.0
90443.85039610113	1196.0
90475.57386156468	1203.0
90507.29732702822	1218.0
90539.02079249178	1212.0
90570.74425795533	1208.0
90602.46772341889	1203.0
90634.19118888244	1199.0
90667.96183297058	1201.0
90701.73247705871	1194.0
90735.50312114686	1194.0
90769.27376523499	1193.0
90803.04440932313	1193.0
90836.81505341126	1195.0
90872.15712544335	1197.0
90907.49919747544	1194.0
90942.84126950751	1199.0
90978.1833415396	1199.0
91013.52541357168	1200.0
91048.86748560377	1194.0
91084.20955763586	1192.0
91119.55162966794	1195.0
91154.89370170001	1194.0
91187.42204223486	1191.0
91219.95038276972	1191.0
91265.87010269135	1195.0
91301.35589831363	1198.0
91325.69864467971	1198.0
91349.38726340022	1192.0
91381.29879289692	1184.0
91413.21032239363	1183.0
91453.90538598484	1185.0
91494.60044957604	1188.0
91535.29551316725	1186.0
91575.99057675846	1188.0
91608.68608813192	1185.0
91641.38159950536	1186.0
91674.07711087882	1189.0
91708.61560341569	1194.0
91743.15409595256	1199.0
91777.69258848942	1199.0
91812.23108102629	1197.0
91846.76957356316	1194.0
91881.30806610003	1191.0
91929.8034609229	1192.0
91978.29885574579	1180.0
92026.79425056867	1181.0
92027.47162434323	1181.0
92046.42114397076	1181.0
92084.05004789105	1178.0
92121.67895181135	1185.0
92159.30785573165	1192.0
92196.93675965194	1187.0
92234.56566357224	1186.0
92272.19456749254	1190.0
92309.82347141283	1191.0
92316.13127490837	1191.0
92350.16550693176	1189.0
92384.19973895515	1188.0
92418.23397097856	1186.0
92466.02822309785	1185.0
92505.07584008964	1183.0
92522.41837650095	1181.0
92532.62509007215	1181.0
92547.94240538892	1178.0
92586.26052003012	1178.0
92637.99281976391	1180.0
92683.27458042018	1186.0
92728.55634107644	1186.0
92771.50627652086	1180.0
92814.9524142529	1173.0
92873.34461033798	1171.0
92921.96668655257	1172.0
92981.892155994	1177.0
93036.57027333221	1179.0
93085.21247759872	1183.0
93133.61337857248	1182.0
93166.45841338861	1180.0
93199.30344820474	1181.0
93232.14848302086	1180.0
93264.99351783698	1178.0
93297.8385526531	1177.0
93346.56587733117	1182.0
93394.53415142324	1183.0
93443.04180257104	1187.0
93478.80344509048	1188.0
93527.43566608748	1195.0
93563.78982983629	1191.0
93593.06441114332	1197.0
93622.39062476125	1191.0
93664.38783108666	1184.0
93718.00177564414	1182.0
93771.61572020163	1178.0
93807.00648325487	1178.0
93842.52743378711	1179.0
93882.75847141413	1179.0
93923.1235535181	1180.0
93968.13289388221	1184.0
94006.64181840418	1184.0
94045.15074292615	1182.0
94083.65966744813	1184.0
94122.1685919701	1181.0
94160.98561948535	1183.0
94199.69918037658	1192.0
94221.4249498195	1197.0
94257.2048584917	1205.0
94292.9847671639	1195.0
94328.76467583611	1188.0
94360.32913244453	1183.0
94391.89358905295	1174.0
94423.45804566139	1177.0
94455.02250226981	1185.0
94486.58695887824	1196.0
94518.15141548666	1215.0
94549.71587209508	1223.0
94581.28032870352	1222.0
94612.84478531194	1230.0
94644.40924192037	1223.0
94675.97369852879	1212.0
94706.40127859295	1205.0
94736.8288586571	1193.0
94767.25643872126	1190.0
94797.68401878541	1191.0
94828.11159884957	1194.0
94858.53917891374	1193.0
94915.91154391029	1191.0
94962.77271694923	1191.0
95007.6770741759	1178.0
95062.60890446742	1174.0
95087.22835044884	1170.0
95114.9763011863	1180.0
95126.97479498448	1173.0
95158.88182481051	1180.0
95190.78885463653	1176.0
95222.69588446256	1177.0
95254.6029142886	1180.0
95286.50994411462	1177.0
95323.9022450519	1176.0
95361.29454598919	1180.0
95397.65550353866	1187.0
95433.04568696987	1180.0
95459.66842188871	1179.0
95485.83455398865	1175.0
95518.7632045652	1182.0
95551.64440759594	1189.0
95601.07010335631	1195.0
95650.49579911669	1197.0
95675.27531089724	1189.0
95724.8253488402	1188.0
95770.9930782326	1191.0
95823.89933570499	1173.0
95867.70331972862	1177.0
95911.50730375225	1179.0
95966.11327046437	1171.0
95993.44659079047	1167.0
96050.38927596895	1172.0
96052.08386349997	1172.0
96085.35652761493	1172.0
96118.6291917299	1174.0
96151.90185584487	1175.0
96185.17451995984	1175.0
96218.4471840748	1172.0
96251.71984818976	1174.0
96284.99251230474	1173.0
96318.2651764197	1173.0
96351.5463615931	1173.0
96384.82754676648	1175.0
96418.10873193986	1173.0
96451.38991711325	1172.0
96484.67110228664	1174.0
96517.95228746002	1177.0
96551.23347263341	1176.0
96584.5146578068	1176.0
96617.79584298018	1181.0
96651.07702815357	1179.0
96684.35821332695	1178.0
96717.63939850034	1172.0
96750.92058367372	1177.0
96793.82755091827	1176.0
96836.73451816283	1172.0
96879.64148540738	1173.0
96922.54845265194	1173.0
96965.45541989649	1173.0
97008.36238714104	1174.0
97051.2693543856	1174.0
97084.91693966516	1174.0
97118.56452494471	1174.0
97152.21211022427	1174.0
97185.85969550382	1174.0
97219.50728078338	1173.0
97253.52251875601	1173.0
97287.53775672865	1173.0
97321.55299470127	1173.0
97355.5682326739	1173.0
97389.58347064654	1173.0
97429.84506436579	1173.0
97470.10665808502	1174.0
97510.36825180426	1174.0
97540.79859128874	1173.0
97571.22893077323	1173.0
97601.6592702577	1173.0
97632.08960974218	1173.0
97662.51994922665	1173.0
97692.95028871114	1173.0
97723.38062819562	1173.0
97753.8109676801	1173.0
97784.24130716457	1173.0
97814.67164664906	1173.0
97845.10198613354	1173.0
97875.53232561801	1173.0
97905.96266510249	1173.0
97936.39300458698	1173.0
97966.82334407145	1173.0
97997.25368355593	1173.0
98027.68402304042	1173.0
98058.1143625249	1173.0
98088.54470200937	1173.0
98118.97504149385	1173.0
98149.40538097834	1173.0
98179.83572046281	1173.0
98210.26605994729	1173.0
98240.69639943176	1173.0
98277.02252102944	1173.0
98313.34864262711	1173.0
98349.6747642248	1173.0
98386.00088582246	1173.0
98422.32700742014	1173.0
98458.65312901781	1173.0
98494.97925061549	1173.0
98531.30537221317	1173.0
98561.50456468904	1173.0
98591.70375716488	1173.0
98621.90294964075	1173.0
98652.10214211661	1173.0
98682.30133459247	1173.0
98712.50052706832	1173.0
98742.69971954418	1173.0
98772.89891202004	1173.0
98803.09810449589	1173.0
98833.29729697175	1173.0
98863.49648944761	1173.0
98893.69568192346	1173.0
98923.89487439932	1173.0
98954.09406687519	1173.0
98984.29325935105	1173.0
99014.4924518269	1173.0
99044.69164430276	1173.0
99074.89083677862	1173.0
99105.09002925447	1173.0
99135.28922173033	1173.0
99165.4884142062	1173.0
99195.68760668204	1173.0
99225.8867991579	1173.0
99256.08599163376	1173.0
99286.28518410963	1173.0
99316.48437658547	1173.0
99346.68356906134	1173.0
99376.8827615372	1173.0
99407.08195401305	1173.0
99437.28114648891	1173.0
99467.48033896477	1173.0
99497.67953144062	1173.0
99527.87872391648	1173.0
99558.07791639234	1173.0
99588.2771088682	1173.0
99618.47630134405	1173.0
99648.67549381992	1173.0
99678.87468629578	1173.0
99709.07387877163	1173.0
99739.27307124749	1173.0
99769.47226372335	1173.0
99799.67145619921	1173.0
99829.87064867506	1173.0
99860.06984115092	1173.0
99890.26903362678	1173.0
99920.46822610263	1173.0
99950.6674185785	1173.0
99980.86661105436	1173.0
100011.0658035302	1173.0
100041.26499600607	1173.0
100071.46418848193	1173.0
100101.66338095779	1173.0
100131.86257343364	1173.0
100162.0617659095	1173.0
100192.26095838536	1173.0
100222.46015086121	1173.0
100252.65934333707	1173.0
100282.85853581293	1173.0
100320.08494799583	1172.0
100357.31136017872	1173.0
100394.53777236161	1172.0
100431.76418454452	1173.0
100468.99059672741	1173.0
100506.2170089103	1173.0
100543.4434210932	1173.0
100579.56662863772	1173.0
100615.68983618227	1175.0
100651.8130437268	1175.0
100687.93625127133	1175.0
100724.05945881587	1175.0
100788.6526124207	1173.0
100821.47807686812	1173.0
100854.30354131554	1173.0
100887.12900576297	1173.0
100919.95447021039	1173.0
100952.77993465782	1173.0
101001.45905179378	1173.0
101050.13816892973	1173.0
101098.81728606569	1173.0
101147.49640320164	1173.0
101180.14276093642	1173.0
101212.7891186712	1173.0
101245.43547640597	1173.0
101278.08183414074	1173.0
101310.72819187552	1173.0
101343.3745496103	1173.0
101376.02090734508	1173.0
101419.72593347754	1173.0
101463.43095960999	1173.0
101507.13598574245	1173.0
101550.8410118749	1173.0
101594.54603800736	1173.0
101638.25106413981	1173.0
101681.95609027227	1173.0
101725.66111640472	1173.0
101769.36614253718	1173.0
101813.07116866963	1173.0
101856.77619480209	1173.0
101900.48122093454	1173.0
101944.186247067	1173.0
101987.89127319946	1173.0
102031.59629933191	1173.0
102075.30132546437	1173.0
102119.00635159682	1173.0
102162.71137772928	1173.0
102206.41640386173	1173.0
102250.1214299942	1173.0
102293.82645612664	1173.0
102337.5314822591	1173.0
102381.23650839155	1173.0
102424.94153452401	1173.0
102468.64656065647	1173.0
102499.52831609025	1173.0
102530.41007152402	1173.0
102561.2918269578	1173.0
102592.17358239158	1173.0
102623.05533782535	1173.0
102653.93709325913	1173.0
102684.8188486929	1173.0
102715.70060412667	1173.0
102746.58235956045	1173.0
102777.46411499423	1173.0
102808.345870428	1173.0
102850.4754042421	1173.0
102892.6049380562	1173.0
102934.7344718703	1173.0
102976.86400568439	1173.0
103018.9935394985	1173.0
103061.12307331258	1173.0
103103.25260712669	1173.0
103145.38214094078	1173.0
103187.51167475487	1173.0
103229.64120856898	1173.0
103271.77074238307	1173.0
103313.90027619716	1173.0
103356.02981001127	1173.0
103398.15934382536	1173.0
103440.28887763947	1173.0
103482.41841145356	1173.0
103524.54794526765	1173.0
103566.67747908176	1173.0
103608.80701289585	1173.0
103650.93654670994	1173.0
103693.06608052405	1173.0
103735.19561433814	1173.0
103777.32514815225	1173.0
103819.45468196634	1173.0
103861.58421578043	1173.0
103903.71374959454	1173.0
103945.84328340863	1173.0
103987.97281722272	1173.0
104030.10235103682	1173.0
104072.23188485092	1173.0
104114.36141866501	1173.0
104149.63926700465	1173.0
104184.91711534429	1173.0
104220.19496368393	1173.0
104281.90599562901	1173.0
104324.32201552123	1173.0
104366.73803541345	1173.0
104421.61748871939	1173.0
104476.49694202532	1173.0
104531.37639533126	1173.0
104577.58398134852	1174.0
104623.79156736578	1173.0
104675.0659515274	1173.0
104726.34033568903	1173.0
104777.61471985065	1174.0
104812.01062198172	1173.0
104846.4065241128	1173.0
104880.80242624387	1173.0
104915.19832837494	1173.0
104949.59423050602	1173.0
104983.99013263709	1173.0
105059.19899793717	1173.0
105089.62694098559	1173.0
105120.05488403399	1173.0
105150.48282708241	1173.0
105180.91077013082	1173.0
105211.33871317923	1173.0
105241.76665622764	1173.0
105272.19459927606	1173.0
105302.62254232446	1173.0
105333.05048537288	1173.0
105363.47842842128	1173.0
105393.9063714697	1173.0
105424.33431451811	1173.0
105454.76225756652	1173.0
105485.19020061493	1173.0
105515.61814366335	1173.0
105546.04608671175	1173.0
105576.47402976017	1173.0
105606.90197280858	1173.0
105637.32991585699	1173.0
105667.7578589054	1173.0
105698.18580195382	1173.0
105728.61374500222	1173.0
105759.04168805064	1173.0
105789.46963109905	1173.0
105831.34713293726	1173.0
105873.22463477547	1173.0
105915.10213661367	1173.0
105956.97963845188	1173.0
105998.85714029009	1173.0
106040.7346421283	1173.0
106082.6121439665	1173.0
106124.4896458047	1173.0
106166.36714764292	1173.0
106208.24464948112	1173.0
106250.12215131933	1173.0
106291.99965315753	1173.0
106333.87715499575	1174.0
106375.75465683395	1174.0
106417.63215867215	1173.0
106459.50966051036	1173.0
106492.84885562927	1175.0
106526.18805074818	1175.0
106559.52724586708	1175.0
106592.86644098599	1174.0
106626.2056361049	1174.0
106659.54483122381	1176.0
106692.88402634271	1181.0
106739.37857147086	1174.0
106785.87311659903	1173.0
106832.36766172718	1173.0
106878.86220685535	1173.0
106925.3567519835	1173.0
106959.11352456996	1173.0
106992.87029715639	1173.0
107026.62706974284	1174.0
107060.38384232929	1173.0
107094.14061491573	1173.0
107127.89738750218	1173.0
107166.38546820947	1174.0
107204.87354891676	1173.0
107243.36162962405	1181.0
107281.84971033134	1180.0
107320.33779103863	1178.0
107358.82587174592	1174.0
107397.31395245322	1174.0
107435.80203316051	1175.0
107474.2901138678	1174.0
107518.08653621917	1173.0
107561.88295857054	1173.0
107597.86636387795	1173.0
107633.84976918537	1173.0
107669.83317449277	1173.0
107705.81657980019	1173.0
107741.7999851076	1173.0
107784.38586575743	1173.0
107826.97174640726	1173.0
107869.55762705709	1173.0
107912.14350770692	1173.0
107954.72938835675	1173.0
107997.31526900658	1173.0
108039.9011496564	1173.0
108082.48703030623	1173.0
108112.60156585854	1173.0
108142.71610141084	1173.0
108172.83063696315	1173.0
108202.94517251545	1173.0
108233.05970806775	1173.0
108263.17424362007	1173.0
108293.28877917238	1173.0
108323.40331472468	1173.0
108353.51785027698	1173.0
108383.63238582929	1173.0
108413.7469213816	1173.0
108443.8614569339	1173.0
108473.9759924862	1173.0
108504.0905280385	1173.0
108534.20506359081	1173.0
108564.31959914311	1173.0
108594.43413469542	1173.0
108624.54867024774	1173.0
108654.66320580004	1173.0
108684.77774135234	1173.0
108714.89227690465	1173.0
108745.00681245695	1173.0
108775.12134800926	1173.0
108805.23588356156	1173.0
108835.35041911386	1173.0
108865.46495466617	1173.0
108895.57949021847	1173.0
108925.69402577078	1173.0
108955.8085613231	1173.0
108985.9230968754	1173.0
109016.0376324277	1173.0
109046.15216798	1173.0
109076.26670353231	1173.0
109106.38123908461	1173.0
109136.49577463692	1173.0
109166.61031018922	1173.0
109196.72484574153	1173.0
109226.83938129383	1173.0
109256.95391684613	1173.0
109287.06845239844	1173.0
109317.18298795076	1173.0
109347.29752350306	1173.0
109378.60300821689	1173.0
109409.90849293073	1174.0
109441.21397764455	1173.0
109472.51946235838	1173.0
109503.82494707222	1174.0
109535.13043178605	1174.0
109566.43591649989	1174.0
109597.74140121372	1173.0
109629.04688592754	1173.0
109660.35237064138	1173.0
109691.65785535521	1173.0
109722.96334006905	1174.0
109758.89825180655	1174.0
109794.83316354403	1173.0
109830.76807528152	1173.0
109866.70298701902	1173.0
109902.63789875651	1173.0
109938.57281049399	1173.0
109969.19925245714	1173.0
109999.82569442027	1173.0
110030.45213638342	1173.0
110061.07857834657	1173.0
110091.7050203097	1173.0
110122.33146227285	1173.0
110152.957904236	1173.0
110183.58434619913	1173.0
110214.21078816228	1173.0
110244.83723012541	1173.0
110275.46367208856	1173.0
110306.09011405171	1173.0
110336.71655601484	1173.0
110367.34299797799	1173.0
110397.96943994114	1173.0
110428.59588190427	1173.0
110459.22232386742	1173.0
110489.84876583057	1173.0
110520.4752077937	1173.0
110551.10164975685	1173.0
110581.72809172	1173.0
110612.35453368313	1173.0
110642.98097564628	1173.0
110673.60741760943	1173.0
110704.23385957256	1173.0
110734.86030153571	1173.0
110765.48674349886	1173.0
110796.11318546199	1173.0
110826.73962742514	1173.0
110857.36606938827	1173.0
110887.99251135142	1173.0
110918.61895331457	1173.0
110949.2453952777	1173.0
110979.87183724085	1173.0
111010.498279204	1173.0
111041.12472116713	1173.0
111083.30618728121	1173.0
111125.48765339529	1173.0
111167.66911950939	1173.0
111209.85058562347	1173.0
111252.03205173755	1173.0
111294.21351785163	1173.0
111336.39498396571	1173.0
111378.5764500798	1173.0
111420.75791619389	1173.0
111462.93938230797	1173.0
111505.12084842206	1173.0
111547.30231453614	1173.0
111589.48378065022	1173.0
111631.6652467643	1173.0
111673.8467128784	1173.0
111716.02817899248	1173.0
111758.20964510656	1173.0
111800.39111122064	1173.0
111842.57257733472	1173.0
111884.7540434488	1173.0
111926.9355095629	1173.0
111969.11697567698	1173.0
112011.29844179106	1173.0
112053.47990790514	1173.0
112095.66137401923	1173.0
112137.84284013332	1173.0
112180.0243062474	1173.0
112222.20577236149	1173.0
112264.38723847557	1173.0
112306.56870458965	1173.0
112348.75017070373	1173.0
112390.93163681783	1173.0
112433.11310293191	1173.0
112475.29456904599	1173.0
112517.47603516007	1173.0
112559.65750127415	1173.0
112601.83896738823	1173.0
112644.02043350233	1173.0
112686.20189961641	1173.0
112728.3833657305	1173.0
112770.56483184457	1173.0
112812.74629795866	1173.0
112854.92776407274	1173.0
112897.10923018683	1173.0
112939.29069630092	1173.0
112981.472162415	1173.0
113023.65362852908	1173.0
113065.83509464316	1173.0
113108.01656075726	1173.0
113150.19802687134	1173.0
113192.37949298542	1173.0
113234.5609590995	1173.0
113276.74242521358	1173.0
113318.92389132766	1173.0
113361.10535744176	1173.0
113403.28682355584	1173.0
113445.46828966992	1173.0
113487.649755784	1173.0
113529.83122189809	1173.0
113563.35928895978	1173.0
113596.88735602147	1173.0
113630.41542308315	1173.0
113663.94349014484	1173.0
113697.47155720653	1173.0
113742.51661249426	1173.0
113787.561667782	1173.0
113832.60672306974	1173.0
113877.65177835747	1178.0
113922.69683364521	1172.0
113967.74188893294	1171.0
114012.78694422067	1171.0
114057.83199950842	1171.0
114102.87705479615	1173.0
114147.92211008388	1173.0
114178.9468971001	1173.0
114209.97168411633	1173.0
114240.99647113256	1173.0
114272.02125814879	1173.0
114303.04604516501	1173.0
114334.07083218124	1173.0
114365.09561919747	1173.0
114396.1204062137	1173.0
114427.14519322992	1173.0
114458.16998024615	1173.0
114489.19476726238	1173.0
114520.2195542786	1173.0
114551.24434129483	1173.0
114582.26912831106	1173.0
114613.29391532729	1173.0
114644.31870234352	1173.0
114675.34348935974	1173.0
114706.36827637597	1173.0
114737.3930633922	1173.0
114768.41785040843	1173.0
114808.21453511411	1173.0
114848.01121981979	1173.0
114887.80790452547	1173.0
114927.60458923115	1173.0
114967.40127393682	1173.0
115007.1979586425	1173.0
115046.99464334818	1173.0
115086.79132805386	1173.0
115126.58801275954	1173.0
115166.38469746523	1173.0
115206.18138217091	1173.0
115245.97806687659	1173.0
115285.77475158227	1173.0
115325.57143628795	1173.0
115365.36812099362	1173.0
115398.8465536394	1173.0
115432.32498628521	1173.0
115465.803418931	1173.0
115499.2818515768	1173.0
115532.76028422259	1173.0
115566.23871686839	1173.0
115599.71714951418	1173.0
115633.19558215997	1173.0
115666.67401480577	1173.0
115700.15244745156	1173.0
115733.63088009736	1173.0
115767.10931274315	1173.0
115800.58774538896	1173.0
115830.66484283353	1174.0
115860.74194027811	1174.0
115890.81903772269	1173.0
115920.89613516725	1173.0
115950.97323261182	1173.0
115981.0503300564	1173.0
116011.12742750098	1173.0
116041.20452494556	1173.0
116071.28162239013	1173.0
116101.35871983471	1173.0
116131.43581727927	1173.0
116161.51291472385	1173.0
116191.59001216842	1173.0
116221.667109613	1173.0
116251.74420705758	1173.0
116281.82130450215	1173.0
116311.89840194673	1173.0
116341.9754993913	1173.0
116372.05259683587	1173.0
116402.12969428045	1173.0
116432.20679172502	1173.0
116462.2838891696	1173.0
116492.36098661418	1173.0
116522.43808405874	1173.0
116552.51518150332	1173.0
116582.5922789479	1173.0
116612.66937639247	1173.0
116642.74647383705	1173.0
116672.82357128162	1173.0
116702.9006687262	1173.0
116732.97776617076	1173.0
116763.05486361534	1173.0
116793.13196105992	1173.0
116823.2090585045	1173.0
116853.28615594907	1173.0
116883.36325339365	1173.0
116913.44035083822	1173.0
116943.51744828279	1173.0
116973.59454572736	1173.0
117003.67164317194	1173.0
117033.74874061652	1173.0
117063.8258380611	1173.0
117093.90293550567	1173.0
117123.98003295025	1173.0
117154.05713039481	1173.0
117184.13422783939	1173.0
117214.21132528396	1173.0
117244.28842272854	1173.0
117274.36552017312	1173.0
117304.4426176177	1173.0
117334.51971506227	1173.0
117364.59681250683	1173.0
117394.67390995141	1173.0
117424.75100739599	1173.0
117454.82810484056	1173.0
117484.90520228514	1173.0
117514.98229972972	1173.0
117545.05939717428	1173.0
117575.13649461886	1173.0
117605.21359206343	1173.0
117635.29068950801	1173.0
117665.36778695259	1173.0
117695.44488439716	1173.0
117725.52198184174	1173.0
117755.5990792863	1173.0
117785.67617673088	1173.0
117815.75327417545	1173.0
117845.83037162003	1173.0
117875.90746906461	1173.0
117905.98456650919	1173.0
117936.06166395376	1173.0
117966.13876139832	1173.0
117996.2158588429	1173.0
118026.29295628748	1173.0
118056.37005373205	1173.0
118086.44715117663	1173.0
118116.52424862121	1173.0
118146.60134606579	1173.0
118176.67844351035	1173.0
118206.75554095492	1173.0
118236.8326383995	1173.0
118266.90973584408	1173.0
118296.98683328865	1173.0
118327.06393073323	1173.0
118357.14102817781	1173.0
118387.21812562237	1173.0
118417.29522306695	1173.0
118447.37232051152	1173.0
118477.4494179561	1173.0
118507.52651540068	1173.0
118537.60361284525	1173.0
118567.68071028983	1173.0
118597.7578077344	1173.0
118627.83490517897	1173.0
118657.91200262355	1173.0
118687.98910006812	1173.0
118718.0661975127	1173.0
118748.14329495728	1173.0
118778.22039240184	1173.0
118808.29748984642	1173.0
118838.374587291	1173.0
118868.45168473557	1173.0
118910.06561127753	1173.0
118951.67953781951	1173.0
118993.29346436147	1173.0
119034.90739090345	1173.0
119076.52131744541	1173.0
119118.13524398739	1173.0
119159.74917052935	1173.0
119201.36309707131	1173.0
119242.97702361329	1173.0
119284.59095015525	1173.0
119326.20487669723	1173.0
119367.81880323919	1173.0
119409.43272978117	1173.0
119451.04665632313	1173.0
119492.6605828651	1173.0
119534.27450940707	1173.0
119575.88843594903	1173.0
119617.50236249101	1173.0
119659.11628903297	1173.0
119700.73021557495	1173.0
119742.34414211691	1173.0
119783.95806865887	1175.0
119826.90073373285	1174.0
119869.84339880683	1169.0
119912.78606388079	1140.0
119955.72872895477	1112.0
119998.67139402874	1076.0
120041.61405910272	1068.0
120084.55672417668	1067.0
120116.6510583847	1067.0
120148.74539259271	1062.0
120180.83972680071	1058.0
120212.93406100872	1064.0
120245.02839521674	1063.0
120277.12272942475	1065.0
120309.21706363275	1070.0
120341.31139784076	1065.0
120373.40573204878	1058.0
120405.50006625679	1065.0
120437.5944004648	1062.0
120469.6887346728	1061.0
120494.08927255399	1059.0
120538.39693555092	1065.0
120587.55116801106	1065.0
120637.25218474574	1060.0
120687.7921051229	1061.0
120738.33202550009	1059.0
120795.63444550606	1055.0
120834.32056173653	1057.0
120873.006677967	1057.0
120911.69279419747	1059.0
120950.37891042794	1056.0
120989.06502665843	1057.0
121027.7511428889	1071.0
121066.43725911937	1067.0
121105.12337534984	1076.0
121143.80949158031	1082.0
121190.79011795162	1086.0
121237.0540352763	1085.0
121282.56014619638	1076.0
121287.4379335466	1076.0
121323.10506085365	1081.0
121358.77218816071	1068.0
121394.43931546777	1068.0
121430.10644277482	1068.0
121465.77357008189	1063.0
121501.44069738894	1060.0
121537.10782469601	1053.0
121572.77495200306	1055.0
121608.44207931012	1055.0
121644.10920661718	1057.0
121679.77633392424	1056.0
121715.44346123129	1062.0
121751.11058853836	1061.0
121786.77771584541	1064.0
121822.44484315248	1066.0
121860.14882206894	1067.0
121897.85280098539	1064.0
121935.55677990185	1064.0
121973.26075881832	1063.0
122010.96473773477	1062.0
122048.66871665123	1063.0
122086.37269556768	1057.0
122124.07667448414	1054.0
122161.7806534006	1055.0
122199.48463231706	1053.0
122237.18861123352	1051.0
122274.89259014998	1051.0
122312.59656906643	1051.0
122371.52998909887	1051.0
122405.17411227911	1051.0
122438.19092950725	1051.0
122471.20774673538	1058.0
122504.22456396352	1056.0
122553.41685542026	1049.0
122602.46269226709	1048.0
122646.91223677571	1045.0
122691.61560611193	1048.0
122736.62976739788	1047.0
122781.91786294257	1046.0
122822.13229173122	1046.0
122862.34672051987	1044.0
122902.5611493085	1042.0
122942.77557809715	1045.0
122996.2794089648	1044.0
123045.61502121777	1043.0
123094.81324578208	1049.0
123143.86403258753	1051.0
123192.78935202854	1047.0
123247.4575650081	1053.0
123280.49975764457	1054.0
123313.54195028105	1057.0
123346.58414291752	1055.0
123379.626335554	1052.0
123412.66852819048	1047.0
123470.53664804311	1048.0
123528.5303957979	1047.0
123560.52959903101	1046.0
123592.52880226412	1045.0
123624.52800549722	1045.0
123656.52720873033	1044.0
123688.52641196344	1040.0
123739.25765637183	1040.0
123789.82363043954	1039.0
123841.92803336594	1042.0
123894.17168200883	1044.0
123919.51410843355	1046.0
123946.60282967285	1043.0
123999.23557301637	1045.0
124053.6419656068	1048.0
124108.30538209146	1050.0
124163.20194247251	1051.0
124199.9734749858	1047.0
124236.74500749909	1049.0
124273.51654001238	1050.0
124307.18976973786	1054.0
124340.86299946334	1056.0
124374.53622918882	1047.0
124408.2094589143	1046.0
124441.88268863979	1043.0
124475.55591836527	1043.0
124509.22914809074	1047.0
124568.09980818526	1048.0
124626.89102749492	1045.0
124679.74696105074	1045.0
124686.39409889633	1045.0
124745.87922482404	1047.0
124805.35163699464	1045.0
124864.79502517056	1047.0
124924.18738133814	1046.0
124976.44772398508	1043.0
125028.63803934815	1046.0
125080.74423882262	1041.0
125132.76894336636	1043.0
125184.74075247736	1046.0
125241.12534408008	1043.0
125297.62858944485	1046.0
125354.27278491638	1047.0
125411.04031298301	1051.0
125447.26312720426	1051.0
125483.48594142552	1045.0
125519.70875564677	1043.0
125555.93156986803	1049.0
125592.15438408928	1049.0
125628.37719831054	1045.0
125663.99442244752	1048.0
125699.61164658451	1045.0
125735.22887072149	1047.0
125788.55609368494	1046.0
125842.1223158082	1050.0
125895.65093348837	1052.0
125949.14993670533	1048.0
126002.62548336198	1047.0
126056.09468671377	1044.0
126115.38814065479	1047.0
126174.78391821595	1049.0
126210.53325162579	1052.0
126246.28258503562	1054.0
126282.03191844546	1054.0
126317.78125185528	1049.0
126353.53058526512	1047.0
126387.60493359558	1045.0
126421.67928192603	1044.0
126455.75363025647	1043.0
126489.35431451633	1045.0
126522.95499877619	1047.0
126556.55568303604	1047.0
126590.1563672959	1044.0
126618.29207441141	1044.0
126658.42831816066	1041.0
126698.5645619099	1040.0
126738.70080565914	1039.0
126798.84995690807	1047.0
126858.9350162383	1042.0
126915.65884179303	1039.0
126972.30646457069	1040.0
127028.84569668905	1036.0
127085.23400612967	1036.0
127141.42283702777	1036.0
127197.3671633073	1036.0
127253.05894372995	1042.0
127308.56511033309	1032.0
127365.04919283438	1042.0
127421.76887359993	1041.0
127478.79122583264	1037.0
127536.11393980472	1038.0
127593.71378486276	1044.0
127646.22044158317	1043.0
127698.72709830357	1043.0
127741.95811808963	1042.0
127785.1891378757	1042.0
127828.42015766175	1041.0
127871.65117744781	1041.0
127914.88219723388	1037.0
127962.70566299578	1039.0
128008.00411046874	1038.0
128041.61597569776	1037.0
128075.22784092679	1043.0
128108.8397061558	1045.0
128142.45157138484	1042.0
128176.06343661385	1033.0
128206.6772340706	1034.0
128237.29103152733	1039.0
128267.90482898407	1041.0
128298.5186264408	1043.0
128329.13242389754	1047.0
128359.74622135427	1047.0
128390.36001881101	1047.0
128420.97381626775	1046.0
128451.58761372449	1045.0
128482.20141118123	1046.0
128512.81520863796	1046.0
128543.4290060947	1044.0
128581.69899576613	1045.0
128619.96898543756	1043.0
128658.238975109	1041.0
128696.50896478044	1047.0
128727.42924657678	1048.0
128758.34952837313	1052.0
128789.26981016947	1060.0
128820.19009196582	1069.0
128851.11037376216	1080.0
128882.03065555851	1084.0
128912.95093735485	1082.0
128943.8712191512	1077.0
128974.79150094754	1064.0
129005.71178274389	1056.0
129036.63206454023	1048.0
129067.55234633658	1044.0
129117.0576939108	1041.0
129164.45905188189	1035.0
129211.86040985299	1045.0
129259.26176782408	1045.0
129301.2912102714	1042.0
129353.78430718058	1045.0
129406.0409942061	1044.0
129457.97941423811	1039.0
129509.62448233474	1042.0
129567.014874709	1042.0
129624.60626761675	1036.0
129682.50231236714	1038.0
129740.68636811904	1038.0
129799.09962471502	1035.0
129857.67691355551	1043.0
129917.44070902093	1040.0
129977.29228872564	1037.0
130037.19081862022	1039.0
130097.1044576823	1038.0
130150.06449550854	1040.0
130180.20697085896	1042.0
130210.34944620937	1039.0
130240.49192155978	1041.0
130270.6343969102	1042.0
130300.77687226061	1040.0
130330.91934761102	1036.0
130361.06182296143	1036.0
130416.8073607929	1039.0
130471.96030595031	1039.0
130526.38979514518	1038.0
130580.04349502342	1036.0
130623.32164110862	1038.0
130666.23081019965	1040.0
130708.84153009376	1041.0
130751.29126563344	1042.0
130804.0634114223	1038.0
130857.5079594649	1036.0
130912.95977862511	1034.0
130968.4115977853	1038.0
131025.36864816603	1040.0
131082.34010871864	1040.0
131131.54960843892	1041.0
131181.0190981848	1044.0
131230.79034451462	1041.0
131280.85642169553	1041.0
131331.19316734403	1057.0
131388.21724180586	1046.0
131445.5556991761	1051.0
131503.15695325937	1045.0
131539.06738635633	1042.0
131574.97781945328	1036.0
131610.88825255024	1033.0
131646.79868564717	1039.0
131682.70911874413	1038.0
131718.61955184108	1036.0
131753.64084497862	1035.0
131788.66213811617	1037.0
131823.68343125374	1035.0
131876.11699610733	1040.0
131928.4762897434	1034.0
131979.5321601425	1038.0
132030.59369890278	1036.0
132064.6417696452	1032.0
132098.6898403876	1031.0
132132.73791113004	1033.0
132180.3757978343	1027.0
132228.01368453854	1028.0
132272.09232595252	1032.0
132316.1709673665	1034.0
132371.4008712998	1036.0
132426.2988833425	1034.0
132480.84740084625	1035.0
132535.13120544786	1036.0
132587.08707724974	1037.0
132639.3153827721	1037.0
132691.89789407168	1031.0
132744.8149619284	1031.0
132790.07475832483	1030.0
132835.33455472125	1030.0
132880.59435111767	1033.0
132925.8541475141	1031.0
132971.11394391052	1031.0
133009.60694488123	1028.0
133048.09994585192	1030.0
133086.59294682264	1027.0
133144.13299726907	1026.0
133201.90630232228	1024.0
133259.4017909882	1032.0
133316.56211890175	1026.0
133373.38504579125	1040.0
133429.98762207755	1036.0
133483.61853489728	1034.0
133537.61918624237	1034.0
133592.05407497703	1040.0
133646.8788722202	1040.0
133701.99568345892	1037.0
133752.2731965891	1037.0
133785.51660513596	1034.0
133818.76001368277	1030.0
133852.0034222296	1030.0
133885.24683077645	1032.0
133918.4902393233	1032.0
133951.7336478701	1032.0
134006.37639991616	1033.0
134055.1849465118	1030.0
134094.3686532226	1032.0
134133.5523599334	1031.0
134172.7360666442	1028.0
134211.919773355	1026.0
134251.1034800658	1023.0
134288.56821028958	1022.0
134326.03294051334	1022.0
134363.49767073712	1022.0
134400.96240096088	1027.0
134438.42713118467	1029.0
134475.89186140843	1034.0
134507.3044394844	1033.0
134538.71701756035	1034.0
134570.12959563633	1034.0
134600.65547733536	1033.0
134631.1813590344	1033.0
134661.70724073343	1035.0
134692.2331224325	1035.0
134722.7590041315	1033.0
134753.28488583057	1033.0
134783.8107675296	1033.0
134814.33664922861	1034.0
134844.86253092767	1038.0
134875.3884126267	1033.0
134906.35554422945	1028.0
134953.4500131333	1026.0
135010.16358691797	1027.0
135045.7234277902	1027.0
135081.2832686624	1026.0
135116.84310953462	1026.0
135152.40295040686	1028.0
135193.9608039983	1029.0
135218.20745777132	1028.0
135250.71707169825	1024.0
135283.22668562518	1024.0
135315.7362995521	1026.0
135348.24591347904	1025.0
135380.755527406	1024.0
135413.26514133293	1024.0
135445.77475525986	1024.0
135478.2843691868	1022.0
135510.79398311372	1026.0
135543.30359704065	1034.0
135575.81321096758	1046.0
135613.56617953724	1048.0
135651.31914810688	1052.0
135683.43009809477	1056.0
135715.54104808264	1052.0
135747.65199807053	1051.0
135779.76294805843	1050.0
135811.8738980463	1048.0
135843.9848480342	1040.0
135876.09579802208	1038.0
135908.20674800998	1037.0
135940.31769799785	1036.0
135972.29376731365	1036.0
136004.26983662945	1036.0
136036.24590594528	1036.0
136068.22197526108	1033.0
136100.1980445769	1032.0
136132.1741138927	1027.0
136164.1501832085	1026.0
136196.12625252432	1025.0
136228.10232184012	1025.0
136260.07839115593	1024.0
136267.4717094199	1028.0
136317.04783684446	1029.0
136366.62396426903	1025.0
136415.62158960238	1024.0
136465.3755077882	1025.0
136515.68124982354	1027.0
136552.7306517836	1024.0
136589.7800537437	1027.0
136626.8294557038	1026.0
136663.87885766386	1021.0
136714.55640217717	1024.0
136748.25503001132	1024.0
136781.95365784547	1025.0
136815.65228567962	1020.0
136849.35091351377	1021.0
136883.04954134795	1024.0
136916.7481691821	1027.0
136950.44679701625	1027.0
136984.1454248504	1026.0
137017.95299613202	1024.0
137051.76056741364	1022.0
137085.56813869526	1021.0
137119.37570997688	1021.0
137153.1832812585	1022.0
137186.99085254013	1024.0
137220.79842382175	1024.0
137254.60599510337	1025.0
137288.413566385	1024.0
137322.22113766664	1020.0
137356.02870894826	1021.0
137389.83628022988	1026.0
137428.15345159554	1025.0
137466.4706229612	1027.0
137504.78779432684	1028.0
137555.03657468973	1025.0
137604.95637892207	1024.0
137654.53419977697	1020.0
137703.83877052856	1021.0
137756.97061575655	1023.0
137810.2648743363	1021.0
137863.80215629743	1021.0
137917.5883837044	1025.0
137971.5364404137	1026.0
138025.67739401388	1023.0
138079.9523874811	1026.0
138134.2957335691	1026.0
138188.64498592512	1027.0
138223.59314036238	1026.0
138258.54129479968	1025.0
138293.48944923695	1023.0
138328.43760367422	1022.0
138374.9683855252	1020.0
138433.34962284376	1027.0
138491.87889279902	1023.0
138531.06218355193	1023.0
138570.24547430483	1021.0
138609.42876505773	1023.0
138651.44799551385	1028.0
138693.46722596997	1029.0
138735.4864564261	1026.0
138777.5056868822	1025.0
138819.52491733836	1025.0
138861.54414779448	1024.0
138903.5633782506	1022.0
138945.58260870673	1022.0
138987.60183916285	1026.0
139029.62106961897	1025.0
139085.51377099432	1024.0
139141.4064723697	1023.0
139196.95751326627	1026.0
139252.27823976486	1025.0
139310.72747679174	1020.0
139369.1204119262	1021.0
139427.50667039302	1022.0
139485.93510965654	1022.0
139541.6024853503	1023.0
139597.53893731468	1025.0
139635.18497080542	1023.0
139672.83100429617	1026.0
139710.4770377869	1024.0
139748.1230712777	1020.0
139785.76910476843	1018.0
139823.41513825918	1018.0
139881.43278745978	1023.0
139939.50496014525	1022.0
139997.6103337891	1024.0
140055.72356578792	1026.0
140113.8161280781	1026.0
140171.86529564648	1026.0
140229.86626726406	1025.0
140284.9002121897	1024.0
140339.95785589324	1023.0
140395.03328222316	1024.0
140450.09885553483	1021.0
140505.11771492622	1020.0
140560.05586070858	1016.0
140619.54505140893	1014.0
140678.90701310028	1020.0
140738.04590408324	1018.0
140796.81938813216	1018.0
140855.0749253926	1018.0
140901.58608784084	1021.0
140947.63276208894	1022.0
140993.19238398725	1019.0
141038.34301026035	1018.0
141090.40987480004	1021.0
141142.5818827475	1019.0
141195.01723568095	1017.0
141251.1699411535	1023.0
141307.93221240237	1021.0
141365.21782959532	1020.0
141416.07733789683	1020.0
141467.05468178604	1020.0
141517.90708513456	1023.0
141556.25350409304	1020.0
141594.59992305152	1020.0
141632.94634201	1020.0
141671.29276096844	1019.0
141720.39229117637	1019.0
141767.43957858937	1019.0
141805.78462951494	1019.0
141842.7585819793	1019.0
141878.62358227724	1018.0
141913.1320699665	1021.0
141947.7951420527	1020.0
141982.62950685775	1021.0
141985.45073256298	1021.0
142017.3614196601	1021.0
142049.27210675724	1021.0
142081.18279385436	1021.0
142113.0934809515	1021.0
142145.00416804862	1020.0
142176.91485514576	1019.0
142208.82554224288	1017.0
142246.75989156394	1014.0
142284.694240885	1015.0
142322.6285902061	1020.0
142360.56293952715	1025.0
142398.49728884822	1019.0
142436.43163816928	1016.0
142474.36598749034	1015.0
142512.30033681143	1012.0
142514.57533000314	1012.0
142565.12855303974	1015.0
142616.24252484686	1013.0
142664.86013280693	1013.0
142675.99661447172	1013.0
142713.73902320134	1017.0
142762.7807770273	1018.0
142811.9073661234	1017.0
142866.64940238674	1016.0
142921.38946534283	1019.0
142976.07092613354	1018.0
143030.63915518118	1014.0
143085.0658727614	1007.0
143141.0742540219	1008.0
143196.99237406004	1015.0
143252.7614775053	1019.0
143308.28515830482	1016.0
143363.46001259072	1019.0
143384.85846235463	1019.0
143423.60070926967	1022.0
143462.34295618467	1018.0
143501.0852030997	1017.0
143534.7718867969	1013.0
143590.0842717772	1011.0
143644.03789642508	1016.0
143685.02238632445	1019.0
143697.3441387589	1019.0
143739.7474867299	1020.0
143782.15083470088	1024.0
143824.55418267188	1026.0
143866.9575306429	1026.0
143911.68526870344	1023.0
143956.41300676396	1031.0
144000.30332464923	1043.0
144044.1936425345	1046.0
144088.08396041978	1035.0
144131.97427830505	1016.0
144175.8645961903	1017.0
144211.41807957934	1016.0
144248.15931115142	1015.0
144284.90054272354	1014.0
144321.64177429563	1013.0
144358.3830058677	1017.0
144401.16357074102	1007.0
144443.94413561432	1009.0
144486.72470048763	1013.0
144529.50526536093	1017.0
144567.15508911852	1013.0
144600.8577124541	1012.0
144634.5603357897	1010.0
144668.2629591253	1012.0
144701.9655824609	1014.0
144735.66820579648	1015.0
144769.37082913207	1015.0
144803.07345246768	1017.0
144836.67636430394	1019.0
144870.2792761402	1020.0
144903.88218797647	1020.0
144937.48509981274	1017.0
144971.08801164903	1013.0
145004.6909234853	1012.0
145038.29383532156	1014.0
145071.89674715782	1015.0
145105.4996589941	1012.0
145151.02713161503	1012.0
145196.55460423598	1014.0
145242.08207685692	1014.0
145287.60954947787	1014.0
145326.10735373237	1013.0
145364.60515798687	1013.0
145403.10296224136	1017.0
145441.60076649586	1021.0
145480.09857075036	1017.0
145511.9356192661	1012.0
145543.77266778183	1010.0
145575.60971629756	1009.0
145607.4467648133	1009.0
145639.28381332904	1009.0
145671.12086184477	1012.0
145702.95791036048	1013.0
145734.7949588762	1012.0
145769.303929637	1011.0
145803.8129003978	1012.0
145838.3218711586	1010.0
145872.83084191944	1008.0
145907.70424930094	1007.0
145942.57765668244	1007.0
145977.4510640639	1011.0
146012.3244714454	1012.0
146047.1978788269	1014.0
146082.0712862084	1010.0
146129.2033077206	1010.0
146176.3353292328	1008.0
146223.46735074496	1009.0
146270.59937225716	1010.0
146317.73139376935	1009.0
146364.86341528155	1010.0
146408.6287466359	1011.0
146452.39407799026	1010.0
146496.1594093446	1010.0
146545.43454081193	1013.0
146594.70967227925	1015.0
146643.98480374657	1013.0
146693.2599352139	1013.0
146742.53506668122	1013.0
146791.81019814854	1018.0
146836.27940050213	1014.0
146880.74860285572	1012.0
146915.56071155114	1013.0
146950.37282024656	1013.0
146985.18492894198	1012.0
147017.8706918633	1010.0
147050.55645478464	1011.0
147083.24221770596	1012.0
147115.92798062728	1012.0
147148.61374354863	1012.0
147181.29950646995	1011.0
147213.98526939127	1008.0
147246.6710323126	1006.0
147279.35679523394	1007.0
147312.04255815526	1007.0
147342.1262736369	1010.0
147372.20998911854	1013.0
147402.2937046002	1013.0
147432.37742008184	1011.0
147462.46113556347	1009.0
147492.54485104512	1009.0
147522.62856652678	1010.0
147552.71228200843	1012.0
147582.79599749006	1012.0
147612.8797129717	1011.0
147642.96342845337	1011.0
147675.88850654534	1011.0
147708.81358463728	1014.0
147741.73866272924	1013.0
147774.6637408212	1012.0
147807.58881891318	1011.0
147840.51389700512	1010.0
147873.4389750971	1010.0
147924.46493766538	1009.0
147975.49090023365	1009.0
148026.51686280195	1006.0
148077.54282537024	1008.0
148128.45713996296	1008.0
148173.93881971485	1009.0
148219.32322049327	1007.0
148264.56616297297	1008.0
148309.65362116785	1010.0
148358.27633842177	1009.0
148406.730760434	1011.0
148454.9635419499	1008.0
148502.88262753075	1010.0
148558.60727693426	1008.0
148591.90499837624	1008.0
148625.2027198182	1008.0
148658.50044126017	1009.0
148691.79816270215	1009.0
148725.0958841441	1012.0
148758.39360558608	1012.0
148791.69132702806	1011.0
148824.98904847004	1011.0
148856.94408192884	1011.0
148888.89911538764	1010.0
148920.85414884644	1008.0
148952.80918230524	1007.0
148984.76421576404	1007.0
149016.71924922284	1010.0
149060.711605384	1010.0
149104.70396154516	1011.0
149148.69631770634	1010.0
149192.68867386752	1009.0
149226.63642758547	1008.0
149260.58418130345	1010.0
149294.5319350214	1010.0
149328.47968873937	1010.0
149362.42744245732	1010.0
149396.37519617527	1008.0
149436.35091346127	1010.0
149476.3266307473	1013.0
149507.787272408	1014.0
149539.24791406872	1014.0
149570.70855572942	1012.0
149602.16919739012	1012.0
149633.62983905085	1012.0
149665.09048071154	1012.0
149696.55112237224	1014.0
149728.01176403297	1015.0
149759.47240569367	1016.0
149790.93304735437	1015.0
149833.31139976933	1013.0
149875.68975218426	1012.0
149918.06810459922	1014.0
149960.44645701416	1016.0
150002.82480942912	1012.0
150034.53564290534	1012.0
150066.24647638155	1012.0
150097.9573098578	1012.0
150129.668143334	1008.0
150161.37897681023	1008.0
150193.08981028644	1008.0
150224.8006437627	1010.0
150256.5114772389	1010.0
150288.22231071512	1011.0
150322.03704476112	1011.0
150355.85177880712	1013.0
150389.6665128531	1013.0
150423.4812468991	1013.0
150457.29598094508	1013.0
150491.11071499108	1013.0
150524.92544903705	1013.0
150558.74018308305	1013.0
150609.32345398783	1014.0
150653.2538608355	1012.0
150697.18426768322	1010.0
150741.1146745309	1012.0
150785.04508137857	1019.0
150828.97548822625	1016.0
150870.595233735	1008.0
150912.21497924373	1006.0
150953.83472475244	1003.0
150995.45447026117	1004.0
151037.0742157699	1003.0
151078.69396127865	1006.0
151120.31370678736	1006.0
151161.9334522961	1006.0
151203.55319780484	1008.0
151245.17294331358	1005.0
151277.94620631915	1004.0
151310.71946932471	1004.0
151343.49273233028	1004.0
151376.26599533585	1004.0
151409.03925834142	1005.0
151441.812521347	1005.0
151474.58578435256	1005.0
151507.35904735813	1006.0
151540.1323103637	1005.0
151572.90557336927	1009.0
151605.6788363748	1008.0
151638.45209938037	1006.0
151671.22536238594	1007.0
151703.9986253915	1009.0
151751.9206081686	1011.0
151799.84259094571	1010.0
151832.367899106	1003.0
151864.89320726626	1002.0
151897.41851542654	1003.0
151929.9438235868	1004.0
151962.4691317471	1002.0
151994.99443990734	1001.0
152027.51974806763	1003.0
152060.04505622791	1002.0
152092.57036438817	1002.0
152125.09567254846	1003.0
152157.6209807087	1006.0
152197.22055785893	1006.0
152236.82013500915	1007.0
152270.31371214506	1007.0
152303.80728928093	1007.0
152337.30086641683	1007.0
152370.79444355273	1006.0
152404.2880206886	1005.0
152437.7815978245	1003.0
152471.2751749604	1002.0
152504.76875209628	1003.0
152538.26232923218	1005.0
152571.75590636808	1004.0
152614.2856863925	1002.0
152656.81546641694	1004.0
152699.34524644137	1007.0
152741.87502646577	1005.0
152784.4048064902	1002.0
152826.93458651463	1003.0
152869.46436653906	1003.0
152911.9941465635	1003.0
152948.77635913718	1001.0
152985.55857171086	1001.0
153022.34078428458	1001.0
153059.12299685826	1003.0
153089.12980600845	1002.0
153119.13661515864	1002.0
153149.14342430886	1003.0
153179.15023345905	1001.0
153209.15704260924	994.0
153239.16385175943	991.0
153269.1706609096	1004.0
153299.17747005983	1012.0
153329.18427921002	1002.0
153359.53107093758	1002.0
153389.87786266513	1003.0
153420.22465439272	1002.0
153450.57144612027	1000.0
153480.91823784783	1000.0
153511.26502957538	1000.0
153541.61182130297	1002.0
153571.95861303053	1002.0
153602.30540475808	1000.0
153632.65219648564	993.0
153664.9012567627	989.0
153697.15031703975	988.0
153729.39937731682	994.0
153761.64843759386	1000.0
153793.89749787093	1010.0
153826.146558148	1010.0
153863.47875670393	1005.0
153900.81095525983	1004.0
153938.14315381576	1002.0
153975.47535237166	1002.0
154012.8075509276	1010.0
154046.67980194243	1013.0
154080.55205295727	1015.0
154114.4243039721	1010.0
154148.2965549869	1004.0
154182.16880600175	999.0
154216.04105701658	1000.0
154249.91330803142	1003.0
154283.78555904626	1002.0
154317.6578100611	999.0
154349.09284714097	998.0
154380.52788422088	1000.0
154411.96292130076	1003.0
154443.39795838066	1003.0
154476.687330566	999.0
154509.97670275133	996.0
154543.26607493666	996.0
154576.555447122	1000.0
154609.84481930733	1003.0
154643.13419149266	1007.0
154676.423563678	1008.0
154709.71293586332	1006.0
154746.17641153838	1007.0
154782.63988721347	1004.0
154819.10336288853	1002.0
154855.5668385636	1000.0
154898.29823733715	996.0
154941.0296361107	994.0
154983.76103488426	1001.0
155026.4924336578	1000.0
155069.22383243137	998.0
155111.95523120492	1006.0
155156.80842072077	1011.0
155202.1657670222	1006.0
155247.5231133236	1004.0
155292.88045962504	1002.0
155326.16808562778	1003.0
155359.45571163052	1002.0
155392.74333763326	1001.0
155426.030963636	1001.0
155459.31858963874	1002.0
155496.18334332306	1003.0
155533.04809700738	1000.0
155569.9128506917	997.0
155606.77760437602	998.0
155614.76935378084	998.0
155670.11114785503	1004.0
155714.948397116	1006.0
155759.29643779065	1005.0
155803.64447846528	1001.0
155818.00013966262	1001.0
155846.72863654778	1003.0
155847.50739839286	1003.0
155881.2410843492	1002.0
155914.97477030553	1001.0
155948.70845626184	1000.0
155982.44214221818	999.0
156016.1758281745	1001.0
156056.68924344218	1000.0
156097.20265870984	997.0
156137.7160739775	996.0
156175.11385516665	1000.0
156212.5116363558	998.0
156249.90941754496	997.0
156287.3071987341	997.0
156324.70497992326	998.0
156354.84846935936	1002.0
156384.9919587955	1002.0
156415.1354482316	1001.0
156445.27893766772	1000.0
156475.42242710383	1004.0
156505.56591653996	1005.0
156535.70940597606	1003.0
156565.85289541216	1002.0
156595.9963848483	999.0
156626.1398742844	999.0
156656.28336372052	999.0
156692.26537075828	999.0
156728.24737779604	1000.0
156764.2293848338	1005.0
156800.21139187156	1004.0
156836.19339890932	1003.0
156872.17540594708	1002.0
156912.60300380425	1003.0
156953.03060166145	1001.0
156993.45819951862	1002.0
157029.6984468097	1002.0
157065.93869410074	999.0
157102.17894139182	998.0
157138.4191886829	999.0
157174.65943597394	1000.0
157210.89968326502	999.0
157243.10557336733	1000.0
157275.3114634696	1001.0
157307.51735357192	1000.0
157339.72324367423	1000.0
157371.92913377652	1002.0
157404.13502387883	1003.0
157436.34091398114	1004.0
157468.54680408342	1003.0
157500.75269418574	1003.0
157532.95858428805	1004.0
157569.24868626913	1005.0
157605.53878825024	1003.0
157641.82889023132	1003.0
157678.1189922124	1004.0
157714.4090941935	1004.0
157750.6991961746	1004.0
157786.98929815568	1004.0
157818.30605870052	1004.0
157849.62281924533	1004.0
157880.93957979017	1004.0
157912.25634033498	1003.0
157943.57310087982	1002.0
157974.88986142463	1001.0
158006.20662196947	1001.0
158037.52338251428	1003.0
158068.84014305912	1001.0
158100.15690360393	999.0
158131.47366414877	1000.0
158162.79042469358	1003.0
158194.10718523842	1001.0
158225.42394578323	999.0
158256.74070632807	1000.0
158310.4582751456	1001.0
158364.1758439631	999.0
158399.27899795465	1002.0
158434.38215194616	1004.0
158469.4853059377	1002.0
158504.58845992922	1003.0
158539.69161392076	1002.0
158574.7947679123	1002.0
158617.90431513786	1001.0
158661.01386236344	999.0
158697.0037664464	997.0
158732.99367052937	1002.0
158768.98357461233	1003.0
158804.97347869526	1003.0
158840.96338277822	1003.0
158876.9532868612	1004.0
158908.3292876067	1004.0
158939.70528835224	1002.0
158971.08128909775	999.0
159002.45728984327	999.0
159033.8332905888	1005.0
159065.20929133432	1003.0
159096.58529207984	1003.0
159135.31884095687	1003.0
159174.0523898339	1001.0
159212.78593871093	999.0
159251.51948758794	1002.0
159290.25303646497	1002.0
159328.986585342	1007.0
159367.72013421904	1003.0
159406.45368309607	1001.0
159445.1872319731	1000.0
159455.0148840771	1000.0
159499.4992723235	1000.0
159548.53505495403	997.0
159597.57083758456	999.0
159648.19974263315	1000.0
159698.82864768172	1002.0
159749.4575527303	999.0
159760.96883835972	999.0
159798.1806860417	997.0
159835.39253372373	999.0
159872.60438140572	999.0
159909.8162290877	999.0
159947.02807676973	1001.0
159984.23992445171	1004.0
160021.45177213373	1004.0
160058.66361981572	1005.0
160095.8754674977	1005.0
160133.08731517973	1002.0
160170.29916286172	1000.0
160207.5110105437	1000.0
160259.6066079077	999.0
160311.7022052717	996.0
160363.7978026357	995.0
160413.8978084199	995.0
160454.19931960487	994.0
160494.50083078985	995.0
160534.80234197486	1002.0
160575.10385315985	1000.0
160615.40536434483	997.0
160655.7068755298	999.0
160692.97151362532	1001.0
160730.23615172083	1000.0
160767.50078981635	1002.0
160804.76542791183	1001.0
160842.03006600734	997.0
160877.42827128727	1000.0
160912.82647656722	1002.0
160948.22468184715	1002.0
160983.62288712707	1001.0
161019.02109240703	1001.0
161054.41929768695	1000.0
161097.624329223	1001.0
161137.02873781597	1001.0
161171.30989481378	998.0
161205.59105181159	996.0
161239.8722088094	998.0
161274.15336580723	1004.0
161308.43452280504	1003.0
161342.71567980284	1004.0
161376.99683680065	1004.0
161411.27799379846	1007.0
161457.02733211586	1007.0
161502.77667043323	1002.0
161548.52600875063	999.0
161594.27534706803	1001.0
161640.0246853854	998.0
161685.7740237028	994.0
161716.4371681299	994.0
161747.10031255696	996.0
161777.76345698404	997.0
161808.42660141113	999.0
161839.08974583822	998.0
161869.75289026528	1000.0
161900.41603469237	1000.0
161931.07917911946	1000.0
161961.74232354655	1000.0
161999.90765738089	997.0
162037.34260297593	994.0
162074.77754857097	994.0
162112.21249416601	996.0
162149.64743976106	995.0
162187.0823853561	994.0
162224.51733095114	996.0
162261.9522765462	998.0
162299.3872221412	995.0
162352.82493718748	997.0
162406.26265223377	992.0
162425.11296301257	992.0
162458.96025265104	999.0
162492.80754228952	1003.0
162526.654831928	1002.0
162560.50212156647	1000.0
162594.34941120498	996.0
162628.19670084346	997.0
162662.04399048194	995.0
162695.8912801204	995.0
162703.84841847813	1008.0
162751.9127757964	1010.0
162799.97713311468	1007.0
162848.04149043295	1003.0
162896.10584775123	998.0
162933.38191936718	998.0
162970.65799098313	1001.0
163007.93406259906	1007.0
163045.210134215	1008.0
163082.48620583097	1008.0
163119.76227744692	1008.0
163157.03834906287	1011.0
163171.4839633694	1012.0
163179.4823542058	1012.0
163210.251904161	1012.0
163241.02145411624	1006.0
163271.79100407145	1003.0
163302.56055402666	1000.0
163333.3301039819	999.0
163364.0996539371	1000.0
163394.86920389233	997.0
163425.63875384754	996.0
163456.40830380275	997.0
163487.17785375798	998.0
163521.99125420558	996.0
163556.80465465316	996.0
163591.61805510076	996.0
163626.43145554833	996.0
163661.24485599593	996.0
163696.0582564435	995.0
163730.8716568911	996.0
163770.08249737282	997.0
163809.2933378545	995.0
163848.5041783362	996.0
163887.71501881792	997.0
163926.9258592996	998.0
163966.13669978132	997.0
164005.347540263	995.0
164044.5583807447	999.0
164083.76922122642	1000.0
164122.9800617081	998.0
164162.19090218982	995.0
164201.40174267153	1000.0
164240.6125831532	997.0
164279.82342363492	996.0
164319.03426411664	998.0
164356.66181936287	999.0
164394.28937460913	1000.0
164431.91692985536	1001.0
164469.5444851016	1000.0
164502.9481502154	999.0
164536.3518153292	999.0
164569.755480443	1001.0
164603.15914555683	1003.0
164636.5628106706	995.0
164688.05638502885	993.0
164739.54995938708	994.0
164773.05972271448	996.0
164806.56948604184	999.0
164840.07924936924	1003.0
164873.58901269664	1009.0
164905.10971206505	1009.0
164936.63041143346	1008.0
164968.15111080185	1007.0
164999.67181017026	1007.0
165031.19250953867	1001.0
165062.71320890708	997.0
165125.89339446576	993.0
165159.91027576063	996.0
165193.92715705547	1001.0
165227.94403835034	998.0
165261.9609196452	994.0
165295.97780094008	991.0
165329.99468223492	995.0
165364.01156352978	997.0
165398.02844482465	994.0
165432.04532611952	994.0
165466.06220741436	993.0
165500.07908870923	991.0
165534.0959700041	993.0
165568.11285129897	997.0
165602.1297325938	999.0
165636.14661388868	1001.0
165670.16349518354	1001.0
165704.18037647838	1001.0
165738.19725777325	1001.0
165772.21413906812	998.0
165814.67226898178	996.0
165857.13039889545	993.0
165888.0067009982	995.0
165918.883003101	996.0
165949.75930520374	999.0
165980.6356073065	999.0
166011.51190940928	996.0
166042.38821151204	994.0
166073.2645136148	993.0
166104.14081571758	993.0
166135.01711782033	995.0
166165.8934199231	999.0
166178.27764543795	999.0
166235.55015485984	998.0
166272.5077181348	996.0
166309.46528140974	991.0
166346.4228446847	992.0
166383.38040795966	996.0
166420.3379712346	996.0
166457.29553450955	998.0
166476.16993440883	994.0
166529.05105075592	995.0
166562.37776505368	996.0
166595.70447935147	995.0
166629.03119364922	994.0
166662.35790794698	996.0
166695.68462224473	994.0
166729.01133654252	990.0
166762.33805084028	991.0
166795.66476513803	992.0
166828.9914794358	995.0
166831.2967035785	995.0
166869.1872273864	997.0
166907.07775119427	997.0
166944.96827500217	997.0
166982.85879881005	995.0
167024.98355567825	992.0
167067.10831254645	996.0
167109.23306941465	999.0
167151.35782628285	994.0
167188.90931849187	995.0
167226.46081070093	996.0
167264.01230290995	995.0
167300.78188364438	994.0
167337.5514643788	998.0
167374.32104511323	997.0
167403.89099729166	996.0
167429.19250259502	996.0
167470.01157496657	1001.0
167510.83064733812	1006.0
167551.64971970968	1004.0
167592.46879208123	996.0
167633.28786445278	993.0
167674.10693682433	992.0
167718.55666840103	996.0
167749.602021362	993.0
167780.64737432293	993.0
167811.6927272839	995.0
167842.73808024483	995.0
167873.7834332058	992.0
167904.82878616676	991.0
167935.8741391277	996.0
167973.43096461694	998.0
168010.98779010616	994.0
168048.5446155954	995.0
168086.10144108464	995.0
168116.60177828145	995.0
168147.10211547828	996.0
168177.60245267508	996.0
168210.1998224515	996.0
168242.79719222794	996.0
168275.39456200437	997.0
168314.0351290553	995.0
168352.67569610622	993.0
168391.31626315712	994.0
168433.98914679146	998.0
168476.66203042577	995.0
168519.3349140601	992.0
168562.00779769442	995.0
168604.68068132875	998.0
168637.31552097734	994.0
168669.95036062592	994.0
168702.5852002745	1001.0
168735.2200399231	999.0
168767.8548795717	996.0
168800.4897192203	996.0
168833.12455886888	996.0
168865.75939851746	995.0
168901.1126305963	995.0
168936.46586267516	990.0
168971.819094754	996.0
169007.17232683286	998.0
169042.5255589117	996.0
169077.87879099057	996.0
169118.27047695545	996.0
169158.66216292031	997.0
169199.0538488852	988.0
169230.3711391664	989.0
169261.6884294476	991.0
169292.9113181147	994.0
169324.13420678177	995.0
169355.35709544888	993.0
169386.579984116	991.0
169417.80287278307	993.0
169449.02576145018	993.0
169480.24865011725	994.0
169517.7220945168	995.0
169555.19553891633	997.0
169592.66898331587	999.0
169630.14242771541	997.0
169667.61587211493	997.0
169705.08931651447	998.0
169735.58062759123	997.0
169766.071938668	995.0
169796.56324974477	996.0
169827.05456082153	995.0
169857.5458718983	995.0
169888.03718297507	996.0
169918.52849405183	998.0
169949.0198051286	998.0
169979.51111620537	996.0
170010.00242728213	996.0
170047.84881572129	997.0
170085.69520416044	994.0
170123.5415925996	993.0
170161.38798103874	994.0
170199.80531858964	992.0
170258.38668606803	989.0
170276.427554523	986.0
170316.53505034588	992.0
170364.19821146264	1000.0
170411.6798681272	997.0
170459.00883683085	995.0
170506.2031271978	1000.0
170551.91508912973	1000.0
170597.60966043035	994.0
170643.30389266068	989.0
170689.01599864263	991.0
170739.23959591807	987.0
170789.62487248972	990.0
170840.07606357153	997.0
170877.11295933995	993.0
170914.14985510835	992.0
170951.18675087678	994.0
170988.22364664517	992.0
171035.46083903968	990.0
171082.17742617952	997.0
171086.3963769778	997.0
171119.31024053044	998.0
171152.22410408308	997.0
171185.13796763573	995.0
171218.05183118838	995.0
171229.62058378005	998.0
171240.62924353848	998.0
171276.12735062366	997.0
171311.6254577088	996.0
171347.123564794	993.0
171382.62167187917	993.0
171418.11977896435	994.0
171455.48397557225	997.0
171492.84817218015	995.0
171530.21236878802	994.0
171567.57656539592	995.0
171601.69322526536	994.0
171635.80988513477	994.0
171669.92654500421	992.0
171704.04320487365	992.0
171741.25462509535	992.0
171778.46604531704	992.0
171810.32121757817	992.0
171842.17638983933	993.0
171874.03156210046	992.0
171905.8867343616	994.0
171937.74190662272	999.0
171969.59707888387	1002.0
172004.79497520393	1001.0
172039.99287152395	995.0
172075.190767844	990.0
172110.38866416406	992.0
172145.58656048408	995.0
172180.78445680413	997.0
172223.70434425076	997.0
172266.62423169735	995.0
172299.53634320266	991.0
172332.44845470798	990.0
172365.3605662133	989.0
172398.2726777186	989.0
172431.18478922392	989.0
172464.09690072923	991.0
172468.66267476947	992.0
172490.20471274856	992.0
172543.35534598609	998.0
172592.15196829994	996.0
172641.14620742731	995.0
172690.0665259066	997.0
172738.72128684618	997.0
172787.05374379017	996.0
172831.23539575216	993.0
172875.35231126964	989.0
172919.44053469456	992.0
172963.553031768	994.0
173009.87493840067	1004.0
173056.49146845407	994.0
173091.24375988258	991.0
173125.9960513111	992.0
173175.23778025722	991.0
173224.47950920335	988.0
173273.7212381495	989.0
173322.96296709563	992.0
173372.20469604176	996.0
173415.88650656497	998.0
173459.56831708818	998.0
173503.25012761136	995.0
173536.75069234616	987.0
173570.25125708093	986.0
173603.75182181573	984.0
173637.25238655054	985.0
173670.7529512853	984.0
173704.2535160201	987.0
173737.7540807549	987.0
173771.25464548968	991.0
173804.75521022448	993.0
173838.25577495928	992.0
173871.75633969405	991.0
173918.23038339935	993.0
173958.0799079578	994.0
173997.92943251628	991.0
174037.77895707474	991.0
174068.18738125206	992.0
174098.59580542942	994.0
174136.37861114723	1000.0
174171.84265938916	1000.0
174207.30670763113	996.0
174242.77075587306	996.0
174278.234804115	994.0
174313.69885235696	993.0
174349.1629005989	990.0
174384.62694884083	987.0
174425.46851921722	993.0
174466.31008959364	995.0
174507.15165997003	996.0
174547.99323034644	995.0
174587.590968692	992.0
174627.18870703757	991.0
174666.78644538313	991.0
174700.85169838884	991.0
174734.91695139452	990.0
174768.98220440024	987.0
174803.04745740592	980.0
174837.11271041163	986.0
174871.1779634173	998.0
174897.00738049424	997.0
174928.88357620756	994.0
174960.75977192092	995.0
174992.63596763424	995.0
175024.51216334756	995.0
175056.38835906092	993.0
175088.26455477424	987.0
175120.14075048757	988.0
175152.01694620092	993.0
175183.89314191425	994.0
175215.7693376276	992.0
175247.64553334092	991.0
175279.52172905425	988.0
175313.5876806989	986.0
175347.65363234354	989.0
175381.7195839882	995.0
175415.78553563284	995.0
175449.85148727748	996.0
175486.97532313623	992.0
175545.39328973353	988.0
175603.46427782587	979.0
175648.764748757	982.0
175693.60182263612	988.0
175737.9264513839	991.0
175761.3718141149	990.0
175789.30426480802	992.0
175826.89121949876	991.0
175876.01340602819	985.0
175925.13559255764	994.0
175979.76049631817	988.0
176016.92961906095	987.0
176054.09874180373	987.0
176091.2678645465	989.0
176124.30381705888	991.0
176157.33976957126	991.0
176190.37572208364	992.0
176223.41167459602	992.0
176256.4476271084	991.0
176289.48357962078	992.0
176338.43214727248	991.0
176387.3807149242	972.0
176436.3292825759	976.0
176473.6907199076	984.0
176509.80414187128	983.0
176545.91756383493	995.0
176591.39566225605	996.0
176636.87376067718	993.0
176682.3518590983	992.0
176739.5539497947	993.0
176775.00718474295	993.0
176810.46041969123	994.0
176845.91365463947	994.0
176881.36688958775	995.0
176893.97119520235	995.0
176947.53756400855	994.0
176989.5774440309	991.0
176998.70651990938	993.0
177033.04222111512	994.0
177067.37792232085	995.0
177101.7136235266	995.0
177136.04932473233	992.0
177172.74157773302	993.0
177209.43383073373	992.0
177246.12608373442	993.0
177282.8183367351	995.0
177302.703769189	995.0
177315.083909166	995.0
177348.03297659123	991.0
177380.98204401645	990.0
177413.9311114417	994.0
177446.8801788669	993.0
177479.82924629215	993.0
177512.77831371737	992.0
177545.7273811426	993.0
177578.67644856783	992.0
177611.62551599307	992.0
177644.5745834183	992.0
177677.52365084353	993.0
177710.47271826875	992.0
177743.421785694	993.0
177776.3708531192	994.0
177812.8501997844	994.0
177849.3295464496	994.0
177885.8088931148	994.0
177922.28823978	993.0
177958.7675864452	993.0
177995.24693311038	994.0
178031.72627977558	993.0
178068.2056264408	990.0
178104.68497310596	990.0
178140.88685773313	991.0
178177.0887423603	992.0
178213.29062698747	981.0
178249.49251161463	970.0
178283.94799009268	960.0
178318.40346857073	967.0
178352.85894704878	991.0
178387.31442552683	988.0
178421.76990400488	991.0
178475.8190182143	990.0
178529.86813242376	983.0
178563.81917978305	980.0
178597.77022714235	980.0
178631.72127450161	985.0
178665.6723218609	991.0
178699.6233692202	993.0
178733.5744165795	993.0
178767.52546393877	991.0
178804.8403320929	992.0
178842.15520024698	988.0
178879.4700684011	991.0
178916.7849365552	993.0
178954.09980470932	993.0
178991.4146728634	992.0
179036.54133206463	991.0
179081.66799126586	993.0
179126.79465046708	994.0
179161.83888620802	992.0
179196.88312194895	990.0
179231.92735768988	990.0
179266.97159343082	990.0
179302.01582917175	988.0
179344.3155522743	988.0
179386.6152753768	992.0
179429.56216045414	992.0
179472.50904553148	991.0
179515.45593060882	991.0
179558.40281568613	992.0
179601.34970076347	987.0
179644.2965858408	984.0
179688.40141011716	989.0
179732.5062343935	994.0
179776.61105866986	991.0
179810.75209050934	987.0
179844.89312234882	986.0
179879.0341541883	987.0
179913.17518602777	990.0
179947.31621786722	989.0
179984.90282857954	992.0
180022.48943929182	992.0
180060.07605000414	984.0
180090.3982578829	982.0
180120.72046576164	986.0
180151.04267364042	990.0
180181.36488151917	989.0
180218.0181452924	988.0
180254.6714090656	987.0
180291.32467283882	993.0
180343.54893377167	994.0
180395.77319470455	991.0
180433.23133736823	982.0
180470.68948003193	983.0
180508.1476226956	988.0
180529.39479680758	989.0
180562.37676173443	985.0
180595.35872666127	987.0
180628.3406915881	994.0
180661.32265651494	994.0
180694.30462144178	994.0
180727.28658636863	995.0
180760.26855129545	994.0
180804.21083001612	992.0
180848.1531087368	990.0
180883.42498849417	990.0
180918.6968682515	988.0
180953.9687480089	990.0
180989.24062776624	990.0
181027.66244869336	988.0
181066.08426962045	991.0
181104.50609054757	995.0
181137.40541921495	993.0
181170.3047478823	994.0
181203.20407654968	995.0
181216.07700715165	995.0
181257.2605729142	990.0
181296.12470810354	989.0
181334.98884329284	987.0
181373.85297848217	981.0
181412.71711367148	981.0
181448.08998814767	975.0
181505.17111038647	978.0
181562.69682633574	981.0
181601.27514666217	979.0
181639.53546658612	978.0
181677.7957865101	985.0
181716.05610643406	990.0
181754.316426358	988.0
181789.29857360013	989.0
181824.28072084225	991.0
181859.2628680844	990.0
181894.2450153265	989.0
181930.58774636296	987.0
181966.9304773994	991.0
182003.27320843583	996.0
182061.73882605735	996.0
182097.2956805966	993.0
182132.8525351359	988.0
182168.40938967516	987.0
182203.96624421442	991.0
182239.52309875368	992.0
182275.07995329297	990.0
182319.43663452592	990.0
182363.79331575887	991.0
182408.14999699182	989.0
182457.3395546643	988.0
182506.5291123368	986.0
182541.59721247965	985.0
182576.66531262247	986.0
182611.73341276532	984.0
182646.80151290816	985.0
182681.86961305098	988.0
182716.93771319382	987.0
182752.00581333667	987.0
182767.0239831321	987.0
182821.08000187215	989.0
182868.5374736284	991.0
182916.12445330565	989.0
182963.86121781394	985.0
183010.445551511	983.0
183056.96802463903	979.0
183104.77860071344	977.0
183152.58917678788	972.0
183200.3997528623	972.0
183250.1314456387	980.0
183297.69085252163	987.0
183337.03359855892	991.0
183375.54102489512	988.0
183413.65466427844	980.0
183451.87960579238	982.0
183491.11893273928	984.0
183537.91549911033	985.0
183562.74974016662	984.0
183595.24403881197	985.0
183627.73833745733	984.0
183660.23263610268	987.0
183692.72693474803	993.0
183725.22123339341	990.0
183757.71553203877	976.0
183790.20983068412	979.0
183822.70412932948	983.0
183855.19842797483	986.0
183891.67192135865	986.0
183928.14541474247	987.0
183964.61890812631	986.0
184001.09240151013	987.0
184037.56589489395	985.0
184074.03938827777	987.0
184114.45484733424	987.0
184154.87030639075	991.0
184195.28576544722	991.0
184235.70122450372	994.0
184276.1166835602	993.0
184316.5321426167	992.0
184356.94760167316	988.0
184410.86712527886	989.0
184441.90900034973	988.0
184472.95087542062	986.0
184503.99275049148	985.0
184535.03462556237	985.0
184566.07650063324	986.0
184597.11837570413	987.0
184628.160250775	987.0
184659.20212584588	989.0
184690.24400091675	994.0
184721.28587598764	991.0
184752.3277510585	990.0
184783.36962612937	992.0
184814.41150120026	993.0
184845.45337627112	991.0
184876.495251342	991.0
184907.53712641288	993.0
184938.57900148377	995.0
184969.62087655463	995.0
185000.66275162552	994.0
185031.7046266964	993.0
185062.74650176725	993.0
185093.78837683814	993.0
185124.830251909	992.0
185155.8721269799	991.0
185186.91400205076	989.0
185217.95587712165	986.0
185248.99775219252	985.0
185271.32943466032	987.0
185303.32363592874	987.0
185335.31783719713	988.0
185367.31203846555	989.0
185399.30623973397	989.0
185431.3004410024	989.0
185463.29464227078	988.0
185495.2888435392	987.0
185527.2830448076	986.0
185559.277246076	986.0
185591.27144734442	987.0
185623.26564861284	987.0
185655.25984988123	987.0
185687.25405114965	987.0
185719.24825241807	987.0
185751.2424536865	987.0
185783.23665495488	987.0
185815.2308562233	987.0
185847.2250574917	987.0
185879.2192587601	987.0
185911.21346002852	988.0
185916.98296444645	988.0
185928.24433097578	988.0
185947.54899300222	989.0
186000.17597039527	988.0
186043.88817730264	984.0
186085.3759730981	984.0
186126.86376889353	989.0
186168.351564689	988.0
186215.77820114637	988.0
186253.70257132297	989.0
186301.3327236375	988.0
186348.15038862152	989.0
186388.55682906666	989.0
186428.0779476003	987.0
186483.2764306044	987.0
186508.0591491694	985.0
186540.12084849697	982.0
186564.62227361373	983.0
186610.04490176655	984.0
186655.61915323004	984.0
186687.83658702677	983.0
186720.0540208235	983.0
186761.81503873237	982.0
186791.0800088821	982.0
186844.29860135278	984.0
186880.95141028607	984.0
186917.60421921936	983.0
186954.2570281526	985.0
186994.23206932642	985.0
187035.3831466999	984.0
187057.38601736937	984.0
187097.6623262422	983.0
187137.93863511502	982.0
187178.21494398784	983.0
187219.77916412597	983.0
187261.3433842641	986.0
187303.8211897461	986.0
187346.29899522805	984.0
187379.61180375385	983.0
187412.92461227963	982.0
187446.23742080544	984.0
187479.55022933122	985.0
187529.47952563904	985.0
187563.04301979113	986.0
187595.9991671008	987.0
187628.9553144104	987.0
187661.91146172007	986.0
187694.8676090297	985.0
187734.03019389906	984.0
187773.19277876843	982.0
187809.5536023629	981.0
187845.9144259574	983.0
187882.27524955187	984.0
187918.63607314634	983.0
187954.99689674083	984.0
187991.3577203353	982.0
188047.21283383333	979.0
188096.48353727302	982.0
188145.75424071267	982.0
188213.7428767776	987.0
188259.6622212173	985.0
188305.58156565702	982.0
188350.72562599165	982.0
188390.88388375271	980.0
188431.04214151375	981.0
188491.25682475642	983.0
188520.89727485323	981.0
188570.4116652655	981.0
188638.05769073614	981.0
188674.86236179667	983.0
188711.66703285716	981.0
188748.4717039177	982.0
188785.27637497822	983.0
188835.0917180365	984.0
188864.34666215506	984.0
188893.70202241614	984.0
188913.6415477259	984.0
188965.37827123713	983.0
189011.79170395338	979.0
189058.2051366696	981.0
189102.1529635084	985.0
189142.90252024503	981.0
189165.09491851222	982.0
189185.671050705	985.0
189204.43169986314	985.0
189229.06245479733	987.0
189254.53629600728	987.0
189305.96366662602	985.0
189344.24833553753	984.0
189388.93489604638	981.0
189440.5922547341	982.0
189480.8846789155	981.0
189508.3977878227	980.0
189544.46470315373	979.0
189571.57070092266	980.0
189599.8720803209	983.0
189641.8839711468	984.0
189662.3596006078	984.0
189701.31057532082	981.0
189729.3157948291	980.0
189756.58308537438	977.0
189780.5842934943	977.0
189808.0110643331	980.0
189839.09937978335	982.0
189858.42764354547	982.0
189890.36864331382	984.0
189913.98822302293	988.0
189954.46360080747	984.0
189994.93897859202	982.0
190035.41435637657	983.0
190081.77132921352	987.0
190119.855888081	988.0
190145.7412817153	985.0
190174.42843114634	984.0
190196.57592270535	984.0
190211.60069946767	984.0
190228.50747142572	983.0
190243.52546557304	983.0
190268.6408377997	982.0
190304.4907160845	982.0
190334.87747038645	983.0
190365.2642246884	984.0
190395.65097899036	983.0
190426.0377332923	981.0
190473.6281169975	980.0
190510.35175562027	981.0
190546.0403933993	980.0
190581.72903117837	980.0
190615.16633245614	981.0
190648.6036337339	981.0
190682.0409350117	981.0
190715.47823628946	982.0
190748.91553756723	983.0
190782.352838845	985.0
190815.3683414809	985.0
190848.3838441168	985.0
190881.3993467527	985.0
190914.41484938862	986.0
190947.43035202453	986.0
191004.49565152795	982.0
191044.22878959068	979.0
191083.9619276534	982.0
191118.03941722692	985.0
191152.11690680042	986.0
191182.95382104904	984.0
191213.79073529763	984.0
191248.11349953682	985.0
191282.436263776	984.0
191316.75902801522	983.0
191351.0817922544	981.0
191385.4045564936	980.0
191419.72732073278	982.0
191480.8325052497	985.0
191516.01154130243	985.0
191554.93792302415	982.0
191589.23043955263	979.0
191629.01803181184	980.0
191668.805624071	981.0
191708.59321633022	981.0
191738.96371625928	981.0
191796.50873797922	984.0
191846.0579864622	985.0
191885.33651617388	982.0
191907.71997713478	979.0
191923.22320590352	979.0
191930.25072733228	979.0
191975.15373030677	979.0
192020.05673328124	978.0
192043.37993259242	980.0
192072.147712246	982.0
192105.76910004913	984.0
192141.36848584173	981.0
192178.92190911007	981.0
192220.02568111927	980.0
192262.93331163097	979.0
192296.648096406	982.0
192330.36288118103	985.0
192364.07766595605	985.0
192397.7924507311	985.0
192432.44511122492	987.0
192467.956833201	985.0
192503.46855517704	983.0
192538.9802771531	984.0
192574.49199912918	986.0
192610.00372110523	987.0
192645.5154430813	986.0
192681.02716505737	983.0
192716.5388870334	983.0
192739.67218113216	985.0
192771.8298009115	986.0
192803.98742069086	981.0
192836.1450404702	980.0
192866.2902266965	983.0
192896.4354129228	986.0
192926.58059914908	986.0
192956.72578537537	986.0
192986.87097160163	984.0
193017.01615782792	983.0
193047.1613440542	981.0
193077.3065302805	979.0
193107.4517165068	979.0
193137.5969027331	981.0
193167.74208895938	982.0
193199.732123597	983.0
193231.72215823462	990.0
193263.71219287225	992.0
193295.70222750987	993.0
193352.26884829055	986.0
193409.10790897103	982.0
193423.06128598412	981.0
193466.0886508385	982.0
193523.12643244688	983.0
193581.25524352686	985.0
193639.40389965632	981.0
193697.5700607496	982.0
193748.39498978882	983.0
193778.93836855367	985.0
193809.48174731852	984.0
193840.02512608338	982.0
193870.56850484823	977.0
193901.11188361308	980.0
193951.93195209053	981.0
194010.65441431265	983.0
194069.19678799456	985.0
194127.52013814132	987.0
194177.69761094893	985.0
194227.74398546672	981.0
194277.66982668266	984.0
194327.5176684511	985.0
194381.428830325	982.0
194435.47253037576	979.0
194489.6104020568	984.0
194543.71420532357	985.0
194597.60635139112	986.0
194643.38287701595	978.0
194689.15940264077	975.0
194722.42461224945	982.0
194755.68982185816	983.0
194788.95503146684	979.0
194822.22024107553	978.0
194855.48545068424	980.0
194888.75066029292	981.0
194922.0158699016	983.0
194955.2810795103	984.0
194988.546289119	986.0
195021.81149872768	988.0
195055.0767083364	990.0
195088.34191794507	991.0
195113.82156007746	991.0
195158.9868723597	988.0
195193.10491144846	982.0
195227.22295053722	983.0
195261.34098962598	984.0
195295.45902871474	983.0
195345.51662127848	984.0
195395.6375612974	980.0
195445.7696566119	981.0
195495.86153720107	983.0
195527.8339584174	980.0
195559.80637963378	978.0
195591.77880085012	975.0
195623.75122206646	978.0
195655.72364328284	983.0
195705.58548187514	987.0
195755.41144155705	986.0
195805.17715813857	983.0
195813.92592225294	983.0
195845.9386251607	982.0
195877.95132806845	982.0
195909.9640309762	981.0
195941.97673388396	981.0
195973.98943679171	981.0
196006.00213969947	980.0
196038.01484260723	981.0
196070.02754551498	981.0
196102.0402484227	980.0
196126.17637960153	979.0
196166.45357231432	982.0
196206.7307650271	983.0
196247.0079577399	988.0
196277.54847426128	988.0
196308.08899078262	983.0
196338.629507304	979.0
196369.17002382537	979.0
196399.7105403467	979.0
196430.2510568681	979.0
196460.79157338946	977.0
196496.76176799228	977.0
196532.73196259508	982.0
196568.7021571979	984.0
196604.6723518007	983.0
196640.6425464035	980.0
196676.61274100633	981.0
196713.44455655687	982.0
196750.27637210744	984.0
196787.10818765798	982.0
196823.94000320855	980.0
196830.29460444633	979.0
196871.27114432052	977.0
196912.52253982253	981.0
196940.52158162105	983.0
196967.01239949293	983.0
197022.14063299968	988.0
197077.8912600388	992.0
197134.16701227162	987.0
197190.84290897305	985.0
197247.8011699664	985.0
197304.9344554968	988.0
197362.15881567364	1005.0
197419.4085808365	996.0
197476.6462988008	989.0
197527.5685813048	985.0
197578.46435502876	985.0
197612.3065438469	985.0
197646.14873266508	984.0
197679.99092148323	983.0
197714.5532556159	983.0
197749.11558974854	985.0
197783.67792388122	985.0
197835.02093489276	981.0
197885.94498445778	980.0
197936.48592269936	985.0
197980.01944982633	983.0
198023.52776377182	979.0
198067.0702558382	974.0
198110.69615941265	978.0
198164.9175263357	980.0
198219.48161606543	978.0
198257.92787685903	978.0
198296.37413765263	978.0
198334.82039844623	980.0
198373.26665923983	980.0
198422.62042934023	981.0
198471.8444749793	982.0
198522.71406620796	983.0
198573.7796987249	983.0
198610.84638827998	984.0
198647.91307783505	983.0
198684.97976739015	992.0
198722.04645694522	990.0
198757.23696998737	987.0
198792.42748302955	984.0
198827.6179960717	981.0
198862.80850911385	984.0
198897.99902215603	990.0
198934.74907821845	985.0
198971.4991342809	980.0
199008.2491903433	980.0
199044.99924640576	982.0
199077.3393746367	982.0
199109.67950286763	983.0
199142.01963109858	985.0
199174.3597593295	986.0
199186.65080650663	986.0
199227.67156204762	988.0
199268.69231758863	983.0
199309.71307312962	980.0
199350.7338286706	982.0
199391.75458421162	985.0
199432.7753397526	983.0
199470.17415696048	983.0
199507.57297416835	983.0
199544.9717913762	988.0
199582.37060858408	987.0
199619.76942579198	987.0
199657.16824299985	989.0
199694.56706020772	991.0
199734.25795187854	985.0
199773.94884354935	978.0
199813.63973522017	978.0
199853.330626891	980.0
199893.0215185618	977.0
199932.71241023263	976.0
199966.45612604707	980.0
200003.8126834705	985.0
200041.16924089394	982.0
200078.52579831737	980.0
200115.88235574082	980.0
200165.84026914375	980.0
200215.66128765786	980.0
200262.51819648565	984.0
200309.19269789726	987.0
200355.66361112695	986.0
200401.96025542857	981.0
200447.7554407086	983.0
200493.60845102448	985.0
200539.56239624124	981.0
200585.63500620014	981.0
200639.31106360507	978.0
200672.70854547207	979.0
200706.1060273391	979.0
200739.5035092061	980.0
200772.90099107308	979.0
200806.2984729401	980.0
200839.6959548071	980.0
200885.74837065965	979.0
200931.71862259012	983.0
200981.92108978628	982.0
201032.25450615466	983.0
201064.95435732705	981.0
201097.6542084994	980.0
201130.3540596718	982.0
201163.0539108442	981.0
201195.7537620166	979.0
201228.45361318896	977.0
201275.91816572315	976.0
201326.53364607602	981.0
201377.03588835214	977.0
201427.4542226545	973.0
201473.7404158183	975.0
201520.12598064978	978.0
201566.64748386375	980.0
201613.31042070812	982.0
201668.23614954675	981.0
201723.35241803972	982.0
201756.4478709738	983.0
201789.54332390786	981.0
201822.63877684192	982.0
201855.734229776	981.0
201888.82968271006	983.0
201942.80436971167	985.0
201996.3867945453	986.0
202049.44487375667	983.0
202101.8785770186	979.0
202147.7563056273	980.0
202193.10123439855	980.0
202237.91413934735	981.0
202282.2745746683	982.0
202324.59115431158	982.0
202366.86988208338	983.0
202409.1343642473	983.0
202453.00859566435	977.0
202496.88282708143	976.0
202544.9453056089	976.0
202593.5958714176	974.0
202642.67492791367	974.0
202700.06156220747	976.0
202757.95096073186	979.0
202816.13406013782	979.0
202874.70193281188	979.0
202905.3755914937	979.0
202936.04925017557	979.0
202966.7229088574	981.0
202997.39656753925	981.0
203028.07022622108	983.0
203075.10259372552	983.0
203078.35866893939	983.0
203115.06867542636	980.0
203151.77868191336	982.0
203188.48868840034	983.0
203225.19869488734	982.0
203261.9087013743	979.0
203298.61870786131	978.0
203339.46725140236	978.0
203380.3157949434	979.0
203421.16433848444	979.0
203462.01288202548	980.0
203502.86142556652	979.0
203538.7429004813	981.0
203574.62437539612	980.0
203589.78000600368	978.0
203633.49882801325	978.0
203677.21765002282	980.0
203720.9364720324	984.0
203755.13020554985	983.0
203789.3239390673	982.0
203823.51767258477	981.0
203857.71140610223	980.0
203891.9051396197	978.0
203926.09887313715	977.0
203960.29260665458	978.0
203999.28754874275	979.0
204038.28249083093	980.0
204077.2774329191	982.0
204108.01289211246	975.0
204138.74835130584	974.0
204169.4838104992	975.0
204200.21926969255	975.0
204234.5680100241	975.0
204268.91675035562	974.0
204303.26549068716	974.0
204337.6142310187	976.0
204396.77125229084	983.0
204455.8393985396	983.0
204508.72076385716	981.0
204561.39041921304	982.0
204613.81415202373	981.0
204666.00627418666	980.0
204719.59024374804	979.0
204755.37628400396	978.0
204791.1623242599	980.0
204826.94836451582	978.0
204872.0515790253	978.0
204917.1814254978	977.0
204962.30390889302	978.0
205007.42346699323	978.0
205059.50728281058	976.0
205111.798350724	978.0
205164.33433410345	975.0
205217.10077592178	975.0
205250.86718497984	974.0
205284.63359403788	976.0
205318.40000309594	979.0
205350.14671870068	983.0
205381.89343430538	984.0
205413.64014991012	983.0
205445.38686551485	981.0
205477.13358111956	979.0
205508.8802967243	978.0
205540.627012329	976.0
205572.37372793374	973.0
205607.52316108314	973.0
205642.67259423257	976.0
205677.82202738198	978.0
205712.97146053138	980.0
205748.1208936808	980.0
205783.2703268302	979.0
205817.71871325388	978.0
205852.16709967755	978.0
205886.61548610125	973.0
205921.06387252492	973.0
205955.51225894858	974.0
206013.85653849185	976.0
206071.64097183198	974.0
206126.29116738806	973.0
206180.4865618161	977.0
206234.3566591916	981.0
206279.66483110265	979.0
206325.1763482418	976.0
206370.93356011575	975.0
206428.2082128004	973.0
206460.41113851476	975.0
206497.34700439457	977.0
206534.2828702744	979.0
206571.2187361542	976.0
206608.154602034	978.0
206645.0904679138	978.0
206682.02633379362	978.0
206718.96219967343	978.0
206755.89806555325	981.0
206792.83393143307	979.0
206825.00103113902	980.0
206832.67164094918	980.0
206878.95788669997	981.0
206925.24413245075	979.0
206971.53037820157	977.0
207017.81662395236	976.0
207064.10286970314	975.0
207110.38911545393	978.0
207156.67536120472	976.0
207188.494308226	974.0
207220.3132552473	974.0
207252.1322022686	978.0
207283.9511492899	980.0
207315.7700963112	981.0
207347.5890433325	982.0
207379.4079903538	981.0
207411.2269373751	978.0
207443.0785758931	976.0
207474.9302144111	975.0
207506.7818529291	976.0
207538.6334914471	977.0
207579.66842323242	978.0
207620.70335501773	980.0
207661.73828680307	981.0
207702.77321858838	979.0
207717.04203983993	978.0
207757.9016028556	978.0
207799.3660012595	978.0
207836.6235837842	971.0
207873.1021004351	973.0
207909.56697545893	975.0
207941.96060204259	975.0
207975.45291841959	981.0
208010.14340396703	981.0
208046.02353223672	982.0
208083.122035638	975.0
208121.60297582427	973.0
208161.36864367416	974.0
208177.7154922866	976.0
208202.2688803631	979.0
208246.3472505691	982.0
208291.48660724153	978.0
208337.5159880792	981.0
208385.06198672467	982.0
208421.374051941	982.0
208457.6861171573	981.0
208493.99818237365	981.0
208530.31024758995	983.0
208590.24101453545	976.0
208650.12834328006	974.0
208709.85504938324	971.0
208750.35111966784	973.0
208790.7597823721	975.0
208831.0722745676	976.0
208862.7648054727	978.0
208894.4573363778	979.0
208926.14986728286	976.0
208957.84239818796	975.0
208989.53492909306	976.0
209042.6939834137	976.0
209075.3329204453	976.0
209107.97185747695	976.0
209140.61079450857	977.0
209173.2497315402	981.0
209205.88866857183	984.0
209238.52760560348	986.0
209272.43803083152	990.0
209306.34845605955	986.0
209340.2588812876	984.0
209374.24809703915	981.0
209408.23731279068	978.0
209442.22652854223	981.0
209502.05847263787	976.0
209537.97461586405	975.0
209573.89075909022	977.0
209609.80690231637	977.0
209645.72304554255	975.0
209681.63918876872	975.0
209719.57638335155	981.0
209757.51357793438	979.0
209787.92468925903	977.0
209818.33580058365	978.0
209848.7469119083	981.0
209879.15802323294	983.0
209909.5691345576	984.0
209939.9802458822	981.0
209970.39135720686	977.0
210000.8024685315	976.0
210031.21357985612	977.0
210061.62469118077	978.0
210092.03580250542	981.0
210122.44691383006	980.0
210152.85802515468	979.0
210183.26913647933	980.0
210213.68024780398	981.0
210244.0913591286	978.0
210274.50247045324	976.0
210304.9135817779	977.0
210335.3246931025	980.0
210365.53412524672	982.0
210395.74355739096	984.0
210425.95298953517	982.0
210456.1624216794	978.0
210486.37185382363	978.0
210516.58128596784	979.0
210546.79071811205	979.0
210577.00015025627	979.0
210607.2095824005	980.0
210637.41901454472	980.0
210667.62844668893	980.0
210697.83787883318	980.0
210728.0473109774	980.0
210758.2567431216	978.0
210788.46617526584	978.0
210818.67560741006	977.0
210848.88503955427	978.0
210879.0944716985	979.0
210909.30390384272	981.0
210939.51333598694	982.0
210969.72276813118	983.0
210999.9322002754	984.0
211030.1416324196	982.0
211060.9079413644	979.0
211091.67425030918	977.0
211122.44055925394	973.0
211153.20686819873	972.0
211183.97317714352	971.0
211214.7394860883	975.0
211245.50579503307	980.0
211276.27210397786	984.0
211307.03841292264	980.0
211337.80472186743	978.0
211368.5710308122	979.0
211399.33733975698	982.0
211430.10364870177	983.0
211460.86995764656	984.0
211491.63626659132	982.0
211522.4025755361	981.0
211553.1688844809	980.0
211583.93519342568	980.0
211614.70150237047	979.0
211645.46781131523	978.0
211676.23412026002	978.0
211707.0004292048	980.0
211737.7667381496	980.0
211768.53304709436	982.0
211799.29935603915	980.0
211830.06566498394	980.0
211860.83197392873	981.0
211891.59828287349	981.0
211922.36459181827	982.0
211953.13090076306	982.0
211983.89720970785	982.0
212014.6635186526	981.0
212045.4298275974	981.0
212065.36092933678	983.0
212121.65872358103	985.0
212177.86197699065	984.0
212211.9714318172	981.0
212246.08088664373	978.0
212280.19034147027	978.0
212314.2997962968	975.0
212348.40925112335	976.0
212404.87271648017	979.0
212444.71825902312	984.0
212484.52294985455	981.0
212524.29063706566	979.0
212570.76726615377	982.0
212607.95418725707	980.0
212645.14110836035	980.0
212682.32802946365	980.0
212719.51495056695	979.0
212775.1301745915	981.0
212830.54978491945	981.0
212886.82284721817	980.0
212943.42637309287	978.0
212953.73527172883	978.0
213000.42674039296	977.0
213057.7826841462	977.0
213115.39743952543	975.0
213149.60331212243	974.0
213183.80918471946	977.0
213218.01505731646	979.0
213252.22092991348	978.0
213286.42680251048	977.0
213343.27007685974	974.0
213345.70421125265	974.0
213379.33709040133	977.0
213412.96996955	976.0
213446.60284869868	974.0
213480.23572784735	979.0
213513.86860699602	980.0
213570.42446713397	978.0
213625.720001288	974.0
213681.2569258442	977.0
213718.48053927338	977.0
213755.70415270253	976.0
213792.9277661317	977.0
213849.50913757418	975.0
213906.03500558904	982.0
213962.39205607498	983.0
214018.50463576644	978.0
214066.42092489597	978.0
214114.16598596668	978.0
214161.72816447358	978.0
214209.10365982182	972.0
214256.34004718592	972.0
214304.95026561563	976.0
214353.70620104636	981.0
214402.67037906102	981.0
214451.87357755296	978.0
214505.91387854362	975.0
214560.34052402285	977.0
214615.10701138273	972.0
214675.25738648648	973.0
214715.43311363176	984.0
214755.60884077704	986.0
214795.78456792232	983.0
214855.69963782871	974.0
214896.04084738152	972.0
214936.0841002265	978.0
214975.7748923107	984.0
215032.8942796074	983.0
215089.1306440845	978.0
215144.57889135776	975.0
215194.28679608504	978.0
215244.1379980443	975.0
215294.2910498818	980.0
215344.80367212408	981.0
215392.28804819344	979.0
215440.24537391542	975.0
215488.65418165614	977.0
215537.45704089847	978.0
215586.59714343215	974.0
215640.31418858585	969.0
215694.38944936477	986.0
215748.74813082078	976.0
215779.41830151356	975.0
215812.63753237182	978.0
215845.8567632301	980.0
215879.07599408837	977.0
215912.29522494666	976.0
215948.4731480314	974.0
215984.6510711161	976.0
216020.82899420083	981.0
216075.99384618417	980.0
216131.1135773462	977.0
216186.1902523151	973.0
216241.22582063318	980.0
216296.21006051172	975.0
216355.70142250287	972.0
216415.14672011964	976.0
216462.7583718856	977.0
216510.32794766728	972.0
216557.83963774546	972.0
216605.2732228553	974.0
216650.5427902136	977.0
216686.82165132428	977.0
216723.10051243496	975.0
216759.37937354564	973.0
216795.65823465635	974.0
216831.93709576703	975.0
216878.0018233933	976.0
216923.40814720248	979.0
216968.1650248769	979.0
217015.05243738735	981.0
217061.56099097617	981.0
217107.80242397785	982.0
217153.9526728405	981.0
217196.30948970586	978.0
217239.22969691688	977.0
217286.45929966858	989.0
217333.68890242025	997.0
217380.91850517195	984.0
217435.27432829325	987.0
217489.75243875963	977.0
217544.5561287046	973.0
217599.57937636328	978.0
217654.82123166267	981.0
217710.24663677497	984.0
217725.46118852997	984.0
217765.8281304636	981.0
217821.5488438068	980.0
217871.8101900069	990.0
217877.5000668454	990.0
217933.66281941131	977.0
217989.98943842118	980.0
218039.8816346654	985.0
218089.8176558227	981.0
218139.7668082946	976.0
218189.71221832727	979.0
218239.66605201224	980.0
218298.14814264694	980.0
218356.72674878305	982.0
218415.35792717544	985.0
218449.8329041731	980.0
218483.45002230981	978.0
218517.06714044654	978.0
218550.68425858326	979.0
218584.30137672	981.0
218617.9184948567	987.0
218655.63900402735	991.0
218689.9905644052	990.0
218724.34212478303	985.0
218758.6936851609	979.0
218793.04524553873	978.0
218830.8053374497	979.0
218868.5654293607	975.0
218906.32552127168	973.0
218944.0856131827	976.0
218986.37969976827	978.0
219028.67378635384	980.0
219070.96787293942	976.0
219113.26195952503	975.0
219155.5560461106	976.0
219193.83516181112	976.0
219232.11427751163	969.0
219270.3933932121	968.0
219308.67250891263	977.0
219346.95162461314	978.0
219380.43529949375	977.0
219413.9189743744	970.0
219447.402649255	975.0
219480.88632413564	975.0
219514.36999901626	975.0
219547.85367389687	975.0
219581.3373487775	974.0
219616.44563473738	972.0
219651.55392069725	972.0
219686.6622066571	973.0
219721.77049261698	972.0
219756.87877857685	970.0
219787.59560459355	971.0
219818.31243061024	971.0
219849.02925662693	972.0
219879.74608264363	973.0
219910.46290866032	974.0
219941.17973467702	973.0
219971.8965606937	973.0
220002.6133867104	974.0
220033.3302127271	974.0
220064.0470387438	973.0
220094.7638647605	972.0
220125.48069077719	974.0
220156.19751679388	975.0
220186.91434281057	973.0
220217.63116882727	973.0
220248.34799484396	973.0
220279.06482086066	975.0
220309.78164687735	979.0
220340.49847289405	980.0
220373.04340734225	978.0
220405.58834179048	978.0
220438.1332762387	973.0
220470.6782106869	972.0
220503.22314513513	971.0
220534.84740243084	973.0
220566.47165972655	980.0
220598.09591702223	987.0
220629.72017431795	983.0
220661.34443161366	976.0
220692.96868890937	977.0
220724.59294620506	977.0
220756.21720350077	976.0
220793.61682119936	975.0
220831.01643889793	973.0
220868.41605659653	973.0
220905.81567429513	972.0
220950.36647448642	974.0
220994.91727467772	979.0
221039.46807486902	981.0
221084.01887506028	972.0
221115.642032103	972.0
221147.26518914572	974.0
221178.88834618844	976.0
221210.51150323116	975.0
221242.13466027388	974.0
221273.7578173166	974.0
221310.68417681576	971.0
221347.6105363149	970.0
221384.53689581406	972.0
221421.4632553132	973.0
221458.38961481236	971.0
221495.31597431152	971.0
221532.24233381066	972.0
221581.89180621217	976.0
221631.54127861367	975.0
221681.19075101518	975.0
221730.84022341672	977.0
221780.48969581822	972.0
221816.67172741308	972.0
221852.85375900794	974.0
221889.03579060276	973.0
221925.21782219762	973.0
221961.39985379248	973.0
221997.58188538734	974.0
222033.7639169822	976.0
222069.94594857702	975.0
222106.12798017188	975.0
222142.31001176673	971.0
222178.4920433616	970.0
222214.67407495645	979.0
222246.69912258402	980.0
222278.7241702116	976.0
222310.74921783915	972.0
222342.77426546672	979.0
222374.7993130943	979.0
222406.82436072186	974.0
222438.84940834943	971.0
222470.874455977	971.0
222502.89950360457	974.0
222534.92455123214	978.0
222566.9495988597	981.0
222598.97464648727	978.0
222630.99969411484	978.0
222663.0247417424	980.0
222695.04978936998	980.0
222727.07483699755	979.0
222759.09988462512	980.0
222791.1249322527	980.0
222823.14997988025	977.0
222860.77420791247	977.0
222900.73161573402	981.0
222940.68902355558	978.0
222980.6464313771	987.0
223020.75423094956	992.0
223060.862030522	990.0
223100.96983009446	987.0
223141.07488266437	981.0
223181.17993523425	972.0
223221.28498780416	971.0
223281.3108356357	980.0
223341.15937392449	977.0
223392.0889565718	977.0
223442.78987422847	975.0
223493.19026005716	980.0
223543.2065387667	982.0
223592.77396051	981.0
223641.88323872595	983.0
223694.2859856854	986.0
223746.3975732823	982.0
223798.27324878718	973.0
223850.03546906754	976.0
223897.6386112588	977.0
223945.68755059462	979.0
223994.2558024066	979.0
224043.31264033704	985.0
224092.7904183121	984.0
224141.6569460156	982.0
224190.81992327425	978.0
224240.1985985997	978.0
224273.2047161423	977.0
224306.21083368492	975.0
224339.2169512275	976.0
224372.10513682337	979.0
224404.9933224192	982.0
224437.88150801507	981.0
224486.79696939458	978.0
224535.2703020956	975.0
224583.1846512068	976.0
224639.90828832026	976.0
224695.61933318485	979.0
224750.45987773562	977.0
224798.3410516882	980.0
224846.47505272352	978.0
224895.06515544886	978.0
224947.92885577577	976.0
225001.5653906954	981.0
225055.91313826956	980.0
225110.83842434385	985.0
225162.81014040258	983.0
225215.0790462564	980.0
225250.14501767157	980.0
225285.2109890867	981.0
225320.27696050188	983.0
225355.34293191702	986.0
225390.4089033322	987.0
225425.47487474736	989.0
225460.89036241875	977.0
225496.30585009017	977.0
225531.72133776156	978.0
225567.13682543294	984.0
225602.55231310436	986.0
225637.96780077575	980.0
225690.9823109092	973.0
225745.58703279748	980.0
225800.1526768653	983.0
225854.675566572	988.0
225909.1545746323	995.0
225963.5964956577	984.0
226020.25142365354	981.0
226076.92885663736	981.0
226133.6318871449	977.0
226190.35954760635	978.0
226225.79864929026	979.0
226261.23775097416	984.0
226296.67685265807	989.0
226332.10489851952	990.0
226367.53294438098	988.0
226402.96099024243	984.0
226438.29100986224	988.0
226473.62102948202	987.0
226508.95104910183	984.0
226561.7319437651	980.0
226618.16396366834	980.0
226656.27111035353	982.0
226688.01256406092	980.0
226719.75401776828	983.0
226751.49547147568	981.0
226783.23692518304	979.0
226814.97837889043	979.0
226846.7198325978	980.0
226878.4612863052	980.0
226910.20274001255	975.0
226941.94419371994	968.0
226973.6856474273	966.0
227005.4271011347	970.0
227037.16855484206	975.0
227068.91000854946	972.0
227100.65146225682	970.0
227132.3929159642	972.0
227164.13436967158	970.0
227195.87582337897	972.0
227227.61727708633	972.0
227270.78697390598	970.0
227313.95667072563	969.0
227357.12636754528	969.0
227400.29606436493	973.0
227443.46576118458	974.0
227486.63545800422	974.0
227529.80515482387	978.0
227572.97485164352	968.0
227616.14454846317	969.0
227659.31424528282	972.0
227702.48394210247	971.0
227745.65363892211	971.0
227788.82333574176	976.0
227804.9273991685	975.0
227848.26616549588	974.0
227891.8887266907	974.0
227939.51692275534	973.0
227987.14511882002	971.0
228023.64897022143	976.0
228060.15282162288	979.0
228096.6566730243	988.0
228133.16052442574	981.0
228169.66437582715	980.0
228206.1682272286	983.0
228242.67207863	986.0
228290.39250277716	981.0
228337.95735710306	983.0
228385.36018228458	974.0
228444.75515492712	971.0
228504.0703342819	968.0
228563.30223865036	970.0
228622.4056101631	967.0
228681.3413589735	974.0
228739.39891509138	975.0
228797.36174950213	972.0
228855.31212937023	973.0
228906.07205767208	975.0
228957.11099776134	973.0
229008.42327938933	971.0
229044.0707932993	971.0
229079.71830720926	972.0
229115.36582111922	974.0
229151.0133350292	975.0
229186.66084893915	976.0
229222.30836284911	978.0
229275.9922297981	979.0
229326.2098447398	973.0
229376.18056133046	976.0
229425.88615457807	977.0
229475.3232036263	970.0
229520.47454241005	969.0
229565.49667612588	976.0
229610.43048466602	977.0
229655.34447755557	976.0
229710.09321774886	977.0
229765.23651615865	978.0
229820.76671034718	984.0
229876.5815868713	984.0
229934.2155186751	977.0
229972.47512295336	976.0
230010.7347272316	976.0
230048.99433150984	978.0
230105.2991417638	978.0
230160.2968557981	976.0
230210.30676914912	979.0
230258.7953906403	977.0
230305.8342512491	968.0
230345.89063917336	965.0
230385.75048438716	965.0
230425.76145077823	969.0
230468.69621645735	973.0
230512.71899728867	973.0
230530.98501584542	973.0
230557.78680847285	969.0
230599.3403221346	970.0
230640.89383579633	973.0
230682.4473494581	974.0
230724.4521432237	977.0
230757.58475239604	975.0
230768.22692148318	974.0
230812.34048100683	974.0
230856.78346026762	976.0
230901.52213322147	978.0
230917.65943114294	981.0
230953.3272257256	981.0
230988.9950203083	979.0
231024.66281489097	973.0
231060.33060947363	973.0
231095.99840405633	965.0
231131.666198639	965.0
231167.3339932217	967.0
231191.12055948842	972.0
231226.18733505037	973.0
231261.25411061235	972.0
231296.3208861743	972.0
231332.76464361761	972.0
231369.2084010609	972.0
231405.6521585042	974.0
231458.9172837205	975.0
231512.1824089368	974.0
231549.81451210708	975.0
231587.44661527738	976.0
231625.07871844768	977.0
231659.93944965757	979.0
231694.8001808675	972.0
231729.66091207738	970.0
231764.52164328727	974.0
231803.2463393097	970.0
231841.97103533216	972.0
231883.9424763762	974.0
231925.9139174202	976.0
231958.6481414367	976.0
231991.3823654532	979.0
232024.1165894697	979.0
232055.0104805407	976.0
232085.9043716117	973.0
232116.79826268269	971.0
232147.69215375368	968.0
232178.58604482468	969.0
232214.77615155958	968.0
232254.47489688674	968.0
232290.6595323632	976.0
232326.96609695104	978.0
232344.03620668655	979.0
232371.50167831342	979.0
232416.69960431	972.0
232462.5915485809	972.0
232510.7655435581	970.0
232559.8165308835	966.0
232602.95101428576	967.0
232646.98955302773	968.0
232691.88116821437	970.0
232731.27365593443	970.0
232770.6661436545	971.0
232810.05863137453	972.0
232849.4511190946	974.0
232905.85671920923	975.0
232962.30555110238	972.0
233011.65745005495	973.0
233061.04279612156	975.0
233093.99801750018	976.0
233126.95323887884	976.0
233159.90846025746	972.0
233194.43342493408	969.0
233228.9583896107	969.0
233263.4833542873	969.0
233297.97018037003	971.0
233332.45700645272	974.0
233366.94383253544	974.0
233403.69192348237	973.0
233440.4400144293	972.0
233477.18810537623	971.0
233535.65073654195	972.0
233593.94956065738	972.0
233652.1186002831	974.0
233703.41231415555	973.0
233754.7488781459	969.0
233806.1562349515	974.0
233862.18039627152	979.0
233894.2947164298	980.0
233926.40903658807	980.0
233958.52335674636	981.0
233990.63767690465	980.0
234022.7519970629	976.0
234054.8663172212	971.0
234086.98063737949	969.0
234143.1171409271	968.0
234190.6785220338	975.0
234225.54002677996	975.0
234238.16504754248	975.0
234285.57085902637	972.0
234332.90225450342	974.0
234388.5503992915	975.0
234444.18683193918	975.0
234499.81890808383	979.0
234555.44246944773	976.0
234611.08483669502	975.0
234663.22873110723	977.0
234715.51979124258	980.0
234725.9729571676	983.0
234757.02675253688	976.0
234788.08054790617	970.0
234819.13434327545	968.0
234850.18813864473	971.0
234881.241934014	974.0
234912.29572938327	976.0
234943.34952475256	975.0
234974.40332012184	973.0
235005.45711549112	973.0
235036.5109108604	971.0
235071.36878061193	971.0
235106.22665036347	971.0
235141.084520115	972.0
235175.9423898665	972.0
235210.80025961806	970.0
235250.16881016665	970.0
235289.5373607152	972.0
235328.9059112638	975.0
235368.2744618124	977.0
235407.64301236096	975.0
235447.01156290955	975.0
235486.38011345814	973.0
235525.7486640067	971.0
235565.1172145553	970.0
235604.4857651039	972.0
235643.85431565245	970.0
235683.22286620105	974.0
235722.59141674964	980.0
235761.9599672982	981.0
235801.3285178468	978.0
235848.28790991975	979.0
235900.82239644835	975.0
235904.406347347	975.0
235960.29140233164	967.0
236015.84047232295	968.0
236070.9550041155	973.0
236125.6110511385	968.0
236177.07843332758	976.0
236228.33940102215	982.0
236279.42667353744	982.0
236330.39650323454	983.0
236385.21470423986	978.0
236440.29716819822	979.0
236495.6643385928	976.0
236551.27353147516	976.0
236607.1264221137	973.0
236666.37769593063	970.0
236726.14989988084	973.0
236786.38641683233	973.0
236846.94477757555	976.0
236898.91014989233	979.0
236932.827467821	978.0
236966.74478574962	975.0
237000.66210367827	974.0
237034.5794216069	972.0
237068.49673953556	973.0
237102.4140574642	972.0
237151.43392052865	975.0
237199.69173009222	976.0
237247.16841571985	974.0
237297.15306756698	975.0
237346.68933133158	974.0
237395.88741574986	973.0
237444.89875178967	972.0
237492.389367446	977.0
237540.3513989186	980.0
237588.8411779736	979.0
237635.0323756901	976.0
237681.88331477265	974.0
237728.73425385522	976.0
237775.58519293775	973.0
237814.9285388255	976.0
237854.27188471323	981.0
237893.615230601	977.0
237932.95857648872	977.0
237984.10344865167	982.0
238031.21300063696	971.0
238077.10487994115	969.0
238121.98775703294	973.0
238164.48000277314	973.0
238174.36705265683	973.0
238207.41182299188	970.0
238251.05448275985	971.0
238295.51961018093	977.0
238346.33860985626	978.0
238398.3953893044	971.0
238451.481237739	969.0
238489.37799468022	975.0
238527.27475162144	980.0
238565.17150856266	979.0
238603.0682655039	978.0
238651.60288517564	972.0
238699.57587533456	972.0
238746.90722286265	973.0
238796.5437769755	973.0
238845.82835481863	974.0
238894.79874467416	973.0
238943.4541388578	974.0
238991.88232520115	964.0
239038.6780529709	968.0
239085.889758307	973.0
239133.61504610162	973.0
239188.55764217395	976.0
239244.2591482426	976.0
239300.49341904308	976.0
239347.2410841752	977.0
239393.98874930738	978.0
239440.19101146288	973.0
239485.66065374747	972.0
239525.51216605306	979.0
239564.516434071	981.0
239602.770369861	980.0
239644.16723863248	979.0
239668.97859026302	977.0
239685.49607340762	975.0
239728.28042468036	973.0
239771.8687256991	973.0
239816.38547641604	977.0
239861.78560420702	980.0
239908.20748370595	975.0
239955.3047517914	974.0
240002.9590936247	974.0
240051.07517818475	976.0
240104.70104013884	973.0
240158.79448523602	977.0
240213.2713867655	978.0
240268.03541757495	977.0
240322.99511414146	976.0
240366.53023965767	972.0
240410.06536517388	972.0
240453.6004906901	979.0
240497.1356162063	983.0
240554.82918883555	979.0
240612.09485696486	977.0
240664.71868959983	978.0
240716.68431728883	977.0
240767.79129541412	979.0
240817.82617487974	981.0
240866.61789847916	978.0
240914.169015943	975.0
240965.62223804518	976.0
241016.47766649604	979.0
241066.82775037645	979.0
241116.76274202994	976.0
241161.38886745664	976.0
241206.44065141273	979.0
241252.07413772555	979.0
241295.63323869492	980.0
241340.05032342736	984.0
241385.24551771465	974.0
241437.10907913724	974.0
241489.34614076672	970.0
241541.71189851282	975.0
241594.17760801248	975.0
241647.83368726415	975.0
241702.19893950282	983.0
241757.30067118607	988.0
241816.90408409783	981.0
241846.99921387288	980.0
241877.09434364797	974.0
241907.39230975255	970.0
241937.69027585714	974.0
241970.71463723437	977.0
242003.73899861163	976.0
242036.76335998886	978.0
242069.78772136613	982.0
242102.81208274336	982.0
242135.83644412062	978.0
242168.86080549785	973.0
242224.98854091938	978.0
242280.52678501865	981.0
242335.3815786773	980.0
242388.79476148874	975.0
242441.6252328736	975.0
242493.82002101283	976.0
242545.33337920645	976.0
242595.41790565016	975.0
242644.98711076682	970.0
242685.03105922666	972.0
242693.98149311598	972.0
242742.35647314513	973.0
242790.27546123284	976.0
242829.73508934528	979.0
242869.61113856474	980.0
242910.0697480826	978.0
242955.05178184103	974.0
243000.96227223607	976.0
243047.73848149253	979.0
243095.2254590606	979.0
243126.61283875557	984.0
243158.00021845053	983.0
243189.3875981455	978.0
243220.77497784045	970.0
243252.16235753542	971.0
243283.54973723038	975.0
243314.93711692534	980.0
243369.85911792069	978.0
243419.68834899535	978.0
243469.34742381476	975.0
243518.81104197336	977.0
243568.03530020692	975.0
243616.9884144681	976.0
243665.3523286232	978.0
243713.48121365518	975.0
243761.36472759437	974.0
243809.0032395031	970.0
243856.46539151785	968.0
243904.7123677169	969.0
243953.2048458725	967.0
244002.0152276951	970.0
244051.14509089635	975.0
244100.5832007515	988.0
244152.35374129945	981.0
244204.50974003004	975.0
244257.0167531719	972.0
244309.80631338077	966.0
244345.18884844196	968.0
244380.57138350315	971.0
244415.95391856434	969.0
244450.61208137774	973.0
244485.27024419117	983.0
244519.92840700457	980.0
244557.8525038408	974.0
244595.77660067705	968.0
244633.7006975133	977.0
244671.62479434954	977.0
244720.0210471747	972.0
244768.41729999986	978.0
244814.65669201393	970.0
244860.37570627348	971.0
244905.59901781884	982.0
244953.94320501928	985.0
245002.10388985142	981.0
245050.15542332886	969.0
245098.14065179633	975.0
245148.82382290415	974.0
245181.82391480095	972.0
245199.63371807148	975.0
245250.55570142044	978.0
245301.54464137257	982.0
245352.61630049974	978.0
245406.0454644618	975.0
245459.92297894967	975.0
245514.27614727002	976.0
245562.56787089902	979.0
245611.21106594123	987.0
245660.1564107982	971.0
245709.35001389	956.0
245758.7389479893	968.0
245815.87740737814	966.0
245873.1679152643	978.0
245905.56206894002	970.0
245937.9562226158	961.0
245970.35037629152	970.0
246002.74452996725	990.0
246035.13868364302	983.0
246067.53283731875	976.0
246099.9269909945	973.0
246154.43416688356	979.0
246208.5374387555	974.0
246262.15950436128	973.0
246315.29507640962	971.0
246363.81748253168	971.0
246412.1516255735	978.0
246460.3388871299	978.0
246508.40774840684	970.0
246556.415846234	976.0
246611.0282984833	975.0
246666.01799292982	976.0
246721.41928020865	975.0
246777.15532441775	972.0
246833.1143517819	971.0
246854.4852954097	972.0
246889.18655690615	970.0
246945.29833866	968.0
247004.19127845412	977.0
247063.10929085803	977.0
247122.0533507182	979.0
247181.09043717774	979.0
247240.255356165	972.0
247299.47324453646	978.0
247338.36534221817	977.0
247377.25743989984	977.0
247416.14953758154	977.0
247455.04163526322	978.0
247506.12395556818	973.0
247556.5616183428	974.0
247606.262789823	972.0
247658.67689301542	970.0
247710.32513500206	968.0
247761.35675748653	970.0
247804.50976521577	969.0
247847.82445999325	966.0
247881.60573935462	969.0
247915.387018716	971.0
247949.16829807736	967.0
247982.94957743873	966.0
248030.22728812683	968.0
248076.11387191308	968.0
248120.71988609264	966.0
248152.1467095134	968.0
248183.77000097858	969.0
248221.94791026998	973.0
248261.16832301056	970.0
248301.5297736168	970.0
248356.3779380532	968.0
248412.78323114206	968.0
248447.28648733304	973.0
248481.78974352402	971.0
248516.292999715	974.0
248550.796255906	977.0
248585.29951209697	975.0
248641.87398665695	972.0
248697.16240689493	971.0
248748.6533016646	973.0
248798.93923908114	973.0
248848.23110387192	973.0
248897.27145743516	979.0
248946.8717422004	975.0
248997.3851816441	985.0
249044.9846653615	976.0
249093.7237257047	975.0
249143.52333503478	974.0
249194.20290183634	976.0
249245.5620399513	976.0
249298.60909015918	974.0
249352.0510886314	972.0
249399.27121142577	973.0
249432.21973210067	972.0
249465.16825277553	969.0
249498.11677345043	974.0
249531.06529412532	974.0
249564.0138148002	971.0
249596.96233547508	971.0
249633.4832984461	972.0
249670.00426141714	974.0
249706.52522438817	971.0
249760.98531905215	971.0
249815.07640258395	967.0
249868.67422534595	972.0
249921.66744757682	972.0
249973.99259919586	971.0
250020.34636660636	970.0
250066.24970734015	968.0
250111.72695133786	971.0
250156.84876592402	972.0
250204.85544201775	974.0
250252.89575578523	976.0
250301.13591541103	976.0
250353.01347368493	973.0
250405.56906076745	974.0
250458.69934351853	977.0
250510.7019579545	976.0
250549.17945091828	969.0
250587.65694388206	968.0
250626.13443684587	965.0
250664.61192980965	967.0
250719.09770937753	977.0
250758.4425927661	976.0
250770.8586317787	975.0
250819.2729288277	971.0
250864.45086591184	973.0
250903.83393266017	972.0
250943.64749730707	972.0
250974.83601209923	971.0
251007.26986259347	966.0
251040.9853486129	967.0
251084.51713467558	971.0
251130.15387212465	971.0
251175.7906095737	969.0
251227.78428737877	967.0
251280.3658743245	970.0
251333.2453098845	970.0
251381.57155743652	971.0
251430.3488127492	971.0
251479.6038290433	973.0
251529.2708688217	974.0
251585.44914373598	972.0
251641.8545919176	973.0
251698.32382508903	974.0
251754.7013174556	977.0
251812.58252620962	974.0
251870.12707260213	972.0
251927.17824042705	974.0
251983.59354320724	974.0
252039.33309782643	972.0
252094.61516091894	972.0
252136.3083476638	975.0
252178.43419557958	976.0
252221.10355547606	978.0
252273.00063332298	976.0
252308.32782443296	972.0
252343.65501554296	973.0
252378.98220665293	977.0
252414.30939776293	981.0
252449.6365888729	978.0
252484.96377998288	970.0
252540.25407423318	973.0
252595.2800757724	973.0
252649.8712831198	968.0
252703.8619311012	960.0
252750.51981242004	964.0
252796.55471817768	978.0
252841.95244418544	971.0
252886.83250421294	971.0
252934.2430791951	977.0
252981.88370725064	974.0
253029.92480796765	973.0
253078.423598563	977.0
253127.01988860752	979.0
253176.16305092903	980.0
253225.80885577181	975.0
253275.87708416436	974.0
253327.3158263328	976.0
253379.04498420903	973.0
253430.98500878812	965.0
253483.0658677282	965.0
253519.48616519742	967.0
253555.9064626666	970.0
253592.32676013582	970.0
253628.747057605	969.0
253665.16735507423	970.0
253701.5876525434	971.0
253756.1177966305	971.0
253812.33122812703	971.0
253868.5501445248	973.0
253890.1741904881	973.0
253924.7951654058	972.0
253962.31833971295	970.0
253999.84151402008	971.0
254037.36468832724	973.0
254072.86912714635	973.0
254108.37356596542	972.0
254143.87800478452	974.0
254177.38241006414	976.0
254210.88681534375	977.0
254244.39122062337	976.0
254277.89562590298	972.0
254311.4000311826	970.0
254344.9044364622	970.0
254396.1239672897	962.0
254430.23620904927	963.0
254464.34845080887	964.0
254498.46069256845	966.0
254532.57293432803	970.0
254566.68517608763	970.0
254600.7974178472	968.0
254660.98631140363	975.0
254720.7333747554	973.0
254779.85415703547	978.0
254838.16769128432	980.0
254895.59942343828	974.0
254944.55236533596	975.0
254993.06474733207	972.0
255041.15337208187	974.0
255088.8502531881	973.0
255136.33033809706	974.0
255183.30520161742	972.0
255230.8873415546	972.0
255240.00997138218	974.0
255279.15758701292	978.0
255328.0323200853	971.0
255373.3657249036	960.0
255419.02728121367	960.0
255464.68883752375	976.0
255510.3503938338	980.0
255554.1668566296	971.0
255597.5608676546	962.0
255630.09756585595	966.0
255677.6096073579	968.0
255725.12164885987	968.0
255772.63369036184	971.0
255820.1457318638	973.0
255832.11832144487	965.0
255883.5540821329	966.0
255935.97027548496	969.0
255989.13572597646	968.0
256043.32726150946	972.0
256080.09995200968	971.0
256116.87264250987	971.0
256153.6453330101	973.0
256190.4180235103	974.0
256227.1907140105	973.0
256263.96340451072	970.0
256307.11786455233	967.0
256350.2723245939	968.0
256393.42678463552	971.0
256436.58124467713	973.0
256469.46225615783	973.0
256502.34326763853	975.0
256535.22427911923	975.0
256568.10529059992	975.0
256601.917026419	973.0
256635.72876223802	973.0
256669.5404980571	971.0
256703.35223387612	970.0
256737.1639696952	971.0
256770.97570551423	970.0
256804.7874413333	971.0
256836.71011539127	975.0
256868.63278944924	974.0
256900.5554635072	973.0
256932.47813756517	972.0
256964.40081162314	968.0
256996.32348568112	970.0
257028.24615973906	967.0
257060.16883379704	961.0
257103.25879164602	970.0
257146.34874949497	972.0
257189.43870734394	980.0
257232.52866519292	980.0
257275.61862304187	972.0
257318.70858089085	971.0
257345.2909677718	966.0
257402.57275447572	966.0
257459.66039868386	973.0
257516.5244046744	974.0
257567.9991641734	974.0
257619.32724877814	977.0
257670.50168209526	974.0
257721.49991815357	969.0
257772.30881842534	971.0
257822.95152486896	971.0
257870.07709145246	967.0
257917.22878248876	974.0
257964.4407751274	973.0
258011.7382884686	977.0
258070.19828535404	978.0
258128.9404768302	972.0
258187.8684445648	977.0
258246.7669900077	974.0
258297.56091999784	969.0
258347.86390967108	969.0
258397.38110174902	970.0
258445.77599263727	969.0
258489.16405699812	971.0
258530.97457433993	974.0
258570.97196791018	974.0
258609.14027526698	971.0
258645.24340472397	970.0
258680.46654770526	972.0
258715.354890823	970.0
258742.3106673873	966.0
258769.98067622053	968.0
258810.13292766258	971.0
258852.44984460887	972.0
258896.7993193291	970.0
258942.84702120305	969.0
258979.4688048489	969.0
259016.0905884948	970.0
259052.71237214064	971.0
259089.33415578652	973.0
259121.68281925766	974.0
259154.0314827288	973.0
259186.38014619998	968.0
259218.72880967113	967.0
259251.07747314227	971.0
259283.42613661342	974.0
259315.7748000846	970.0
259348.12346355573	965.0
259380.47212702688	965.0
259412.82079049802	968.0
259445.16945396917	965.0
259477.51811744034	962.0
259513.84436584575	967.0
259550.17061425117	970.0
259586.49686265658	970.0
259622.823111062	974.0
259659.1493594674	970.0
259695.47560787282	970.0
259731.80185627824	975.0
259768.12810468362	976.0
259804.45435308904	970.0
259840.78060149445	969.0
259877.10684989986	974.0
259913.43309830528	980.0
259949.7593467107	961.0
259986.0855951161	955.0
260032.37377571897	965.0
260078.66195632183	970.0
260084.19297999868	970.0
260116.2967284874	967.0
260148.40047697606	965.0
260180.50422546477	966.0
260212.60797395345	971.0
260244.71172244215	973.0
260276.81547093083	969.0
260311.83848849742	963.0
260346.86150606401	964.0
260381.8845236306	966.0
260416.9075411972	966.0
260451.9305587638	966.0
260462.06563599588	966.0
260518.0866732129	968.0
260554.20327147478	967.0
260590.31986973668	966.0
260626.43646799854	968.0
260656.97831825397	965.0
260687.5201685094	958.0
260718.0620187648	953.0
260748.6038690202	946.0
260782.34676081457	962.0
260816.08965260896	963.0
260849.83254440333	969.0
260883.5754361977	981.0
260917.31832799208	982.0
260941.08708141622	979.0
260994.91099598544	968.0
261042.9711308011	971.0
261091.03126561677	978.0
261150.1861180146	974.0
261183.12344009723	970.0
261216.06076217987	971.0
261248.9980842625	971.0
261281.93540634515	969.0
261314.87272842778	969.0
261347.81005051042	969.0
261380.74737259306	969.0
261411.2673432618	969.0
261441.78731393052	967.0
261472.30728459926	967.0
261502.827255268	968.0
261533.3472259367	969.0
261563.86719660545	970.0
261594.38716727417	970.0
261624.9071379429	969.0
261655.42710861165	970.0
261685.94707928036	972.0
261716.4670499491	973.0
261774.99360916074	968.0
261809.52253937648	968.0
261844.05146959223	966.0
261878.58039980798	965.0
261913.1093300237	966.0
261947.63826023944	969.0
261986.18966403542	966.0
262024.74106783143	967.0
262063.2924716274	969.0
262095.6152154292	970.0
262127.93795923094	972.0
262160.2607030327	972.0
262192.58344683447	966.0
262226.752139738	969.0
262260.9208326416	969.0
262295.08952554513	968.0
262329.25821844867	970.0
262363.42691135226	969.0
262405.80736664566	969.0
262448.187821939	964.0
262482.64041763503	965.0
262517.09301333106	972.0
262551.54560902703	972.0
262585.99820472306	959.0
262620.4508004191	966.0
262654.9033961151	968.0
262689.35599181114	968.0
262723.8085875071	972.0
262760.8041029581	973.0
262777.2881681406	967.0
262808.3187837907	965.0
262839.34939944075	968.0
262870.3800150908	972.0
262901.41063074087	969.0
262932.44124639087	966.0
262963.4718620409	967.0
262994.502477691	968.0
263025.53309334104	969.0
263056.5637089911	972.0
263087.59432464116	973.0
263118.75009132683	969.0
263149.9058580125	966.0
263181.06162469817	967.0
263212.21739138383	971.0
263243.3731580695	971.0
263274.52892475517	970.0
263305.68469144084	971.0
263336.8404581265	971.0
263367.9962248122	973.0
263399.15199149784	972.0
263430.3077581835	971.0
263461.4635248692	972.0
263492.6192915549	971.0
263533.6614581633	971.0
263574.70362477173	968.0
263615.7457913801	962.0
263656.78795798856	963.0
263697.36132716096	955.0
263737.9346963333	956.0
263778.5080655057	965.0
263819.08143467805	968.0
263820.56217107264	969.0
263866.9569452484	970.0
263914.1531687439	964.0
263969.50745590683	969.0
264025.61322745436	981.0
264082.2930157348	973.0
264129.8259436636	966.0
264177.62093180965	970.0
264225.5582600469	970.0
264260.8743236705	973.0
264296.1903872941	973.0
264331.50645091775	973.0
264366.82251454133	974.0
264413.2247389495	975.0
264453.25712657487	974.0
264492.86228996224	975.0
264532.03532114014	977.0
264576.1784579958	976.0
264619.93940718856	976.0
264663.4182760663	977.0
264709.12429930206	977.0
264754.8731887008	978.0
264798.7881067756	981.0
264842.8480901419	979.0
264886.88365238206	972.0
264930.590888669	969.0
264976.5871914842	953.0
265022.5834942995	949.0
265053.26680222945	951.0
265083.9501101594	957.0
265114.63341808936	965.0
265145.3167260193	967.0
265176.00003394927	966.0
265206.6833418793	965.0
265248.3747447495	966.0
265290.06614761974	967.0
265331.7575504899	965.0
265373.44895336014	964.0
265412.88849599677	964.0
265452.32803863334	963.0
265491.76758126996	970.0
265547.47088379855	971.0
265603.8056235354	966.0
265654.97420540854	963.0
265706.35733489465	962.0
265757.8689407483	965.0
265809.44641177676	965.0
265861.041916344	968.0
265919.5237171879	974.0
265961.3957830287	972.0
266003.26784886944	980.0
266045.13991471025	972.0
266087.011980551	968.0
266137.41773095686	962.0
266187.65612312197	971.0
266237.6938977183	977.0
266285.40215909004	975.0
266332.1320786589	973.0
266378.8619982278	970.0
266425.59191779664	964.0
266470.3589812253	967.0
266514.21577099204	973.0
266565.8134594045	965.0
266615.06599339517	965.0
266655.31417881744	966.0
266656.49822481244	965.0
266692.24899170705	965.0
266727.9997586016	966.0
266763.7505254962	968.0
266799.370586344	969.0
266841.9476008491	971.0
266884.5246153542	969.0
266927.10162985936	962.0
266969.67864436447	965.0
267012.2556588696	971.0
267054.8326733747	963.0
267097.4096878798	957.0
267137.1437754618	964.0
267176.8778630438	969.0
267216.61195062584	967.0
267256.3460382079	964.0
267296.08012578986	960.0
267335.8142133719	957.0
267375.54830095393	958.0
267415.2823885359	962.0
267460.4294969345	966.0
267505.57660533313	968.0
267544.16406786843	969.0
267582.75153040374	967.0
267621.33899293904	965.0
267659.92645547434	965.0
267698.51391800964	965.0
267737.10138054495	969.0
267769.4257466347	966.0
267812.5658060266	967.0
267855.70586541854	964.0
267898.8459248104	955.0
267941.9859842023	972.0
267981.9832056196	967.0
268021.98042703693	968.0
268061.97764845425	966.0
268101.97486987157	966.0
268134.1919974423	966.0
268166.4091250129	966.0
268198.62625258364	968.0
268230.84338015434	971.0
268263.06050772505	978.0
268295.2776352957	986.0
268338.27711831604	975.0
268381.27660133643	964.0
268424.27608435677	964.0
268467.2755673771	963.0
268510.2750503975	967.0
268553.27453341783	963.0
268611.5467736339	963.0
268662.4271594636	965.0
268713.3075452932	970.0
268764.18793112284	960.0
268805.00481524866	962.0
268841.1500903385	972.0
268877.29536542826	978.0
268913.4406405181	969.0
268949.58591560787	968.0
268985.7311906977	972.0
269022.9908372787	970.0
269060.2504838597	966.0
269097.5101304407	966.0
269134.76977702166	964.0
269168.05029151327	962.0
269201.3308060049	961.0
269234.6113204965	963.0
269267.8918349881	966.0
269301.1723494797	968.0
269334.4528639713	967.0
269367.7333784629	964.0
269404.73663728766	960.0
269441.7398961124	954.0
269478.74315493717	967.0
269515.74641376187	972.0
269546.79601347406	968.0
269577.84561318625	963.0
269608.89521289844	964.0
269639.9448126106	964.0
269670.9944123228	961.0
269707.4832043295	965.0
269743.9719963362	964.0
269780.4607883428	968.0
269816.9495803495	966.0
269848.0784189389	964.0
269879.2072575284	963.0
269910.3360961178	963.0
269951.3398945537	961.0
269992.3436929896	964.0
270033.3474914255	972.0
270087.4893960099	959.0
270141.55878226267	957.0
270193.1313086644	949.0
270244.7038350661	939.0
270296.27636146784	956.0
270347.84888786956	963.0
270398.2981570392	971.0
270447.2763783241	977.0
270466.5696101064	974.0
270496.0976150872	976.0
270544.7190903612	971.0
270567.7022904392	966.0
270576.873529627	967.0
270593.1104627343	967.0
270641.2700967515	966.0
270695.2238021855	965.0
270716.86374999356	964.0
270748.4648279694	964.0
270780.06590594526	965.0
270811.6669839211	964.0
270843.26806189696	964.0
270886.5748317175	971.0
270929.88160153804	969.0
270973.18837135856	964.0
271016.49514117907	959.0
271059.8019109996	966.0
271103.10868082015	961.0
271137.16147498775	958.0
271171.2142691554	958.0
271205.267063323	962.0
271239.31985749066	971.0
271273.37265165825	971.0
271307.4254458259	969.0
271341.4782399935	967.0
271375.3569030988	966.0
271409.23556620406	969.0
271443.1142293094	968.0
271476.9928924146	964.0
271510.87155551993	963.0
271544.7502186252	968.0
271578.6288817305	969.0
271612.50754483574	969.0
271646.38620794105	960.0
271674.4387446426	958.0
271718.17300861276	958.0
271762.65374763974	959.0
271807.68857423885	965.0
271856.5257106568	965.0
271905.7305123911	970.0
271955.19433617085	970.0
272004.83675242244	964.0
272057.3728246077	970.0
272110.0521600253	972.0
272162.8270020714	968.0
272215.64014844527	965.0
272268.44073493907	971.0
272321.1914704017	967.0
272373.8925497195	975.0
272426.1305007125	980.0
272478.39754600485	964.0
272530.7053723544	978.0
272582.35714227066	976.0
272634.04965954064	969.0
272685.73177219456	960.0
272737.3226025996	964.0
272775.54614391853	965.0
272813.76968523744	967.0
272847.7153744919	968.0
272881.6610637464	969.0
272915.6067530008	969.0
272949.55244225526	968.0
272983.49813150975	968.0
273017.4438207642	967.0
273051.3895100187	967.0
273090.54053259984	968.0
273129.69155518094	968.0
273168.8425777621	969.0
273207.9936003432	972.0
273247.14462292433	970.0
273286.2956455054	972.0
273342.2733206174	972.0
273398.2509957294	969.0
273437.7828783106	965.0
273477.3147608918	963.0
273516.84664347296	967.0
273550.80632771645	968.0
273584.76601195993	967.0
273618.7256962034	967.0
273652.68538044696	968.0
273693.83724899875	968.0
273734.98911755055	963.0
273776.14098610234	970.0
273816.2109008613	980.0
273854.75804474705	972.0
273893.3051886328	969.0
273931.8523325186	964.0
273970.39947640436	964.0
274001.42250084924	965.0
274040.8070765516	965.0
274080.19165225397	966.0
274119.5762279564	967.0
274122.32672350784	966.0
274163.49441639	967.0
274206.53934734204	966.0
274251.2082516931	966.0
274296.79633326613	966.0
274343.81908094214	959.0
274392.0876748829	972.0
274446.3024179475	969.0
274501.4463199119	967.0
274536.7453297057	969.0
274572.04433949944	972.0
274607.3433492932	965.0
274634.36213570647	958.0
274667.85433641775	958.0
274701.346537129	963.0
274734.8387378403	965.0
274768.3309385516	965.0
274801.82313926285	963.0
274835.3153399741	977.0
274868.8075406854	980.0
274902.2997413967	973.0
274935.79194210796	966.0
274971.0925783813	965.0
275006.3932146546	966.0
275041.6938509279	966.0
275076.9944872013	969.0
275119.68030006887	971.0
275162.36611293646	971.0
275205.05192580406	968.0
275245.98655849084	962.0
275286.9211911776	957.0
275327.85582386435	960.0
275368.7904565511	965.0
275400.0979141494	964.0
275431.4053717476	960.0
275462.51193226414	956.0
275493.61849278066	945.0
275524.7250532972	947.0
275555.8316138137	949.0
275586.9381743302	953.0
275618.04473484674	961.0
275649.15129536326	966.0
275679.80072482215	968.0
275710.45015428105	968.0
275741.09958373994	967.0
275771.74901319883	966.0
275802.3984426577	968.0
275841.6595798596	968.0
275880.92071706144	965.0
275920.1818542633	964.0
275954.0993192904	964.0
275988.01678431756	968.0
276021.9342493447	974.0
276055.8517143718	968.0
276089.76917939895	962.0
276123.686644426	966.0
276157.60410945315	970.0
276208.6179103617	964.0
276259.63171127025	964.0
276310.6455121788	967.0
276351.9631503153	968.0
276393.2807884518	963.0
276434.5984265883	961.0
276466.7413772145	959.0
276498.88432784076	961.0
276531.02727846697	966.0
276563.1702290932	968.0
276581.5475575906	967.0
276630.94932673563	971.0
276686.27359904017	966.0
276743.3071843878	965.0
276801.8024598026	971.0
276860.2977352174	968.0
276916.1678749612	959.0
276971.85802171496	962.0
277027.1246033369	963.0
277081.8712549947	942.0
277138.9632957839	964.0
277195.8384004825	959.0
277252.65748145845	962.0
277310.08641651645	947.0
277368.0184670598	956.0
277426.47512873885	962.0
277474.61441480386	948.0
277522.96706648305	946.0
277571.4249909281	963.0
277619.8630275865	968.0
277651.15552333667	965.0
277682.44801908685	967.0
277713.7405148371	966.0
277745.03301058727	961.0
277776.32550633745	961.0
277827.1292845934	965.0
277873.9548212665	970.0
277919.86782671895	970.0
277964.9738899195	968.0
278009.0150391801	967.0
278053.1972637392	965.0
278097.71908130916	961.0
278142.6225671085	963.0
278188.5943884882	960.0
278235.0194252567	964.0
278284.3044420418	966.0
278334.40395322454	944.0
278385.3202692978	963.0
278437.18996969826	964.0
278489.77064450894	960.0
278542.9441291335	969.0
278596.564744991	969.0
278631.567702953	967.0
278666.570660915	961.0
278701.573618877	970.0
278736.57657683897	973.0
278771.57953480096	968.0
278806.58249276294	964.0
278841.58545072493	962.0
278898.15827389347	967.0
278949.255171795	966.0
278953.7539412668	966.0
278967.46138490876	966.0
279023.64692302875	966.0
279079.83246114873	967.0
279116.75497414684	965.0
279153.677487145	964.0
279190.6000001431	964.0
279227.5225131412	967.0
279258.67798579833	967.0
279289.8334584554	967.0
279320.9889311125	965.0
279365.5049353486	963.0
279410.0209395846	964.0
279454.53694382065	965.0
279499.0529480567	967.0
279539.17657867545	965.0
279579.3002092942	965.0
279619.4238399129	965.0
279659.54747053166	967.0
279699.6711011504	967.0
279739.7947317691	965.0
279765.7397005911	963.0
279820.4836418699	963.0
279875.02843577194	964.0
279929.318092525	970.0
279977.67761052167	969.0
280025.911625143	967.0
280080.6313597848	963.0
280135.3510944266	967.0
280168.07556337415	966.0
280200.8000323217	963.0
280233.52450126933	965.0
280266.2489702169	970.0
280298.97343916446	971.0
280338.75761068944	970.0
280378.54178221436	970.0
280422.1042388371	967.0
280465.66669545986	965.0
280509.2291520826	965.0
280553.17259078304	963.0
280597.11602948344	962.0
280641.0594681839	967.0
280685.0029068843	967.0
280718.55510358495	962.0
280774.7392963791	959.0
280830.9951208898	964.0
280868.2871221716	966.0
280905.5791234534	965.0
280942.8711247352	966.0
280980.163126017	966.0
281017.45512729883	967.0
281054.74712858064	968.0
281109.95925435476	966.0
281165.3866315152	967.0
281220.5089171272	967.0
281271.6633655923	966.0
281301.82664893684	964.0
281331.9899322814	964.0
281362.1532156259	965.0
281392.3164989704	963.0
281422.4797823149	963.0
281452.64306565945	967.0
281482.806349004	969.0
281512.9696323485	966.0
281543.13291569304	958.0
281573.2961990376	956.0
281603.4594823821	962.0
281633.6227657266	967.0
281663.7860490711	966.0
281693.94933241565	963.0
281724.1126157602	964.0
281754.2758991047	972.0
281784.43918244925	972.0
281814.6024657938	968.0
281844.76574913826	961.0
281874.9290324828	959.0
281905.0923158273	957.0
281936.35688371974	958.0
281967.6214516122	960.0
281998.8860195046	963.0
282030.15058739705	962.0
282061.4151552895	964.0
282092.67972318194	968.0
282123.94429107435	970.0
282155.20885896677	970.0
282197.89671530784	967.0
282245.8914012105	970.0
282283.7633917313	966.0
282319.7264434852	964.0
282353.7279805955	968.0
282380.89733851823	967.0
282407.26586355944	968.0
282446.9398337135	965.0
282488.2941324673	963.0
282524.8977808174	965.0
282563.3180484484	966.0
282603.44621000066	965.0
282644.8596645964	964.0
282687.7885971326	965.0
282732.0221465174	963.0
282777.28862534947	963.0
282826.50066196825	963.0
282876.2727260578	963.0
282926.37958312844	963.0
282938.33667875826	963.0
282961.39249549404	964.0
282999.2140136077	966.0
283037.0355317214	967.0
283074.8570498351	970.0
283112.67856794875	965.0
283150.5000860625	965.0
283188.32160417613	966.0
283226.1431222898	966.0
283269.925507299	970.0
283313.7078923082	963.0
283357.4902773174	957.0
283401.2726623266	959.0
283446.9274792945	971.0
283492.5822962624	970.0
283524.98936106445	967.0
283557.3964258666	967.0
283589.80349066865	967.0
283622.2105554707	967.0
283654.6176202728	962.0
283687.0246850749	962.0
283719.431749877	963.0
283751.83881467907	963.0
283784.2458794812	956.0
283816.65294428327	955.0
283849.06000908534	962.0
283881.46707388747	960.0
283913.87413868954	960.0
283946.2812034916	958.0
283978.6882682937	957.0
284011.0953330958	961.0
284043.5023978979	964.0
284059.02195656236	964.0
284111.80286920164	965.0
284150.45237616164	965.0
284187.34117570246	964.0
284222.3300193766	962.0
284255.4739969177	965.0
284293.61289666675	966.0
284331.062436379	966.0
284366.993747902	967.0
284404.5199271792	965.0
284440.87437155144	967.0
284443.8871896878	967.0
284478.2000376631	962.0
284513.8581579869	961.0
284550.7882604089	964.0
284590.0676160957	965.0
284630.612984982	961.0
284672.25844583596	961.0
284708.4929692968	966.0
284739.3888318923	965.0
284770.28469448775	962.0
284801.1805570832	963.0
284832.0764196787	964.0
284862.9722822741	964.0
284893.8681448696	963.0
284924.76400746504	965.0
284955.6598700605	964.0
284986.555732656	963.0
285017.45159525145	963.0
285048.3474578469	964.0
285079.2433204424	965.0
285110.13918303786	965.0
285141.03504563327	968.0
285171.93090822874	963.0
285202.8267708242	965.0
285233.7226334197	966.0
285264.61849601514	967.0
285295.5143586106	964.0
285326.4102212061	962.0
285357.30608380155	960.0
285388.201946397	960.0
285421.91291449964	960.0
285459.6424566625	963.0
285497.3719988253	966.0
285535.10154098814	971.0
285572.831083151	970.0
285611.2942695508	961.0
285648.5442981224	954.0
285684.4025748054	956.0
285718.54738933843	958.0
285724.5586380177	958.0
285762.70433315454	962.0
285799.22585713066	960.0
285828.184097134	956.0
285857.580310752	957.0
285893.91994403396	958.0
285931.8649153618	959.0
285971.46877635276	970.0
286016.60011797596	978.0
286063.57621534815	973.0
286112.15610887256	962.0
286160.488008747	965.0
286209.9122595604	967.0
286260.2048427669	968.0
286311.14331998624	963.0
286371.38157704007	963.0
286420.9624903281	964.0
286470.5434036162	970.0
286509.685014974	970.0
286548.8266263318	967.0
286587.9682376896	964.0
286627.1098490473	962.0
286666.2514604051	964.0
286700.3939526278	965.0
286734.53644485044	962.0
286768.67893707316	961.0
286802.8214292958	961.0
286854.4484509462	959.0
286906.0754725966	962.0
286957.702494247	966.0
286991.8692315819	966.0
287026.03596891684	965.0
287060.20270625176	960.0
287094.36944358674	962.0
287130.1327993826	964.0
287165.8961551785	963.0
287201.8089126785	966.0
287237.7216701785	966.0
287269.0189501983	962.0
287300.3162302181	962.0
287331.6135102379	962.0
287362.9107902577	964.0
287394.20807027747	965.0
287425.50535029726	966.0
287467.537422672	964.0
287509.5694950466	961.0
287551.60156742134	961.0
287582.3035619297	962.0
287613.00555643794	966.0
287643.7075509463	966.0
287674.40954545455	971.0
287705.1115399629	971.0
287750.1663470266	965.0
287795.2211540903	962.0
287837.67900887097	965.0
287880.1368636516	965.0
287922.5947184323	962.0
287956.7826628266	959.0
287990.9706072209	959.0
288025.1585516152	960.0
288059.3464960095	961.0
288093.5344404038	961.0
288127.7223847981	962.0
288161.91032919247	961.0
288196.0982735868	963.0
288230.2862179811	969.0
288264.4741623754	968.0
288298.6621067697	966.0
288331.9429123637	965.0
288365.22371795774	965.0
288398.50452355173	964.0
288431.7853291458	965.0
288465.0661347398	963.0
288498.3469403338	962.0
288531.62774592784	961.0
288564.90855152183	965.0
288598.1893571159	966.0
288631.4701627099	966.0
288664.7509683039	966.0
288697.08226855146	964.0
288729.41356879903	965.0
288761.74486904655	966.0
288794.07616929413	967.0
288826.4074695417	965.0
288858.7387697893	964.0
288876.19588898134	965.0
288926.26444362855	963.0
288976.1910943451	962.0
289025.9147530533	963.0
289075.4161787808	966.0
289124.75700345694	964.0
289182.00797329977	960.0
289239.5291300075	958.0
289297.3884955542	960.0
289355.5702753893	959.0
289408.42037354416	969.0
289461.4595281469	971.0
289514.62520203594	966.0
289567.8371514998	955.0
289621.00857199857	967.0
289680.11547904916	968.0
289738.8189110473	967.0
289796.74639776663	966.0
289832.23623986705	967.0
289867.72608196747	971.0
289903.2159240679	972.0
289950.79936384194	972.0
289995.4608838481	967.0
290036.72164571646	967.0
290072.2572774021	966.0
290105.42037962674	960.0
290137.1521599002	958.0
290163.6960547857	958.0
290191.51170902676	961.0
290221.0131092947	963.0
290255.6017457058	964.0
290292.49459053995	964.0
290331.4653507287	961.0
290383.3180385049	963.0
290437.30361243075	965.0
290492.7304185695	965.0
290548.95720084425	961.0
290604.21739877015	954.0
290659.1207370438	969.0
290696.80812409485	967.0
290734.49551114585	966.0
290772.1828981969	966.0
290809.870285248	967.0
290852.1079723936	960.0
290891.89580792835	958.0
290932.7560373171	957.0
290972.27296857844	960.0
291011.2838948849	961.0
291044.35693932977	961.0
291078.9548296599	962.0
291113.2665648093	962.0
291149.25827464263	962.0
291186.779854933	962.0
291238.29590987583	961.0
291278.8475189954	961.0
291319.3991281149	953.0
291359.9507372345	955.0
291400.502346354	958.0
291455.4074178158	959.0
291512.2489012307	963.0
291568.48161881993	976.0
291589.86361290514	973.0
291620.35285071447	967.0
291650.8420885238	965.0
291681.3313263331	967.0
291711.82056414237	969.0
291742.3098019517	970.0
291772.799039761	970.0
291804.11404386186	964.0
291835.42904796277	963.0
291866.7440520636	965.0
291898.05905616446	965.0
291929.37406026537	962.0
291967.977804869	963.0
292006.5815494727	962.0
292045.18529407633	955.0
292083.78903868	947.0
292122.39278328366	954.0
292160.99652788736	962.0
292194.77586724784	959.0
292234.6519456499	962.0
292274.528024052	963.0
292314.404102454	963.0
292354.2801808561	964.0
292396.72891498543	964.0
292439.1776491147	960.0
292472.2408779894	957.0
292505.3041068641	958.0
292538.3673357388	961.0
292571.43056461355	965.0
292604.49379348825	965.0
292637.55702236295	965.0
292670.62025123765	960.0
292703.68348011235	960.0
292743.0251818829	960.0
292782.36688365345	959.0
292821.708585424	960.0
292861.05028719455	961.0
292895.46211078647	960.0
292929.87393437844	960.0
292964.28575797036	962.0
292998.69758156233	966.0
293033.10940515425	963.0
293065.96637235465	960.0
293098.8233395551	958.0
293129.983430575	958.0
293161.1435215949	961.0
293192.30361261475	960.0
293223.4637036346	959.0
293254.62379465456	961.0
293285.9882850263	965.0
293317.352775398	964.0
293348.7172657697	962.0
293380.08175614144	961.0
293411.4462465132	960.0
293442.81073688495	961.0
293477.99890718254	961.0
293513.18707748014	962.0
293548.37524777773	962.0
293583.5634180753	956.0
293620.742050935	956.0
293657.9206837946	959.0
293695.09931665426	959.0
293732.2779495139	962.0
293769.45658237353	963.0
293818.5931814873	961.0
293867.72978060105	963.0
293927.48488197743	959.0
293979.8845093297	960.0
294031.8680846126	967.0
294083.26234551065	966.0
294133.89622836147	964.0
294183.6803296257	954.0
294223.3027992928	951.0
294262.49779763183	955.0
294301.35184852674	956.0
294345.3883104513	956.0
294389.4973361525	959.0
294433.7482466107	961.0
294478.11800613656	967.0
294524.75553109054	966.0
294571.54538092326	964.0
294618.5445958009	959.0
294673.7320597431	961.0
294675.9979182282	957.0
294706.8742286546	959.0
294737.75053908105	958.0
294768.62684950745	959.0
294799.5031599339	960.0
294830.3794703603	955.0
294861.25578078674	955.0
294892.13209121313	956.0
294923.0084016396	959.0
294953.884712066	962.0
294984.7610224924	958.0
295015.6373329188	957.0
295048.20943898463	962.0
295080.7815450504	962.0
295113.3536511162	961.0
295145.92575718195	960.0
295178.49786324776	959.0
295211.12895720184	963.0
295243.76005115587	965.0
295276.39114510996	962.0
295309.02223906404	959.0
295341.65333301807	959.0
295374.28442697215	959.0
295406.9155209262	962.0
295439.54661488027	961.0
295472.17770883435	961.0
295503.62355034123	963.0
295535.0693918481	963.0
295566.515233355	960.0
295597.9610748619	957.0
295629.40691636875	953.0
295660.85275787563	954.0
295692.2985993825	959.0
295723.7444408894	959.0
295755.1902823963	958.0
295786.63612390315	960.0
295818.08196541003	962.0
295849.5278069169	962.0
295880.97364842385	963.0
295922.296849076	963.0
295963.62004972814	960.0
296004.9432503803	961.0
296046.2664510324	962.0
296087.58965168457	963.0
296128.9128523367	963.0
296160.1237055457	963.0
296191.33455875464	961.0
296222.54541196366	961.0
296253.7562651726	961.0
296284.9671183816	961.0
296316.17797159054	961.0
296352.3931381259	959.0
296388.60830466123	958.0
296424.82347119664	959.0
296461.038637732	961.0
296497.2538042673	962.0
296533.46897080267	963.0
296569.6841373381	962.0
296610.4566863115	963.0
296651.22923528496	961.0
296692.0017842584	959.0
296732.7743332318	961.0
296773.54688220524	963.0
296814.3194311787	963.0
296855.0919801521	963.0
296895.86452912557	962.0
296926.1512111368	960.0
296956.437893148	960.0
296986.7245751592	964.0
297017.0112571704	961.0
297047.2979391817	960.0
297077.5846211929	959.0
297107.8713032041	958.0
297138.1579852153	959.0
297168.4446672265	960.0
297198.7313492377	962.0
297229.01803124894	961.0
297259.30471326015	959.0
297289.5913952714	961.0
297319.8780772826	962.0
297350.16475929384	961.0
297380.45144130505	959.0
297410.73812331626	960.0
297441.02480532747	960.0
297474.0188516808	959.0
297507.01289803407	959.0
297540.0069443874	960.0
297573.0009907407	959.0
297605.995037094	959.0
297638.9890834473	959.0
297671.98312980065	961.0
297704.9771761539	961.0
297737.97122250724	959.0
297770.9652688605	961.0
297803.95931521384	961.0
297836.95336156717	963.0
297869.94740792044	963.0
297902.94145427376	961.0
297914.7400854926	961.0
297963.37125591317	958.0
298012.00242633367	957.0
298060.6335967542	969.0
298109.2647671747	966.0
298144.10092601913	964.0
298178.93708486354	962.0
298213.77324370795	962.0
298248.48941427947	962.0
298283.205584851	961.0
298317.9217554225	959.0
298352.637925994	959.0
298387.3540965655	959.0
298421.03587771585	960.0
298454.71765886614	960.0
298488.3994400165	961.0
298522.0812211668	950.0
298555.7630023171	945.0
298589.44478346745	949.0
298623.1265646178	958.0
298656.8083457681	959.0
298690.4901269184	958.0
298725.11198040907	959.0
298759.7338338997	959.0
298811.6718835127	960.0
298863.6099331256	958.0
298895.184468657	959.0
298926.75900418847	960.0
298958.33353971987	962.0
298989.9080752513	964.0
299029.1911850169	962.0
299068.47429478244	960.0
299107.757404548	965.0
299143.83032073075	970.0
299179.9032369135	971.0
299215.9761530963	962.0
299252.04906927905	960.0
299288.1219854618	962.0
299327.14823621773	962.0
299366.17448697373	961.0
299405.20073772967	960.0
299444.22698848567	961.0
299483.2532392416	963.0
299517.1521982511	962.0
299551.05115726066	959.0
299584.95011627016	958.0
299618.84907527966	958.0
299652.7480342892	956.0
299686.6469932987	957.0
299720.5459523082	958.0
299754.4449113178	960.0
299788.3438703273	959.0
299822.24282933684	958.0
299856.14178834634	957.0
299890.04074735584	961.0
299923.9397063654	965.0
299955.3796005902	969.0
299986.819494815	970.0
300018.2593890398	962.0
300049.69928326464	962.0
300081.1391774894	963.0
300112.5790717142	968.0
300144.018965939	967.0
300175.4588601638	962.0
300210.32401550293	960.0
300245.18917084206	957.0
300280.0543261811	952.0
300314.91948152025	950.0
300345.6578857628	950.0
300376.3962900053	947.0
300407.13469424786	941.0
300437.8730984904	942.0
300468.6115027329	943.0
300499.34990697546	947.0
300530.088311218	954.0
300560.8267154605	961.0
300591.56511970307	960.0
300625.96213331324	955.0
300660.35914692347	955.0
300694.75616053364	959.0
300729.15317414387	960.0
300763.55018775404	960.0
300797.94720136427	960.0
300832.34421497444	960.0
300891.2081002395	962.0
300950.0719855046	961.0
300983.6921486747	961.0
301017.3123118448	961.0
301050.9324750149	958.0
301084.552638185	956.0
301118.1728013551	959.0
301130.1005139276	959.0
301164.25814414624	958.0
301198.41577436496	957.0
301232.5734045836	957.0
301266.7310348023	956.0
301300.88866502093	959.0
301335.04629523965	961.0
301369.2039254583	959.0
301403.36155567697	955.0
301437.5191858956	951.0
301471.67681611434	958.0
301505.834446333	953.0
301546.96405519167	960.0
301565.810528893	960.0
301575.94931016647	961.0
301611.05049622647	961.0
301646.15168228647	960.0
301681.25286834646	959.0
301716.35405440646	958.0
301751.45524046646	959.0
301782.7846921094	960.0
301814.1141437523	960.0
301845.44359539525	959.0
301876.7730470381	961.0
301928.0773191273	959.0
301979.38159121637	953.0
302030.6858633055	953.0
302065.5347649997	961.0
302100.3836666939	962.0
302135.23256838805	961.0
302170.0814700823	960.0
302204.93037177646	961.0
302214.80633135664	960.0
302227.93474986544	961.0
302262.77779403667	961.0
302297.6208382079	960.0
302332.4638823791	961.0
302367.30692655034	963.0
302402.14997072157	962.0
302436.99301489274	959.0
302471.83605906396	959.0
302503.7885052912	960.0
302535.74095151847	960.0
302567.6933977457	957.0
302599.645843973	958.0
302634.4862719098	959.0
302669.3266998466	961.0
302704.1671277834	961.0
302739.0075557203	961.0
302775.1942892646	965.0
302811.381022809	962.0
302847.56775635335	958.0
302883.7544898977	958.0
302919.9412234421	957.0
302956.1279569864	955.0
302997.26913138124	956.0
303038.410305776	958.0
303079.5514801708	960.0
303120.69265456556	960.0
303161.83382896037	958.0
303202.9750033551	965.0
303244.11617774994	967.0
303283.78449396836	962.0
303323.4528101868	956.0
303363.1211264052	957.0
303414.51300045545	959.0
303465.14210885466	961.0
303514.8113534897	963.0
303567.6702013088	961.0
303619.46322066284	958.0
303670.2823017481	957.0
303709.4467803777	958.0
303748.4690170432	959.0
303787.5649295741	959.0
303836.9805526054	957.0
303887.43546965567	959.0
303933.727302186	957.0
303980.99812624423	958.0
304033.9343217238	952.0
304066.96225681633	950.0
304099.99019190884	954.0
304133.01812700136	962.0
304166.04606209387	967.0
304199.0739971864	966.0
304234.56803339766	961.0
304270.0620696089	960.0
304305.5561058202	959.0
304341.05014203145	959.0
304380.050650314	958.0
304419.0511585966	959.0
304458.0516668792	957.0
304497.0521751618	957.0
304536.05268344434	958.0
304574.27743524493	958.0
304612.5021870455	959.0
304650.7269388462	959.0
304688.95169064676	956.0
304727.17644244735	958.0
304765.40119424794	955.0
304803.62594604853	946.0
304849.29728258844	959.0
304894.9686191283	962.0
304940.6399556682	963.0
304975.7249283419	958.0
305010.80990101566	957.0
305045.8948736894	959.0
305080.97984636313	965.0
305116.06481903687	968.0
305149.60929580545	962.0
305183.15377257403	959.0
305216.6982493426	958.0
305250.24272611126	957.0
305283.78720287984	955.0
305314.1883640082	956.0
305344.5895251366	959.0
305375.5709745209	959.0
305406.55242390523	956.0
305437.53387328953	959.0
305468.51532267383	964.0
305499.4967720582	963.0
305530.6292120241	958.0
305561.76165199	959.0
305592.8940919559	962.0
305624.0265319218	960.0
305655.1589718877	965.0
305686.2914118536	961.0
305717.42385181953	958.0
305748.55629178544	959.0
305758.62868774467	959.0
305789.25610293966	960.0
305820.81599388266	960.0
305853.4385418308	959.0
305900.21391648316	955.0
305949.3350006819	955.0
305984.9198526114	950.0
306021.41990768275	950.0
306066.2047294425	958.0
306083.5634602718	958.0
306117.00689962495	963.0
306150.45033897815	957.0
306183.8937783313	954.0
306217.3372176844	953.0
306250.78065703757	954.0
306284.22409639077	956.0
306317.6675357439	956.0
306351.11097509705	955.0
306384.5544144502	956.0
306417.9978538034	958.0
306451.44129315653	958.0
306484.8847325097	957.0
306518.3281718628	956.0
306551.771611216	956.0
306585.21505056915	957.0
306624.4874265634	958.0
306663.7598025577	957.0
306703.03217855195	954.0
306742.30455454625	954.0
306781.5769305405	948.0
306820.84930653474	955.0
306860.12168252905	958.0
306899.3940585233	958.0
306912.1165923411	957.0
306960.52099969954	959.0
307013.7392434138	960.0
307066.9391806453	956.0
307108.66349715495	955.0
307143.66922556405	957.0
307178.6749539731	958.0
307213.6806823822	960.0
307248.68641079124	965.0
307283.69213920034	968.0
307318.6978676094	966.0
307353.7035960185	963.0
307388.70932442753	959.0
307423.71505283663	956.0
307455.91400239366	957.0
307488.1129519507	959.0
307520.3119015077	960.0
307552.51085106476	959.0
307584.7098006218	958.0
307616.9087501788	957.0
307649.10769973585	957.0
307681.3066492929	958.0
307713.50559884985	959.0
307745.7045484069	958.0
307777.9034979639	958.0
307810.10244752094	957.0
307843.20605277293	958.0
307876.309658025	958.0
307909.413263277	959.0
307942.51686852897	960.0
307975.62047378096	960.0
308008.724079033	955.0
308041.827684285	958.0
308074.931289537	959.0
308108.03489478905	960.0
308141.13850004104	960.0
308174.24210529303	960.0
308207.3457105451	962.0
308240.4493157971	954.0
308280.126120854	957.0
308319.802925911	959.0
308359.4797309679	954.0
308399.1565360248	951.0
308434.1218597748	958.0
308485.80476081034	959.0
308537.5737818036	957.0
308590.53300228756	963.0
308643.70984861633	966.0
308697.092695372	955.0
308750.63145403937	954.0
308802.4743681012	953.0
308844.72553510446	953.0
308882.2246854539	955.0
308919.7238358034	963.0
308957.2229861529	965.0
308958.1864570789	965.0
308995.34028661676	962.0
309032.4941161546	960.0
309069.64794569253	959.0
309106.8017752304	956.0
309143.95560476824	957.0
309181.1094343061	956.0
309207.74018402473	957.0
309243.8369570143	955.0
309279.9337300038	954.0
309316.0305029933	955.0
309352.1272759828	955.0
309388.22404897236	954.0
309429.8591717267	954.0
309473.34749674564	958.0
309516.83582176466	957.0
309560.3241467836	956.0
309603.8124718026	957.0
309647.3007968216	957.0
309690.78912184056	955.0
309727.05202029843	954.0
309763.3149187563	953.0
309799.5778172142	953.0
309835.84071567206	958.0
309872.10361412994	959.0
309887.12321015284	958.0
309905.1010502488	958.0
309952.6918570295	957.0
309960.72414880747	957.0
310003.80951915716	955.0
310046.8948895068	958.0
310089.9802598565	954.0
310132.6574592399	952.0
310175.3346586233	955.0
310218.0118580067	959.0
310260.6890573901	958.0
310303.36625677353	954.0
310346.0434561569	957.0
310379.3327645322	955.0
310412.6220729075	955.0
310445.9113812828	955.0
310479.20068965806	958.0
310512.4899980333	960.0
310545.77930640866	963.0
310576.22186641995	961.0
310606.66442643123	959.0
310637.10698644246	957.0
310667.54954645375	956.0
310697.99210646504	955.0
310748.94675638014	958.0
310799.90140629525	961.0
310843.2265027164	957.0
310886.5515991376	955.0
310929.8766955587	956.0
310973.2017919799	960.0
311033.1103168166	959.0
311091.7334530834	954.0
311148.6235706731	953.0
311203.39579956146	960.0
311251.2318256235	964.0
311280.0920096977	959.0
311297.1806203081	953.0
311341.39710704365	954.0
311385.1544286498	957.0
311428.8698839503	958.0
311463.9674709763	957.0
311476.168652734	955.0
311499.9049850185	955.0
311536.84214792284	957.0
311585.2596614508	957.0
311635.565389912	957.0
311687.5472138387	960.0
311708.0339410038	962.0
311749.92587330163	959.0
311789.0602677584	956.0
311828.1946622151	955.0
311867.3290566718	956.0
311906.46345112857	960.0
311945.59784558526	961.0
311984.732240042	959.0
312023.86663449876	955.0
312074.4372917757	954.0
312125.00794905267	951.0
312175.5786063296	953.0
312226.14926360664	955.0
312258.16453724174	955.0
312290.17981087684	955.0
312322.1950845119	956.0
312354.210358147	956.0
312386.2256317821	955.0
312418.2409054172	955.0
312450.2561790523	957.0
312482.27145268733	959.0
312514.28672632243	959.0
312544.5979529203	958.0
312574.9091795181	956.0
312605.220406116	954.0
312635.5316327138	955.0
312665.84285931167	958.0
312696.15408590954	957.0
312726.46531250735	958.0
312745.9138477411	958.0
312796.04345829075	958.0
312839.75409513875	957.0
312882.39542265574	956.0
312923.8523798498	957.0
312964.17699760484	957.0
313003.9825688791	954.0
313043.32708791195	954.0
313082.4291610719	955.0
313121.54633491865	956.0
313124.56163685623	956.0
313159.7591061264	954.0
313198.85309905943	950.0
313238.8779272423	949.0
313272.0692399872	953.0
313305.26055273204	955.0
313338.4518654769	954.0
313371.64317822177	960.0
313420.01521394064	960.0
313468.74449419347	957.0
313478.9979485731	961.0
313517.71042304765	962.0
313560.54752341646	960.0
313603.5814889487	958.0
313646.78960197145	955.0
313678.71680857526	953.0
313710.644015179	953.0
313742.5712217828	956.0
313774.49842838664	957.0
313829.4974565586	955.0
313884.7893349898	955.0
313917.3485831442	957.0
313949.9078312986	960.0
313982.467079453	965.0
314015.02632760745	960.0
314047.58557576186	956.0
314080.14482391626	955.0
314112.09581268975	953.0
314144.04680146324	952.0
314175.9977902367	953.0
314207.9487790102	955.0
314239.8997677837	956.0
314271.85075655725	959.0
314303.80174533074	960.0
314335.75273410423	959.0
314367.7037228777	959.0
314399.6547116512	958.0
314431.6057004247	954.0
314463.5566891982	953.0
314495.5076779717	961.0
314527.45866674517	965.0
314559.40965551866	957.0
314591.36064429214	952.0
314629.6567388789	953.0
314667.95283346565	955.0
314706.24892805243	954.0
314744.5450226392	953.0
314786.1698534008	958.0
314827.7946841623	958.0
314869.4195149239	956.0
314911.04434568546	951.0
314947.14354336134	960.0
314983.2427410372	962.0
315019.3419387131	963.0
315055.441136389	960.0
315091.54033406486	960.0
315127.6395317408	960.0
315163.7387294167	960.0
315198.9571225077	957.0
315234.1755155986	956.0
315269.3939086896	950.0
315304.61230178055	953.0
315339.83069487155	957.0
315375.04908796254	961.0
315410.2674810535	956.0
315445.4858741445	950.0
315480.7042672355	952.0
315515.9226603264	954.0
315551.1410534174	957.0
315586.35944650834	957.0
315621.57783959934	956.0
315656.79623269034	956.0
315692.0146257813	958.0
315727.23301887227	952.0
315790.26035979204	950.0
315828.1599352761	950.0
315866.05951076007	951.0
315903.9590862441	955.0
315960.82840939966	957.0
316000.2093471901	957.0
316039.5902849805	959.0
316078.9712227709	961.0
316123.2913436668	951.0
316167.61146456265	950.0
316211.9315854585	953.0
316256.2517063543	958.0
316315.34835353284	964.0
316374.44500071136	960.0
316433.532523096	955.0
316492.614166935	956.0
316551.70566002256	953.0
316611.36285360105	955.0
316654.112506476	957.0
316696.86215935095	961.0
316739.6118122259	962.0
316782.36146510084	957.0
316825.1111179758	954.0
316867.86077085073	957.0
316910.6104237257	959.0
316964.14092974376	957.0
316998.5927398591	955.0
317033.0445499744	955.0
317067.4963600897	951.0
317101.948170205	953.0
317136.39998032025	953.0
317170.85179043555	953.0
317205.30360055086	951.0
317239.75541066617	953.0
317270.2896349428	953.0
317300.8238592194	952.0
317331.358083496	953.0
317361.8923077726	955.0
317392.4265320492	955.0
317434.1430929078	953.0
317475.8596537664	953.0
317507.8996316357	950.0
317557.460040418	948.0
317607.0204492003	961.0
317656.5808579826	955.0
317706.14126676496	952.0
317755.7016755472	954.0
317791.5721737513	953.0
317827.4426719554	950.0
317863.3131701594	951.0
317899.1836683635	951.0
317935.05416656757	948.0
317969.1487993092	945.0
318003.2434320508	948.0
318037.33806479245	954.0
318043.13251989667	954.0
318083.52442067175	955.0
318131.39348878915	956.0
318179.26255690656	955.0
318227.13162502396	954.0
318286.041829152	952.0
318345.77946483553	952.0
318395.1047840435	955.0
318444.4301032515	958.0
318481.902338615	963.0
318519.3745739785	969.0
318556.846809342	964.0
318594.3190447055	964.0
318631.7912800689	963.0
318669.2635154324	961.0
318706.7357507959	961.0
318763.24022712285	959.0
318819.54842795996	966.0
318821.43534520967	966.0
318857.85762160516	967.0
318894.2798980007	965.0
318930.7021743962	967.0
318967.12445079174	966.0
319003.54672718723	963.0
319039.9690035827	955.0
319076.39127997827	951.0
319112.7699608401	953.0
319149.14864170196	952.0
319185.52732256387	952.0
319221.9060034257	953.0
319257.51336827007	953.0
319293.1207331144	953.0
319327.44068458193	955.0
319361.76063604944	952.0
319396.08058751695	958.0
319446.79320601857	957.0
319480.45768573304	956.0
319514.1221654475	956.0
319547.786645162	956.0
319581.45112487645	955.0
319615.1156045909	953.0
319648.7800843054	953.0
319682.44456401985	952.0
319716.1090437343	952.0
319749.7735234488	953.0
319783.43800316326	954.0
319817.10248287773	953.0
319850.7669625922	953.0
319884.43144230667	953.0
319918.09592202114	955.0
319955.84074704035	955.0
319993.58557205956	955.0
320031.33039707877	953.0
320069.075222098	950.0
320106.82004711725	950.0
320144.27557915956	954.0
320181.7311112018	951.0
320219.1866432441	953.0
320256.6421752864	953.0
320288.9319287558	954.0
320321.2216822251	961.0
320353.5114356945	958.0
320385.8011891639	956.0
320418.0909426332	956.0
320450.38069610257	956.0
320482.6704495719	956.0
320514.9602030413	956.0
320547.24995651067	957.0
320579.53970998	954.0
320611.82946344936	953.0
320644.1192169187	954.0
320676.4089703881	956.0
320707.10001651576	952.0
320737.7910626434	945.0
320768.4821087711	951.0
320799.17315489874	960.0
320829.8642010264	961.0
320860.555247154	961.0
320891.2462932817	960.0
320926.28604739765	961.0
320961.3258015136	960.0
320996.36555562954	959.0
321031.4053097455	958.0
321066.44506386144	961.0
321101.4848179774	963.0
321136.1327580802	962.0
321170.780698183	968.0
321205.4286382857	966.0
321240.0765783885	963.0
321245.4692139874	963.0
321291.6913331519	962.0
321339.44487657025	951.0
321388.30490926845	957.0
321437.9828050718	953.0
321481.02577507804	950.0
321497.74745332147	952.0
321524.6191108537	955.0
321568.6997143422	960.0
321622.5732931984	952.0
321676.8265045839	951.0
321732.0981621491	953.0
321787.36981971434	953.0
321843.32020560553	952.0
321898.9991396973	953.0
321954.3562475079	954.0
322013.16441071266	954.0
322071.7124695001	967.0
322129.95800158835	962.0
322187.8470916172	952.0
322245.3840495347	968.0
322296.9537972821	961.0
322348.46594843356	959.0
322400.0084090424	958.0
322451.73217270966	955.0
322503.7394330908	951.0
322555.9685115733	955.0
322592.3162292511	954.0
322628.663946929	957.0
322665.0116646068	957.0
322701.3593822847	958.0
322750.2677807951	959.0
322798.3654119462	960.0
322845.47795856814	954.0
322891.60385530983	949.0
322928.7577748382	952.0
322930.12649512035	952.0
322968.3738957647	953.0
323006.5522821563	953.0
323046.3947964232	952.0
323086.8537308922	951.0
323133.69734819146	959.0
323181.49879110896	954.0
323230.36370819696	944.0
323279.2286252849	952.0
323328.0935423729	956.0
323382.37679451914	956.0
323436.66004666535	953.0
323495.776525689	955.0
323554.67467177316	958.0
323613.5728178573	958.0
323666.37507475214	952.0
323718.83544417773	950.0
323771.01547745673	952.0
323826.97216368106	958.0
323883.0499944623	959.0
323924.4116924553	960.0
323965.77339044824	959.0
324007.13508844125	961.0
324048.4967864342	954.0
324102.86007833673	956.0
324158.26675504894	957.0
324213.74801544694	954.0
324269.3518666453	951.0
324318.3667077501	952.0
324367.54524286883	953.0
324416.83333831886	958.0
324463.29537965596	955.0
324509.75742099306	956.0
324556.21946233016	957.0
324600.8317111188	957.0
324645.04127816384	953.0
324693.8987954926	951.0
324742.2305065186	951.0
324790.1320044733	951.0
324840.4088800008	953.0
324890.844097871	956.0
324932.105475427	952.0
324973.6104141477	951.0
325007.2893349021	953.0
325040.9682556565	954.0
325074.6471764108	952.0
325108.3260971652	954.0
325154.333861566	956.0
325191.54295528954	958.0
325228.45389162697	955.0
325265.1229308867	953.0
325317.6876630269	952.0
325354.71928816446	955.0
325370.5841083375	955.0
325421.1098016927	954.0
325472.5070716411	955.0
325524.72750206914	957.0
325582.77746298665	957.0
325588.53772530245	956.0
325629.3754540326	951.0
325670.21318276285	953.0
325711.050911493	951.0
325751.8886402232	951.0
325792.7263689534	953.0
325833.5640976836	955.0
325874.63613657973	951.0
325915.7081754758	951.0
325956.780214372	953.0
325997.8522532681	955.0
326038.9242921643	955.0
326073.3902921024	955.0
326107.85629204055	954.0
326142.32229197875	951.0
326176.7882919169	932.0
326211.25429185503	935.0
326245.7202917932	951.0
326289.4805679613	960.0
326323.4135758491	956.0
326357.34658373694	956.0
326391.27959162474	956.0
326425.2125995126	954.0
326459.1456074004	952.0
326488.3803440299	951.0
326524.04271851847	954.0
326559.705093007	953.0
326595.36746749555	954.0
326631.0298419841	954.0
326666.69221647264	953.0
326716.11711590923	955.0
326765.54201534577	955.0
326814.96691478236	955.0
326847.29776480113	956.0
326879.6286148199	958.0
326911.95946483867	957.0
326944.29031485744	954.0
326976.6211648762	946.0
327008.952014895	942.0
327041.28286491375	947.0
327076.45278456074	953.0
327111.6227042077	951.0
327146.79262385465	952.0
327181.96254350164	951.0
327212.4572836219	952.0
327242.95202374214	953.0
327273.44676386233	954.0
327303.9415039826	952.0
327334.43624410284	954.0
327364.9309842231	955.0
327395.42572434334	955.0
327425.9204644636	954.0
327456.4152045838	953.0
327486.90994470404	951.0
327517.4046848243	950.0
327547.89942494454	951.0
327578.3941650648	952.0
327608.88890518504	953.0
327639.38364530524	953.0
327669.8783854255	952.0
327700.37312554574	951.0
327734.03510608396	951.0
327767.6970866222	952.0
327801.35906716046	953.0
327835.0210476987	952.0
327868.6830282369	949.0
327903.98285168095	948.0
327939.28267512505	950.0
327974.5824985691	949.0
328009.88232201315	950.0
328045.1821454572	952.0
328080.4819689013	951.0
328115.78179234534	948.0
328142.9808475807	948.0
328174.09325024986	950.0
328203.92917240335	951.0
328233.24653470475	952.0
328261.9854430802	953.0
328303.514789925	953.0
328344.44787598995	952.0
328360.4547197353	956.0
328397.34565380315	954.0
328434.23658787104	953.0
328471.1275219389	956.0
328508.0184560067	955.0
328544.90939007455	949.0
328581.80032414244	948.0
328618.6912582103	957.0
328655.5821922781	954.0
328692.473126346	952.0
328729.36406041385	951.0
328766.2549944817	952.0
328820.8286869937	951.0
328875.4023795057	955.0
328916.4298400845	954.0
328957.4573006634	951.0
328998.48476124223	951.0
329039.5122218211	952.0
329074.00376820477	955.0
329108.4953145884	957.0
329142.9868609721	954.0
329177.4784073557	955.0
329211.9699537394	954.0
329246.461500123	955.0
329280.9530465066	954.0
329315.4445928903	954.0
329338.44401976204	954.0
329382.6185651783	954.0
329426.73411201296	955.0
329482.9120132952	954.0
329539.4023175563	949.0
329596.24274029076	951.0
329648.09054870595	949.0
329700.1571122593	948.0
329752.42896132485	953.0
329806.6657346444	953.0
329861.1682653243	955.0
329915.8665078762	952.0
329959.4806205734	952.0
330003.0947332705	952.0
330046.7088459677	955.0
330090.32295866485	957.0
330147.7413487856	960.0
330202.3516783606	957.0
330256.14791417186	957.0
330308.9901827824	958.0
330360.88704753923	959.0
330411.8394348262	958.0
330462.51354172284	956.0
330513.07359150075	965.0
330558.4822309619	970.0
330604.0962632416	958.0
330649.9633142613	964.0
330697.7182101717	961.0
330745.8542987117	946.0
330753.8927682133	945.0
330794.38308480894	957.0
330841.2271679947	966.0
330888.5320706677	963.0
330945.2916436363	951.0
331002.7331106673	958.0
331057.38530150225	957.0
331112.4824196765	959.0
331167.57953785075	956.0
331222.67665602505	954.0
331279.8854411347	951.0
331336.5609362286	952.0
331392.4906869308	951.0
331444.7282567775	956.0
331496.07386605087	952.0
331546.33571068576	957.0
331595.32101432636	958.0
331643.9001775252	952.0
331691.08061577193	951.0
331736.9990518076	951.0
331774.30468360137	949.0
331811.59006658534	947.0
331849.2181221824	950.0
331895.3752844738	950.0
331943.3799634079	952.0
331998.1229668328	951.0
332033.96617479884	947.0
332069.809382765	949.0
332105.65259073104	952.0
332141.4957986971	953.0
332184.84836483246	949.0
332234.52871052874	956.0
332283.25848253316	956.0
332330.7651758574	959.0
332368.0269989486	955.0
332404.4984630096	954.0
332440.3389836346	951.0
332486.3516232791	952.0
332532.7498977916	952.0
332578.5188866187	954.0
332625.3483068408	951.0
332673.31923802756	945.0
332723.2836309654	947.0
332774.6353635803	949.0
332827.1272675191	966.0
332864.50330380653	956.0
332901.879340094	960.0
332939.2553763814	962.0
332976.6314126688	955.0
333024.1450082294	951.0
333070.7753720062	952.0
333116.26652148925	954.0
333156.3894900877	952.0
333195.444493032	951.0
333233.3969588121	951.0
333282.46907460655	950.0
333330.1027139794	954.0
333377.5386445531	958.0
333424.64888844953	961.0
333465.0462805365	958.0
333505.8754187633	962.0
333554.27059113496	966.0
333603.68238273065	971.0
333640.9878742911	963.0
333679.4532138658	962.0
333719.0923078228	963.0
333751.9256925733	957.0
333788.6501754409	957.0
333825.3746583084	946.0
333862.099141176	948.0
333898.8236240435	950.0
333933.112275169	948.0
333967.4009262945	948.0
334001.68957742	951.0
334035.9782285455	953.0
334070.266879671	954.0
334109.32551848615	949.0
334148.3841573013	950.0
334187.44279611646	950.0
334227.0612047091	949.0
334266.6796133017	950.0
334306.29802189436	948.0
334339.8843258849	949.0
334373.47062987543	953.0
334407.056933866	957.0
334440.64323785657	952.0
334474.22954184713	947.0
334507.81584583764	953.0
334567.5474040105	950.0
334599.54819034494	948.0
334631.54897667933	948.0
334663.5497630138	949.0
334695.5505493482	951.0
334727.5513356826	951.0
334759.5521220171	952.0
334792.15482893685	952.0
334824.7575358566	949.0
334857.3602427764	944.0
334889.9629496962	943.0
334922.56565661595	945.0
334955.1683635357	947.0
334987.77107045555	950.0
335020.3737773753	951.0
335052.9764842951	952.0
335076.20773116103	952.0
335126.3830745831	949.0
335176.17015937384	950.0
335218.37366128684	953.0
335260.5686881338	951.0
335302.8502187196	952.0
335341.8960876405	949.0
335381.2166812601	951.0
335420.84989005246	951.0
335467.0341086209	949.0
335513.65613004705	952.0
335552.11525824596	947.0
335590.5743864449	952.0
335629.0335146438	957.0
335667.49264284276	962.0
335705.95177104167	961.0
335754.7736560814	946.0
335803.326931693	947.0
335853.46536385117	952.0
335903.41734220536	953.0
335953.19836963824	949.0
336002.82296620065	952.0
336053.5881134094	962.0
336104.3389875421	953.0
336158.4896548938	976.0
336212.9118835726	967.0
336257.4886075352	944.0
336302.22805700725	952.0
336323.68413709133	951.0
336369.6795177641	951.0
336415.6748984369	952.0
336461.6702791096	951.0
336507.6656597824	953.0
336553.66104045516	952.0
336588.31694591936	954.0
336622.9728513836	954.0
336657.6287568478	953.0
336692.2846623121	953.0
336725.0549715386	955.0
336757.82528076513	954.0
336790.59558999166	952.0
336823.36589921825	951.0
336856.1362084448	949.0
336888.9065176713	950.0
336921.67682689783	951.0
336959.41443000134	951.0
336997.1520331048	953.0
337034.8896362083	958.0
337072.6272393118	949.0
337110.36484241526	946.0
337148.1024455188	948.0
337185.8400486223	948.0
337220.07155894046	945.0
337254.30306925863	943.0
337288.5345795768	950.0
337322.766089895	951.0
337356.99760021316	952.0
337391.22911053133	954.0
337423.79187792627	954.0
337454.64550193975	953.0
337485.4991259532	951.0
337516.35274996667	952.0
337547.20637398015	951.0
337597.3644045938	951.0
337647.5224352075	952.0
337694.9957214303	953.0
337742.46900765307	955.0
337789.9422938759	951.0
337837.4155800987	947.0
337876.94166083966	948.0
337916.46774158056	948.0
337955.9938223215	952.0
337995.51990306244	952.0
338031.62780117797	953.0
338067.7356992935	953.0
338103.843597409	951.0
338155.0484743119	949.0
338206.25335121475	955.0
338241.8841909957	951.0
338277.51503077673	949.0
338313.1458705577	950.0
338348.77671033866	946.0
338384.4075501196	949.0
338420.03838990064	951.0
338455.6692296816	951.0
338491.30006946257	952.0
338526.9309092436	953.0
338538.79406186024	951.0
338588.4701102736	949.0
338619.13157227344	952.0
338649.7930342732	958.0
338680.454496273	960.0
338711.11595827277	962.0
338741.7774202726	961.0
338772.43888227234	956.0
338803.10034427216	949.0
338859.99572648166	946.0
338917.0128339419	951.0
338974.1337217748	958.0
339031.33796665503	949.0
339088.6134434419	955.0
339138.908907934	938.0
339189.25042924524	949.0
339239.6249277693	947.0
339290.01252134907	952.0
339340.3911100865	950.0
339375.7891957103	941.0
339411.1872813342	940.0
339446.585366958	959.0
339481.9834525818	953.0
339517.3815382056	951.0
339552.77962382947	950.0
339605.0572243666	954.0
339656.8057205506	953.0
339704.7556849055	951.0
339752.33940974006	950.0
339799.5242997946	949.0
339844.1012890271	951.0
339888.2329593386	952.0
339931.85732453124	954.0
339974.9722599954	951.0
340024.64132258354	950.0
340074.0411576391	948.0
340123.3926930516	944.0
340169.8589044496	952.0
340217.1020503188	955.0
340265.2408915328	950.0
340312.4011749449	951.0
340360.3849368376	950.0
340409.1029787327	949.0
340458.44280224835	954.0
340508.3063538052	954.0
340564.1159828613	947.0
340620.43501239753	951.0
340677.19819135143	951.0
340711.0097463974	950.0
340744.8213014434	950.0
340778.63285648933	949.0
340812.4444115353	948.0
340846.2559665813	952.0
340882.74068700924	951.0
340919.2254074372	936.0
340955.71012786514	932.0
341010.611965882	954.0
341036.96030164446	954.0
341065.52407509496	951.0
341121.9195110022	948.0
341178.00897944736	948.0
341233.512041047	952.0
341288.09807345434	950.0
341335.9494012694	940.0
341382.6085591116	946.0
341435.35635617585	955.0
341464.9059234394	952.0
341485.16472874326	949.0
341531.0132238787	948.0
341566.268099045	947.0
341583.63906889275	949.0
341584.848331991	949.0
341616.5978940311	950.0
341648.3474560712	947.0
341680.09701811126	947.0
341711.84658015135	953.0
341743.59614219144	954.0
341775.3457042315	950.0
341807.0952662716	945.0
341838.8448283117	947.0
341870.5943903518	952.0
341902.3439523919	951.0
341934.09351443197	948.0
341965.84307647205	947.0
341997.59263851214	947.0
342029.6093675933	948.0
342061.6260966745	949.0
342093.64282575564	950.0
342125.6595548368	950.0
342157.676283918	949.0
342189.69301299914	950.0
342221.7097420803	950.0
342253.72647116147	950.0
342285.74320024264	952.0
342317.7599293238	949.0
342349.776658405	947.0
342381.7933874862	948.0
342413.81011656736	955.0
342445.8268456485	955.0
342477.10690052016	951.0
342508.3869553918	946.0
342539.6670102634	946.0
342570.94706513506	946.0
342602.2271200067	946.0
342633.5071748783	947.0
342664.78722974996	949.0
342696.0672846216	949.0
342727.3473394932	950.0
342758.62739436486	948.0
342789.9074492365	949.0
342821.1875041081	947.0
342852.46755897976	947.0
342886.5460061201	948.0
342920.62445326045	949.0
342954.70290040085	951.0
342988.7813475412	950.0
343022.85979468154	951.0
343056.9382418219	951.0
343091.0166889623	954.0
343125.4151938374	950.0
343155.9276392711	949.0
343186.4400847048	946.0
343216.9525301384	947.0
343247.4649755721	948.0
343277.9774210058	946.0
343308.4898664394	948.0
343339.0023118731	951.0
343369.5147573068	952.0
343400.0272027404	950.0
343430.5396481741	949.0
343461.0520936078	950.0
343491.5645390414	954.0
343522.0769844751	956.0
343552.5894299088	958.0
343583.1018753424	958.0
343613.6143207761	954.0
343644.1267662098	949.0
343674.6392116434	954.0
343677.6330640594	954.0
343715.40234542795	953.0
343753.17162679654	953.0
343790.94090816507	953.0
343828.71018953365	951.0
343864.4804943815	950.0
343900.2507992294	952.0
343936.0211040773	950.0
343971.79140892514	952.0
344007.561713773	951.0
344083.69951008767	955.0
344122.7760085059	956.0
344161.85250692413	952.0
344200.92900534236	949.0
344240.00550376053	947.0
344279.08200217877	946.0
344318.158500597	949.0
344357.2349990152	949.0
344394.03423508105	948.0
344430.8334711469	947.0
344467.6327072127	949.0
344504.4319432785	949.0
344541.2311793443	948.0
344578.0304154101	949.0
344614.82965147594	949.0
344646.4082213063	949.0
344677.9867911366	949.0
344709.565360967	949.0
344741.14393079735	945.0
344772.7225006277	940.0
344803.84523443715	943.0
344834.96796824667	946.0
344878.14031710685	948.0
344921.31266596704	947.0
344952.31160639436	952.0
344983.31054682174	953.0
345014.30948724906	952.0
345045.30842767644	950.0
345076.30736810376	949.0
345107.3063085311	948.0
345138.30524895847	948.0
345169.3041893858	947.0
345200.30312981317	946.0
345231.3020702405	946.0
345262.3010106678	948.0
345293.2999510952	949.0
345324.2988915225	950.0
345355.2978319499	951.0
345386.2967723772	950.0
345418.85264264164	951.0
345451.408512906	955.0
345483.9643831704	958.0
345516.52025343484	957.0
345549.07612369925	959.0
345580.5705401822	959.0
345612.0649566651	955.0
345643.559373148	951.0
345675.05378963094	949.0
345706.54820611386	949.0
345738.0426225968	949.0
345769.5370390797	948.0
345801.4716650729	948.0
345841.38404974196	949.0
345881.296434411	950.0
345921.2088190801	950.0
345961.1212037492	948.0
346001.0335884183	950.0
346040.94597308734	949.0
346080.8583577564	947.0
346117.547814243	948.0
346154.2372707296	946.0
346190.9267272163	947.0
346227.6161837029	946.0
346264.3056401895	946.0
346300.9950966761	946.0
346337.6845531628	947.0
346374.3740096494	948.0
346411.063466136	948.0
346447.7529226226	948.0
346484.44237910927	948.0
346521.1318355959	947.0
346556.64178432774	947.0
346592.15173305955	947.0
346627.6616817914	946.0
346663.1716305233	947.0
346698.68157925515	947.0
346734.19152798696	947.0
346769.7014767188	949.0
346805.2114254507	950.0
346840.7213741825	949.0
346872.57660577196	947.0
346904.4318373615	947.0
346936.28706895094	946.0
346968.14230054046	947.0
346999.9975321299	947.0
347031.85276371945	947.0
347063.7079953089	947.0
347095.56322689843	947.0
347127.4184584879	947.0
347159.2736900774	945.0
347191.1289216669	944.0
347222.9841532564	945.0
347261.06904405326	947.0
347299.1539348502	948.0
347337.23882564704	949.0
347375.32371644396	949.0
347395.672544017	948.0
347400.068813236	948.0
347433.0900299322	948.0
347466.11124662834	946.0
347499.1324633245	950.0
347532.15368002065	954.0
347565.17489671684	953.0
347598.19611341297	950.0
347631.21733010915	948.0
347664.23854680534	947.0
347697.25976350147	948.0
347725.30367701966	954.0
347761.2838369253	955.0
347797.26399683097	952.0
347833.2441567366	954.0
347869.22431664227	956.0
347905.2044765479	958.0
347940.6999876405	957.0
347976.1954987331	953.0
348011.6910098257	948.0
348047.1865209182	947.0
348082.6820320108	947.0
348118.1775431034	946.0
348153.673054196	946.0
348189.1685652886	948.0
348224.6640763812	948.0
348260.1595874737	948.0
348298.0917995342	945.0
348336.0240115947	946.0
348373.9562236552	947.0
348411.88843571575	947.0
348449.82064777624	945.0
348487.75285983674	945.0
348525.6850718972	943.0
348563.6172839577	943.0
348601.5494960182	945.0
348639.4817080787	948.0
348670.1987990444	948.0
348700.9158900101	946.0
348731.6329809758	942.0
348762.35007194144	941.0
348793.06716290716	941.0
348823.7842538729	943.0
348854.5013448385	945.0
348885.21843580424	945.0
348926.40985742497	953.0
348967.6012790457	952.0
349008.7927006664	948.0
349049.98412228713	946.0
349091.17554390786	942.0
349128.8609716361	943.0
349166.54639936425	942.0
349204.2318270925	947.0
349241.9172548207	949.0
349279.60268254887	950.0
349317.2881102771	948.0
349354.9735380053	945.0
349394.92998792353	942.0
349434.8864378417	947.0
349473.2295439739	957.0
349511.57265010616	952.0
349549.91575623833	950.0
349588.25886237057	949.0
349619.1526307977	947.0
349650.0463992249	947.0
349680.94016765204	946.0
349711.8339360792	946.0
349742.72770450637	948.0
349773.6214729335	948.0
349804.5152413607	947.0
349835.40900978784	947.0
349866.302778215	947.0
349897.19654664217	949.0
349928.0903150693	948.0
349958.98408349644	948.0
349989.87785192364	954.0
350020.7716203508	955.0
350051.6653887779	953.0
350082.5591572051	952.0
350113.45292563224	952.0
350117.23481706827	952.0
350154.8068742399	950.0
350192.37893141154	949.0
350229.95098858315	950.0
350267.5230457548	947.0
350305.0951029264	944.0
350342.66716009803	944.0
350380.2392172697	946.0
350417.8112744413	942.0
350455.3833316129	944.0
350492.9553887846	945.0
350530.5274459562	945.0
350568.09950312786	944.0
350605.67156029947	947.0
350649.37812086864	952.0
350693.0846814379	948.0
350736.79124200705	946.0
350780.4978025763	941.0
350811.96312264097	953.0
350843.42844270566	950.0
350874.89376277034	948.0
350906.359082835	945.0
350937.8244028997	946.0
350969.2897229644	949.0
351000.75504302914	949.0
351032.22036309383	949.0
351073.5512598526	947.0
351114.88215661136	944.0
351156.2130533701	938.0
351197.54395012883	939.0
351238.8748468876	943.0
351276.2987385379	943.0
351313.7226301881	946.0
351351.1465218384	945.0
351388.57041348866	944.0
351425.9943051389	941.0
351458.93376592116	938.0
351491.87322670344	937.0
351524.81268748577	940.0
351557.75214826805	945.0
351590.6916090503	946.0
351623.6310698326	944.0
351656.5705306149	948.0
351689.50999139715	952.0
351699.02703384927	952.0
351735.65814192884	950.0
351772.28925000835	949.0
351808.9203580879	950.0
351845.5514661675	948.0
351882.18257424707	946.0
351921.29930894554	944.0
351960.416043644	945.0
351998.04557456094	942.0
352035.67510547786	944.0
352073.3046363948	945.0
352121.9849396039	942.0
352153.9031522953	941.0
352185.8213649867	948.0
352217.7395776781	952.0
352249.65779036947	953.0
352281.5760030609	951.0
352313.4942157523	948.0
352345.4124284437	948.0
352377.3306411351	946.0
352409.2488538265	948.0
352441.1670665179	950.0
352473.0852792093	950.0
352505.0034919007	946.0
352553.20226894494	947.0
352601.40104598925	948.0
352649.5998230335	945.0
352697.79860007775	945.0
352746.5177814661	944.0
352795.23696285434	943.0
352831.8672982058	946.0
352868.4976335573	947.0
352905.12796890875	949.0
352941.75830426026	949.0
352978.3886396117	947.0
353015.0189749632	948.0
353051.6493103147	950.0
353088.27964566613	948.0
353124.90998101764	949.0
353161.5403163691	947.0
353192.98630660056	945.0
353224.432296832	945.0
353255.87828706345	945.0
353287.3242772949	942.0
353318.7702675263	946.0
353350.2162577578	944.0
353381.66224798927	945.0
353391.8789643488	945.0
353428.8522778464	948.0
353465.8255913441	948.0
353502.7989048417	946.0
353539.7722183394	944.0
353576.745531837	946.0
353613.71884533466	945.0
353650.5611239432	943.0
353684.83178172755	948.0
353719.102439512	949.0
353753.37309729634	951.0
353787.6437550807	950.0
353821.91441286507	948.0
353856.1850706495	963.0
353890.45572843385	965.0
353924.7263862182	980.0
353958.99704400264	986.0
353993.267701787	990.0
354027.53835957136	1001.0
354061.8090173557	1003.0
354095.1830979479	1012.0
354128.55717854016	1013.0
354161.93125913234	1011.0
354195.3053397246	1014.0
354228.67942031677	1006.0
354262.053500909	987.0
354295.4275815012	974.0
354328.80166209344	956.0
354362.1757426856	961.0
354395.54982327786	956.0
354428.92390387005	956.0
354463.6109072728	951.0
354498.29791067546	957.0
354532.9849140782	950.0
354567.67191748094	945.0
354602.3589208836	942.0
354637.04592428636	942.0
354671.73292768904	949.0
354706.4199310918	943.0
354741.1069344945	946.0
354775.7939378972	950.0
354810.48094129993	950.0
354845.16794470267	950.0
354879.85494810535	949.0
354914.5419515081	948.0
354949.2289549108	947.0
354983.9159583135	947.0
355018.60296171624	945.0
355053.289965119	944.0
355095.52887039696	944.0
355137.76777567493	946.0
355180.0066809529	943.0
355222.2455862309	948.0
355264.48449150886	957.0
355306.72339678684	952.0
355348.9623020648	947.0
355391.2012073428	948.0
355433.44011262077	950.0
355475.67901789874	950.0
355517.9179231767	947.0
355560.1568284547	945.0
355602.3957337327	947.0
355637.13216683624	947.0
355671.8685999398	950.0
355706.60503304336	948.0
355741.3414661469	948.0
355776.0778992505	948.0
355810.81433235406	951.0
355845.5507654576	949.0
355880.2871985612	947.0
355915.02363166475	947.0
355949.7600647683	945.0
355984.4964978719	946.0
356017.2057270704	947.0
356049.9149562689	947.0
356082.62418546743	947.0
356115.33341466595	947.0
356148.04264386446	947.0
356180.751873063	947.0
356213.4611022615	947.0
356246.17033146	947.0
356278.87956065853	946.0
356311.58878985705	946.0
356344.29801905557	945.0
356377.68457157776	945.0
356411.07112409995	946.0
356444.45767662214	945.0
356477.84422914434	945.0
356511.2307816665	945.0
356544.6173341887	948.0
356578.00388671085	948.0
356611.39043923304	943.0
356644.77699175524	941.0
356678.1635442774	943.0
356711.5500967996	943.0
356744.9366493218	946.0
356778.323201844	946.0
356811.7097543662	945.0
356845.0963068884	943.0
356878.4828594106	946.0
356911.86941193277	946.0
356945.25596445496	946.0
356978.64251697715	946.0
357012.02906949935	946.0
357045.4156220215	946.0
357084.13646573067	946.0
357122.85730943986	944.0
357161.57815314905	946.0
357200.29899685824	945.0
357239.01984056743	943.0
357277.7406842766	941.0
357316.4615279858	943.0
357355.182371695	942.0
357393.9032154042	942.0
357432.6240591134	941.0
357475.5292107185	945.0
357518.4343623236	950.0
357550.7556434865	949.0
357583.0769246495	950.0
357615.3982058124	948.0
357647.71948697534	947.0
357680.04076813825	947.0
357712.36204930115	947.0
357744.6833304641	944.0
357777.004611627	942.0
357809.32589278993	942.0
357841.6471739529	944.0
357873.3756073168	942.0
357905.1040406806	942.0
357936.8324740445	941.0
357968.5609074084	940.0
358000.28934077226	939.0
358032.01777413615	944.0
358063.74620750005	938.0
358095.4746408639	937.0
358127.2030742278	939.0
358158.9315075917	940.0
358190.6599409555	940.0
358222.3883743194	942.0
358254.83263243135	944.0
358287.27689054323	948.0
358319.72114865517	949.0
358352.16540676705	951.0
358384.609664879	952.0
358417.0539229909	949.0
358449.4981811028	953.0
358481.94243921473	962.0
358514.38669732667	970.0
358546.83095543855	946.0
358579.2752135505	942.0
358611.71947166236	941.0
358656.2239367856	944.0
358700.7284019088	948.0
358745.23286703206	949.0
358789.73733215523	944.0
358834.24179727846	942.0
358878.7462624017	943.0
358923.2507275249	942.0
358967.75519264815	941.0
358997.8511459295	944.0
359027.94709921075	944.0
359058.0430524921	944.0
359088.1390057734	945.0
359118.2349590547	946.0
359148.330912336	946.0
359178.42686561734	947.0
359208.5228188986	946.0
359238.61877217994	942.0
359268.71472546126	941.0
359298.81067874253	940.0
359333.323927531	938.0
359367.83717631956	940.0
359402.35042510804	943.0
359436.8636738965	944.0
359471.37692268507	943.0
359505.89017147355	943.0
359540.4034202621	945.0
359574.9166690506	945.0
359609.42991783906	942.0
359643.9431666276	937.0
359678.4564154161	936.0
359719.2091633149	934.0
359759.9619112137	938.0
359800.71465911245	936.0
359841.46740701125	940.0
359882.22015491006	942.0
359922.97290280886	943.0
359963.72565070767	943.0
360004.4783986064	943.0
360042.8989418528	941.0
360081.3194850992	940.0
360134.6973681725	944.0
360165.4387236981	942.0
360196.1800792236	940.0
360226.92143474915	941.0
360257.6627902747	940.0
360288.4041458002	946.0
360319.1455013258	947.0
360349.88685685134	946.0
360380.62821237685	948.0
360411.3695679024	944.0
360442.1109234279	942.0
360473.9786033189	943.0
360505.84628321	945.0
360537.713963101	947.0
360569.58164299204	950.0
360601.44932288304	947.0
360633.3170027741	943.0
360665.1846826651	941.0
360697.0523625561	942.0
360728.92004244716	946.0
360760.78772233817	949.0
360792.6554022292	946.0
360824.5230821202	942.0
360856.39076201123	941.0
360888.2584419023	945.0
360920.1261217933	947.0
360953.9823302679	949.0
360987.8385387425	946.0
361021.6947472171	943.0
361055.5509556917	943.0
361089.4071641663	941.0
361123.2633726409	939.0
361157.1195811155	939.0
361190.9757895901	941.0
361224.8319980647	944.0
361256.0804061943	944.0
361287.3288143239	949.0
361318.5772224535	951.0
361349.8256305831	947.0
361381.0740387127	946.0
361412.32244684227	948.0
361443.5708549719	949.0
361474.8192631015	948.0
361506.06767123105	945.0
361537.31607936067	945.0
361568.5644874903	946.0
361599.81289561983	945.0
361639.1204011462	942.0
361678.4279066726	943.0
361717.73541219893	945.0
361757.04291772534	945.0
361796.3504232517	946.0
361835.6579287781	943.0
361874.96543430444	944.0
361914.27293983084	945.0
361953.5804453572	942.0
361992.8879508836	940.0
362032.19545640994	938.0
362071.50296193635	941.0
362110.08779278427	943.0
362148.6726236321	943.0
362187.25745448004	945.0
362225.84228532796	947.0
362264.4271161759	948.0
362296.40195453726	949.0
362328.3767928986	949.0
362360.35163125995	945.0
362392.32646962133	946.0
362424.30130798265	949.0
362456.276146344	948.0
362488.2509847054	944.0
362520.2258230667	942.0
362552.2006614281	943.0
362584.1754997895	948.0
362616.1503381508	951.0
362648.12517651217	953.0
362681.3551420389	951.0
362714.58510756557	949.0
362747.8150730923	942.0
362781.045038619	944.0
362814.2750041457	946.0
362847.5049696724	947.0
362880.73493519914	946.0
362913.96490072587	945.0
362947.19486625254	945.0
362980.42483177927	946.0
363013.654797306	946.0
363046.88476283266	942.0
363077.92633097066	946.0
363108.9678991087	946.0
363140.0094672467	946.0
363171.0510353847	943.0
363202.0926035227	945.0
363233.13417166076	949.0
363264.17573979875	950.0
363295.21730793675	950.0
363326.25887607475	947.0
363357.3004442128	945.0
363395.4129605501	946.0
363433.5254768874	948.0
363471.6379932247	951.0
363509.750509562	946.0
363547.8630258994	938.0
363585.9755422367	941.0
363624.088058574	937.0
363662.2005749113	935.0
363700.3130912486	936.0
363741.06480330724	931.0
363781.8165153658	933.0
363822.5682274244	945.0
363863.319939483	946.0
363904.0716515416	945.0
363944.8233636002	945.0
363985.5750756588	943.0
364026.3267877174	943.0
364056.42238700605	947.0
364086.51798629476	946.0
364116.6135855834	946.0
364146.7091848721	947.0
364176.80478416075	946.0
364206.90038344945	943.0
364236.9959827381	943.0
364267.0915820268	942.0
364297.18718131544	942.0
364327.28278060415	943.0
364357.3783798928	943.0
364391.89159281534	941.0
364426.4048057379	942.0
364460.9180186605	944.0
364495.43123158306	946.0
364529.9444445056	946.0
364564.45765742817	946.0
364598.9708703508	943.0
364633.48408327333	947.0
364667.9972961959	948.0
364702.51050911844	946.0
364737.023722041	944.0
364773.7723091698	940.0
364810.5208962986	944.0
364847.2694834274	942.0
364884.01807055617	940.0
364920.766657685	939.0
364957.51524481375	944.0
364994.2638319426	947.0
365032.732371478	941.0
365071.2009110134	939.0
365109.6694505488	941.0
365148.13799008424	946.0
365186.60652961966	951.0
365225.0750691551	955.0
365263.54360869055	951.0
365302.012148226	950.0
365336.01676179824	946.0
365370.02137537056	945.0
365404.0259889428	945.0
365438.0306025151	946.0
365472.03521608736	947.0
365506.0398296597	947.0
365540.04444323195	947.0
365574.0490568042	946.0
365608.05367037654	944.0
365642.0582839488	945.0
365676.0628975211	944.0
365710.06751109334	944.0
365744.07212466566	944.0
365778.0767382379	942.0
365808.2575357798	942.0
365838.4383333216	944.0
365868.61913086346	944.0
365898.79992840526	943.0
365928.9807259471	942.0
365959.16152348893	942.0
365989.3423210308	941.0
366019.5231185726	941.0
366049.70391611446	940.0
366079.8847136563	934.0
366110.06551119813	939.0
366142.2202885164	943.0
366174.37506583467	944.0
366206.5298431529	943.0
366238.6846204712	941.0
366270.83939778944	941.0
366302.99417510774	942.0
366335.148952426	940.0
366367.3037297443	938.0
366399.4585070625	942.0
366431.61328438076	945.0
366463.76806169905	947.0
366495.9228390173	947.0
366528.0776163356	946.0
366584.91135095747	944.0
366618.64548430726	943.0
366652.3796176571	943.0
366686.1137510069	942.0
366719.84788435674	942.0
366753.58201770653	942.0
366787.3161510564	942.0
366819.75523874676	944.0
366852.1943264371	944.0
366884.63341412746	947.0
366917.0725018178	950.0
366949.51158950815	954.0
366981.9506771985	954.0
367014.38976488885	953.0
367046.8288525792	954.0
367079.26794026955	952.0
367111.70702795987	951.0
367144.14611565025	947.0
367176.58520334057	949.0
367209.02429103095	950.0
367241.4633787213	948.0
367273.90246641164	950.0
367307.1786001112	950.0
367340.45473381074	950.0
367373.7308675103	949.0
367407.0070012099	948.0
367440.2831349094	946.0
367473.559268609	950.0
367506.83540230856	952.0
367540.1115360081	950.0
367573.38766970765	945.0
367606.6638034072	944.0
367639.9399371068	944.0
367673.2160708063	942.0
367706.4922045059	945.0
367743.4896485517	949.0
367780.48709259747	945.0
367817.48453664326	944.0
367854.48198068904	946.0
367891.47942473483	948.0
367928.4768687806	942.0
367965.47431282635	940.0
368002.47175687214	939.0
368039.4692009179	945.0
368076.4666449637	944.0
368113.4640890095	948.0
368145.7781394297	945.0
368178.0921898499	940.0
368210.40624027007	937.0
368242.7202906902	940.0
368275.0343411104	941.0
368307.34839153057	941.0
368339.66244195076	936.0
368371.97649237094	940.0
368404.29054279113	940.0
368436.6045932113	940.0
368468.23940939154	938.0
368499.8742255718	941.0
368531.509041752	942.0
368563.1438579323	941.0
368594.7786741125	940.0
368626.41349029273	937.0
368658.048306473	941.0
368689.6831226532	942.0
368721.3179388335	943.0
368752.9527550137	944.0
368801.31668409164	943.0
368849.6806131695	940.0
368898.04454224743	943.0
368946.40847132535	946.0
368980.21173084003	946.0
369014.0149903547	945.0
369045.37703849515	944.0
369076.73908663564	943.0
369108.1011347761	941.0
369139.4631829166	942.0
369170.825231057	941.0
369202.1872791975	943.0
369233.54932733794	944.0
369264.91137547843	943.0
369296.27342361887	942.0
369334.7199246233	940.0
369373.1664256277	936.0
369411.61292663217	942.0
369450.05942763656	938.0
369488.505928641	941.0
369526.9524296454	946.0
369565.39893064986	946.0
369603.84543165425	943.0
369642.2919326587	943.0
369680.7384336631	942.0
369719.18493466754	942.0
369749.99826960405	942.0
369780.8116045406	940.0
369811.62493947713	939.0
369842.4382744137	939.0
369873.2516093502	939.0
369904.0649442867	944.0
369934.8782792233	944.0
369965.6916141598	942.0
369996.50494909636	941.0
370027.31828403287	942.0
370058.13161896943	944.0
370088.94495390594	945.0
370119.75828884245	944.0
370150.571623779	943.0
370181.9454938487	944.0
370213.3193639184	947.0
370244.69323398813	945.0
370276.0671040578	943.0
370307.4409741275	943.0
370338.8148441972	943.0
370370.1887142669	942.0
370401.56258433656	942.0
370432.9364544063	941.0
370464.310324476	943.0
370495.68419454567	944.0
370532.0802117837	944.0
370568.4762290218	936.0
370604.8722462598	938.0
370641.26826349786	941.0
370677.6642807359	940.0
370714.060297974	940.0
370750.456315212	942.0
370786.85233245004	943.0
370827.575317571	943.0
370868.298302692	937.0
370909.02128781297	937.0
370949.744272934	938.0
370990.46725805494	945.0
371031.19024317595	944.0
371071.9132282969	944.0
371112.63621341786	943.0
371153.3591985389	942.0
371194.08218365983	944.0
371232.9648498462	946.0
371271.84751603263	947.0
371310.730182219	947.0
371349.61284840544	948.0
371388.4955145918	945.0
371427.3781807782	946.0
371466.2608469646	946.0
371505.143513151	949.0
371544.02617933735	952.0
371582.9088455238	950.0
371621.79151171015	947.0
371660.6741778966	942.0
371699.55684408295	942.0
371738.4395102693	942.0
371777.32217645575	944.0
371816.2048426421	943.0
371855.0875088285	944.0
371893.9701750149	942.0
371932.8528412013	941.0
371971.7355073877	939.0
372010.6181735741	940.0
372049.50083976047	943.0
372088.3835059469	942.0
372127.26617213327	941.0
372166.1488383197	941.0
372205.03150450607	940.0
372243.91417069244	940.0
372282.7968368789	941.0
372321.67950306524	941.0
372360.5621692516	942.0
372399.44483543804	942.0
372438.3275016244	942.0
372477.21016781084	942.0
372516.0928339972	941.0
372554.9755001836	942.0
372593.85816637	943.0
372632.7408325564	941.0
372671.62349874276	941.0
372710.5061649292	943.0
372749.38883111556	941.0
372788.271497302	945.0
372827.15416348836	946.0
372871.214032125	946.0
372915.2739007617	948.0
372959.3337693983	949.0
373003.39363803493	947.0
373047.4535066716	946.0
373091.51337530825	947.0
373122.9363413888	945.0
373154.3593074694	946.0
373185.78227354994	947.0
373217.20523963054	944.0
373248.6282057111	943.0
373280.0511717917	944.0
373311.4741378722	943.0
373342.8971039528	942.0
373374.32007003337	944.0
373405.74303611397	942.0
373437.1660021945	943.0
373468.58896827506	943.0
373500.01193435566	944.0
373531.4349004362	944.0
373562.46294981596	942.0
373593.4909991957	942.0
373624.5190485755	945.0
373655.5470979552	946.0
373686.57514733495	945.0
373717.6031967147	944.0
373748.6312460945	944.0
373779.65929547424	944.0
373811.0492215488	941.0
373842.4391476233	940.0
373873.8290736979	944.0
373905.21899977245	943.0
373936.608925847	941.0
373967.9988519215	940.0
373999.38877799606	941.0
374030.77870407066	944.0
374062.1686301452	944.0
374095.54860911815	944.0
374128.92858809116	948.0
374162.3085670641	946.0
374195.68854603707	942.0
374229.06852501	942.0
374262.44850398303	940.0
374295.828482956	939.0
374329.20846192894	940.0
374362.58844090195	943.0
374395.9684198749	943.0
374429.34839884785	943.0
374462.7283778208	943.0
374505.8662608655	943.0
374549.0041439102	944.0
374592.1420269549	945.0
374635.27990999963	944.0
374678.4177930443	945.0
374708.94157049205	946.0
374739.4653479398	945.0
374769.98912538757	944.0
374800.5129028353	943.0
374831.0366802831	942.0
374861.56045773084	941.0
374892.0842351786	941.0
374922.60801262636	942.0
374953.1317900741	942.0
374985.9309670881	942.0
375018.7301441021	945.0
375051.5293211161	943.0
375084.3284981301	950.0
375117.12767514406	947.0
375149.9268521581	947.0
375182.7260291721	951.0
375215.52520618605	947.0
375247.9665911741	945.0
375280.40797616204	945.0
375312.84936115006	946.0
375345.2907461381	944.0
375377.73213112605	942.0
375410.17351611407	947.0
375442.6149011021	949.0
375475.05628609005	947.0
375507.4976710781	945.0
375539.9390560661	942.0
375572.38044105406	943.0
375604.8218260421	944.0
375637.5274542168	944.0
375670.2330823915	943.0
375702.93871056614	943.0
375735.64433874085	941.0
375768.34996691556	944.0
375801.05559509026	943.0
375833.7612232649	941.0
375866.4668514396	942.0
375899.1724796143	944.0
375931.87810778903	951.0
375964.5837359637	951.0
375997.2893641384	948.0
376032.06692109717	947.0
376066.84447805595	944.0
376101.62203501473	937.0
376136.3995919735	941.0
376171.1771489323	945.0
376205.954705891	944.0
376240.7322628498	944.0
376275.5098198086	940.0
376310.2873767674	939.0
376345.06493372616	942.0
376388.2840298242	947.0
376431.5031259223	950.0
376474.7222220203	951.0
376517.9413181184	943.0
376561.16041421646	942.0
376604.3795103145	948.0
376647.5986064126	945.0
376690.8177025106	945.0
376734.0367986087	944.0
376777.25589470676	943.0
376820.47499080485	936.0
376863.6940869029	932.0
376900.06936810585	937.0
376936.4446493088	937.0
376972.8199305117	938.0
377009.19521171466	937.0
377045.5704929176	935.0
377075.92505511025	935.0
377106.27961730293	938.0
377136.63417949557	941.0
377166.98874168826	942.0
377197.3433038809	942.0
377227.6978660735	943.0
377258.0524282662	945.0
377288.40699045884	945.0
377318.76155265153	945.0
377362.43142876343	945.0
377406.10130487534	939.0
377449.77118098724	938.0
377493.44105709915	938.0
377537.11093321105	943.0
377580.78080932295	942.0
377624.4506854349	939.0
377656.7994926074	940.0
377689.1482997799	942.0
377721.4971069524	943.0
377753.845914125	941.0
377786.1947212975	938.0
377818.54352847	937.0
377850.8923356425	937.0
377883.241142815	937.0
377915.5899499875	935.0
377947.93875716	935.0
377980.28756433254	936.0
378012.63637150504	932.0
378044.98517867754	940.0
378077.33398585004	943.0
378109.68279302254	934.0
378142.03160019504	935.0
378174.38040736754	934.0
378206.7292145401	942.0
378242.17734905344	940.0
378277.6254835667	940.0
378313.07361808006	945.0
378348.52175259334	946.0
378383.9698871067	946.0
378419.41802161996	944.0
378454.8661561333	944.0
378490.3142906466	945.0
378537.12639524415	943.0
378583.9384998418	941.0
378630.75060443935	940.0
378677.5627090369	942.0
378724.37481363455	942.0
378763.1980350058	942.0
378802.021256377	944.0
378840.8444777482	945.0
378879.6676991194	942.0
378918.4909204907	939.0
378957.3141418619	937.0
378996.13736323314	932.0
379034.96058460436	937.0
379073.7838059756	942.0
379112.6070273468	941.0
379151.430248718	940.0
379190.2534700892	943.0
379229.07669146045	943.0
379267.8999128317	944.0
379302.20094743266	944.0
379336.5019820336	943.0
379370.80301663454	944.0
379405.1040512355	946.0
379439.4050858364	946.0
379473.70612043736	944.0
379508.0071550383	940.0
379542.30818963924	938.0
379576.6092242402	939.0
379608.00673350313	940.0
379639.40424276603	939.0
379670.801752029	939.0
379702.19926129194	942.0
379733.59677055484	944.0
379764.9942798178	944.0
379796.39178908075	942.0
379827.78929834365	939.0
379859.1868076066	939.0
379890.5843168695	939.0
379921.98182613245	940.0
379959.6855123263	944.0
379997.3891985201	943.0
380035.09288471396	941.0
380072.7965709078	939.0
380110.50025710167	943.0
380148.20394329546	941.0
380185.9076294893	940.0
380223.61131568317	939.0
380261.315001877	937.0
380319.4704824212	937.0
380356.98073253746	938.0
380394.4909826537	941.0
380432.0012327699	943.0
380469.51148288616	941.0
380507.0217330024	941.0
380544.5319831186	942.0
380580.14822509635	943.0
380615.76446707407	941.0
380651.38070905185	945.0
380686.9969510296	945.0
380722.6131930073	948.0
380758.229434985	944.0
380793.8456769628	950.0
380829.46191894053	946.0
380865.07816091826	947.0
380900.694402896	945.0
380936.31064487377	944.0
380971.9268868515	943.0
381007.5431288292	942.0
381043.77202858875	940.0
381080.00092834834	945.0
381116.22982810787	939.0
381152.4587278674	937.0
381188.687627627	938.0
381224.9165273865	938.0
381261.1454271461	939.0
381297.37432690564	940.0
381333.6032266652	942.0
381369.83212642476	944.0
381406.0610261843	948.0
381442.2899259438	944.0
381478.5188257034	944.0
381511.3002446069	940.0
381544.08166351035	940.0
381576.86308241385	941.0
381609.64450131735	943.0
381642.42592022085	942.0
381675.2073391243	941.0
381707.9887580278	944.0
381740.7701769313	944.0
381773.5515958347	941.0
381806.3330147382	941.0
381839.1144336417	941.0
381870.5114003018	942.0
381901.908366962	943.0
381933.3053336221	943.0
381964.70230028225	940.0
381996.09926694236	940.0
382027.49623360246	944.0
382058.8932002626	940.0
382090.2901669227	938.0
382121.6871335829	939.0
382153.084100243	943.0
382184.4810669031	945.0
382219.1909490732	940.0
382253.90083124326	934.0
382288.61071341333	936.0
382323.3205955835	939.0
382358.03047775355	939.0
382392.7403599236	938.0
382427.4502420937	939.0
382462.1601242638	939.0
382504.50328234705	944.0
382546.8464404303	946.0
382589.1895985136	945.0
382631.53275659686	942.0
382673.87591468013	941.0
382716.2190727634	941.0
382758.56223084667	939.0
382795.02597644273	939.0
382831.4897220388	936.0
382867.95346763486	938.0
382904.4172132309	940.0
382940.880958827	940.0
382977.3447044231	940.0
383013.80845001916	945.0
383050.2721956152	948.0
383086.7359412113	943.0
383120.12945110054	941.0
383153.52296098974	930.0
383186.916470879	938.0
383220.30998076824	942.0
383253.7034906575	943.0
383287.0970005467	944.0
383320.49051043595	935.0
383353.8840203252	933.0
383387.27753021446	932.0
383420.67104010365	935.0
383454.0645499929	938.0
383487.45805988216	938.0
383520.85156977136	936.0
383554.2450796606	934.0
383587.63858954987	934.0
383621.0320994391	936.0
383655.6019881743	936.0
383690.1718769095	934.0
383724.74176564475	938.0
383759.31165437994	938.0
383793.88154311513	939.0
383828.4514318503	934.0
383863.0213205855	939.0
383897.5912093207	940.0
383953.7378215167	940.0
384009.8844337127	942.0
384046.052322574	942.0
384082.22021143534	940.0
384118.3881002966	942.0
384154.55598915793	941.0
384190.72387801926	941.0
384226.8917668806	941.0
384263.05965574185	940.0
384299.22754460317	940.0
384333.3693284519	938.0
384367.5111123007	938.0
384401.65289614943	940.0
384435.79467999813	938.0
384469.9364638469	937.0
384504.07824769564	935.0
384538.2200315444	936.0
384572.36181539315	937.0
384606.5035992419	938.0
384640.64538309065	931.0
384674.78716693935	935.0
384708.9289507881	941.0
384743.07073463686	940.0
384774.9906150686	940.0
384806.9104955003	940.0
384838.83037593204	941.0
384870.75025636377	939.0
384902.6701367955	938.0
384934.5900172272	938.0
384966.50989765895	938.0
384998.4297780907	940.0
385030.3496585224	941.0
385062.26953895413	944.0
385094.18941938586	941.0
385126.1092998176	938.0
385158.0291802493	936.0
385196.66744631075	936.0
385235.3057123722	933.0
385273.94397843356	931.0
385312.582244495	931.0
385351.2205105564	938.0
385389.85877661785	937.0
385422.7213442778	936.0
385455.5839119377	935.0
385488.44647959765	936.0
385521.3090472576	939.0
385554.1716149175	942.0
385587.03418257745	939.0
385619.8967502374	938.0
385660.7028981066	937.0
385701.5090459758	937.0
385742.31519384496	942.0
385783.12134171417	944.0
385823.9274895834	943.0
385864.7336374526	942.0
385905.71436012106	941.0
385946.6950827895	936.0
385987.675805458	937.0
386028.65652812645	938.0
386067.2935808411	943.0
386105.93063355575	947.0
386144.5676862704	950.0
386183.20473898505	944.0
386221.8417916997	935.0
386260.47884441435	936.0
386299.115897129	936.0
386337.75294984365	936.0
386376.3900025583	940.0
386415.02705527295	941.0
386446.85220856493	941.0
386478.6773618569	943.0
386510.50251514884	942.0
386542.3276684408	938.0
386574.1528217328	937.0
386605.9779750248	940.0
386637.80312831677	940.0
386669.62828160875	938.0
386701.4534349007	937.0
386733.27858819265	937.0
386765.10374148464	937.0
386796.9288947766	939.0
386828.7540480686	939.0
386860.5792013605	935.0
386892.4043546525	935.0
386924.2295079445	938.0
386956.05466123647	940.0
386987.87981452845	942.0
387019.70496782043	944.0
387051.53012111236	942.0
387086.9093070889	941.0
387122.2884930654	948.0
387157.6676790419	949.0
387193.04686501843	948.0
387228.42605099495	941.0
387263.8052369715	934.0
387299.184422948	937.0
387334.5636089245	932.0
387369.942794901	935.0
387405.32198087755	934.0
387440.70116685407	937.0
387476.0803528306	950.0
387507.10369711515	947.0
387538.1270413997	940.0
387569.15038568433	936.0
387600.1737299689	939.0
387631.19707425346	940.0
387662.220418538	940.0
387693.2437628226	940.0
387724.26710710715	940.0
387760.55331990763	941.0
387796.83953270805	944.0
387833.1257455085	941.0
387869.411958309	949.0
387905.6981711095	953.0
387941.9843839099	948.0
387978.2705967104	946.0
388014.55680951086	945.0
388050.84302231134	942.0
388087.12923511176	937.0
388130.2605873518	936.0
388173.39193959185	936.0
388216.5232918319	936.0
388259.65464407194	941.0
388302.785996312	941.0
388335.9697609951	938.0
388369.1535256783	936.0
388402.33729036147	935.0
388435.52105504466	938.0
388468.7048197278	940.0
388501.888584411	944.0
388535.07234909415	947.0
388565.1450646857	943.0
388603.25067343685	941.0
388641.356282188	938.0
388679.4618909391	940.0
388717.5674996902	940.0
388755.67310844135	943.0
388793.7787171925	942.0
388831.88432594365	939.0
388869.9899346948	939.0
388908.0955434459	938.0
388943.81618602225	939.0
388979.5368285986	940.0
389015.257471175	940.0
389050.97811375133	939.0
389086.6987563277	939.0
389122.419398904	936.0
389158.14004148036	933.0
389193.86068405677	935.0
389229.5813266331	940.0
389262.463663881	940.0
389295.34600112884	940.0
389328.22833837674	942.0
389361.1106756246	942.0
389393.99301287247	940.0
389426.8753501203	940.0
389459.7576873682	941.0
389492.64002461603	940.0
389525.5223618639	938.0
389558.40469911176	938.0
389591.28703635966	939.0
389624.1693736075	942.0
389657.0517108554	942.0
389693.82898248505	942.0
389730.6062541147	941.0
389767.3835257444	941.0
389804.16079737403	941.0
389840.9380690037	942.0
389877.71534063335	941.0
389914.492612263	939.0
389951.2698838927	942.0
389988.04715552233	943.0
390019.8081787223	946.0
390051.5692019222	946.0
390083.33022512216	945.0
390115.0912483221	944.0
390146.85227152205	944.0
390178.613294722	945.0
390210.37431792193	943.0
390242.1353411219	941.0
390273.8963643218	941.0
390305.65738752176	943.0
390344.3286716612	942.0
390382.99995580065	941.0
390421.6712399401	937.0
390460.3425240796	938.0
390499.01380821905	936.0
390537.6850923585	939.0
390576.35637649795	940.0
390615.0276606374	939.0
390653.69894477684	935.0
390697.5736738721	935.0
390741.4484029674	937.0
390785.3231320627	938.0
390829.197861158	940.0
390863.0481345975	941.0
390896.89840803697	946.0
390930.7486814764	947.0
390964.5989549159	944.0
390998.44922835537	947.0
391032.29950179486	947.0
391066.1497752343	946.0
391100.00004867377	942.0
391133.85032211326	942.0
391172.48861319106	941.0
391211.1269042689	943.0
391249.7651953467	944.0
391288.4034864246	946.0
391327.0417775024	944.0
391365.6800685802	946.0
391397.6301854546	944.0
391429.58030232904	942.0
391461.53041920345	942.0
391493.48053607787	942.0
391525.4306529523	943.0
391557.38076982665	943.0
391589.33088670106	944.0
391621.2810035755	944.0
391653.2311204499	942.0
391686.77891889546	945.0
391720.3267173411	946.0
391753.87451578665	943.0
391787.4223142323	942.0
391820.97011267784	942.0
391854.51791112346	941.0
391889.5001682639	939.0
391924.4824254044	938.0
391959.4646825449	934.0
391994.4469396853	932.0
392029.42919682583	936.0
392060.2387027343	936.0
392091.04820864275	933.0
392121.8577145512	936.0
392152.66722045967	946.0
392183.4767263681	948.0
392214.2862322766	945.0
392245.09573818505	941.0
392285.00018407503	941.0
392324.904629965	941.0
392364.80907585495	943.0
392404.71352174494	939.0
392444.6179676349	941.0
392484.5224135249	941.0
392524.4268594149	941.0
392564.33130530483	939.0
392600.4992155037	939.0
392636.6671257026	941.0
392672.83503590146	943.0
392709.0029461004	942.0
392745.1708562992	937.0
392781.33876649814	938.0
392817.506676697	942.0
392853.6745868959	947.0
392887.5629520651	942.0
392921.4513172343	938.0
392955.3396824035	936.0
392989.2280475727	938.0
393023.1164127419	939.0
393057.0047779111	939.0
393090.4461065311	937.0
393123.887435151	935.0
393157.3287637709	939.0
393190.7700923908	948.0
393224.2114210108	950.0
393257.65274963074	939.0
393291.09407825064	938.0
393324.5354068706	936.0
393357.97673549055	935.0
393391.41806411045	939.0
393424.09385701246	942.0
393456.7696499144	942.0
393489.4454428164	942.0
393522.12123571837	938.0
393554.7970286204	935.0
393587.4728215224	931.0
393620.14861442434	924.0
393652.82440732635	931.0
393685.50020022836	939.0
393718.1759931303	939.0
393750.8517860323	936.0
393791.7197517918	935.0
393832.5877175512	941.0
393873.4556833107	941.0
393914.32364907017	937.0
393955.1916148296	938.0
393996.05958058906	943.0
394036.92754634854	944.0
394077.79551210796	940.0
394118.66347786743	937.0
394159.5314436269	946.0
394202.4555431252	947.0
394245.37964262353	941.0
394288.3037421218	941.0
394331.2278416201	941.0
394374.1519411184	942.0
394417.0760406167	942.0
394460.000140115	936.0
394502.9242396133	932.0
394545.8483391116	935.0
394585.82089050254	937.0
394625.79344189353	938.0
394665.76599328447	939.0
394705.7385446754	941.0
394745.71109606634	941.0
394785.68364745734	941.0
394825.6561988483	942.0
394865.6287502392	943.0
394905.60130163014	941.0
394945.57385302114	936.0
394983.5575758214	934.0
395021.5412986216	935.0
395059.5250214219	936.0
395097.5087442221	937.0
395135.4924670224	940.0
395173.4761898226	938.0
395211.4599126229	936.0
395249.4436354231	938.0
395287.42735822336	939.0
395325.4110810236	940.0
395361.3000181207	940.0
395397.1889552178	946.0
395433.0778923148	943.0
395468.9668294119	941.0
395504.855766509	935.0
395540.7447036061	938.0
395576.6336407032	943.0
395612.52257780026	939.0
395648.41151489737	941.0
395684.30045199447	937.0
395720.18938909157	940.0
395758.8261914717	944.0
395797.46299385186	944.0
395836.09979623207	945.0
395874.7365986122	944.0
395913.37340099236	943.0
395952.0102033725	942.0
395990.64700575266	938.0
396029.28380813287	936.0
396067.920610513	938.0
396098.23592289904	938.0
396128.551235285	937.0
396158.86654767103	938.0
396189.181860057	939.0
396219.497172443	941.0
396249.812484829	943.0
396280.127797215	945.0
396310.443109601	944.0
396340.758421987	942.0
396371.07373437297	939.0
396401.389046759	939.0
396432.75682968076	937.0
396464.1246126025	935.0
396495.4923955243	935.0
396526.86017844605	935.0
396558.2279613678	934.0
396589.5957442896	934.0
396620.96352721134	935.0
396652.3313101331	935.0
396683.69909305486	935.0
396715.0668759766	935.0
396746.4346588984	936.0
396778.7825708725	938.0
396811.1304828466	939.0
396843.4783948207	937.0
396875.8263067948	939.0
396908.1742187689	938.0
396940.522130743	937.0
396972.87004271714	939.0
397005.2179546912	940.0
397037.56586666533	938.0
397069.91377863946	936.0
397102.2616906135	936.0
397134.60960258765	937.0
397174.1229856745	941.0
397213.6363687613	941.0
397253.1497518482	937.0
397292.663134935	934.0
397332.17651802185	934.0
397371.6899011087	935.0
397411.2032841955	935.0
397450.71666728234	935.0
397490.2300503692	932.0
397529.74343345605	932.0
397569.2568165429	936.0
397604.7647405416	936.0
397640.27266454033	934.0
397675.780588539	938.0
397711.2885125377	939.0
397746.7964365364	938.0
397782.30436053517	936.0
397817.81228453387	938.0
397853.32020853256	937.0
397888.8281325313	936.0
397924.33605653	935.0
397955.6908494669	938.0
397987.04564240377	940.0
398018.40043534065	937.0
398049.7552282775	935.0
398081.1100212144	935.0
398112.4648141513	938.0
398143.81960708817	939.0
398175.17440002505	937.0
398206.5291929619	935.0
398237.8839858988	933.0
398279.9294150745	933.0
398321.9748442503	943.0
398365.1044157997	947.0
398408.23398734914	943.0
398451.36355889856	943.0
398494.493130448	929.0
398537.6227019974	928.0
398571.3864588759	932.0
398605.1502157544	938.0
398638.9139726329	940.0
398672.6777295114	942.0
398706.4414863899	941.0
398740.2052432684	942.0
398773.9690001469	937.0
398807.7327570254	936.0
398838.0472483705	936.0
398868.3617397156	938.0
398898.6762310607	940.0
398928.9907224058	941.0
398959.30521375086	940.0
398989.619705096	936.0
399019.9341964411	935.0
399050.24868778617	935.0
399080.56317913125	934.0
399110.8776704764	934.0
399141.19216182147	935.0
399172.70768477535	938.0
399204.2232077292	939.0
399235.73873068317	937.0
399267.25425363705	937.0
399298.7697765909	938.0
399330.2852995448	938.0
399361.8008224987	941.0
399393.31634545256	938.0
399424.8318684065	936.0
399456.3473913604	937.0
399487.86291431426	938.0
399519.37843726814	939.0
399556.77267405624	937.0
399594.16691084433	943.0
399631.5611476324	941.0
399668.9553844205	938.0
399706.3496212086	937.0
399743.7438579967	936.0
399781.1380947848	937.0
399818.5323315729	941.0
399850.3583190162	940.0
399882.1843064595	940.0
399914.0102939028	938.0
399945.8362813461	939.0
399977.66226878937	939.0
400009.4882562327	937.0
400041.31424367597	937.0
400073.1402311193	940.0
400104.96621856256	939.0
400136.7922060059	933.0
400168.61819344916	931.0
400208.5188210655	934.0
400248.4194486819	936.0
400288.3200762982	934.0
400328.2207039145	931.0
400368.1213315309	938.0
400408.02195914724	944.0
400447.92258676357	938.0
400487.8232143799	932.0
400522.85586056026	934.0
400557.8885067406	937.0
400592.921152921	939.0
400627.9537991014	940.0
400662.9864452818	938.0
400698.01909146213	941.0
400733.0517376425	941.0
400768.08438382286	943.0
400803.1170300032	943.0
400835.10382880375	942.0
400867.0906276042	936.0
400899.07742640475	933.0
400931.0642252052	936.0
400963.05102400575	937.0
400995.0378228062	939.0
401027.02462160675	940.0
401059.0114204072	941.0
401090.99821920774	941.0
401131.8628416154	941.0
401172.72746402305	939.0
401213.59208643064	939.0
401254.4567088383	938.0
401295.32133124594	935.0
401327.66552596877	935.0
401360.0097206916	935.0
401392.3539154144	933.0
401424.69811013725	933.0
401457.04230486014	935.0
401489.38649958296	937.0
401521.7306943058	937.0
401554.0748890286	938.0
401586.41908375145	938.0
401617.89423381095	939.0
401649.3693838704	940.0
401680.8445339299	941.0
401712.31968398934	939.0
401743.79483404884	936.0
401775.26998410834	935.0
401806.7451341678	936.0
401838.2202842273	937.0
401869.6954342867	938.0
401901.1705843462	940.0
401932.6457344057	940.0
401967.7406113883	938.0
402002.83548837085	936.0
402037.9303653534	937.0
402073.0252423359	939.0
402108.1201193185	939.0
402143.21499630105	939.0
402178.3098732836	937.0
402219.7780256469	934.0
402261.24617801025	932.0
402302.7143303735	934.0
402344.1824827368	937.0
402385.65063510014	937.0
402420.53799925355	936.0
402455.4253634069	937.0
402490.3127275603	936.0
402525.20009171363	933.0
402560.08745586703	936.0
402594.9748200204	941.0
402627.6748159926	941.0
402660.3748119648	940.0
402693.074807937	938.0
402725.77480390924	934.0
402758.47479988146	934.0
402791.1747958537	933.0
402823.8747918259	939.0
402856.5747877981	941.0
402889.27478377026	942.0
402921.9747797425	938.0
402954.6747757147	934.0
402987.3747716869	933.0
403019.17381513823	934.0
403050.97285858955	936.0
403082.77190204087	937.0
403114.5709454922	938.0
403146.3699889435	937.0
403178.1690323948	939.0
403209.96807584615	937.0
403241.76711929747	939.0
403273.5661627488	941.0
403305.3652062001	940.0
403337.1642496514	939.0
403385.958729203	937.0
403434.7532087545	938.0
403483.5476883061	938.0
403532.34216785757	938.0
403581.1366474091	937.0
403612.2849153549	935.0
403643.43318330066	939.0
403674.58145124646	943.0
403705.72971919226	943.0
403736.877987138	941.0
403768.0262550838	938.0
403803.2163716372	937.0
403838.4064881906	936.0
403873.596604744	936.0
403908.7867212974	939.0
403943.9768378508	942.0
403979.1669544042	948.0
404014.3570709576	950.0
404049.547187511	948.0
404084.7373040644	942.0
404119.9274206178	940.0
404155.1175371712	940.0
404188.0140688876	942.0
404220.9106006041	946.0
404253.8071323206	945.0
404286.70366403705	946.0
404319.6001957535	943.0
404352.49672746996	938.0
404385.3932591864	933.0
404418.2897909029	940.0
404451.1863226194	942.0
404484.08285433584	941.0
404516.9793860523	940.0
404549.87591776875	941.0
404579.93550346576	940.0
404609.99508916284	939.0
404640.05467485986	940.0
404670.11426055693	941.0
404700.17384625395	939.0
404730.233431951	937.0
404760.29301764804	935.0
404790.3526033451	934.0
404820.41218904214	936.0
404850.4717747392	939.0
404880.53136043623	941.0
404921.99844329426	939.0
404963.4655261523	941.0
405004.9326090103	946.0
405046.39969186834	933.0
405087.86677472637	933.0
405124.0332790172	939.0
405160.1997833081	938.0
405196.3662875989	940.0
405232.5327918898	943.0
405268.6992961806	941.0
405304.86580047145	938.0
405341.03230476234	939.0
405377.19880905317	941.0
405413.36531334405	939.0
405449.5318176349	939.0
405485.6983219257	936.0
405521.8648262166	940.0
405558.0313305074	940.0
405594.1978347983	942.0
405630.36433908914	944.0
405668.4670586339	943.0
405706.5697781787	944.0
405744.6724977235	945.0
405782.7752172682	941.0
405820.877936813	938.0
405858.9806563578	940.0
405897.08337590256	941.0
405935.18609544734	944.0
405973.2888149921	940.0
406011.3915345369	934.0
406049.4942540817	938.0
406083.2094650764	942.0
406116.9246760711	940.0
406150.6398870658	939.0
406184.3550980605	936.0
406218.0703090552	934.0
406251.78552005	933.0
406290.4303472151	935.0
406329.07517438027	936.0
406367.7200015454	935.0
406399.6398548826	935.0
406431.55970821984	936.0
406463.47956155706	936.0
406495.3994148943	936.0
406527.3192682315	939.0
406559.23912156874	940.0
406591.15897490596	938.0
406623.0788282432	937.0
406654.9986815804	937.0
406686.91853491764	939.0
406729.66120461246	940.0
406772.40387430723	935.0
406815.14654400205	935.0
406857.8892136969	938.0
406900.63188339164	941.0
406943.37455308647	941.0
406986.1172227813	943.0
407028.85989247606	942.0
407071.6025621709	938.0
407114.3452318657	930.0
407152.8022860003	937.0
407191.2593401348	942.0
407229.7163942694	940.0
407268.1734484039	938.0
407306.63050253846	939.0
407345.087556673	940.0
407383.54461080756	939.0
407422.0016649421	942.0
407453.8833767089	945.0
407485.7650884757	941.0
407517.64680024254	938.0
407549.52851200936	937.0
407581.4102237762	938.0
407613.291935543	939.0
407645.1736473098	940.0
407675.72215355607	942.0
407706.27065980237	942.0
407736.8191660486	939.0
407767.3676722949	938.0
407797.91617854114	937.0
407828.4646847874	936.0
407859.0131910337	936.0
407889.5616972799	936.0
407929.01176052046	933.0
407968.461823761	933.0
408007.91188700154	937.0
408047.3619502421	937.0
408086.8120134826	937.0
408126.26207672316	935.0
408165.7121399637	936.0
408198.90150444803	937.0
408232.09086893237	939.0
408265.28023341676	938.0
408298.4695979011	937.0
408331.65896238544	938.0
408364.8483268698	938.0
408398.0376913541	933.0
408431.22705583845	933.0
408464.41642032284	935.0
408497.6057848072	940.0
408530.4509726911	943.0
408563.29616057506	942.0
408596.141348459	938.0
408628.98653634294	937.0
408661.8317242269	938.0
408694.6769121108	937.0
408727.52209999476	937.0
408760.3672878787	941.0
408793.21247576264	938.0
408826.0576636466	937.0
408867.2802746081	936.0
408908.5028855697	939.0
408949.72549653123	943.0
408990.9481074928	938.0
409032.17071845435	938.0
409073.39332941594	938.0
409103.889625847	937.0
409134.385922278	936.0
409164.88221870904	936.0
409195.3785151401	935.0
409225.8748115711	936.0
409256.37110800215	938.0
409286.8674044332	937.0
409317.3637008642	934.0
409347.85999729525	937.0
409378.3562937263	941.0
409413.8626130801	941.0
409449.36893243395	937.0
409484.8752517878	933.0
409520.3815711416	933.0
409555.8878904955	933.0
409591.3942098493	935.0
409626.9005292031	938.0
409662.40684855694	934.0
409697.91316791077	933.0
409733.4194872646	933.0
409774.14360324334	933.0
409814.86771922215	933.0
409855.5918352009	934.0
409896.31595117965	936.0
409937.04006715846	939.0
409977.7641831372	939.0
410018.48829911597	936.0
410059.2124150947	937.0
410099.93653107353	939.0
410134.76092203346	935.0
410169.5853129934	939.0
410204.4097039533	938.0
410239.23409491323	938.0
410274.05848587316	937.0
410308.8828768331	937.0
410343.707267793	935.0
410378.53165875294	934.0
410413.35604971286	937.0
410448.1804406728	939.0
410483.0048316328	938.0
410517.8292225927	936.0
410549.0687640886	936.0
410580.3083055845	938.0
410611.5478470804	936.0
410642.7873885763	937.0
410674.02693007217	940.0
410705.2664715681	940.0
410736.506013064	941.0
410767.74555455986	942.0
410798.9850960558	941.0
410830.2246375517	942.0
410861.46417904756	942.0
410892.7037205435	942.0
410927.7107248358	942.0
410962.7177291281	942.0
410997.7247334204	943.0
411032.73173771275	942.0
411067.738742005	945.0
411102.74574629735	939.0
411137.7527505897	934.0
411172.75975488196	933.0
411207.7667591743	936.0
411242.7737634666	937.0
411276.6099072261	935.0
411310.4460509856	935.0
411344.2821947451	934.0
411378.1183385046	933.0
411411.9544822641	931.0
411445.7906260236	934.0
411479.6267697831	934.0
411513.4629135426	932.0
411547.29905730207	934.0
411581.13520106155	936.0
411613.440029498	933.0
411645.7448579344	933.0
411678.0496863709	935.0
411710.35451480735	940.0
411742.65934324375	942.0
411774.9641716802	941.0
411807.2690001167	934.0
411839.5738285531	932.0
411871.87865698955	934.0
411904.183485426	935.0
411936.0087789715	936.0
411967.83407251694	933.0
411999.65936606243	931.0
412031.4846596079	934.0
412063.30995315337	938.0
412095.1352466988	939.0
412126.9605402443	936.0
412158.78583378973	935.0
412190.6111273352	935.0
412220.6688150929	935.0
412250.7265028506	935.0
412280.78419060825	935.0
412310.84187836596	936.0
412340.8995661236	936.0
412370.95725388126	935.0
412401.014941639	936.0
412431.0726293966	937.0
412461.1303171543	936.0
412491.188004912	936.0
412521.24569266965	937.0
412553.9183190598	939.0
412586.59094545007	936.0
412619.26357184025	936.0
412651.9361982305	937.0
412684.60882462066	939.0
412717.2814510109	940.0
412749.9540774011	940.0
412782.62670379126	940.0
412815.2993301815	939.0
412847.9719565717	938.0
412880.6445829619	937.0
412913.3172093521	934.0
412945.98983574234	930.0
412985.9369634733	930.0
413025.88409120415	932.0
413065.8312189351	934.0
413105.77834666596	935.0
413145.7254743969	934.0
413185.6726021278	933.0
413225.6197298587	933.0
413265.5668575896	933.0
413305.5139853205	936.0
413345.4611130514	940.0
413385.40824078233	941.0
413425.35536851326	937.0
413465.30249624414	936.0
413498.3640076181	939.0
413531.42551899207	939.0
413564.487030366	937.0
413597.54854174	938.0
413630.61005311395	939.0
413663.6715644879	942.0
413696.7330758619	940.0
413729.79458723584	935.0
413762.8560986098	935.0
413795.9176099837	934.0
413828.97912135767	934.0
413861.2822708518	939.0
413893.5854203459	941.0
413925.88856984	939.0
413958.1917193341	937.0
413990.4948688282	936.0
414022.7980183223	935.0
414055.1011678164	936.0
414087.4043173105	936.0
414119.7074668046	933.0
414152.88527815806	932.0
414186.0630895115	934.0
414219.24090086494	936.0
414252.41871221835	937.0
414285.5965235718	938.0
414318.7743349252	937.0
414351.9521462787	935.0
414391.5255550564	933.0
414431.09896383405	934.0
414470.67237261176	932.0
414510.2457813895	930.0
414549.8191901672	932.0
414589.39259894483	935.0
414628.96600772254	935.0
414668.53941650025	935.0
414711.8150202053	936.0
414755.09062391036	934.0
414798.3662276154	936.0
414841.6418313204	929.0
414884.9174350255	934.0
414928.19303873053	938.0
414971.46864243556	936.0
415014.74424614065	932.0
415051.4806836643	933.0
415088.217121188	931.0
415124.9535587117	932.0
415161.68999623536	933.0
415198.42643375904	933.0
415235.1628712827	935.0
415271.8993088064	935.0
415303.9940561902	928.0
415336.088803574	927.0
415368.18355095776	936.0
415400.27829834155	936.0
415432.3730457253	933.0
415464.46779310907	936.0
415496.56254049286	932.0
415528.65728787665	931.0
415560.75203526043	931.0
415592.8467826442	932.0
415624.941530028	928.0
415657.0362774118	927.0
415689.1310247956	930.0
415721.2257721794	934.0
415763.6127302965	936.0
415805.99968841363	936.0
415848.3866465307	937.0
415890.77360464784	942.0
415933.16056276497	941.0
415975.5475208821	937.0
416019.4149515662	933.0
416063.28238225024	933.0
416107.14981293434	933.0
416151.0172436184	933.0
416198.93427345925	933.0
416246.8513033002	933.0
416294.76833314105	934.0
416326.71304577455	934.0
416358.65775840805	933.0
416390.60247104155	932.0
416422.547183675	932.0
416454.4918963085	933.0
416486.436608942	933.0
416518.3813215755	932.0
416550.326034209	932.0
416582.2707468425	933.0
416613.29007611726	933.0
416644.30940539204	931.0
416675.3287346668	931.0
416706.3480639416	932.0
416737.36739321635	933.0
416768.38672249106	932.0
416799.40605176584	932.0
416830.4253810406	935.0
416861.44474687707	933.0
416892.46411271347	931.0
416923.4834785499	931.0
416954.5028443864	934.0
416985.52221022284	936.0
417016.54157605924	934.0
417047.5609418957	934.0
417078.58030773216	938.0
417109.59967356856	941.0
417140.619039405	940.0
417171.6384052415	928.0
417202.65777107794	924.0
417233.67713691434	929.0
417264.6965027508	933.0
417295.71586858726	932.0
417326.73523442366	936.0
417359.4325653962	939.0
417392.12989636866	939.0
417424.8272273412	937.0
417457.52455831366	936.0
417490.2218892862	937.0
417522.91922025866	938.0
417555.6165512312	939.0
417588.31388220366	938.0
417621.0112131762	937.0
417653.70854414866	936.0
417686.4058751212	935.0
417719.10320609366	934.0
417758.09705368435	934.0
417797.09090127505	933.0
417836.0847488657	932.0
417875.0785964564	935.0
417914.0724440471	935.0
417953.0662916378	936.0
417992.0601392285	937.0
418031.05398681917	937.0
418070.0478344098	935.0
418110.7374392549	935.0
418151.4270441	935.0
418192.1166489451	935.0
418232.8062537902	934.0
418273.4958586353	934.0
418314.18546348036	935.0
418354.8750683255	934.0
418395.56467317056	933.0
418436.2542780157	935.0
418476.94388286077	939.0
418517.63348770584	938.0
418558.32309255097	937.0
418599.01269739604	937.0
418637.585888254	935.0
418676.15907911194	936.0
418714.7322699699	942.0
418753.30546082783	945.0
418791.8786516858	945.0
418823.29338549223	940.0
418854.7081192986	937.0
418886.1228531051	935.0
418917.5375869115	933.0
418948.9523207179	932.0
418980.36705452437	935.0
419011.7817883308	937.0
419050.4148338093	938.0
419089.0478792878	939.0
419127.6809247663	937.0
419166.3139702447	937.0
419204.9470157232	934.0
419243.5800612017	932.0
419275.92527506687	934.0
419308.27048893203	936.0
419340.6157027972	936.0
419372.96091666236	935.0
419408.9862262991	937.0
419445.0115359358	938.0
419481.0368455725	938.0
419517.0621552093	938.0
419553.08746484603	936.0
419593.03020065627	937.0
419632.9729364665	936.0
419672.91567227675	937.0
419712.85840808693	936.0
419752.8011438972	937.0
419784.0405662242	938.0
419815.2799885513	938.0
419846.5194108783	936.0
419877.7588332054	933.0
419908.9982555324	933.0
419940.2376778595	935.0
419980.1145623685	937.0
420019.9914468775	937.0
420059.8683313864	937.0
420099.7452158954	934.0
420139.6221004044	935.0
420179.4989849134	935.0
420227.8508605455	935.0
420276.2027361776	933.0
420324.5546118097	934.0
420372.90648744185	938.0
420403.7120524075	939.0
420434.5176173731	939.0
420465.32318233873	937.0
420496.1287473043	937.0
420526.93431226996	934.0
420557.73987723555	934.0
420588.5454422012	935.0
420623.6391316129	933.0
420658.73282102455	932.0
420693.82651043625	931.0
420728.9201998479	931.0
420764.0138892596	932.0
420799.1075786713	934.0
420834.20126808295	935.0
420866.97739733744	934.0
420899.753526592	932.0
420932.5296558465	931.0
420965.30578510097	931.0
420998.08191435545	932.0
421030.85804361	932.0
421063.6341728645	932.0
421096.410302119	932.0
421129.18643137347	929.0
421161.962560628	931.0
421194.7386898825	932.0
421227.514819137	933.0
421260.2909483915	934.0
421293.06707764603	935.0
421325.8432069005	934.0
421358.619336155	934.0
421391.3954654095	934.0
421424.17159466405	934.0
421456.94772391854	933.0
421489.723853173	934.0
421522.4999824275	936.0
421555.27611168206	937.0
421588.05224093655	934.0
421620.82837019104	934.0
421653.6044994456	933.0
421686.3806287001	934.0
421719.15675795457	935.0
421751.93288720906	938.0
421784.7090164636	941.0
421817.4851457181	941.0
421852.7892106397	941.0
421888.09327556135	938.0
421923.39734048303	935.0
421958.70140540466	935.0
421994.0054703263	935.0
422029.3095352479	934.0
422064.61360016954	935.0
422099.91766509117	938.0
422135.22173001285	937.0
422170.5257949345	935.0
422205.8298598561	935.0
422241.13392477774	935.0
422276.43798969936	934.0
422311.74205462105	931.0
422347.0461195427	932.0
422382.3501844643	933.0
422417.65424938593	934.0
422452.95831430756	935.0
422488.26237922924	934.0
422523.56644415087	933.0
422558.8705090725	932.0
422594.1745739941	932.0
422629.47863891575	931.0
422664.7827038374	932.0
422700.08676875907	933.0
422735.3908336807	934.0
422770.6948986023	934.0
422805.99896352395	935.0
422841.3030284456	940.0
422876.60709336726	941.0
422911.9111582889	939.0
422947.2152232105	936.0
422982.51928813214	935.0
423017.82335305377	934.0
423053.1274179754	935.0
423088.4314828971	936.0
423123.7355478187	936.0
423159.03961274034	934.0
423194.10731719923	934.0
423229.1750216581	937.0
423264.2427261171	937.0
423299.310430576	938.0
423334.3781350349	938.0
423369.44583949377	938.0
423404.5135439527	942.0
423439.5812484116	944.0
423474.6489528705	939.0
423509.7166573294	938.0
423544.78436178836	933.0
423581.400432837	933.0
423618.01650388574	933.0
423654.6325749344	932.0
423691.24864598305	933.0
423727.8647170317	935.0
423764.48078808043	937.0
423801.0968591291	938.0
423837.71293017775	937.0
423874.3290012264	936.0
423910.9450722751	937.0
423947.5611433238	938.0
423982.95718187484	947.0
424018.3532204259	948.0
424053.74925897695	947.0
424089.145297528	942.0
424124.5413360791	939.0
424159.9373746302	935.0
424195.33341318124	932.0
424230.7294517323	933.0
424263.8438621646	935.0
424296.9582725969	940.0
424330.0726830291	941.0
424363.1870934614	941.0
424396.3015038937	935.0
424429.415914326	933.0
424462.53032475826	935.0
424497.7191829062	936.0
424532.9080410541	936.0
424568.09689920204	933.0
424603.2857573499	938.0
424638.47461549786	937.0
424673.66347364575	936.0
424708.8523317937	935.0
424744.04118994164	935.0
424779.2300480895	942.0
424814.41890623746	940.0
424849.60776438535	939.0
424890.40942193416	941.0
424931.2110794829	941.0
424972.01273703174	940.0
425012.8143945805	937.0
425053.6160521293	935.0
425094.41770967806	934.0
425142.76951850887	933.0
425191.1213273397	930.0
425239.4731361705	932.0
425287.8249450013	934.0
425321.01402777754	935.0
425354.20311055385	935.0
425387.3921933301	936.0
425420.58127610636	935.0
425453.77035888267	932.0
425486.9594416589	930.0
425520.1485244352	931.0
425553.3376072115	933.0
425586.52668998775	932.0
425619.715772764	931.0
425654.0207353883	933.0
425688.3256980125	937.0
425722.63066063676	938.0
425756.93562326103	937.0
425791.24058588524	935.0
425825.5455485095	934.0
425861.7087777765	934.0
425897.8720070435	934.0
425934.0352363105	935.0
425970.1984655775	938.0
426006.36169484456	940.0
426042.52492411155	933.0
426078.68815337855	934.0
426114.85138264555	933.0
426147.9656917979	934.0
426181.08000095026	935.0
426214.19431010267	938.0
426247.308619255	936.0
426280.4229284074	936.0
426313.53723755974	937.0
426346.6515467121	934.0
426379.5100803343	933.0
426412.3686139566	933.0
426445.22714757884	933.0
426478.08568120113	934.0
426510.94421482336	935.0
426543.80274844565	935.0
426576.6612820679	935.0
426609.7754554704	935.0
426642.88962887286	937.0
426676.0038022753	938.0
426709.1179756778	936.0
426742.23214908026	934.0
426775.34632248274	934.0
426808.46049588517	936.0
426839.00848873524	938.0
426869.5564815853	937.0
426900.10447443544	934.0
426930.6524672855	933.0
426961.2004601356	932.0
426991.74845298566	932.0
427022.29644583573	934.0
427052.84443868586	935.0
427083.86446372606	935.0
427114.88448876626	934.0
427145.90451380645	938.0
427176.9245388466	939.0
427207.9445638868	939.0
427238.964588927	937.0
427269.9846139672	934.0
427301.0046390074	935.0
427338.0272160544	935.0
427375.04979310144	934.0
427412.07237014844	931.0
427449.09494719544	930.0
427486.11752424244	929.0
427523.1401012895	927.0
427560.1626783365	930.0
427590.33397276263	932.0
427620.50526718877	931.0
427650.67656161496	930.0
427680.8478560411	929.0
427711.01915046724	930.0
427741.1904448934	933.0
427771.3617393195	934.0
427801.5330337457	934.0
427831.70432817185	933.0
427861.875622598	933.0
427892.0469170241	937.0
427922.85149756673	938.0
427953.6560781093	939.0
427984.4606586519	940.0
428015.2652391945	941.0
428046.0698197371	943.0
428076.87440027966	943.0
428107.67898082227	941.0
428138.4835613649	937.0
428169.2881419075	935.0
428200.09272245003	932.0
428230.89730299264	932.0
428261.70188353525	932.0
428292.50646407786	933.0
428323.3110446204	934.0
428354.04227174656	933.0
428384.7734988727	933.0
428415.5047259989	931.0
428446.23595312505	932.0
428476.9671802512	933.0
428507.69840737735	933.0
428538.4296345035	933.0
428569.16086162964	933.0
428599.89208875585	931.0
428630.623315882	930.0
428669.91887836356	932.0
428709.2144408451	933.0
428748.5100033267	932.0
428787.80556580826	933.0
428827.1011282899	933.0
428866.39669077145	934.0
428905.692253253	935.0
428944.9878157346	931.0
428984.28337821615	931.0
429023.5789406977	932.0
429062.8745031793	933.0
429102.17006566084	935.0
429143.95738902857	935.0
429185.74471239635	935.0
429227.5320357641	934.0
429269.3193591318	935.0
429311.1066824996	941.0
429352.8940058673	944.0
429394.681329235	941.0
429436.4686526028	939.0
429478.25597597053	934.0
429520.0432993383	937.0
429555.37730726675	937.0
429590.7113151952	936.0
429626.04532312363	937.0
429661.37933105207	935.0
429696.7133389805	933.0
429728.27836637036	932.0
429759.8433937602	932.0
429791.40842115006	932.0
429822.9734485399	931.0
429854.53847592976	931.0
429886.1035033196	932.0
429917.6685307094	932.0
429949.23355809925	929.0
429980.7985854891	930.0
430012.36361287895	931.0
430043.9286402688	932.0
430075.49366765865	932.0
430106.6399694286	933.0
430137.78627119854	934.0
430168.93257296854	937.0
430200.0788747385	937.0
430231.2251765084	939.0
430262.37147827836	940.0
430293.51778004837	939.0
430324.6640818183	939.0
430355.81038358825	937.0
430386.9566853582	933.0
430418.1029871282	931.0
430449.24928889814	933.0
430479.59691215534	935.0
430509.94453541253	934.0
430540.29215866973	933.0
430570.63978192693	933.0
430600.98740518413	936.0
430631.33502844133	936.0
430661.68265169853	936.0
430692.03027495573	938.0
430722.37789821293	937.0
430753.3399030683	935.0
430784.30190792365	933.0
430815.26391277905	932.0
430846.2259176344	932.0
430877.1879224898	934.0
430908.14992734516	937.0
430939.1119322005	938.0
430970.0739370559	936.0
431001.0359419112	935.0
431031.9979467666	935.0
431062.959951622	935.0
431093.92195647734	933.0
431124.8839613327	931.0
431157.2281573428	931.0
431189.57235335297	934.0
431221.91654936306	941.0
431254.2607453732	939.0
431286.6049413833	933.0
431318.94913739344	928.0
431351.29333340353	929.0
431383.6375294137	932.0
431415.9817254238	933.0
431448.3259214339	933.0
431480.670117444	932.0
431513.0143134541	934.0
431545.68521557306	934.0
431578.356117692	935.0
431611.027019811	935.0
431643.69792192994	935.0
431676.3688240489	935.0
431709.03972616786	932.0
431741.7106282868	930.0
431774.3815304058	928.0
431807.05243252474	927.0
431839.7233346437	929.0
431872.39423676266	931.0
431906.3875448162	934.0
431940.3808528697	935.0
431974.37416092324	935.0
432008.3674689768	932.0
432042.36077703035	933.0
432076.3540850839	934.0
432110.3473931374	933.0
432143.09431823785	935.0
432175.84124333825	934.0
432208.5881684387	930.0
432241.33509353915	927.0
432274.0820186396	930.0
432306.82894374	931.0
432339.57586884045	931.0
432372.3227939409	930.0
432405.06971904135	930.0
432437.81664414174	929.0
432470.5635692422	932.0
432503.31049434264	935.0
432536.0574194431	938.0
432568.00235582923	939.0
432599.9472922153	942.0
432631.89222860144	938.0
432663.8371649875	937.0
432695.78210137365	938.0
432727.72703775973	935.0
432759.67197414587	934.0
432791.61691053194	933.0
432823.5618469181	931.0
432854.73112632986	930.0
432885.9004057417	929.0
432917.0696851535	930.0
432948.23896456533	933.0
432979.4082439771	935.0
433010.57752338896	934.0
433041.74680280074	929.0
433072.9160822126	928.0
433104.08536162437	930.0
433135.2546410362	931.0
433166.423920448	931.0
433197.59319985984	933.0
433232.47748059913	932.0
433267.3617613384	931.0
433302.2460420777	930.0
433337.130322817	933.0
433372.01460355637	935.0
433406.89888429566	932.0
433449.63927889115	931.0
433492.3796734866	934.0
433535.12006808206	934.0
433577.86046267755	935.0
433620.60085727304	937.0
433663.34125186846	935.0
433706.08164646395	932.0
433748.82204105944	931.0
433791.56243565487	932.0
433834.30283025035	935.0
433875.2117797719	936.0
433916.12072929344	935.0
433957.02967881504	930.0
433997.9386283366	929.0
434038.84757785813	928.0
434079.7565273797	928.0
434120.6654769012	927.0
434161.5744264228	931.0
434202.4833759444	933.0
434246.5445934426	931.0
434290.6058109408	929.0
434334.66702843894	929.0
434378.72824593715	932.0
434422.78946343536	930.0
434466.85068093357	930.0
434510.9118984317	933.0
434554.9731159299	935.0
434599.03433342814	931.0
434631.93906067207	932.0
434664.843787916	934.0
434697.74851516	937.0
434730.65324240393	935.0
434763.55796964787	935.0
434796.4626968918	935.0
434829.36742413574	934.0
434862.27215137973	932.0
434895.17687862366	931.0
434928.0816058676	934.0
434960.98633311153	934.0
434993.4175316392	933.0
435025.84873016697	934.0
435058.27992869465	933.0
435090.7111272224	931.0
435123.1423257501	931.0
435155.57352427783	930.0
435188.0047228055	932.0
435220.43592133326	934.0
435252.86711986095	933.0
435285.29831838864	932.0
435317.4416006401	932.0
435349.5848828915	931.0
435381.7281651429	933.0
435413.8714473943	935.0
435446.01472964574	934.0
435477.3947721187	932.0
435508.77481459174	931.0
435540.1548570647	930.0
435571.5348995377	934.0
435602.91494201066	929.0
435634.2949844837	930.0
435665.67502695665	935.0
435697.0550694296	936.0
435728.4351119026	934.0
435770.38305497007	932.0
435812.3309980376	931.0
435854.27894110506	933.0
435896.22688417253	930.0
435938.17482724	928.0
435980.1227703075	929.0
436022.070713375	931.0
436064.01865644247	930.0
436094.5260064603	931.0
436125.03335647815	931.0
436155.540706496	931.0
436186.04805651377	932.0
436216.5554065316	932.0
436247.06275654945	930.0
436277.5701065673	929.0
436308.07745658513	928.0
436338.584806603	929.0
436369.0921566208	929.0
436399.5995066386	931.0
436436.583925416	931.0
436473.56834419334	929.0
436510.55276297074	934.0
436547.53718174814	930.0
436584.52160052554	921.0
436621.5060193029	920.0
436658.4904380803	928.0
436695.4748568577	928.0
436732.459275635	930.0
436769.4436944124	934.0
436806.4281131898	930.0
436844.881736362	929.0
436883.3353595342	929.0
436921.7889827063	930.0
436960.2426058785	929.0
436998.6962290507	929.0
437037.1498522229	929.0
437075.603475395	925.0
437114.0570985672	927.0
437145.436234531	929.0
437176.81537049485	933.0
437208.19450645865	937.0
437239.57364242245	936.0
437270.9527783863	927.0
437302.3319143501	926.0
437333.7110503139	930.0
437365.0901862777	931.0
437396.46932224155	929.0
437427.33995167044	930.0
437458.2105810993	935.0
437489.08121052815	938.0
437519.95183995704	937.0
437550.8224693859	938.0
437581.6930988148	934.0
437612.56372824364	935.0
437647.4727415785	937.0
437682.3817549133	937.0
437717.2907682481	938.0
437752.1997815829	940.0
437787.10879491776	937.0
437822.0178082526	933.0
437856.9268215874	935.0
437888.0710057246	936.0
437919.21518986183	934.0
437950.3593739991	933.0
437981.50355813635	935.0
438012.6477422736	935.0
438043.7919264108	934.0
438077.692117921	933.0
438111.59230943123	934.0
438145.4925009414	929.0
438179.3926924516	930.0
438213.2928839618	929.0
438247.193075472	931.0
438281.0932669822	934.0
438314.9934584924	937.0
438348.8936500026	932.0
438382.7938415128	931.0
438416.69403302297	932.0
438461.4167324612	932.0
438506.13943189936	935.0
438550.8621313376	938.0
438595.5848307758	939.0
438640.307530214	938.0
438683.86842785147	935.0
438727.42932548886	931.0
438770.9902231263	929.0
438814.5511207637	929.0
438858.11201840115	934.0
438901.67291603854	936.0
438945.233813676	938.0
438987.9722465869	940.0
439030.7106794979	942.0
439073.44911240885	932.0
439116.18754531984	940.0
439158.9259782308	935.0
439192.03761212627	936.0
439225.1492460217	935.0
439258.2608799172	934.0
439291.3725138126	932.0
439324.4841477081	933.0
439357.59578160354	938.0
439390.707415499	943.0
439428.306517866	946.0
439465.90562023286	945.0
439503.5047225998	945.0
439541.10382496676	942.0
439578.7029273337	933.0
439616.3020297006	934.0
439653.90113206755	936.0
439691.5002344345	934.0
439729.0993368014	931.0
439766.69843916834	933.0
439804.2975415353	931.0
439841.89664390223	924.0
439879.4957462691	923.0
439917.0948486361	930.0
439955.26003418054	929.0
439993.425219725	930.0
440031.59040526947	927.0
440069.75559081393	927.0
440107.92077635834	929.0
440146.0859619028	931.0
440184.25114744727	928.0
440222.41633299174	929.0
440260.5815185362	930.0
440298.74670408067	928.0
440336.91188962513	930.0
440370.8872760152	931.0
440404.8626624052	932.0
440438.83804879524	929.0
440472.81343518523	925.0
440506.7888215753	924.0
440540.7642079653	928.0
440574.73959435534	927.0
440608.71498074534	927.0
440642.6903671354	928.0
440676.66575352545	931.0
440710.64113991545	935.0
440741.67951607617	936.0
440772.7178922369	935.0
440803.7562683976	931.0
440834.79464455834	926.0
440865.83302071906	926.0
440896.8713968798	928.0
440927.9097730405	929.0
440958.94814920117	928.0
440989.9865253619	932.0
441021.0249015226	935.0
441052.06327768334	937.0
441083.10165384406	938.0
441114.1400300048	936.0
441147.7060814479	937.0
441181.27213289094	936.0
441214.83818433405	932.0
441248.4042357771	929.0
441281.9702872202	933.0
441315.5363386633	934.0
441349.10239010636	931.0
441382.66844154947	931.0
441415.1356658179	928.0
441447.60289008624	929.0
441480.07011435466	930.0
441512.5373386231	930.0
441545.00456289144	932.0
441577.47178715986	930.0
441609.9390114283	927.0
441640.0218888537	928.0
441670.1047662791	928.0
441700.18764370447	928.0
441730.2705211299	928.0
441760.3533985553	931.0
441790.4362759807	933.0
441820.5191534061	936.0
441850.6020308315	936.0
441880.6849082569	934.0
441910.76778568234	930.0
441940.85066310776	928.0
441976.8714564078	929.0
442012.89224970795	928.0
442048.913043008	932.0
442084.93383630813	932.0
442120.9546296082	928.0
442161.71377061325	926.0
442202.4729116183	926.0
442243.23205262335	927.0
442283.9911936284	927.0
442324.75033463346	933.0
442365.50947563857	934.0
442406.2686166436	934.0
442453.7003261149	930.0
442501.1320355862	932.0
442548.5637450575	932.0
442595.99545452883	930.0
442643.4271640001	922.0
442690.8588734714	917.0
442733.24258311547	923.0
442775.6262927596	925.0
442818.0100024037	928.0
442860.3937120478	927.0
442902.7774216919	927.0
442945.161131336	931.0
442978.0020963781	931.0
443010.84306142025	929.0
443043.6840264624	926.0
443076.5249915045	926.0
443109.3659565467	927.0
443142.2069215888	927.0
443175.0478866309	925.0
443207.88885167305	926.0
443240.7298167152	925.0
443273.5707817573	928.0
443306.42587499606	929.0
443339.2809682348	928.0
443372.1360614736	928.0
443404.99115471233	927.0
443437.8462479511	927.0
443470.70134118985	928.0
443503.5564344286	929.0
443544.291689453	931.0
443585.02694447734	927.0
443625.76219950174	926.0
443666.4974545261	930.0
443707.2327095505	931.0
443747.96796457487	929.0
443788.7032195992	931.0
443829.4384746236	932.0
443861.0366442968	933.0
443892.63481396995	930.0
443924.23298364313	929.0
443955.83115331625	927.0
443987.4293229894	927.0
444019.0274926626	928.0
444050.6256623358	928.0
444082.22383200895	928.0
444113.8220016821	929.0
444145.4201713553	928.0
444177.0183410284	921.0
444208.6165107016	918.0
444240.2146803748	921.0
444271.81285004795	927.0
444303.4110197211	930.0
444335.0091893943	931.0
444366.6073590675	933.0
444398.2055287406	932.0
444429.8036984138	932.0
444461.40186808695	928.0
444492.4752911784	925.0
444523.5487142698	926.0
444554.6221373613	929.0
444585.69556045276	930.0
444616.7689835442	931.0
444647.84240663564	932.0
444678.91582972714	931.0
444709.9892528186	931.0
444741.06267591	929.0
444772.13609900145	928.0
444803.2095220929	926.0
444834.2829451844	926.0
444865.3563682758	928.0
444896.42979136726	928.0
444927.5032144587	927.0
444958.57663755014	929.0
444989.65006064164	933.0
445020.7234837331	930.0
445051.7969068245	929.0
445082.87032991595	932.0
445113.94375300745	932.0
445147.0732363644	932.0
445180.2027197213	932.0
445213.33220307826	930.0
445246.46168643516	928.0
445279.5911697921	926.0
445312.72065314907	926.0
445345.85013650596	929.0
445378.9796198629	932.0
445422.6346211694	937.0
445466.2896224759	935.0
445509.9446237824	930.0
445553.5996250889	932.0
445597.2546263954	936.0
445640.9096277019	937.0
445684.5646290084	934.0
445717.4823111526	929.0
445750.39999329677	928.0
445783.317675441	928.0
445816.23535758513	930.0
445849.15303972934	934.0
445882.0707218735	933.0
445914.9884040177	930.0
445947.8897011887	927.0
445980.7909983598	928.0
446013.6922955308	931.0
446046.5935927019	934.0
446079.4948898729	933.0
446112.3961870439	933.0
446145.297484215	934.0
446178.198781386	933.0
446211.1000785571	933.0
446244.0013757281	932.0
446276.9026728992	930.0
446307.4462898287	930.0
446337.9899067582	930.0
446368.5335236877	929.0
446399.0771406172	928.0
446429.6207575467	928.0
446460.1643744762	927.0
446490.7079914057	927.0
446521.2516083352	927.0
446551.7952252647	928.0
446582.3388421942	929.0
446612.8824591237	929.0
446643.4260760532	929.0
446673.9696929827	928.0
446704.5133099122	927.0
446735.0569268417	928.0
446765.6005437712	928.0
446810.50469144003	930.0
446855.40883910883	931.0
446900.3129867777	933.0
446945.21713444655	939.0
446990.12128211535	934.0
447028.77380169084	935.0
447067.4263212663	928.0
447106.0788408418	931.0
447144.73136041727	932.0
447183.3838799927	933.0
447219.69163898553	930.0
447255.99939797836	926.0
447292.3071569712	926.0
447334.959702702	929.0
447377.61224843276	930.0
447420.2647941636	931.0
447462.9173398944	933.0
447505.5698856252	934.0
447548.222431356	935.0
447581.8703574137	934.0
447615.5182834715	931.0
447649.16620952927	929.0
447682.814135587	929.0
447716.46206164476	930.0
447750.10998770257	930.0
447783.7579137603	930.0
447817.40583981806	932.0
447851.05376587587	932.0
447884.7016919336	930.0
447919.32369742927	930.0
447953.9457029249	929.0
447988.5677084205	930.0
448023.18971391616	930.0
448057.8117194118	929.0
448089.5582740277	929.0
448121.3048286436	928.0
448153.0513832595	928.0
448184.7979378754	928.0
448216.5444924913	926.0
448256.415213793	925.0
448296.2859350947	927.0
448336.1566563964	929.0
448376.0273776981	930.0
448415.8980989998	929.0
448455.7688203015	925.0
448489.8587097783	924.0
448523.94859925506	926.0
448558.03848873184	929.0
448592.1283782086	927.0
448626.2182676854	933.0
448660.30815716216	933.0
448694.39804663893	930.0
448728.4879361157	929.0
448762.5778255925	932.0
448796.66771506926	933.0
448830.75760454603	934.0
448864.8474940228	932.0
448900.209111583	927.0
448935.5707291432	915.0
448970.9323467034	918.0
449006.29396426363	926.0
449041.65558182384	929.0
449077.01719938405	928.0
449112.37881694426	930.0
449147.74043450446	933.0
449183.10205206467	929.0
449218.4636696249	930.0
449253.8252871851	933.0
449283.9012881441	935.0
449317.4734551054	937.0
449351.04562206665	939.0
449384.61778902786	938.0
449418.18995598913	931.0
449451.7621229504	936.0
449485.33428991167	934.0
449518.90645687294	934.0
449552.4786238342	937.0
449586.0507907954	939.0
449619.6229577567	938.0
449653.19512471795	937.0
449686.7672916792	932.0
449720.3394586405	932.0
449751.7490509773	931.0
449783.1586433141	929.0
449814.5682356509	928.0
449845.9778279877	929.0
449877.3874203245	930.0
449908.7970126613	930.0
449940.2066049981	926.0
449971.6161973349	920.0
450003.0257896717	928.0
450034.43538200844	930.0
450065.84497434524	929.0
450097.25456668204	928.0
450128.66415901884	928.0
450160.07375135564	930.0
450191.98714993685	931.0
450223.90054851805	934.0
450255.81394709926	934.0
450287.72734568047	932.0
450319.6407442617	932.0
450351.5541428429	933.0
450383.46754142415	932.0
450415.38094000536	931.0
450447.29433858657	928.0
450479.2077371678	925.0
450512.85406440665	923.0
450546.5003916455	925.0
450580.14671888435	926.0
450613.7930461232	925.0
450647.43937336205	933.0
450688.69756567257	934.0
450722.6711244447	931.0
450756.64468321676	931.0
450790.6182419889	936.0
450824.591800761	937.0
450858.56535953307	939.0
450892.5389183052	936.0
450926.5124770773	931.0
450960.26808118867	928.0
450994.02368529997	926.0
451027.7792894113	929.0
451061.5348935227	930.0
451095.290497634	931.0
451129.04610174533	931.0
451162.8017058567	930.0
451196.55730996805	930.0
451230.31291407935	929.0
451264.0685181907	929.0
451297.82412230206	928.0
451331.57972641336	931.0
451365.3353305247	930.0
451399.0909346361	930.0
451432.84653874737	929.0
451466.6021428587	928.0
451500.2283599303	926.0
451533.8545770019	927.0
451567.48079407343	926.0
451601.107011145	924.0
451634.7332282166	922.0
451668.35944528814	928.0
451701.9856623597	926.0
451735.6118794313	920.0
451769.23809650284	920.0
451802.8643135744	932.0
451836.49053064594	931.0
451870.11674771755	927.0
451903.7429647891	931.0
451942.61024688545	931.0
451981.47752898186	932.0
452020.3448110782	931.0
452059.2120931746	929.0
452098.0793752709	926.0
452136.94665736734	926.0
452175.8139394637	923.0
452214.68122156005	927.0
452255.4384722659	932.0
452296.19572297175	931.0
452336.9529736776	927.0
452377.7102243835	926.0
452418.46747508936	928.0
452459.2247257952	931.0
452499.98197650106	928.0
452533.5576904707	930.0
452567.1334044403	931.0
452600.70911840996	930.0
452634.28483237955	929.0
452667.8605463492	930.0
452701.43626031885	932.0
452735.01197428844	934.0
452768.5876882581	934.0
452802.1634022277	938.0
452833.8174097971	942.0
452865.47141736647	939.0
452897.1254249359	928.0
452928.77943250525	924.0
452960.4334400747	926.0
452992.0874476441	929.0
453023.74145521346	931.0
453055.3954627829	933.0
453087.04947035224	932.0
453118.70347792166	927.0
453150.664080364	925.0
453182.6246828064	925.0
453214.5852852487	928.0
453246.545887691	921.0
453278.5064901334	922.0
453310.46709257574	925.0
453342.4276950181	927.0
453374.38829746045	921.0
453406.3488999028	924.0
453438.30950234516	927.0
453470.2701047875	929.0
453502.2307072298	929.0
453540.80190285237	930.0
453579.3730984749	931.0
453617.94429409754	934.0
453656.5154897201	935.0
453695.08668534266	932.0
453733.6578809652	922.0
453772.2290765878	916.0
453810.8002722104	918.0
453849.37146783294	926.0
453887.9426634555	931.0
453926.5138590781	934.0
453965.08505470067	934.0
453995.62789099594	932.0
454026.1707272912	931.0
454056.71356358647	932.0
454087.25639988173	929.0
454117.799236177	930.0
454148.3420724723	931.0
454178.8849087676	927.0
454209.42774506286	927.0
454239.9705813581	929.0
454270.5134176534	928.0
454301.05625394866	922.0
454331.5990902439	918.0
454362.1419265392	923.0
454392.68476283445	929.0
454423.2275991297	932.0
454453.770435425	932.0
454485.3909472549	921.0
454517.01145908487	927.0
454548.6319709148	926.0
454580.25248274475	930.0
454611.87299457466	931.0
454643.4935064046	929.0
454675.11401823454	925.0
454706.73453006445	927.0
454738.3550418944	928.0
454769.97555372433	922.0
454806.70571364654	926.0
454843.43587356876	929.0
454880.16603349097	919.0
454916.8961934132	914.0
454953.6263533354	923.0
454990.3565132576	930.0
455027.0866731799	936.0
455059.51335272955	935.0
455091.94003227924	933.0
455124.366711829	933.0
455156.79339137865	923.0
455189.22007092834	921.0
455221.646750478	926.0
455254.0734300277	929.0
455286.50010957744	927.0
455318.9267891271	925.0
455351.3534686768	925.0
455385.50207370677	920.0
455419.65067873674	925.0
455453.7992837667	930.0
455487.9478887967	931.0
455522.09649382666	929.0
455556.2450988566	929.0
455590.3937038866	932.0
455624.54230891657	931.0
455658.69091394654	935.0
455692.8395189765	934.0
455726.9881240065	931.0
455761.13672903646	931.0
455795.28533406643	931.0
455834.95332723635	930.0
455874.6213204062	928.0
455914.2893135761	928.0
455953.957306746	929.0
455993.6252999159	928.0
456033.2932930858	928.0
456072.9612862557	925.0
456112.6292794256	925.0
456152.29727259546	927.0
456187.66563877027	929.0
456223.03400494513	929.0
456258.40237111994	928.0
456293.7707372948	928.0
456329.1391034696	926.0
456364.5074696445	929.0
456398.32047794474	930.0
456432.13348624506	929.0
456465.9464945453	927.0
456499.75950284564	927.0
456533.5725111459	928.0
456567.38551944616	927.0
456601.1985277465	927.0
456635.01153604675	930.0
456668.824544347	931.0
456702.6375526473	930.0
456736.4505609476	917.0
456770.2635692479	922.0
456811.77058555436	927.0
456853.2776018609	930.0
456894.7846181673	926.0
456936.29163447383	925.0
456977.7986507803	927.0
457019.3056670868	926.0
457060.81268339325	925.0
457102.31969969976	922.0
457143.8267160062	922.0
457185.3337323127	925.0
457226.8407486192	928.0
457268.3477649257	928.0
457310.5080592771	926.0
457352.6683536285	924.0
457394.8286479799	926.0
457436.9889423313	925.0
457479.1492366827	926.0
457521.3095310341	925.0
457563.4698253855	920.0
457605.6301197369	922.0
457647.7904140883	924.0
457679.99791593716	928.0
457712.2054177861	928.0
457744.41291963495	926.0
457776.6204214838	925.0
457808.82792333275	928.0
457841.0354251816	924.0
457873.2429270305	921.0
457905.45042887935	923.0
457937.6579307283	921.0
457969.86543257715	925.0
458002.072934426	935.0
458034.28043627494	939.0
458066.4879381238	935.0
458098.6954399727	926.0
458134.8232956665	926.0
458170.95115136023	927.0
458204.59586346307	922.0
458238.2405755659	925.0
458271.88528766873	932.0
458305.52999977156	932.0
458339.17471187445	932.0
458372.8194239773	930.0
458406.4641360801	926.0
458440.10884818295	926.0
458473.7535602858	929.0
458507.3982723886	931.0
458563.9441609713	926.0
458595.0497301818	923.0
458626.1552993923	936.0
458657.2608686028	933.0
458688.36643781327	928.0
458719.47200702375	933.0
458750.57757623424	934.0
458781.6831454447	930.0
458812.7887146552	931.0
458843.89428386564	933.0
458874.9998530761	934.0
458906.1054222866	934.0
458937.2109914971	928.0
458968.3165607076	925.0
458999.42212991806	925.0
459034.339964833	932.0
459069.257799748	932.0
459104.1756346629	929.0
459139.0934695779	927.0
459174.01130449283	934.0
459208.9291394078	937.0
459243.84697432275	937.0
459278.76480923773	941.0
459313.68264415266	945.0
459348.60047906765	944.0
459383.5183139826	929.0
459418.43614889757	929.0
459455.23563958344	930.0
459492.03513026924	926.0
459528.8346209551	927.0
459565.634111641	921.0
459602.43360232684	922.0
459639.23309301265	914.0
459676.0325836985	913.0
459712.8320743844	919.0
459749.63156507025	931.0
459786.43105575605	930.0
459823.2305464419	928.0
459860.0300371278	926.0
459896.82952781365	927.0
459940.8810606149	927.0
459984.9325934162	924.0
460028.98412621743	923.0
460073.0356590187	924.0
460117.0871918199	926.0
460161.1387246212	925.0
460205.19025742245	924.0
460249.2417902237	925.0
460293.29332302493	926.0
460326.21339092084	929.0
460359.1334588168	930.0
460392.0535267127	928.0
460424.9735946086	924.0
460457.89366250456	922.0
460490.81373040046	929.0
460523.7337982964	928.0
460556.6538661923	926.0
460589.5739340882	925.0
460620.5981103924	927.0
460651.6222866965	927.0
460682.6464630007	925.0
460713.6706393048	921.0
460744.69481560896	920.0
460775.71899191313	919.0
460806.74316821725	919.0
460837.7673445214	920.0
460868.7915208255	927.0
460899.8156971297	928.0
460931.6882783827	926.0
460963.56085963576	921.0
460995.43344088877	929.0
461027.3060221418	939.0
461059.17860339483	940.0
461091.0511846479	936.0
461122.9237659009	942.0
461157.84028123366	936.0
461192.7567965665	935.0
461227.67331189924	927.0
461262.58982723206	931.0
461297.5063425648	933.0
461332.42285789765	933.0
461367.3393732304	939.0
461402.25588856323	938.0
461437.172403896	934.0
461472.0889192288	933.0
461507.0054345616	933.0
461541.9219498944	933.0
461578.6466118355	933.0
461615.37127377663	927.0
461652.09593571775	932.0
461688.82059765887	933.0
461725.5452596	928.0
461762.26992154116	926.0
461798.9945834823	922.0
461835.7192454234	931.0
461872.4439073645	936.0
461909.1685693056	933.0
461943.659961673	932.0
461978.15135404037	930.0
462012.6427464078	929.0
462047.1341387751	929.0
462081.6255311425	928.0
462114.39218550606	924.0
462147.15883986966	919.0
462179.9254942332	924.0
462212.69214859675	925.0
462245.45880296035	921.0
462278.2254573239	918.0
462310.99211168743	924.0
462343.758766051	933.0
462376.5254204146	938.0
462409.2920747781	929.0
462442.05872914166	925.0
462472.59805245424	923.0
462503.1373757668	924.0
462533.6766990794	925.0
462564.21602239204	922.0
462594.7553457046	922.0
462625.2946690172	929.0
462655.8339923298	930.0
462686.37331564236	928.0
462719.2221843123	931.0
462752.07105298224	931.0
462784.9199216522	938.0
462817.7687903221	934.0
462850.61765899207	915.0
462883.466527662	915.0
462916.31539633195	929.0
462951.7009051137	936.0
462987.08641389554	928.0
463022.4719226773	929.0
463057.85743145907	927.0
463093.2429402409	933.0
463128.62844902265	934.0
463164.0139578044	930.0
463199.3994665862	922.0
463239.35593069444	926.0
463279.31239480275	927.0
463319.268858911	929.0
463359.22532301926	929.0
463399.18178712757	927.0
463439.1382512358	928.0
463479.0947153441	922.0
463519.05117945233	920.0
463559.00764356065	920.0
463598.9641076689	928.0
463645.2714988149	925.0
463691.57888996095	923.0
463737.88628110697	924.0
463784.193672253	925.0
463830.501063399	927.0
463876.80845454504	920.0
463923.115845691	908.0
463969.423236837	917.0
464015.73062798305	926.0
464058.6960334198	933.0
464101.6614388565	938.0
464144.62684429326	920.0
464187.59224973	928.0
464230.5576551668	933.0
464273.5230606035	932.0
464316.48846604023	933.0
464359.453871477	934.0
464402.4192769137	931.0
464434.5398487215	934.0
464466.6604205293	934.0
464498.78099233715	933.0
464530.90156414494	928.0
464563.0221359528	929.0
464595.1427077606	933.0
464627.2632795684	931.0
464659.38385137625	931.0
464691.5044231841	929.0
464723.6249949919	927.0
464755.7455667997	929.0
464787.8661386075	930.0
464819.98671041534	932.0
464852.1072822232	931.0
464884.22785403096	930.0
464921.9164693491	932.0
464959.6050846673	931.0
464997.2936999854	932.0
465034.98231530364	932.0
465072.6709306218	929.0
465110.35954593995	926.0
465148.0481612581	924.0
465183.70799422025	928.0
465219.36782718246	930.0
465255.0276601446	930.0
465290.6874931068	929.0
465326.34732606896	928.0
465362.00715903117	926.0
465397.6669919933	926.0
465433.3268249555	927.0
465468.9866579177	928.0
465504.6464908799	930.0
465540.306323842	929.0
465571.02159474365	930.0
465601.7368656453	931.0
465632.4521365469	931.0
465663.16740744846	926.0
465693.8826783501	923.0
465724.5979492517	933.0
465755.31322015333	937.0
465786.02849105495	938.0
465816.7437619566	938.0
465848.57612525864	937.0
465880.40848856076	931.0
465912.2408518628	927.0
465944.07321516494	934.0
465975.905578467	934.0
466007.7379417691	935.0
466039.5703050712	941.0
466071.40266837325	944.0
466103.73767667153	932.0
466136.0726849698	921.0
466168.4076932681	918.0
466200.74270156637	922.0
466233.07770986465	925.0
466265.41271816293	926.0
466297.7477264612	926.0
466330.0827347595	929.0
466364.7767074378	924.0
466399.4706801162	922.0
466434.16465279454	922.0
466468.85862547293	924.0
466503.55259815126	932.0
466538.24657082965	933.0
466572.940543508	933.0
466607.6345161864	932.0
466637.8138580484	933.0
466667.99319991044	934.0
466698.1725417725	936.0
466728.3518836345	939.0
466758.5312254965	937.0
466788.71056735853	934.0
466818.88990922057	932.0
466849.0692510826	934.0
466879.24859294464	938.0
466909.4279348067	947.0
466943.60968864145	947.0
466977.79144247615	938.0
467011.9731963109	941.0
467046.1549501457	939.0
467080.3367039804	929.0
467114.90484296606	927.0
467149.47298195167	927.0
467184.0411209373	929.0
467218.60925992293	929.0
467253.1773989086	935.0
467287.74553789425	934.0
467322.31367687986	928.0
467356.8818158655	930.0
467391.4499548512	937.0
467427.67961228837	933.0
467463.90926972555	934.0
467500.13892716274	931.0
467536.3685845999	931.0
467572.5982420371	934.0
467608.8278994743	932.0
467645.0575569115	932.0
467681.28721434873	938.0
467717.5168717859	941.0
467753.7465292231	937.0
467789.9761866603	930.0
467827.6624208017	927.0
467865.3486549431	913.0
467903.0348890845	915.0
467940.7211232259	914.0
467978.40735736734	916.0
468016.09359150875	906.0
468053.77982565016	908.0
468091.4660597916	927.0
468129.15229393303	931.0
468168.5904508055	931.0
468208.02860767796	927.0
468247.46676455037	916.0
468286.9049214228	928.0
468326.3430782953	935.0
468365.78123516776	937.0
468405.2193920402	938.0
468435.97069880855	937.0
468466.7220055768	936.0
468497.47331234516	934.0
468528.2246191135	933.0
468558.97592588176	932.0
468589.7272326501	934.0
468620.47853941843	935.0
468651.22984618676	936.0
468681.98115295504	932.0
468712.73245972337	931.0
468743.4837664917	929.0
468774.23507326	928.0
468804.9863800283	927.0
468835.73768679664	930.0
468866.4889935649	929.0
468897.24030033324	927.0
468927.9916071016	926.0
468958.74291386985	929.0
468989.4942206382	932.0
469020.2455274065	930.0
469050.99683417485	928.0
469081.7481409431	925.0
469113.70477251394	921.0
469145.66140408476	925.0
469177.6180356555	925.0
469209.57466722635	926.0
469241.53129879717	929.0
469273.487930368	927.0
469305.44456193876	926.0
469337.4011935096	924.0
469369.3578250804	925.0
469401.3144566512	926.0
469433.27108822204	920.0
469465.2277197928	921.0
469496.1256580552	923.0
469527.02359631757	923.0
469557.92153457995	923.0
469588.81947284227	923.0
469619.71741110465	925.0
469650.615349367	928.0
469681.5132876294	933.0
469712.4112258918	935.0
469743.30916415417	926.0
469774.2071024165	920.0
469805.10504067887	921.0
469836.00297894125	923.0
469866.90091720363	922.0
469897.798855466	917.0
469928.6967937284	916.0
469959.492730945	918.0
469990.28866816167	920.0
470021.0846053783	921.0
470051.88054259494	924.0
470082.67647981155	924.0
470113.4724170282	923.0
470144.2683542448	922.0
470176.20532644715	925.0
470208.14229864953	925.0
470240.07927085186	921.0
470272.01624305424	906.0
470303.95321525657	900.0
470335.89018745895	917.0
470367.8271596613	923.0
470399.76413186366	926.0
470431.701104066	928.0
470464.55027590616	931.0
470497.39944774634	926.0
470530.2486195865	923.0
470563.0977914267	926.0
470595.9469632669	929.0
470628.79613510706	931.0
470661.64530694723	929.0
470693.9788450122	929.0
470726.3123830771	930.0
470758.6459211421	927.0
470790.979459207	926.0
470823.31299727195	927.0
470855.64653533685	940.0
470887.9800734018	937.0
470920.3136114667	922.0
470952.6471495317	924.0
470991.2099384948	924.0
471029.7727274579	925.0
471068.335516421	930.0
471106.89830538415	933.0
471145.46109434724	929.0
471176.6189090105	927.0
471207.7767236737	926.0
471238.93453833694	923.0
471270.0923530002	920.0
471301.2501676634	921.0
471332.40798232664	923.0
471363.5657969899	924.0
471394.72361165314	925.0
471431.49349005613	927.0
471468.2633684591	927.0
471505.0332468621	925.0
471544.9199720511	925.0
471584.80669724016	928.0
471624.69342242915	924.0
471664.58014761814	921.0
471704.4668728071	924.0
471744.3535979962	926.0
471784.24032318516	925.0
471824.12704837415	925.0
471855.1593820263	926.0
471886.19171567843	928.0
471917.2240493305	926.0
471948.25638298265	927.0
471979.2887166348	923.0
472010.32105028693	920.0
472041.3533839391	918.0
472072.38571759115	919.0
472103.4180512433	920.0
472134.45038489543	924.0
472165.4827185476	924.0
472196.5150521997	923.0
472227.5473858518	924.0
472261.5157652983	926.0
472295.4841447447	927.0
472329.4525241912	927.0
472363.4209036376	928.0
472397.3892830841	928.0
472431.3576625305	925.0
472465.326041977	925.0
472499.29442142346	927.0
472533.2628008699	927.0
472567.23118031636	926.0
472601.1995597628	926.0
472634.73233165586	925.0
472668.26510354894	926.0
472701.797875442	929.0
472735.3306473351	926.0
472768.8634192282	920.0
472802.39619112125	935.0
472837.0909766557	939.0
472871.7857621901	944.0
472906.4805477246	944.0
472941.175333259	945.0
472975.87011879345	942.0
473010.56490432785	945.0
473045.2596898623	947.0
473079.9544753967	949.0
473114.6492609312	949.0
473149.34404646565	950.0
473184.03883200005	950.0
473218.7336175345	948.0
473253.4284030689	937.0
473293.58915789187	938.0
473333.7499127149	932.0
473373.9106675378	930.0
473414.0714223608	927.0
473454.2321771838	927.0
473494.39293200674	928.0
473534.55368682975	928.0
473574.7144416527	929.0
473614.87519647565	930.0
473655.03595129866	930.0
473695.1967061216	928.0
473735.35746094456	927.0
473775.5182157676	926.0
473815.6789705905	928.0
473855.83972541353	925.0
473896.0004802365	925.0
473936.16123505944	930.0
473974.2782286049	931.0
474012.3952221503	926.0
474050.5122156957	925.0
474088.62920924113	926.0
474126.74620278657	927.0
474164.863196332	925.0
474202.98018987745	922.0
474241.0971834229	920.0
474279.21417696826	925.0
474317.3311705137	925.0
474355.44816405914	930.0
474393.5651576046	934.0
474431.68215115	935.0
474469.79914469545	928.0
474507.91613824083	922.0
474546.0331317863	919.0
474580.4622964877	918.0
474614.89146118914	914.0
474649.32062589057	916.0
474683.74979059194	913.0
474718.1789552934	916.0
474752.6081199948	929.0
474787.03728469624	928.0
474821.4664493977	925.0
474855.8956140991	922.0
474890.3247788005	919.0
474924.7539435019	918.0
474959.18310820335	920.0
474993.6122729048	924.0
475028.0414376062	921.0
475063.09643618274	928.0
475098.1514347593	922.0
475133.20643333584	916.0
475168.26143191237	917.0
475203.3164304889	917.0
475238.3714290655	918.0
475273.426427642	919.0
475308.4814262185	922.0
475343.53642479505	922.0
475378.59142337163	921.0
475413.64642194816	924.0
475445.261590479	923.0
475476.87675900984	922.0
475508.4919275407	922.0
475540.10709607153	923.0
475571.7222646024	922.0
475603.3374331332	916.0
475634.95260166406	904.0
475666.5677701949	888.0
475698.18293872575	892.0
475729.7981072566	898.0
475762.6645035826	913.0
475795.5308999086	912.0
475828.3972962346	914.0
475861.2636925606	917.0
475894.13008888665	928.0
475926.99648521264	928.0
475959.8628815387	925.0
475992.7292778647	926.0
476025.59567419067	929.0
476058.4620705167	931.0
476091.3284668427	926.0
476124.1948631687	936.0
476157.06125949475	938.0
476191.86886058166	944.0
476226.6764616685	946.0
476261.4840627554	946.0
476296.2916638423	933.0
476331.0992649292	925.0
476365.90686601604	925.0
476400.71446710295	922.0
476435.52206818986	916.0
476470.3296692767	923.0
476505.13727036363	929.0
476539.9448714505	929.0
476574.7524725374	924.0
476609.56007362425	918.0
476644.36767471116	915.0
476679.1752757981	917.0
476713.9828768849	925.0
476748.79047797184	927.0
476783.5980790587	928.0
476832.61718561937	923.0
476875.5792589362	921.0
476918.5413322531	919.0
476961.50340556994	922.0
477004.4654788868	923.0
477047.4275522036	924.0
477090.38962552045	924.0
477133.3516988373	922.0
477176.31377215416	923.0
477219.275845471	924.0
477257.7172980455	925.0
477296.15875062003	924.0
477334.60020319454	922.0
477373.04165576905	921.0
477411.4831083435	922.0
477449.924560918	925.0
477488.3660134925	923.0
477526.807466067	920.0
477565.24891864153	918.0
477603.69037121604	920.0
477642.13182379055	921.0
477680.57327636506	924.0
477719.0147289395	928.0
477757.456181514	926.0
477795.8976340885	925.0
477834.33908666304	925.0
477865.4666048774	925.0
477896.5941230918	926.0
477927.7216413061	926.0
477958.8491595205	926.0
477989.97667773487	927.0
478021.1041959492	929.0
478052.2317141636	929.0
478083.35923237796	928.0
478114.4867505923	926.0
478145.6142688067	926.0
478176.74178702105	921.0
478207.86930523545	926.0
478238.9968234498	920.0
478271.2398882218	917.0
478303.4829529938	919.0
478335.7260177658	926.0
478367.9690825378	928.0
478400.21214730985	928.0
478432.45521208184	926.0
478464.69827685383	927.0
478496.9413416259	929.0
478529.18440639786	930.0
478561.42747116985	930.0
478593.6705359419	931.0
478625.9136007139	926.0
478660.3216042153	930.0
478694.7296077167	934.0
478729.13761121815	928.0
478763.54561471957	926.0
478797.953618221	922.0
478832.3616217224	922.0
478866.7696252238	933.0
478904.8207402886	931.0
478942.87185535335	931.0
478980.92297041806	924.0
479018.9740854828	930.0
479057.0252005476	932.0
479095.07631561236	931.0
479134.6955712241	934.0
479174.3148268358	931.0
479213.93408244755	930.0
479253.5533380593	926.0
479293.172593671	924.0
479332.79184928274	924.0
479372.4111048945	923.0
479412.0303605062	925.0
479451.64961611794	925.0
479491.26887172967	927.0
479530.8881273414	925.0
479570.5073829531	925.0
479610.1266385648	928.0
479649.74589417654	929.0
479685.0926672711	928.0
479720.43944036565	928.0
479755.7862134602	927.0
479791.1329865548	929.0
479826.4797596494	928.0
479861.82653274393	926.0
479897.1733058385	925.0
479932.52007893304	925.0
479967.8668520276	927.0
480003.2136251222	924.0
480038.56039821677	926.0
480073.9071713113	927.0
480109.2539444059	930.0
480144.60071750043	932.0
480186.567696592	933.0
480228.5346756836	935.0
480270.5016547752	925.0
480312.46863386675	924.0
480354.43561295833	926.0
480396.4025920499	922.0
480438.3695711415	921.0
480480.33655023307	918.0
480522.30352932465	919.0
480564.27050841623	920.0
480598.4254393488	916.0
480632.58037028136	921.0
480666.735301214	928.0
480700.89023214654	929.0
480735.0451630791	930.0
480769.20009401167	927.0
480803.35502494423	932.0
480837.50995587686	932.0
480871.6648868094	929.0
480905.819817742	932.0
480939.67404651834	929.0
480973.5282752947	923.0
481007.3825040711	932.0
481041.23673284746	932.0
481075.0909616238	946.0
481108.9451904002	935.0
481142.79941917653	930.0
481181.4849930872	929.0
481220.17056699784	935.0
481258.85614090844	941.0
481297.5417148191	930.0
481336.22728872974	926.0
481374.9128626404	931.0
481413.59843655105	922.0
481452.28401046165	919.0
481490.9695843723	915.0
481529.65515828296	914.0
481568.3407321936	917.0
481607.02630610426	920.0
481645.71188001486	923.0
481679.0099348139	925.0
481712.30798961286	929.0
481745.6060444119	925.0
481778.9040992109	922.0
481812.20215400995	924.0
481845.5002088089	920.0
481878.79826360795	920.0
481912.096318407	918.0
481945.39437320596	920.0
481978.692428005	917.0
482011.990482804	919.0
482045.28853760305	922.0
482078.586592402	925.0
482111.88464720105	920.0
482145.1827020001	914.0
482178.48075679905	914.0
482211.7788115981	921.0
482249.0958695389	924.0
482286.41292747966	920.0
482323.7299854205	919.0
482361.0470433613	920.0
482398.36410130205	923.0
482435.6811592429	922.0
482472.9982171837	927.0
482510.31527512445	933.0
482547.63233306527	926.0
482584.9493910061	924.0
482622.26644894684	937.0
482659.58350688766	934.0
482696.9005648284	934.0
482734.21762276924	927.0
482769.20758596517	920.0
482804.1975491611	925.0
482839.1875123571	932.0
482874.177475553	940.0
482909.16743874893	962.0
482944.15740194486	965.0
482979.1473651408	969.0
483014.1373283367	966.0
483049.1272915327	953.0
483084.1172547286	967.0
483138.30498287035	932.0
483192.49271101214	926.0
483246.68043915386	929.0
483286.60349263425	933.0
483326.5265461147	937.0
483366.4495995951	946.0
483406.37265307555	960.0
483446.29570655595	969.0
483485.7270452586	976.0
483525.15838396124	967.0
483564.5897226639	957.0
483604.0210613666	962.0
483643.4524000693	940.0
483682.8837387719	934.0
483722.3150774746	942.0
483761.74641617725	944.0
483801.17775487993	938.0
483844.72137171816	929.0
483888.2649885564	929.0
483931.8086053946	936.0
483975.35222223285	935.0
484018.8958390711	931.0
484062.4394559093	929.0
484105.98307274753	933.0
484145.9060272851	932.0
484185.82898182265	926.0
484225.7519363602	928.0
484265.67489089776	933.0
484305.5978454353	948.0
484336.72977807466	954.0
484367.86171071406	958.0
484398.9936433534	972.0
484430.1255759928	997.0
484461.25750863214	994.0
484492.3894412715	974.0
484525.74462682474	957.0
484559.09981237806	948.0
484592.4549979313	941.0
484625.8101834846	923.0
484659.1653690379	921.0
484692.52055459114	930.0
484726.04738672293	935.0
484759.5742188548	936.0
484793.10105098656	940.0
484826.62788311834	944.0
484860.15471525013	935.0
484893.681547382	926.0
484930.12246902427	916.0
484966.5633906666	910.0
485003.0043123089	910.0
485039.4452339512	914.0
485075.88615559356	920.0
485112.32707723585	918.0
485148.76799887815	921.0
485185.2089205205	942.0
485221.6498421628	959.0
485252.54112694564	945.0
485283.43241172854	937.0
485314.3236965114	930.0
485345.2149812943	927.0
485376.10626607714	922.0
485406.99755086	922.0
485437.8888356429	924.0
485468.78012042574	923.0
485499.67140520865	919.0
485530.5626899915	921.0
485561.45397477434	923.0
485592.34525955725	925.0
485623.2365443401	924.0
485654.127829123	921.0
485685.01911390584	921.0
485716.02373080136	923.0
485747.0283476969	926.0
485778.03296459245	924.0
485809.03758148797	920.0
485840.0421983835	915.0
485871.046815279	915.0
485902.0514321746	909.0
485933.0560490701	912.0
485964.0030694653	914.0
485994.9500898605	917.0
486025.8971102557	918.0
486056.8441306509	919.0
486087.7911510461	915.0
486118.7381714413	913.0
486149.68519183656	915.0
486180.63221223175	911.0
486211.57923262694	914.0
486242.52625302214	911.0
486273.4732734174	916.0
486304.4202938126	928.0
486335.3673142078	929.0
486366.73285775696	925.0
486398.09840130614	909.0
486429.46394485526	907.0
486460.82948840444	910.0
486492.1950319536	914.0
486523.5605755028	916.0
486554.926119052	914.0
486586.2916626011	916.0
486617.6572061503	920.0
486666.4240334784	914.0
486715.19086080656	919.0
486763.9576881347	922.0
486812.7245154628	921.0
486861.49134279095	913.0
486905.7218157195	914.0
486949.95228864806	911.0
486994.18276157655	911.0
487038.4132345051	910.0
487100.6243233549	912.0
487132.5531001618	912.0
487164.4818769686	918.0
487196.41065377544	931.0
487228.33943058224	935.0
487260.2682073891	924.0
487292.1969841959	911.0
487324.12576100277	909.0
487356.0545378096	908.0
487387.98331461643	912.0
487423.58277336584	920.0
487459.1822321153	934.0
487494.7816908647	930.0
487530.3811496142	931.0
487565.9806083636	940.0
487601.58006711304	938.0
487632.5774740235	934.0
487663.57488093403	932.0
487694.5722878445	933.0
487725.56969475496	930.0
487756.5671016655	922.0
487787.56450857595	917.0
487818.5619154864	918.0
487849.5593223969	916.0
487880.5567293074	912.0
487912.6085646111	909.0
487944.6603999149	905.0
487976.7122352186	900.0
488008.76407052233	895.0
488040.8159058261	892.0
488072.8677411298	893.0
488104.91957643355	901.0
488136.9714117373	902.0
488169.02324704104	904.0
488201.07508234476	908.0
488233.12691764854	907.0
488265.17875295226	903.0
488297.230588256	905.0
488329.68466822186	905.0
488362.1387481877	905.0
488394.5928281536	910.0
488427.0469081194	908.0
488459.5009880853	911.0
488491.9550680512	915.0
488524.409148017	908.0
488563.68465024815	913.0
488602.9601524793	910.0
488642.23565471044	908.0
488681.51115694153	903.0
488720.7866591727	907.0
488760.0621614038	905.0
488798.49817861116	904.0
488836.9341958185	899.0
488875.37021302583	895.0
488913.80623023317	904.0
488952.2422474405	912.0
488990.67826464784	907.0
489029.1142818552	908.0
489067.5502990625	908.0
489106.5170646751	904.0
489145.48383028765	905.0
489184.45059590024	906.0
489223.41736151284	906.0
489262.3841271254	909.0
489301.350892738	909.0
489340.31765835057	909.0
489379.28442396317	906.0
489418.2511895757	903.0
489457.2179551883	905.0
489496.1847208009	905.0
489537.6058064511	900.0
489579.0268921014	904.0
489620.4479777516	905.0
489661.8690634018	904.0
489703.2901490521	900.0
489744.7112347023	903.0
489786.13232035254	904.0
489827.5534060028	902.0
489868.97449165303	907.0
489910.39557730325	907.0
489951.81666295347	911.0
489993.23774860374	912.0
490034.65883425396	912.0
490076.0799199042	924.0
490108.84321375436	918.0
490141.6065076046	913.0
490174.36980145477	906.0
490207.13309530495	905.0
490239.8963891552	898.0
490272.65968300536	894.0
490305.42297685554	899.0
490338.1862707058	901.0
490370.94956455595	898.0
490403.7128584061	906.0
490438.255006509	904.0
490472.7971546119	902.0
490507.3393027148	899.0
490541.88145081775	898.0
490576.42359892064	898.0
490610.9657470235	901.0
490645.5078951264	899.0
490680.0500432293	894.0
490714.5921913322	901.0
490749.13433943514	898.0
490784.980063282	898.0
490820.8257871288	897.0
490856.6715109757	901.0
490892.5172348225	902.0
490928.3629586694	905.0
490964.2086825162	907.0
491000.05440636305	926.0
491034.40167231293	899.0
491068.7489382628	891.0
491103.09620421263	890.0
491135.68561951263	890.0
491168.2750348126	896.0
491200.8644501127	899.0
491233.4538654127	896.0
491266.0432807127	895.0
491298.6326960127	893.0
491331.22211131273	897.0
491363.8115266127	901.0
491396.1653509469	900.0
491428.51917528105	897.0
491460.87299961515	895.0
491493.2268239493	898.0
491525.5806482835	899.0
491557.93447261764	896.0
491590.2882969518	895.0
491622.64212128596	895.0
491654.99594562006	898.0
491687.3497699542	898.0
491719.7035942884	898.0
491752.05741862254	900.0
491784.4112429567	899.0
491814.9417046718	899.0
491845.47216638684	900.0
491876.0026281019	897.0
491906.53308981704	899.0
491937.0635515321	904.0
491967.5940132472	905.0
491998.12447496224	902.0
492028.6549366773	898.0
492063.51992081414	902.0
492098.38490495103	900.0
492133.24988908786	895.0
492168.11487322475	896.0
492202.9798573616	891.0
492237.8448414984	884.0
492271.7086691705	884.0
492305.5724968426	887.0
492339.4363245147	889.0
492373.30015218677	889.0
492407.16397985886	890.0
492441.02780753095	894.0
492472.8308994925	905.0
492504.6339914541	901.0
492536.4370834156	895.0
492568.2401753772	897.0
492600.04326733877	895.0
492631.8463593003	893.0
492663.6494512619	893.0
492695.45254322345	893.0
492727.255635185	896.0
492759.0587271466	893.0
492792.02900003735	895.0
492824.99927292817	894.0
492857.9695458189	899.0
492890.93981870974	906.0
492923.9100916005	910.0
492956.88036449126	923.0
492989.8506373821	901.0
493022.8209102728	912.0
493055.79118316364	906.0
493088.7614560544	905.0
493121.73172894516	906.0
493154.702001836	909.0
493187.67227472673	917.0
493223.3217460317	907.0
493258.97121733666	909.0
493294.6206886417	910.0
493330.27015994664	904.0
493365.9196312516	898.0
493401.56910255656	892.0
493437.2185738616	895.0
493472.86804516654	888.0
493508.5175164715	887.0
493544.16698777647	893.0
493579.8164590814	900.0
493619.9966683468	902.0
493660.14614001825	903.0
493700.2956116897	900.0
493740.44508336106	891.0
493779.0556297585	897.0
493817.666176156	907.0
493856.2767225535	899.0
493894.88726895093	900.0
493933.49781534844	887.0
493972.1083617459	892.0
494010.71890814335	910.0
494049.32945454086	918.0
494087.9400009383	915.0
494123.31512692117	910.0
494158.690252904	905.0
494194.0653788869	925.0
494229.44050486974	928.0
494264.8156308526	929.0
494300.1907568355	924.0
494335.56588281837	927.0
494370.9410088012	922.0
494406.3161347841	914.0
494441.69126076694	913.0
494477.0663867498	899.0
494512.44151273265	904.0
494550.1316115997	903.0
494587.8217104667	899.0
494619.87132180395	893.0
494651.9209331412	892.0
494683.97054447845	896.0
494716.0201558157	899.0
494748.06976715295	893.0
494780.1193784902	891.0
494812.16898982745	892.0
494844.21860116464	893.0
494876.2682125019	894.0
494908.31782383914	895.0
494940.3674351764	891.0
494972.41704651364	888.0
495002.72471042577	889.0
495033.0323743379	892.0
495063.34003825	892.0
495093.64770216215	886.0
495123.9553660743	886.0
495154.2630299864	888.0
495184.57069389854	891.0
495214.87835781067	894.0
495245.1860217228	894.0
495275.4936856349	894.0
495309.0552836483	895.0
495342.61688166164	888.0
495376.178479675	895.0
495409.7400776884	896.0
495443.30167570175	896.0
495476.86327371513	891.0
495510.42487172846	892.0
495543.98646974185	894.0
495577.54806775524	893.0
495626.31215440214	891.0
495675.076241049	898.0
495723.8403276959	887.0
495772.6044143428	891.0
495821.3685009896	895.0
495855.0650025854	895.0
495888.7615041812	889.0
495922.45800577704	885.0
495956.1545073728	882.0
495989.8510089686	886.0
496020.02688107	877.0
496050.20275317144	875.0
496080.37862527283	876.0
496120.6691793403	878.0
496160.9597334077	880.0
496201.2502874752	878.0
496241.54084154265	878.0
496281.83139561006	879.0
496322.12194967753	878.0
496362.41250374494	881.0
496402.7030578124	884.0
496442.9936118799	889.0
496487.4580330824	901.0
496531.92245428497	892.0
496576.3868754875	886.0
496620.85129669006	886.0
496665.31571789255	887.0
496709.7801390951	891.0
496754.24456029764	890.0
496798.7089815002	899.0
496832.78369383037	890.0
496866.8584061606	885.0
496900.9331184908	889.0
496935.007830821	887.0
496969.0825431512	895.0
497003.1572554814	892.0
497037.2319678116	882.0
497071.30668014183	886.0
497102.70313534955	889.0
497134.0995905573	890.0
497165.496045765	888.0
497196.89250097267	888.0
497228.2889561804	885.0
497259.6854113881	886.0
497291.08186659584	886.0
497335.96621715627	877.0
497380.85056771676	881.0
497425.7349182772	884.0
497470.6192688377	883.0
497515.5036193981	877.0
497546.35896754294	874.0
497577.21431568783	882.0
497608.06966383266	889.0
497638.9250119775	890.0
497669.7803601224	886.0
497700.6357082672	896.0
497731.4910564121	897.0
497777.27762186347	887.0
497823.0641873149	896.0
497868.85075276624	884.0
497914.6373182176	889.0
497960.42388366896	891.0
498006.2104491204	882.0
498051.99701457174	880.0
498097.7835800231	882.0
498129.8029804349	880.0
498161.8223808467	880.0
498193.8417812585	881.0
498225.8611816704	879.0
498257.8805820822	885.0
498289.899982494	875.0
498321.9193829058	872.0
498353.93878331763	883.0
498385.95818372944	887.0
498417.97758414125	881.0
498449.99698455306	883.0
498488.8476792436	883.0
498527.6983739341	881.0
498566.5490686246	887.0
498605.39976331516	890.0
498641.49619876494	888.0
498677.5926342147	887.0
498713.6890696645	885.0
498749.7855051143	883.0
498780.11587516725	879.0
498810.4462452202	876.0
498840.77661527315	876.0
498871.1069853261	884.0
498901.43735537905	888.0
498931.767725432	888.0
498962.09809548495	885.0
498992.4284655379	881.0
499022.75883559085	882.0
499065.5927160104	882.0
499108.42659643	880.0
499151.26047684957	879.0
499188.23964524333	881.0
499225.2188136371	882.0
499262.19798203086	883.0
499299.1771504246	888.0
499336.1563188184	887.0
499373.1354872121	880.0
499410.11465560587	880.0
499447.09382399963	878.0
499478.49396512675	880.0
499509.8941062539	877.0
499541.29424738104	877.0
499572.69438850816	878.0
499604.09452963533	880.0
499635.49467076245	877.0
499666.89481188956	870.0
499698.2949530167	867.0
499729.69509414386	881.0
499761.095235271	882.0
499792.4953763981	880.0
499833.69110231946	881.0
499874.88682824076	885.0
499916.08255416213	889.0
499957.2782800835	888.0
499998.4740060048	886.0
500039.6697319262	888.0
500071.40688146994	886.0
500103.14403101377	887.0
500134.88118055754	889.0
500166.6183301013	891.0
500198.3554796451	889.0
500232.2043107626	891.0
500266.05314188014	888.0
500299.90197299764	887.0
500333.75080411515	884.0
500367.5996352327	890.0
500401.4484663502	894.0
500435.2972974677	903.0
500468.8198967619	903.0
500502.3424960561	895.0
500535.8650953503	885.0
500569.3876946445	884.0
500602.91029393877	894.0
500636.43289323297	907.0
500677.8733388868	910.0
500719.31378454063	904.0
500760.7542301945	874.0
500802.1946758483	874.0
500843.63512150216	904.0
500879.4790533588	887.0
500915.3229852154	879.0
500951.16691707197	876.0
500987.0108489286	881.0
501022.8547807852	879.0
501058.69871264184	878.0
501094.5426444984	881.0
501126.6680174657	884.0
501158.79339043295	880.0
501190.91876340023	882.0
501223.04413636745	878.0
501255.1695093347	866.0
501303.49130661594	877.0
501351.8131038972	880.0
501400.1349011784	885.0
501448.4566984597	879.0
501482.1977353842	883.0
501515.9387723088	879.0
501549.67980923335	880.0
501583.4208461579	878.0
501617.1618830825	880.0
501650.902920007	879.0
501684.64395693154	882.0
501718.38499385613	881.0
501759.12405836297	878.0
501799.8631228698	879.0
501840.6021873767	886.0
501881.34125188354	883.0
501922.0803163904	884.0
501962.8193808972	882.0
502003.55844540405	885.0
502034.34419532627	880.0
502065.1299452484	879.0
502095.91569517064	882.0
502126.70144509285	882.0
502157.487195015	879.0
502188.2729449372	880.0
502219.05869485944	885.0
502250.05985371425	881.0
502281.06101256906	868.0
502312.06217142387	868.0
502343.0633302787	869.0
502374.0644891335	869.0
502405.0656479883	866.0
502436.0668068431	867.0
502467.0679656979	870.0
502505.6181276109	873.0
502544.16828952386	873.0
502582.71845143684	878.0
502621.2686133498	882.0
502659.8187752628	888.0
502691.19401438464	879.0
502722.5692535065	879.0
502753.94449262833	888.0
502785.3197317502	889.0
502816.694970872	886.0
502848.07020999386	876.0
502860.9538968289	868.0
502903.7871756631	867.0
502946.62045449734	869.0
502989.4537333315	871.0
503021.8288067361	877.0
503054.2038801407	880.0
503086.57895354525	880.0
503118.9540269499	878.0
503151.32910035446	870.0
503183.70417375903	873.0
503216.0792471636	884.0
503248.4543205682	895.0
503283.46378948167	889.0
503318.47325839516	892.0
503353.48272730864	882.0
503388.4921962221	880.0
503423.5016651356	873.0
503458.51113404916	872.0
503493.52060296264	871.0
503528.5300718761	870.0
503563.5395407896	871.0
503598.1390249631	872.0
503632.7385091366	871.0
503667.33799331007	872.0
503701.93747748353	870.0
503736.536961657	878.0
503767.27236752154	866.0
503798.0077733861	866.0
503828.7431792506	868.0
503859.47858511517	864.0
503890.2139909797	863.0
503930.31130381214	865.0
503970.40861664456	869.0
504000.90558285767	872.0
504031.4025490708	872.0
504061.8995152839	871.0
504092.39648149704	869.0
504122.89344771014	870.0
504153.39041392325	875.0
504183.88738013635	873.0
504214.38434634946	871.0
504244.88131256256	871.0
504280.782774585	870.0
504316.6842366074	875.0
504352.58569862985	881.0
504388.4871606523	875.0
504424.38862267474	873.0
504460.29008469713	869.0
504496.1915467196	870.0
504532.535869323	879.0
504568.8801919265	884.0
504605.2245145299	880.0
504641.56883713335	865.0
504677.91315973684	867.0
504713.75574948924	867.0
504749.59833924164	871.0
504785.440928994	872.0
504821.2835187464	870.0
504857.1261084988	866.0
504892.9686982512	865.0
504928.8112880036	870.0
504977.57281505014	868.0
505026.33434209676	868.0
505075.0958691433	872.0
505123.85739618994	871.0
505172.6189232365	888.0
505210.4778743543	877.0
505248.33682547207	893.0
505286.19577658986	915.0
505324.0547277077	896.0
505361.9136788255	879.0
505399.77262994327	884.0
505429.9764740893	885.0
505460.1803182353	895.0
505490.38416238135	896.0
505520.58800652734	886.0
505550.7918506734	875.0
505580.9956948194	868.0
505611.1995389654	865.0
505641.4033831114	865.0
505671.60722725745	863.0
505701.81107140344	865.0
505735.28767669154	864.0
505768.7642819797	871.0
505802.2408872678	871.0
505835.7174925559	864.0
505869.194097844	864.0
505902.6707031322	863.0
505936.1473084203	863.0
505969.6239137084	861.0
506003.1005189965	858.0
506036.57712428464	858.0
506070.05372957274	858.0
506110.7387823265	857.0
506151.4238350803	866.0
506192.10888783407	864.0
506232.7939405878	860.0
506273.47899334156	861.0
506314.16404609533	866.0
506354.8490988491	865.0
506395.5341516029	866.0
506436.21920435666	859.0
506476.9042571104	862.0
506511.6222400586	862.0
506546.34022300685	862.0
506581.0582059551	867.0
506615.77618890326	866.0
506650.4941718515	867.0
506683.3789570253	870.0
506716.26374219905	873.0
506749.14852737286	882.0
506782.0333125467	886.0
506814.9180977205	883.0
506847.80288289423	881.0
506880.68766806804	875.0
506913.57245324185	871.0
506946.45723841566	867.0
506979.3420235894	873.0
507012.2268087632	873.0
507046.5088634434	870.0
507080.7909181235	865.0
507115.07297280367	859.0
507149.35502748383	865.0
507183.63708216394	863.0
507217.9191368441	861.0
507266.2384413464	870.0
507314.5577458486	867.0
507362.8770503509	872.0
507411.19635485316	867.0
507455.0186949389	867.0
507498.84103502467	862.0
507542.6633751104	867.0
507586.4857151961	871.0
507630.3080552819	870.0
507673.4167878583	878.0
507716.5255204348	879.0
507759.6342530112	878.0
507802.7429855877	875.0
507845.8517181641	869.0
507888.96045074053	867.0
507922.3766215117	867.0
507955.79279228294	871.0
507989.2089630541	871.0
508022.6251338253	870.0
508056.0413045965	874.0
508089.4574753677	873.0
508122.8736461389	870.0
508163.0577440795	869.0
508203.24184202007	882.0
508243.4259399607	887.0
508275.49622306245	896.0
508307.56650616415	902.0
508339.6367892659	897.0
508371.7070723676	882.0
508403.77735546936	887.0
508435.84763857105	878.0
508467.9179216728	878.0
508499.9882047745	874.0
508532.05848787626	876.0
508564.12877097796	879.0
508596.1990540797	866.0
508628.2693371814	865.0
508660.33962028316	864.0
508691.3389372694	865.0
508722.33825425565	873.0
508753.3375712419	866.0
508784.33688822814	863.0
508815.3362052144	861.0
508846.3355222006	860.0
508877.33483918686	868.0
508908.3341561731	865.0
508954.1167981346	867.0
508999.89944009605	871.0
509045.6820820576	879.0
509091.46472401905	860.0
509137.2473659805	857.0
509183.030007942	869.0
509228.81264990347	881.0
509274.595291865	877.0
509305.06980436435	871.0
509335.54431686376	867.0
509366.0188293631	862.0
509396.49334186246	861.0
509426.96785436186	859.0
509457.4423668612	859.0
509487.91687936056	858.0
509518.39139186	859.0
509548.8659043593	865.0
509579.3404168587	878.0
509616.4709733532	873.0
509653.6015298477	871.0
509690.73208634224	876.0
509727.86264283676	886.0
509764.9931993313	894.0
509802.1237558258	887.0
509839.2543123203	912.0
509876.3848688149	912.0
509913.5154253094	910.0
509950.64598180394	913.0
509987.77653829847	924.0
510024.907094793	922.0
510062.0376512875	901.0
510104.1123870628	884.0
510146.1871228381	872.0
510188.2618586134	872.0
510230.3365943887	867.0
510272.41133016394	861.0
510314.48606593924	862.0
510356.56080171454	862.0
510398.63553748984	867.0
510450.54608635395	869.0
510502.456635218	865.0
510554.3671840821	859.0
510606.2777329462	857.0
510654.1394176537	858.0
510702.0011023613	860.0
510749.8627870688	864.0
510797.7244717764	870.0
510845.5861564839	875.0
510879.14365555276	878.0
510912.70115462167	870.0
510946.2586536905	876.0
510979.81615275936	874.0
511013.37365182827	879.0
511046.9311508971	878.0
511080.48864996596	878.0
511114.04614903487	874.0
511147.6036481037	873.0
511190.27732306934	880.0
511232.950998035	880.0
511275.62467300065	879.0
511318.29834796634	870.0
511383.2142461289	858.0
511415.5861260374	857.0
511447.95800594595	857.0
511480.32988585444	857.0
511512.70176576293	862.0
511545.0736456715	861.0
511577.44552557997	856.0
511609.81740548846	859.0
511642.18928539695	875.0
511682.12886350264	880.0
511722.06844160834	874.0
511762.008019714	868.0
511801.9475978197	876.0
511841.88717592537	880.0
511881.82675403106	873.0
511921.76633213676	883.0
511961.70591024245	880.0
512001.6454883481	906.0
512041.5850664538	906.0
512077.2298841207	894.0
512112.8747017876	901.0
512148.51951945445	896.0
512184.16433712136	907.0
512219.80915478827	895.0
512255.4539724552	892.0
512291.0987901221	886.0
512326.743607789	867.0
512362.38842545584	869.0
512398.03324312274	865.0
512433.67806078965	863.0
512474.51141027425	859.0
512515.34475975885	872.0
512556.1781092435	871.0
512597.0114587281	877.0
512637.8448082127	874.0
512678.6781576973	861.0
512719.511507182	865.0
512760.3448566666	876.0
512801.1782061512	873.0
512842.0115556358	874.0
512884.6386452499	873.0
512927.265734864	872.0
512969.8928244781	868.0
513012.51991409215	859.0
513055.14700370625	865.0
513097.77409332036	859.0
513139.53136616835	859.0
513181.28863901633	852.0
513223.04591186426	860.0
513264.80318471225	863.0
513306.56045756023	861.0
513348.3177304082	856.0
513390.07500325615	860.0
513431.83227610413	858.0
513473.5895489521	858.0
513515.3468218001	856.0
513561.05556326674	854.0
513606.76430473337	859.0
513652.47304620006	849.0
513698.1817876667	854.0
513743.8905291333	857.0
513789.59927059995	867.0
513835.3080120666	868.0
513881.0167535332	867.0
513920.1933461064	866.0
513959.36993867956	861.0
513998.54653125274	858.0
514037.7231238259	855.0
514076.899716399	855.0
514116.0763089722	855.0
514155.2529015454	855.0
514194.42949411855	866.0
514233.6060866917	866.0
514272.7826792649	859.0
514311.9592718381	861.0
514344.26496751345	850.0
514376.5706631888	853.0
514408.8763588642	854.0
514441.1820545396	857.0
514473.487750215	852.0
514505.79344589036	846.0
514538.09914156573	846.0
514570.4048372411	848.0
514602.7105329165	854.0
514635.01622859185	853.0
514667.3219242673	848.0
514701.03102192306	847.0
514734.7401195788	856.0
514768.44921723456	863.0
514802.15831489034	863.0
514835.86741254607	860.0
514869.57651020185	857.0
514903.2856078576	859.0
514936.99470551335	862.0
514970.70380316913	858.0
515004.41290082486	863.0
515038.12199848064	868.0
515071.8310961364	864.0
515105.0259402271	861.0
515138.2207843178	861.0
515171.4156284085	859.0
515204.6104724992	850.0
515237.8053165899	850.0
515271.0001606806	847.0
515304.1950047713	850.0
515337.389848862	852.0
515370.5846929527	864.0
515403.7795370434	862.0
515436.9743811341	862.0
515470.1692252248	853.0
515512.08664693305	859.0
515554.0040686413	861.0
515595.92149034946	851.0
515637.8389120577	847.0
515679.7563337659	848.0
515721.67375547416	851.0
515763.5911771824	852.0
515805.5085988906	852.0
515845.79056020797	847.0
515886.0725215254	849.0
515926.3544828427	849.0
515966.6364441601	852.0
516006.9184054774	853.0
516047.20036679483	863.0
516087.4823281122	861.0
516127.7642894295	858.0
516168.04625074693	854.0
516208.56874673505	850.0
516249.09124272317	845.0
516287.4587982403	843.0
516325.82635375747	849.0
516364.1939092746	853.0
516402.56146479177	855.0
516440.9290203089	849.0
516479.296575826	844.0
516517.6641313432	846.0
516556.0316868603	852.0
516594.3992423775	846.0
516635.3433253793	854.0
516676.2874083811	858.0
516717.23149138293	855.0
516758.17557438475	857.0
516799.11965738656	857.0
516840.0637403884	864.0
516881.0078233902	846.0
516921.951906392	848.0
516961.49382680084	849.0
517001.03574720974	850.0
517040.5776676186	845.0
517080.1195880275	849.0
517119.6615084363	850.0
517159.20342884515	847.0
517198.74534925405	856.0
517238.2872696629	853.0
517280.2036049009	868.0
517322.11994013895	864.0
517364.036275377	863.0
517405.952610615	863.0
517447.868945853	859.0
517489.78528109106	852.0
517531.7016163291	847.0
517573.6179515671	840.0
517611.493884302	844.0
517649.3698170368	850.0
517687.24574977165	853.0
517725.1216825065	854.0
517762.9976152414	847.0
517800.8735479762	845.0
517838.74948071106	841.0
517876.62541344593	845.0
517912.03778158803	850.0
517947.4501497301	850.0
517982.8625178722	852.0
518018.2748860143	852.0
518053.6872541564	847.0
518089.09962229844	846.0
518124.51199044054	844.0
518159.92435858265	846.0
518214.0933854889	846.0
518268.26241239515	851.0
518322.4314393014	855.0
518353.210908581	853.0
518383.9903778606	847.0
518414.7698471402	851.0
518445.5493164198	855.0
518476.3287856994	854.0
518507.108254979	867.0
518537.8877242586	869.0
518570.70502078906	854.0
518603.5223173195	861.0
518636.33961385	850.0
518669.15691038046	858.0
518701.97420691093	855.0
518734.79150344135	860.0
518767.6087999718	867.0
518800.4260965023	861.0
518833.24339303275	857.0
518866.0606895632	847.0
518899.16766886413	847.0
518932.27464816504	847.0
518965.38162746595	848.0
518998.48860676686	848.0
519031.59558606776	850.0
519064.7025653687	852.0
519097.8095446696	851.0
519130.9165239705	850.0
519164.0235032714	846.0
519197.1304825723	853.0
519230.2374618732	856.0
519263.3444411741	857.0
519296.8980267789	854.0
519330.45161238365	853.0
519364.0051979884	850.0
519397.5587835931	846.0
519431.1123691979	842.0
519464.66595480265	848.0
519498.2195404074	844.0
519531.7731260122	843.0
519565.32671161694	844.0
519604.28969965887	844.0
519643.25268770085	837.0
519682.2156757428	840.0
519721.17866378475	844.0
519760.1416518267	842.0
519799.10463986866	844.0
519838.0676279106	845.0
519877.03061595256	844.0
519915.9936039945	846.0
519957.03335352225	850.0
519998.07310305	847.0
520039.11285257776	845.0
520080.1526021055	847.0
520121.1923516333	851.0
520162.23210116103	851.0
520203.2718506888	852.0
520234.7599544583	852.0
520266.2480582278	851.0
520297.7361619973	853.0
520329.2242657668	857.0
520360.7123695363	860.0
520392.2004733058	849.0
520423.6885770753	849.0
520455.1766808448	849.0
520486.6647846143	849.0
520518.15288838383	849.0
520549.6409921533	849.0
520581.1290959228	847.0
520611.2949667253	848.0
520641.4608375278	847.0
520671.6267083303	847.0
520701.79257913283	849.0
520731.9584499353	851.0
520762.12432073784	849.0
520792.2901915403	845.0
520822.45606234286	842.0
520852.62193314533	840.0
520882.7878039478	843.0
520912.95367475034	844.0
520943.1195455528	846.0
520973.28541635536	849.0
521003.45128715783	851.0
521033.61715796037	852.0
521063.78302876285	858.0
521093.9488995653	862.0
521124.11477036786	846.0
521154.28064117034	854.0
521184.44651197287	861.0
521214.61238277535	868.0
521246.0064389894	871.0
521277.40049520356	873.0
521308.79455141764	855.0
521340.1886076317	859.0
521371.5826638458	864.0
521402.97672005993	870.0
521434.370776274	853.0
521465.7648324881	863.0
521497.15888870216	875.0
521528.5529449163	853.0
521559.9470011304	857.0
521591.9069061767	858.0
521623.86681122304	858.0
521655.82671626937	857.0
521687.7866213157	856.0
521719.74652636197	861.0
521751.7064314083	864.0
521783.6663364546	865.0
521815.62624150096	863.0
521847.5861465473	864.0
521879.9051729032	867.0
521912.2241992592	866.0
521944.5432256151	868.0
521976.86225197103	864.0
522009.181278327	856.0
522041.50030468294	854.0
522073.81933103886	851.0
522106.1383573948	848.0
522137.4741974209	847.0
522168.810037447	842.0
522200.1458774731	853.0
522231.4817174992	851.0
522262.8175575253	847.0
522294.15339755145	840.0
522330.18899973284	838.0
522366.2246019143	835.0
522402.2602040957	833.0
522442.99115385924	832.0
522483.72210362274	834.0
522524.4530533863	826.0
522565.18400314986	834.0
522605.91495291336	831.0
522646.6459026769	831.0
522687.3768524404	837.0
522720.2087233986	838.0
522753.04059435683	840.0
522785.87246531504	842.0
522818.70433627325	842.0
522851.53620723146	842.0
522884.36807818967	849.0
522917.1999491479	856.0
522954.4242757238	851.0
522991.64860229974	846.0
523028.8729288757	849.0
523066.0972554516	857.0
523103.32158202754	852.0
523140.54590860347	857.0
523177.7702351794	847.0
523214.99456175533	844.0
523252.21888833126	843.0
523284.03460500936	836.0
523315.8503216874	843.0
523347.6660383655	843.0
523379.48175504355	841.0
523411.29747172166	843.0
523443.1131883997	841.0
523474.9289050778	839.0
523506.7446217559	840.0
523538.54396957817	839.0
523570.3433174005	839.0
523602.14266522275	838.0
523633.9420130451	838.0
523665.74136086734	838.0
523697.54070868966	838.0
523729.3400565119	845.0
523761.13940433424	847.0
523792.9387521565	852.0
523825.99853721325	848.0
523859.05832227	840.0
523892.11810732674	845.0
523925.1778923835	845.0
523958.2376774402	846.0
523991.29746249696	837.0
524024.3572475537	833.0
524057.41703261045	843.0
524090.4768176672	835.0
524123.53660272394	836.0
524156.5963877807	839.0
524189.24083905196	837.0
524221.88529032323	835.0
524254.52974159445	834.0
524287.1741928657	834.0
524319.818644137	835.0
524352.4630954083	836.0
524385.1075466796	834.0
524417.7519979508	833.0
524450.3964492221	833.0
524483.0409004934	832.0
524515.6853517647	829.0
524549.0100000439	835.0
524582.3346483231	834.0
524615.6592966022	831.0
524648.9839448815	843.0
524682.3085931607	838.0
524715.6332414399	832.0
524748.9578897192	840.0
524782.2825379983	838.0
524815.6071862775	835.0
524856.7934718571	835.0
524897.9797574366	836.0
524939.1660430161	836.0
524970.9650351788	838.0
525002.7640273414	839.0
525034.5630195041	839.0
525066.3620116666	832.0
525098.1610038293	825.0
525129.959995992	828.0
525161.7589881546	831.0
525193.5579803173	833.0
525225.35697248	829.0
525261.351515627	828.0
525297.3460587742	830.0
525333.3406019212	831.0
525369.3351450684	832.0
525405.3296882154	831.0
525441.3242313626	829.0
525477.3187745096	832.0
525513.3133176566	832.0
525549.3078608038	837.0
525585.3024039508	834.0
525622.7573604948	831.0
525660.2123170388	831.0
525697.6672735829	829.0
525735.1222301269	837.0
525772.5771866709	840.0
525803.9326435383	838.0
525835.288100406	835.0
525866.6435572734	837.0
525897.9990141409	839.0
525929.3544710084	839.0
525960.709927876	838.0
525992.0653847435	833.0
526023.420841611	837.0
526060.1260505832	834.0
526096.8312595555	833.0
526133.5364685277	827.0
526170.2416775	828.0
526206.9468864722	827.0
526243.6520954445	826.0
526280.3573044167	827.0
526313.1874748869	828.0
526346.0176453571	828.0
526378.8478158272	832.0
526411.6779862974	832.0
526444.5081567676	833.0
526477.3383272379	835.0
526510.168497708	835.0
526548.7088952954	832.0
526587.2492928827	829.0
526625.7896904701	828.0
526664.3300880574	829.0
526702.8704856448	831.0
526739.8398588758	830.0
526776.8092321069	830.0
526813.778605338	829.0
526850.747978569	829.0
526887.7173518001	827.0
526924.6867250311	824.0
526961.656098262	822.0
526998.6254714931	820.0
527035.5948447242	825.0
527072.5642179552	822.0
527109.5335911863	816.0
527146.5029644173	818.0
527190.7969586886	817.0
527235.09095296	820.0
527279.3849472313	823.0
527316.1185440365	834.0
527352.8521408418	830.0
527389.585737647	827.0
527426.3193344523	815.0
527463.0529312575	818.0
527499.7865280628	821.0
527540.6137817666	827.0
527581.4410354703	839.0
527622.2682891742	845.0
527663.095542878	844.0
527703.9227965818	847.0
527738.1971965199	834.0
527772.4715964582	837.0
527806.7459963964	831.0
527841.0203963346	828.0
527875.2947962728	822.0
527909.569196211	821.0
527940.3468977751	818.0
527971.1245993392	820.0
528001.9023009032	823.0
528032.6800024674	823.0
528063.4577040314	821.0
528094.2354055955	825.0
528125.0131071595	826.0
528156.0633377038	825.0
528187.1135682481	823.0
528218.1637987924	827.0
528249.2140293367	824.0
528280.264259881	825.0
528311.3144904253	826.0
528342.3647209696	829.0
528385.3054180475	833.0
528428.2461151253	833.0
528471.1868122031	829.0
528514.1275092809	830.0
528557.0682063588	818.0
528600.0089034367	815.0
528642.9496005145	819.0
528685.8902975924	810.0
528728.8309946703	811.0
528764.1955148166	813.0
528799.5600349628	821.0
528834.9245551091	817.0
528870.2890752554	816.0
528905.6535954016	818.0
528941.0181155478	821.0
528976.3826356941	822.0
529011.7471558404	823.0
529049.4109175776	822.0
529087.0746793146	818.0
529124.7384410518	822.0
529162.402202789	823.0
529200.065964526	828.0
529237.7297262632	825.0
529275.3934880004	827.0
529313.0572497374	826.0
529350.7210114746	833.0
529384.3433783212	832.0
529417.9657451677	830.0
529451.5881120141	830.0
529485.2104788607	828.0
529518.8328457072	830.0
529552.4552125537	829.0
529586.0775794003	824.0
529619.6999462468	816.0
529653.3223130932	816.0
529686.9446799398	818.0
529726.8030616645	820.0
529766.6614433893	824.0
529806.5198251139	820.0
529846.3782068387	812.0
529886.2365885634	814.0
529926.0949702882	817.0
529965.9533520129	813.0
530005.8117337376	812.0
530045.6701154624	812.0
530085.5284971871	811.0
530125.3868789119	813.0
530165.2452606366	811.0
530207.9482832626	810.0
530250.6513058887	810.0
530293.3543285147	811.0
530336.0573511408	814.0
530378.7603737668	809.0
530421.4633963929	807.0
530464.1664190189	815.0
530506.869441645	815.0
530549.572464271	813.0
530592.2754868971	812.0
530596.8013227062	812.0
530632.7589028093	811.0
530668.7164829125	809.0
530704.6740630157	810.0
530740.6316431189	811.0
530776.589223222	815.0
530812.5468033252	816.0
530848.5043834284	820.0
530884.4619635316	817.0
530920.4195436348	828.0
530959.8330550137	815.0
530999.2465663927	809.0
531038.6600777716	813.0
531078.0735891507	817.0
531117.4871005296	822.0
531156.9006119085	827.0
531196.3141232876	822.0
531231.3494078954	828.0
531266.3846925031	826.0
531301.4199771108	825.0
531336.4552617186	824.0
531371.4905463264	823.0
531406.5258309342	821.0
531441.561115542	819.0
531476.5964001496	815.0
531511.6316847574	815.0
531546.6669693652	815.0
531581.702253973	812.0
531612.6943027935	812.0
531643.6863516141	815.0
531674.6784004346	814.0
531705.670449255	813.0
531736.6624980755	809.0
531767.6545468961	808.0
531798.6465957166	810.0
531829.6386445371	812.0
531873.8369011439	809.0
531918.0351577507	810.0
531950.0393153403	810.0
531982.04347293	810.0
532014.0476305196	809.0
532046.0517881092	804.0
532078.0559456989	807.0
532110.0601032885	812.0
532142.0642608783	813.0
532174.0684184679	812.0
532206.0725760575	811.0
532238.0767336471	814.0
532256.510753961	814.0
532280.8860828927	816.0
532312.2399690223	815.0
532343.5938551521	815.0
532374.9477412818	814.0
532406.3016274115	814.0
532437.6555135413	814.0
532469.009399671	813.0
532500.3632858008	814.0
532531.7171719305	809.0
532565.448455575	807.0
532599.1797392195	813.0
532632.911022864	814.0
532666.6423065085	810.0
532700.3735901531	804.0
532734.1048737975	803.0
532767.8361574421	807.0
532801.5674410865	814.0
532853.3524500286	816.0
532905.1374589708	814.0
532946.07753611	813.0
532987.0176132492	812.0
533027.9576903884	812.0
533068.8977675276	817.0
533107.4370641812	816.0
533145.9763608349	819.0
533184.5156574885	817.0
533223.0549541421	818.0
533261.5942507958	817.0
533297.4279639545	813.0
533333.2616771132	816.0
533369.0953902721	817.0
533404.9291034308	815.0
533440.7628165896	814.0
533476.5965297483	817.0
533512.430242907	817.0
533544.7048726974	815.0
533576.9795024878	810.0
533609.2541322781	813.0
533641.5287620686	812.0
533673.8033918589	810.0
533706.0780216494	810.0
533738.3526514397	809.0
533770.6272812302	804.0
533802.9019110205	805.0
533858.5291492156	813.0
533892.3729028876	812.0
533926.2166565598	808.0
533960.0604102319	807.0
533993.9041639041	807.0
534027.7479175762	808.0
534061.5916712483	810.0
534095.4354249205	810.0
534129.2791785926	807.0
534163.1229322648	803.0
534208.8573527496	805.0
534254.5917732343	806.0
534300.326193719	811.0
534346.0606142038	807.0
534391.7950346885	810.0
534437.5294551733	814.0
534481.360427837	812.0
534525.1914005008	811.0
534569.0223731645	809.0
534612.8533458284	822.0
534648.7613056873	815.0
534684.6692655463	803.0
534720.5772254051	818.0
534756.485185264	824.0
534790.3257795778	815.0
534824.1663738916	805.0
534858.0069682053	806.0
534891.8475625191	808.0
534925.6881568329	806.0
534959.5287511467	808.0
534993.3693454604	808.0
535025.5044673431	808.0
535057.6395892258	811.0
535089.7747111084	814.0
535121.9098329911	813.0
535154.0449548737	810.0
535186.1800767564	807.0
535241.3166057083	807.0
535276.9041292166	808.0
535312.4916527248	811.0
535348.0791762332	808.0
535383.6666997414	807.0
535419.2542232496	798.0
535454.8417467579	800.0
535487.6048454811	798.0
535520.3679442042	797.0
535553.1310429275	800.0
535585.8941416508	802.0
535618.6572403739	803.0
535651.4203390972	802.0
535684.1834378204	802.0
535716.9465365435	803.0
535761.8190009942	802.0
535806.6914654449	802.0
535851.5639298954	801.0
535896.4363943461	800.0
535941.3088587967	800.0
535978.3826874027	801.0
536015.4565160086	803.0
536052.5303446144	802.0
536089.6041732203	802.0
536123.1440026361	801.0
536156.6838320518	803.0
536190.2236614677	798.0
536223.7634908834	794.0
536257.3033202991	794.0
536290.8445948213	797.0
536324.3858693434	797.0
536357.9271438656	798.0
536391.4684183877	795.0
536425.0096929099	791.0
536458.5509674321	795.0
536492.0922419542	797.0
536525.6335164764	798.0
536563.12289573	801.0
536600.6122749835	804.0
536638.1016542371	805.0
536675.5910334907	811.0
536707.4830315276	808.0
536739.3750295645	804.0
536771.2670276015	807.0
536803.1590256384	811.0
536835.0510236752	811.0
536866.9430217121	812.0
536898.8350197491	807.0
536930.727017786	811.0
536962.6190158229	813.0
536994.5110138598	814.0
537035.240549691	811.0
537075.9700855222	808.0
537116.6996213534	805.0
537157.4291571847	811.0
537198.1586930158	809.0
537238.8882288471	797.0
537279.6177646782	798.0
537310.7389074932	805.0
537341.8600503082	805.0
537372.9811931232	803.0
537404.1023359381	801.0
537435.2234787531	801.0
537466.3446215681	802.0
537512.3306039126	802.0
537558.3165862571	803.0
537604.3025686016	800.0
537650.2885509459	802.0
537683.1196452724	803.0
537715.9507395988	802.0
537748.7818339253	799.0
537781.6129282517	798.0
537814.4440225783	798.0
537847.2751169048	798.0
537880.1062112312	797.0
537916.5379301173	796.0
537952.9696490035	788.0
537989.4013678896	793.0
538026.0539451947	805.0
538062.7065224997	792.0
538099.3590998048	793.0
538131.6747596298	794.0
538163.9904194548	788.0
538196.3060792797	789.0
538228.6217391047	790.0
538260.9373989297	790.0
538293.2530587547	791.0
538325.5687185797	795.0
538357.8843784047	790.0
538390.2000382297	784.0
538421.9712254887	785.0
538453.7424127477	791.0
538485.5136000067	794.0
538517.2847872657	795.0
538549.0559745247	795.0
538580.8271617837	795.0
538612.5983490427	793.0
538644.3695363017	791.0
538676.1407235607	792.0
538707.9119108197	793.0
538739.6830980787	794.0
538772.2001612617	792.0
538804.7172244446	791.0
538837.2342876276	792.0
538869.7513508106	794.0
538902.2684139935	796.0
538934.7854771765	793.0
538967.3025403596	795.0
538999.8196035424	798.0
539033.661381164	799.0
539067.5031587855	800.0
539101.344936407	791.0
539135.1867140286	793.0
539169.0284916501	795.0
539202.8702692717	796.0
539236.7120468932	794.0
539268.7904769937	794.0
539300.8689070941	794.0
539332.9473371946	794.0
539365.025767295	795.0
539397.1041973955	796.0
539429.182627496	796.0
539461.2610575964	795.0
539493.3394876969	796.0
539525.4179177973	794.0
539558.9332603063	794.0
539592.448602815	794.0
539625.963945324	792.0
539659.4792878329	791.0
539692.9946303418	792.0
539726.5099728506	792.0
539758.4691289869	789.0
539790.4282851233	789.0
539822.3874412597	791.0
539854.346597396	790.0
539886.3057535323	790.0
539918.2649096687	791.0
539950.2240658051	792.0
539982.1832219415	793.0
540014.1423780778	796.0
540051.1132722291	799.0
540088.0841663802	791.0
540125.0550605315	796.0
540162.0259546826	798.0
540198.9968488339	793.0
540235.9677429851	800.0
540272.9386371362	796.0
540309.9095312875	800.0
540345.0692292062	793.0
540380.2289271248	790.0
540415.3886250434	789.0
540450.548322962	787.0
540485.7080208807	784.0
540520.8677187993	797.0
540556.027416718	796.0
540591.1871146365	795.0
540626.3468125552	797.0
540661.5065104738	807.0
540696.6662083925	800.0
540713.9681268743	800.0
540749.2217681687	805.0
540784.4754094632	800.0
540819.7290507576	795.0
540854.982692052	794.0
540890.2363333465	791.0
540925.4899746409	790.0
540960.7436159353	790.0
541003.4506550261	790.0
541046.1576941168	787.0
541088.8647332076	785.0
541131.5717722984	784.0
541174.2788113892	785.0
541207.88006187	786.0
541241.4813123507	786.0
541275.0825628315	788.0
541308.6838133122	789.0
541342.2850637931	787.0
541375.8863142738	784.0
541421.0563200729	785.0
541466.2263258719	783.0
541511.3963316709	782.0
541548.3891063473	777.0
541585.3818810239	774.0
541622.3746557003	773.0
541659.3674303768	777.0
541696.3602050532	777.0
541733.3529797297	783.0
541770.3457544062	785.0
541800.8369372517	784.0
541831.3281200973	782.0
541861.819302943	780.0
541892.3104857885	779.0
541922.801668634	777.0
541953.2928514796	777.0
541983.7840343252	779.0
542014.2752171708	782.0
542044.7664000164	780.0
542088.3918582308	778.0
542132.0173164452	782.0
542175.6427746597	781.0
542219.2682328741	782.0
542262.8936910884	778.0
542306.5191493029	784.0
542350.1446075173	784.0
542381.9400657207	781.0
542413.7355239242	781.0
542445.5309821276	779.0
542477.3264403311	776.0
542509.1218985345	775.0
542540.917356738	776.0
542572.7128149414	777.0
542604.5082731448	780.0
542636.3037313484	783.0
542668.0991895518	781.0
542714.8643218448	778.0
542761.6294541379	777.0
542808.3945864309	782.0
542855.1597187239	778.0
542901.9248510168	778.0
542933.8843823635	779.0
542965.8439137103	778.0
542997.803445057	780.0
543029.7629764038	782.0
543061.7225077505	780.0
543093.6820390972	781.0
543125.641570444	785.0
543157.6011017907	789.0
543189.5606331374	787.0
543225.1499306959	780.0
543260.7392282543	780.0
543296.3285258128	777.0
543331.9178233712	773.0
543367.5071209298	772.0
543403.0964184883	772.0
543441.6985238091	771.0
543480.3006291297	775.0
543518.9027344505	777.0
543557.5048397712	781.0
543596.106945092	774.0
543634.7090504126	772.0
543672.1809540861	774.0
543709.6528577596	774.0
543747.1247614332	774.0
543784.5966651067	779.0
543822.0685687802	776.0
543859.5404724537	775.0
543900.3707261243	773.0
543941.2009797948	773.0
543982.0312334654	772.0
544022.861487136	780.0
544063.6917408064	794.0
544094.9055455818	791.0
544126.1193503571	786.0
544157.3331551325	783.0
544188.5469599077	784.0
544219.7607646831	780.0
544250.9745694584	779.0
544284.2998910791	779.0
544317.6252126996	782.0
544350.9505343203	782.0
544384.2758559409	781.0
544417.6011775616	779.0
544450.9264991821	775.0
544484.2518208028	775.0
544517.5771424234	778.0
544550.902464044	774.0
544591.7322804248	770.0
544632.5620968054	772.0
544673.3919131862	773.0
544714.2217295668	764.0
544755.0515459476	773.0
544795.8813623282	775.0
544836.7111787089	781.0
544877.5409950896	788.0
544918.3708114703	782.0
544959.200627851	780.0
544997.9171030014	781.0
545036.6335781517	777.0
545075.3500533021	775.0
545114.0665284524	789.0
545152.7830036029	798.0
545191.4994787532	815.0
545230.2159539036	813.0
545261.6051139483	793.0
545292.9942739931	791.0
545324.3834340377	786.0
545355.7725940824	774.0
545387.1617541271	768.0
545418.5509141719	772.0
545449.9400742166	774.0
545483.9061597133	781.0
545517.8722452101	786.0
545551.8383307068	791.0
545585.8044162036	782.0
545619.7705017003	777.0
545653.7365871972	769.0
545687.7026726939	768.0
545720.2198361426	766.0
545752.7369995915	769.0
545785.2541630402	771.0
545817.7713264889	773.0
545852.307459283	772.0
545886.8435920771	772.0
545921.3797248713	771.0
545955.9158576652	768.0
545990.4519904593	770.0
546024.9881232535	774.0
546059.5242560476	770.0
546094.0603888417	775.0
546144.9560020643	781.0
546195.8516152869	779.0
546246.7472285094	773.0
546270.110908156	773.0
546306.1466862676	769.0
546342.182464379	770.0
546378.2182424905	771.0
546414.2540206021	775.0
546446.5718367926	773.0
546478.8896529832	771.0
546511.2074691737	774.0
546543.5252853642	777.0
546582.5984189468	776.0
546621.6715525294	770.0
546660.7446861119	774.0
546699.8178196945	775.0
546738.8909532771	775.0
546780.7675119499	768.0
546822.6440706226	778.0
546864.5206292953	776.0
546906.397187968	772.0
546939.5474464834	775.0
546972.6977049987	776.0
547005.847963514	779.0
547038.9982220293	785.0
547072.1484805447	783.0
547105.2987390601	783.0
547138.4489975753	784.0
547185.8463824204	782.0
547233.2437672653	785.0
547280.6411521104	783.0
547328.0385369554	779.0
547375.4359218004	779.0
547422.8333066454	779.0
547463.6626920794	776.0
547504.4920775135	778.0
547545.3214629475	784.0
547586.1508483815	785.0
547626.9802338155	777.0
547657.3456565269	781.0
547687.7110792382	787.0
547718.0765019496	794.0
547748.4419246608	780.0
547778.8073473722	780.0
547809.1727700835	781.0
547839.5381927949	781.0
547869.9036155062	778.0
547900.2690382176	773.0
547935.1523578223	787.0
547970.0356774268	784.0
548004.9189970315	783.0
548039.8023166362	789.0
548074.6856362409	776.0
548109.5689558454	773.0
548144.4522754501	762.0
548181.1940484097	771.0
548217.9358213694	773.0
548254.677594329	775.0
548291.4193672887	777.0
548328.1611402483	774.0
548364.902913208	772.0
548401.6446861676	769.0
548438.3864591273	770.0
548475.1282320869	775.0
548507.7414141484	773.0
548540.3545962098	772.0
548572.9677782713	778.0
548605.6869100673	778.0
548638.4060418634	781.0
548671.1251736594	778.0
548703.8443054555	781.0
548736.5634372515	781.0
548769.2825690475	777.0
548802.0017008436	774.0
548834.7208326396	771.0
548867.4399644356	774.0
548900.2565316249	773.0
548933.0730988142	773.0
548965.8896660035	775.0
548998.7062331928	777.0
549031.5228003821	774.0
549064.3393675714	777.0
549097.1559347607	776.0
549129.97250195	773.0
549162.7890691393	783.0
549195.6056363286	781.0
549226.3038917951	781.0
549257.0021472615	781.0
549287.700402728	777.0
549318.3986581945	775.0
549349.096913661	771.0
549379.7951691274	770.0
549410.4934245939	776.0
549441.1916800604	781.0
549471.8899355269	779.0
549510.6050256112	763.0
549549.3201156955	769.0
549588.0352057798	765.0
549626.7502958642	767.0
549665.4653859484	777.0
549704.1804760328	777.0
549742.8955661171	768.0
549783.1171177817	755.0
549823.3386694462	769.0
549863.5602211107	769.0
549903.7817727752	765.0
549944.0033244397	769.0
549984.2248761043	766.0
550024.4464277688	763.0
550064.6679794333	767.0
550104.8895310978	763.0
550145.1110827624	769.0
550185.3326344269	769.0
550225.5541860914	770.0
550265.7757377559	768.0
550305.9972894205	768.0
550337.4223716257	768.0
550368.847453831	770.0
550400.2725360362	770.0
550431.6976182415	769.0
550463.1227004468	769.0
550494.5477826521	775.0
550525.9728648573	773.0
550557.3979470626	768.0
550588.8230292678	770.0
550620.2481114732	772.0
550651.6731936784	772.0
550683.0982758837	777.0
550714.5233580889	778.0
550748.0664499037	779.0
550781.6095417184	778.0
550815.1526335331	772.0
550848.6957253478	763.0
550882.2388171626	762.0
550915.7819089773	762.0
550949.325000792	761.0
550982.8680926068	752.0
551016.4111844215	758.0
551049.9542762362	762.0
551083.497368051	766.0
551117.0404598657	766.0
551150.5835516804	766.0
551184.1266434952	770.0
551217.5336331928	770.0
551250.9406228905	766.0
551284.3476125881	770.0
551317.7546022857	771.0
551351.1615919833	774.0
551384.568581681	773.0
551417.9755713786	773.0
551451.3825610762	768.0
551484.7895507738	770.0
551518.1965404715	759.0
551554.6224563589	768.0
551591.0483722462	768.0
551627.4742881334	766.0
551663.9002040208	761.0
551700.3261199081	762.0
551736.7520357955	764.0
551773.1779516828	763.0
551809.60386757	769.0
551846.0297834574	774.0
551883.0192174693	771.0
551920.0086514811	769.0
551956.9980854931	770.0
551993.987519505	765.0
552030.9769535168	763.0
552067.9663875287	767.0
552104.9558215406	769.0
552138.3567247367	761.0
552171.757627933	754.0
552205.1585311292	741.0
552238.5594343254	745.0
552271.9603375216	757.0
552305.3612407179	757.0
552338.7621439141	757.0
552371.5908645634	757.0
552404.4195852125	758.0
552437.2483058617	764.0
552470.077026511	766.0
552502.9057471601	766.0
552535.7344678093	765.0
552568.5631884586	763.0
552607.8786396828	764.0
552647.194090907	766.0
552686.5095421312	767.0
552725.8249933554	764.0
552765.1404445797	761.0
552832.2259760726	758.0
552864.1427253188	761.0
552896.0594745651	762.0
552927.9762238113	761.0
552959.8929730575	758.0
552991.8097223036	758.0
553023.72647155	758.0
553055.6432207961	760.0
553087.5599700423	761.0
553119.4767192885	757.0
553159.0145601168	758.0
553198.552400945	751.0
553238.0902417733	746.0
553277.6280826016	752.0
553317.1659234299	756.0
553356.7037642581	757.0
553396.2416050864	757.0
553435.7794459147	761.0
553474.3776814995	757.0
553512.9759170841	758.0
553551.5741526689	762.0
553590.1723882537	765.0
553628.7706238384	766.0
553667.3688594232	752.0
553697.6896256004	755.0
553728.0103917774	754.0
553758.3311579545	751.0
553788.6519241316	751.0
553818.9726903087	754.0
553849.2934564857	755.0
553879.6142226629	754.0
553909.93498884	753.0
553940.255755017	753.0
553972.770251254	752.0
554005.2847474908	752.0
554037.7992437277	756.0
554070.3137399646	764.0
554102.8282362015	767.0
554135.3427324384	779.0
554167.8572286753	777.0
554200.3717249122	769.0
554234.1770656226	761.0
554267.9824063332	759.0
554301.7877470437	761.0
554335.5930877542	764.0
554369.3984284647	760.0
554403.2037691752	756.0
554437.0091098857	757.0
554470.8144505961	758.0
554504.6197913067	758.0
554538.4251320171	761.0
554579.2981308784	757.0
554620.1711297396	758.0
554661.0441286009	758.0
554701.9171274621	762.0
554742.7901263234	762.0
554783.6631251846	758.0
554824.5361240458	751.0
554865.4091229071	753.0
554906.2821217685	756.0
554944.703298121	757.0
554983.1244744736	759.0
555021.5456508262	754.0
555059.9668271787	750.0
555098.3880035314	756.0
555136.8091798839	756.0
555175.2303562365	751.0
555213.6515325891	751.0
555256.2702938087	752.0
555298.8890550282	753.0
555341.5078162478	749.0
555384.1265774673	744.0
555426.7453386867	751.0
555469.3640999063	760.0
555518.1111459042	762.0
555566.858191902	766.0
555615.6052378998	763.0
555664.3522838977	756.0
555713.0993298956	765.0
555766.0390605023	761.0
555818.9787911092	762.0
555857.2385313974	759.0
555895.4982716857	761.0
555933.7580119739	757.0
555972.0177522622	754.0
556006.1562674097	761.0
556040.2947825571	761.0
556074.4332977046	760.0
556108.571812852	767.0
556142.7103279994	767.0
556176.8488431469	768.0
556210.9873582943	766.0
556245.1258734418	763.0
556279.2643885893	764.0
556313.4029037367	766.0
556344.4065180366	772.0
556375.4101323364	767.0
556406.4137466364	764.0
556437.4173609363	765.0
556468.4209752361	766.0
556499.424589536	769.0
556530.428203836	768.0
556561.4318181358	756.0
556592.4354324357	753.0
556623.4390467356	750.0
556660.1768454374	751.0
556696.9146441392	754.0
556733.652442841	753.0
556770.3902415428	748.0
556807.1280402446	752.0
556843.8658389463	751.0
556880.6036376482	739.0
556917.3414363499	741.0
556954.0792350518	745.0
556984.0833161647	748.0
557014.0873972776	750.0
557044.0914783905	750.0
557074.0955595034	747.0
557104.0996406163	745.0
557134.1037217291	748.0
557169.8419093674	752.0
557205.5800970056	752.0
557241.3182846439	754.0
557274.6579951488	753.0
557307.9977056538	754.0
557341.3374161586	755.0
557374.6771266636	752.0
557408.0168371685	757.0
557441.3565476735	760.0
557477.6895602582	753.0
557514.0225728428	756.0
557550.3555854275	759.0
557586.6885980121	754.0
557623.0216105968	754.0
557665.150705538	756.0
557707.2798004793	751.0
557749.4088954205	751.0
557791.5379903618	746.0
557833.667085303	748.0
557875.7961802442	748.0
557917.9252751855	753.0
557960.0543701267	750.0
558002.183465068	751.0
558033.9947222088	752.0
558065.8059793495	756.0
558097.6172364904	758.0
558129.4284936311	754.0
558161.2397507719	749.0
558193.0510079127	749.0
558224.8622650534	747.0
558256.6735221943	748.0
558298.5830164079	747.0
558340.4925106217	745.0
558382.4020048353	746.0
558424.311499049	756.0
558466.2209932626	761.0
558508.1304874764	761.0
558550.03998169	758.0
558591.9494759036	753.0
558624.2901523092	752.0
558656.6308287148	752.0
558688.9715051204	754.0
558721.3121815261	754.0
558753.6528579317	752.0
558785.9935343373	749.0
558818.3342107428	745.0
558850.6748871484	743.0
558883.015563554	740.0
558915.3562399597	743.0
558947.6969163653	750.0
558980.0375927709	752.0
559012.3782691765	750.0
559045.7170610816	751.0
559079.0558529866	751.0
559112.3946448918	745.0
559145.7334367969	745.0
559179.072228702	749.0
559212.4110206071	746.0
559245.7498125122	748.0
559279.0886044174	747.0
559312.4273963225	744.0
559345.7661882276	745.0
559379.1049801327	746.0
559412.4437720377	753.0
559445.782563943	755.0
559479.121355848	750.0
559512.4601477531	753.0
559545.7989396582	749.0
559579.1377315634	756.0
559612.4765234685	762.0
559644.9143692342	762.0
559677.352215	765.0
559709.7900607657	749.0
559742.2279065315	747.0
559774.6657522973	750.0
559807.103598063	754.0
559839.5414438287	758.0
559871.9792895945	757.0
559904.4171353602	752.0
559936.8549811259	745.0
559969.2928268918	749.0
560001.7306726575	748.0
560034.1685184232	745.0
560066.606364189	747.0
560099.0442099547	747.0
560131.4820557204	748.0
560165.3185828987	751.0
560199.1551100771	747.0
560232.9916372554	748.0
560266.8281644337	748.0
560300.6646916121	751.0
560334.5012187904	745.0
560368.3377459687	746.0
560400.6513447746	749.0
560432.9649435804	751.0
560465.2785423864	754.0
560497.5921411922	754.0
560529.9057399981	754.0
560562.2193388039	754.0
560594.5329376098	753.0
560626.8465364156	755.0
560660.6831024709	749.0
560694.5196685264	747.0
560728.3562345817	747.0
560762.192800637	751.0
560796.0293666923	748.0
560829.8659327477	745.0
560863.702498803	746.0
560894.0632936562	746.0
560924.4240885094	745.0
560954.7848833626	745.0
560985.1456782158	749.0
561015.506473069	750.0
561045.8672679221	750.0
561076.2280627753	749.0
561106.5888576285	747.0
561136.9496524817	743.0
561169.2630847108	740.0
561201.5765169398	740.0
561233.8899491689	743.0
561266.2033813979	745.0
561300.6709774614	744.0
561335.138573525	744.0
561369.6061695885	750.0
561404.0737656521	752.0
561438.5413617156	749.0
561472.1608940635	747.0
561505.7804264113	747.0
561539.3999587592	744.0
561573.0194911071	744.0
561606.6390234549	742.0
561639.2788092655	745.0
561671.9185950761	744.0
561704.5583808867	743.0
561737.1981666973	748.0
561769.837952508	752.0
561802.4777383186	750.0
561835.1175241292	740.0
561867.7573099398	747.0
561900.3970957504	743.0
561933.036881561	744.0
561965.6766673716	764.0
562006.6131004482	795.0
562047.5495335246	781.0
562088.4859666011	770.0
562129.4223996775	775.0
562170.358832754	764.0
562211.2952658305	754.0
562252.2316989069	768.0
562293.1681319834	749.0
562334.1045650599	752.0
562375.0409981363	747.0
562415.9774312128	743.0
562456.9138642892	745.0
562487.3789750334	747.0
562517.8440857778	747.0
562548.309196522	744.0
562578.7743072662	746.0
562609.2394180106	750.0
562639.7045287548	748.0
562670.169639499	754.0
562700.6347502434	749.0
562731.0998609876	743.0
562761.5649717319	747.0
562794.1206714475	745.0
562826.6763711631	745.0
562859.2320708787	745.0
562891.7877705945	743.0
562924.3434703101	748.0
562956.8991700257	752.0
562989.4548697413	754.0
563022.010569457	758.0
563054.5662691726	751.0
563087.1219688882	752.0
563119.677668604	756.0
563152.2333683196	771.0
563193.102765771	762.0
563233.9721632223	751.0
563274.8415606737	749.0
563315.710958125	754.0
563356.5803555764	753.0
563397.4497530278	744.0
563438.319150479	746.0
563479.1885479304	744.0
563520.0579453817	745.0
563562.1191508638	745.0
563604.1803563458	747.0
563646.241561828	748.0
563688.3027673101	744.0
563730.363972792	739.0
563772.4251782742	741.0
563814.4863837563	742.0
563856.5475892383	741.0
563897.0895588703	747.0
563937.6315285022	746.0
563978.1734981342	747.0
564018.7154677663	746.0
564059.2574373982	748.0
564099.7994070302	749.0
564140.3413766623	751.0
564180.8833462942	754.0
564221.4253159262	749.0
564261.9672855582	748.0
564302.5092551901	751.0
564314.5264355458	758.0
564360.800445084	753.0
564407.0744546221	749.0
564453.3484641603	748.0
564499.6224736986	760.0
564545.8964832368	757.0
564592.1704927749	798.0
564638.4445023132	800.0
564684.7185118514	782.0
564730.9925213895	770.0
564764.020121747	761.0
564797.0477221047	753.0
564830.0753224622	750.0
564863.1029228198	749.0
564896.1305231773	744.0
564929.158123535	739.0
564962.1857238925	735.0
564995.2133242501	733.0
565028.2409246077	743.0
565061.2685249653	741.0
565094.2961253228	737.0
565125.4111087867	729.0
565156.5260922506	730.0
565187.6410757145	731.0
565218.7560591783	731.0
565249.8710426422	733.0
565280.986026106	734.0
565311.502808055	734.0
565342.019590004	735.0
565372.5363719529	733.0
565403.0531539018	732.0
565433.5699358508	737.0
565464.0867177998	740.0
565494.6034997487	743.0
565525.1202816977	749.0
565555.277943501	745.0
565585.4356053043	743.0
565615.5932671076	742.0
565645.7509289109	740.0
565675.9085907142	737.0
565706.0662525175	738.0
565736.2239143208	740.0
565766.3815761241	740.0
565796.5392379274	738.0
565826.6968997307	734.0
565863.9520107079	735.0
565901.2071216853	745.0
565938.4622326625	745.0
565975.7173436398	745.0
566012.972454617	741.0
566050.2275655944	741.0
566087.4826765716	741.0
566124.7377875489	740.0
566161.9928985261	740.0
566199.2480095034	743.0
566233.3830310887	746.0
566267.518052674	745.0
566301.6530742594	746.0
566335.7880958447	744.0
566369.9231174301	748.0
566404.0581390153	746.0
566438.1931606007	747.0
566472.328182186	745.0
566506.4632037714	743.0
566540.5982253568	740.0
566572.2243887087	740.0
566603.8505520606	741.0
566635.4767154126	743.0
566667.1028787645	743.0
566698.7290421166	738.0
566730.3552054685	737.0
566761.9813688204	739.0
566793.6075321723	745.0
566825.2336955243	751.0
566856.8598588762	749.0
566887.2188062107	744.0
566917.5777535451	740.0
566947.9367008797	743.0
566978.2956482142	744.0
567008.6545955486	744.0
567039.0135428831	743.0
567069.3724902176	742.0
567099.7314375521	741.0
567130.0903848866	743.0
567175.2216028149	740.0
567220.3528207432	746.0
567265.4840386715	742.0
567310.6152565998	738.0
567355.7464745281	739.0
567400.8776924565	735.0
567446.0089103847	733.0
567491.1401283131	737.0
567536.2713462414	741.0
567577.8882905461	741.0
567619.505234851	733.0
567661.1221791558	726.0
567701.71237381	728.0
567742.3025684641	729.0
567782.8927631183	731.0
567823.4829577723	730.0
567870.988306345	727.0
567918.4936549177	728.0
567964.0088564132	726.0
568009.5240579087	730.0
568055.0392594042	732.0
568087.3479762865	729.0
568119.656693169	729.0
568151.9654100514	732.0
568184.2741269338	731.0
568216.5828438161	728.0
568248.8915606986	728.0
568281.200277581	725.0
568313.5089944634	725.0
568345.8177113459	721.0
568389.9499150367	728.0
568434.0821187274	727.0
568478.2143224182	721.0
568522.346526109	719.0
568566.4787297997	732.0
568610.6109334906	732.0
568652.2434798296	728.0
568693.8760261687	727.0
568735.5085725079	721.0
568777.141118847	717.0
568818.773665186	721.0
568860.4062115251	731.0
568902.0387578642	727.0
568943.6713042033	728.0
568985.3038505424	725.0
569026.9363968815	725.0
569068.5689432205	728.0
569107.4016379891	737.0
569146.2343327575	736.0
569185.0670275261	732.0
569223.8997222945	733.0
569262.7324170631	737.0
569301.5651118316	731.0
569340.3978066001	718.0
569379.2305013686	724.0
569412.7673120899	731.0
569446.3041228112	731.0
569479.8409335325	728.0
569513.3777442537	726.0
569546.9145549751	726.0
569580.4513656964	730.0
569613.9881764177	736.0
569647.5249871389	755.0
569681.0617978602	745.0
569714.5986085815	747.0
569748.1354193027	745.0
569781.672230024	741.0
569815.2090407454	730.0
569848.7458514667	725.0
569882.2826621877	730.0
569915.8194729089	741.0
569949.3562836299	745.0
569982.8930943509	747.0
570016.4299050721	745.0
570049.9667157931	755.0
570083.5035265142	736.0
570117.0403372352	730.0
570150.5771479564	726.0
570184.1139586774	726.0
570217.6507693984	728.0
570251.1875801196	731.0
570284.7243908406	731.0
570318.2612015617	724.0
570351.7980122827	731.0
570385.3348230039	731.0
570418.8716337249	728.0
570452.4084444459	726.0
570485.9452551671	726.0
570519.4820658881	730.0
570553.0188766092	736.0
570586.5556873302	755.0
570620.0924980514	745.0
570653.6293087724	747.0
570687.1661194934	745.0
570720.7029302146	741.0
570754.2397409356	730.0
570787.7765516567	725.0
570819.4604346358	731.0
570851.1443176147	733.0
570882.8282005938	735.0
570914.5120835728	737.0
570946.1959665519	729.0
570977.879849531	723.0
571009.56373251	715.0
571041.2476154891	721.0
571072.931498468	726.0
571104.6153814471	723.0
571136.2992644262	722.0
571167.9831474052	727.0
571198.445579116	730.0
571228.9080108268	735.0
571259.3704425376	741.0
571289.8328742485	760.0
571320.2953059593	764.0
571350.7577376701	762.0
571381.2201693809	758.0
571411.6826010917	751.0
571442.1450328025	748.0
571472.6074645133	747.0
571508.8091886672	746.0
571545.0109128212	743.0
571581.2126369751	739.0
571617.414361129	747.0
571653.616085283	738.0
571689.8178094369	740.0
571726.0195335908	737.0
571762.2212577447	734.0
571798.4229818986	734.0
571834.6247060526	738.0
571870.8264302065	732.0
571903.2040260105	727.0
571935.5816218145	725.0
571967.9592176185	727.0
572000.3368134225	726.0
572032.7144092264	724.0
572065.0920050304	729.0
572097.4696008344	734.0
572129.8471966384	727.0
572162.2247924424	724.0
572194.6023882463	717.0
572226.9799840503	716.0
572266.2110877573	724.0
572305.4421914641	723.0
572335.5810674193	720.0
572365.7199433744	720.0
572395.8588193295	726.0
572425.9976952847	728.0
572456.1365712398	728.0
572486.2754471949	727.0
572516.41432315	728.0
572546.5531991051	734.0
572576.6920750602	736.0
572606.8309510153	735.0
572636.9698269705	738.0
572671.5535551888	743.0
572706.1372834073	742.0
572740.7210116256	727.0
572775.304739844	729.0
572809.8884680624	724.0
572843.6136943719	726.0
572877.3389206814	724.0
572911.0641469908	728.0
572944.7893733003	730.0
572978.5145996098	728.0
573012.2398259193	725.0
573045.9650522288	731.0
573079.6902785383	728.0
573110.415827595	726.0
573141.1413766518	724.0
573171.8669257085	724.0
573202.5924747653	724.0
573233.318023822	723.0
573264.0435728788	722.0
573294.7691219355	718.0
573325.4946709923	717.0
573356.220220049	718.0
573386.9457691058	726.0
573417.6713181625	725.0
573448.3968672192	721.0
573479.122416276	719.0
573509.8479653328	718.0
573540.5735143895	719.0
573571.2990634462	718.0
573607.3137919143	724.0
573643.3285203823	722.0
573679.3432488502	726.0
573715.3579773182	728.0
573751.3727057863	724.0
573787.3874342543	720.0
573823.4021627223	721.0
573859.4168911902	723.0
573895.4316196583	720.0
573931.4463481263	721.0
573965.1712736915	715.0
573998.8961992565	715.0
574032.6211248217	716.0
574066.3460503868	716.0
574100.070975952	714.0
574133.795901517	715.0
574167.5208270822	715.0
574201.2457526473	716.0
574232.4888706309	718.0
574263.7319886143	726.0
574294.9751065979	726.0
574326.2182245814	722.0
574357.461342565	722.0
574388.7044605485	722.0
574419.947578532	721.0
574451.1906965156	718.0
574482.4338144991	717.0
574513.6769324826	719.0
574544.9200504662	724.0
574576.1631684498	729.0
574607.4062864332	728.0
574640.7413772664	721.0
574674.0764680995	720.0
574707.4115589326	714.0
574740.7466497656	718.0
574774.0817405988	725.0
574807.4168314319	715.0
574840.751922265	708.0
574874.0870130982	713.0
574907.4221039313	717.0
574940.7571947644	720.0
574974.0922855976	732.0
575007.4273764306	726.0
575045.2521464691	735.0
575083.0769165074	720.0
575120.9016865459	721.0
575158.7264565844	724.0
575196.5512266228	726.0
575234.3759966613	727.0
575272.2007666997	731.0
575310.0255367381	730.0
575347.8503067766	718.0
575389.2121853933	719.0
575430.57406401	713.0
575465.4261532831	711.0
575500.2782425561	711.0
575535.1303318293	713.0
575569.9824211024	717.0
575604.8345103754	718.0
575639.6865996484	718.0
575674.5386889215	721.0
575709.3907781945	721.0
575744.2428674677	721.0
575779.0949567407	720.0
575813.9470460138	713.0
575848.7991352868	711.0
575885.4095005962	709.0
575922.0198659056	714.0
575958.630231215	719.0
575995.2405965244	723.0
576031.8509618338	721.0
576068.4613271432	717.0
576105.0716924526	711.0
576141.682057762	716.0
576178.2924230713	718.0
576214.9027883807	714.0
576245.0581470529	716.0
576275.213505725	718.0
576305.3688643972	720.0
576335.5242230693	713.0
576365.6795817416	712.0
576395.8349404137	712.0
576425.9902990859	710.0
576456.145657758	712.0
576486.3010164301	709.0
576516.4563751023	706.0
576548.0803955878	710.0
576579.7044160734	706.0
576611.328436559	706.0
576642.9524570445	712.0
576674.5764775301	715.0
576706.2004980156	721.0
576737.8245185011	718.0
576769.4485389866	716.0
576801.0725594722	714.0
576832.6965799577	715.0
576866.9631033657	717.0
576901.2296267737	717.0
576935.4961501817	716.0
576969.7626735898	714.0
577004.0291969978	709.0
577038.2957204059	713.0
577069.066481299	715.0
577099.8372421921	716.0
577130.6080030852	717.0
577161.3787639785	719.0
577192.1495248716	720.0
577222.9202857647	719.0
577253.6910466579	714.0
577286.4360449666	712.0
577319.1810432753	714.0
577351.9260415841	714.0
577384.6710398928	709.0
577417.4160382015	709.0
577465.713542006	710.0
577514.0110458104	710.0
577562.3085496147	711.0
577610.6060534192	710.0
577647.9408127768	712.0
577685.2755721344	708.0
577722.6103314921	705.0
577759.9450908498	703.0
577797.2798502074	710.0
577827.5945608364	712.0
577857.9092714656	710.0
577888.2239820947	711.0
577918.5386927238	714.0
577948.8534033529	718.0
577979.1681139821	718.0
578009.4828246111	716.0
578039.7975352403	717.0
578070.1122458694	718.0
578104.9585979148	715.0
578139.8049499602	709.0
578174.6513020057	712.0
578209.4976540512	713.0
578244.3440060966	709.0
578279.190358142	705.0
578312.6960737404	705.0
578346.2017893386	709.0
578379.707504937	706.0
578413.2132205352	703.0
578446.7189361335	704.0
578480.2246517318	707.0
578514.6875596633	714.0
578549.1504675947	718.0
578583.6133755263	715.0
578618.0762834578	716.0
578652.5391913892	717.0
578657.4291064831	717.0
578690.1198373097	715.0
578722.8105681363	703.0
578755.5012989629	695.0
578788.1920297893	694.0
578820.8827606159	695.0
578853.5734914425	714.0
578900.9575597981	702.0
578948.3416281539	712.0
578995.7256965096	705.0
579042.476777453	705.0
579089.2278583965	712.0
579135.9789393399	706.0
579182.7300202833	694.0
579229.4811012266	696.0
579251.5226035375	701.0
579306.036744179	698.0
579336.3560739119	696.0
579366.6754036448	695.0
579396.9947333777	696.0
579427.3140631106	699.0
579457.6333928435	701.0
579487.9527225763	702.0
579518.7913734929	698.0
579549.6300244094	696.0
579580.468675326	698.0
579611.3073262426	703.0
579642.145977159	707.0
579672.9846280756	707.0
579703.8232789922	708.0
579733.97819342	711.0
579764.1331078478	711.0
579794.2880222755	710.0
579824.4429367032	708.0
579854.597851131	707.0
579884.7527655588	705.0
579914.9076799866	708.0
579945.0625944143	710.0
579975.2175088421	702.0
580005.3724232699	696.0
580036.142744637	697.0
580066.9130660039	700.0
580097.683387371	699.0
580128.4537087381	696.0
580159.224030105	696.0
580189.9943514721	696.0
580220.7646728392	694.0
580251.8999269372	694.0
580283.0351810352	693.0
580314.1704351332	690.0
580345.3056892313	687.0
580376.4409433292	690.0
580407.5761974272	691.0
580438.7114515252	707.0
580469.8467056232	716.0
580500.9819597212	719.0
580532.1172138193	711.0
580563.2524679173	695.0
580594.3877220153	700.0
580628.2477053255	702.0
580662.1076886357	695.0
580695.9676719459	693.0
580729.8276552561	702.0
580763.6876385664	704.0
580797.5476218766	698.0
580831.4076051868	694.0
580852.8583625662	696.0
580883.0474268167	697.0
580913.2364910672	693.0
580943.4255553177	693.0
580973.6146195681	695.0
581003.8036838187	694.0
581033.9927480691	693.0
581064.1818123196	695.0
581094.3708765701	696.0
581124.5599408206	695.0
581154.7490050711	693.0
581187.6347279471	694.0
581220.5204508231	695.0
581253.4061736991	696.0
581286.291896575	695.0
581319.1776194511	692.0
581352.063342327	692.0
581384.949065203	693.0
581421.07142743	694.0
581457.1937896571	694.0
581493.316151884	698.0
581529.4385141111	698.0
581565.5608763382	694.0
581601.6832385652	694.0
581637.8056007923	693.0
581673.9279630193	688.0
581717.5401259934	696.0
581761.1522889675	692.0
581804.7644519415	692.0
581848.3766149156	697.0
581891.9887778896	699.0
581935.6009408637	699.0
581979.2131038377	697.0
582011.967356366	690.0
582044.7216088942	704.0
582077.4758614225	705.0
582110.2301139508	703.0
582142.9843664791	701.0
582175.7386190073	695.0
582208.4928715356	687.0
582241.2471240639	688.0
582273.7984605375	691.0
582306.349797011	688.0
582338.9011334846	688.0
582371.4524699581	688.0
582404.0038064318	686.0
582436.5551429053	688.0
582475.0854060391	696.0
582513.6156691731	692.0
582552.1459323069	688.0
582590.6761954408	692.0
582629.2064585746	696.0
582687.3070998152	696.0
582687.3141111513	696.0
582729.2426564975	690.0
582771.1712018439	687.0
582813.0997471901	685.0
582843.4140568335	688.0
582873.7283664768	698.0
582904.0426761203	695.0
582934.3569857636	694.0
582964.671295407	690.0
582994.9856050503	689.0
583025.2999146937	691.0
583055.614224337	694.0
583085.9285339805	693.0
583116.0833690427	689.0
583146.238204105	691.0
583176.3930391673	690.0
583206.5478742295	693.0
583236.7027092917	694.0
583266.8575443539	693.0
583297.0123794161	690.0
583327.1672144785	690.0
583357.3220495407	699.0
583387.4768846029	700.0
583418.2011164634	704.0
583448.9253483239	716.0
583479.6495801844	710.0
583510.3738120449	718.0
583541.0980439055	718.0
583571.8222757659	720.0
583602.5465076264	715.0
583633.2707394869	715.0
583668.7359964306	705.0
583704.2012533743	705.0
583739.666510318	696.0
583775.1317672618	691.0
583810.5970242055	689.0
583846.0622811492	689.0
583881.5275380929	688.0
583916.9927950366	691.0
583952.4580519805	705.0
583987.9233089242	704.0
584018.9023658042	699.0
584049.8814226841	695.0
584080.860479564	686.0
584111.839536444	687.0
584142.8185933239	692.0
584173.7976502039	702.0
584204.7767070839	692.0
584235.7557639639	691.0
584266.7348208438	692.0
584301.4008965598	695.0
584336.066972276	697.0
584370.733047992	698.0
584405.3991237081	693.0
584440.0651994242	694.0
584474.7312751403	695.0
584509.3973508563	696.0
584544.0634265725	692.0
584574.5775383766	689.0
584605.0916501806	688.0
584635.6057619847	684.0
584666.1198737888	685.0
584696.6339855929	688.0
584727.148097397	692.0
584757.662209201	693.0
584788.1763210051	691.0
584819.5937546359	692.0
584851.0111882666	695.0
584882.4286218974	698.0
584913.8460555281	687.0
584945.2634891589	687.0
584976.6809227896	687.0
585008.0983564204	689.0
585039.5157900512	688.0
585070.933223682	690.0
585102.3506573127	681.0
585133.7680909435	685.0
585165.1855245742	691.0
585196.602958205	688.0
585233.0208876116	685.0
585269.438817018	682.0
585305.8567464245	677.0
585342.2746758308	676.0
585378.6926052374	676.0
585415.1105346438	678.0
585451.5284640503	683.0
585487.9463934567	682.0
585524.3643228632	679.0
585564.5806215956	679.0
585604.7969203282	681.0
585645.0132190606	682.0
585685.229517793	680.0
585727.337502587	684.0
585769.445487381	688.0
585811.5534721749	686.0
585847.4075084489	679.0
585883.2615447231	689.0
585919.1155809971	692.0
585954.9696172712	686.0
585990.8236535452	691.0
586026.6776898194	691.0
586062.5317260934	688.0
586098.3857623674	683.0
586134.2397986415	680.0
586170.6571516786	688.0
586207.0745047157	691.0
586243.4918577528	691.0
586279.9092107898	689.0
586316.326563827	684.0
586352.743916864	685.0
586389.1612699011	676.0
586425.5786229381	684.0
586461.9959759753	676.0
586501.8927276634	677.0
586541.7894793516	685.0
586581.6862310397	684.0
586621.5829827278	686.0
586661.479734416	680.0
586707.2016744274	679.0
586752.9236144389	676.0
586798.6455544502	670.0
586844.3674944616	669.0
586890.0894344731	676.0
586935.8113744844	693.0
586967.7205270185	689.0
586999.6296795525	689.0
587031.5388320866	687.0
587063.4479846207	679.0
587095.3571371548	678.0
587127.2662896888	680.0
587159.1754422229	682.0
587191.084594757	682.0
587222.993747291	679.0
587255.8145040998	677.0
587288.6352609084	682.0
587321.4560177171	688.0
587354.2767745259	690.0
587387.0975313345	690.0
587419.9182881432	692.0
587452.7390449519	691.0
587483.0946025548	690.0
587513.4501601578	695.0
587543.8057177607	697.0
587574.1612753635	693.0
587604.5168329665	691.0
587634.8723905694	690.0
587665.2279481724	689.0
587695.5835057753	687.0
587725.9390633783	676.0
587758.5994922353	678.0
587791.2599210924	683.0
587823.9203499495	688.0
587856.5807788066	687.0
587889.2412076637	689.0
587921.9016365207	684.0
587954.5620653778	682.0
587987.2224942349	685.0
588019.8829230919	691.0
588052.543351949	691.0
588085.203780806	689.0
588122.297801737	683.0
588159.3918226678	681.0
588196.5732966986	678.0
588233.7547707293	672.0
588270.9362447602	673.0
588308.117718791	674.0
588341.193937108	678.0
588374.2701554251	692.0
588407.3463737421	693.0
588440.4225920591	690.0
588473.4988103762	683.0
588506.5750286932	684.0
588539.6512470102	682.0
588571.3715899443	680.0
588603.0919328785	675.0
588634.8122758126	665.0
588666.5326187467	665.0
588698.252961681	671.0
588728.7660906313	673.0
588759.2792195815	670.0
588789.7923485318	665.0
588820.305477482	666.0
588850.8186064324	667.0
588881.3317353827	667.0
588911.8448643329	667.0
588942.3579932832	672.0
588976.6232353904	669.0
589010.8884774976	666.0
589045.1537196048	668.0
589079.418961712	674.0
589113.6842038193	672.0
589147.9494459266	677.0
589193.9210511314	682.0
589239.8926563362	675.0
589285.864261541	668.0
589331.8358667459	670.0
589361.5150209444	674.0
589403.4309419205	672.0
589445.3468628966	679.0
589487.2627838727	684.0
589529.1787048487	684.0
589545.3009528107	683.0
589582.745079722	682.0
589620.1892066334	687.0
589657.6333335448	680.0
589695.0774604562	673.0
589732.5215873675	667.0
589767.0096157773	668.0
589801.4976441871	673.0
589835.9856725968	675.0
589870.4737010067	679.0
589904.9617294165	674.0
589939.4497578263	673.0
589973.937786236	671.0
590008.4258146458	674.0
590042.9138430556	676.0
590077.4018714654	687.0
590111.8898998753	681.0
590148.3423205636	670.0
590184.7947412519	677.0
590221.2471619402	667.0
590257.6995826286	668.0
590294.1520033169	674.0
590330.6044240051	675.0
590361.9338240918	678.0
590393.2632241785	676.0
590424.5926242651	673.0
590455.9220243518	674.0
590487.2514244384	674.0
590518.5808245251	673.0
590549.9102246118	671.0
590581.2396246984	670.0
590612.5690247851	670.0
590643.8984248717	672.0
590675.2278249584	671.0
590705.5420229168	671.0
590735.8562208753	676.0
590766.1704188337	678.0
590796.4846167922	678.0
590826.7988147506	676.0
590857.1130127091	677.0
590887.4272106675	681.0
590917.741408626	683.0
590948.0556065844	686.0
590978.5692735972	688.0
591009.08294061	688.0
591039.5966076228	683.0
591070.1102746356	677.0
591100.6239416484	673.0
591131.1376086612	675.0
591161.651275674	673.0
591192.1649426868	670.0
591228.0632571719	669.0
591263.9615716569	674.0
591299.859886142	678.0
591335.758200627	675.0
591369.6032443381	662.0
591403.448288049	664.0
591437.29333176	662.0
591471.138375471	661.0
591504.9834191819	668.0
591538.8284628929	674.0
591572.2217589935	665.0
591605.6150550941	670.0
591639.0083511947	670.0
591672.4016472952	673.0
591705.7949433959	678.0
591739.1882394964	683.0
591772.581535597	666.0
591805.2165922945	663.0
591837.851648992	665.0
591870.4867056895	671.0
591903.121762387	677.0
591935.7568190845	677.0
591968.391875782	674.0
592001.0269324796	667.0
592033.661989177	665.0
592066.2970458745	666.0
592098.932102572	663.0
592131.5671592696	666.0
592164.8734708568	662.0
592198.179782444	659.0
592231.4860940311	658.0
592264.7924056184	660.0
592298.0987172056	660.0
592331.4050287928	655.0
592364.71134038	662.0
592398.0176519671	662.0
592431.3239635543	664.0
592464.6302751416	663.0
592500.4842279073	660.0
592536.3381806728	658.0
592572.1921334385	658.0
592608.0460862042	662.0
592643.9000389699	665.0
592679.7539917355	670.0
592715.6079445012	667.0
592751.4618972669	664.0
592787.3158500325	662.0
592818.0857892138	662.0
592848.855728395	662.0
592879.6256675763	659.0
592910.3956067577	659.0
592941.165545939	660.0
592971.9354851203	661.0
593002.7054243016	663.0
593034.5505558315	667.0
593066.3956873615	665.0
593098.2408188914	666.0
593130.0859504213	662.0
593161.9310819512	660.0
593193.7762134812	655.0
593225.6213450112	653.0
593258.1269466509	655.0
593290.6325482905	663.0
593323.1381499303	663.0
593355.64375157	660.0
593388.1493532098	659.0
593420.6549548494	658.0
593453.1605564891	662.0
593485.6661581289	665.0
593518.1717597686	666.0
593550.6773614082	668.0
593583.182963048	667.0
593615.6885646877	660.0
593648.1941663275	660.0
593680.6997679671	658.0
593713.2053696068	654.0
593753.1027800519	654.0
593793.0001904969	657.0
593832.8976009421	658.0
593872.7950113871	655.0
593912.6924218321	659.0
593945.3754514017	656.0
593978.0584809714	653.0
594010.741510541	653.0
594043.4245401105	656.0
594076.1075696802	655.0
594108.7905992498	654.0
594141.4736288193	650.0
594174.156658389	649.0
594206.8396879586	652.0
594239.5227175282	659.0
594272.2057470978	659.0
594304.8887766674	658.0
594340.2113679722	659.0
594375.5339592769	664.0
594410.8565505816	661.0
594446.1791418863	658.0
594481.5017331911	656.0
594516.8243244957	654.0
594552.1469158005	651.0
594587.4695071052	653.0
594622.79209841	653.0
594658.1146897146	653.0
594693.4372810194	653.0
594728.7598723241	652.0
594764.0824636288	654.0
594799.4050549336	650.0
594830.78897343	646.0
594862.1728919265	650.0
594893.556810423	650.0
594924.9407289195	647.0
594956.3246474159	644.0
594987.7085659123	654.0
595019.0924844088	652.0
595050.4764029052	647.0
595081.8603214017	648.0
595113.2442398982	647.0
595144.6281583946	648.0
595174.6808841751	650.0
595204.7336099556	656.0
595234.7863357363	660.0
595264.8390615168	659.0
595294.8917872973	656.0
595324.9445130778	655.0
595354.9972388585	656.0
595385.049964639	658.0
595415.1026904195	660.0
595445.1554162	660.0
595475.2081419807	660.0
595506.0893442712	657.0
595536.9705465616	657.0
595567.8517488522	658.0
595598.7329511426	659.0
595629.6141534331	659.0
595660.4953557235	658.0
595691.3765580141	648.0
595722.2577603046	650.0
595753.138962595	651.0
595784.0201648856	652.0
595814.901367176	656.0
595845.7825694665	657.0
595876.663771757	657.0
595907.5449740475	656.0
595938.426176338	654.0
595969.3073786284	653.0
596000.1885809189	655.0
596031.0697832094	654.0
596061.9509854999	650.0
596092.8321877904	649.0
596125.7015567691	659.0
596158.5709257477	661.0
596191.4402947264	661.0
596224.3096637051	664.0
596257.1790326837	667.0
596290.0484016624	665.0
596322.917770641	663.0
596355.7871396197	654.0
596388.6565085985	650.0
596421.5258775771	650.0
596454.3952465558	653.0
596495.5895607715	656.0
596530.5201253488	662.0
596565.4506899263	661.0
596600.3812545036	660.0
596635.3118190811	657.0
596670.2423836584	653.0
596705.1729482359	649.0
596735.4873047724	648.0
596765.801661309	649.0
596796.1160178455	650.0
596826.4303743821	648.0
596856.7447309186	645.0
596887.0590874552	644.0
596917.3734439916	650.0
596947.6878005282	651.0
596978.0021570647	651.0
597010.7566181252	661.0
597043.5110791859	666.0
597076.2655402464	667.0
597109.0200013069	665.0
597141.7744623675	659.0
597174.528923428	659.0
597207.2833844885	661.0
597240.0378455492	662.0
597277.0954345444	661.0
597314.1530235397	666.0
597351.2106125349	664.0
597388.2682015301	668.0
597425.3257905254	668.0
597462.3833795206	662.0
597499.4409685158	657.0
597536.4985575111	644.0
597573.5561465063	644.0
597610.6137355015	651.0
597641.9936055153	647.0
597673.373475529	645.0
597704.7533455428	658.0
597736.1332155565	652.0
597767.5130855703	648.0
597798.8929555841	643.0
597830.2728255978	639.0
597861.6526956116	641.0
597893.0325656253	642.0
597924.4124356391	641.0
597955.7923056528	643.0
597987.1721756666	647.0
598018.5520456803	646.0
598049.931915694	647.0
598083.7639735041	648.0
598117.5960313141	648.0
598151.4280891242	647.0
598185.2601469342	647.0
598219.0922047443	648.0
598252.9242625544	648.0
598286.7563203644	645.0
598317.1129287387	644.0
598347.469537113	649.0
598377.8261454873	646.0
598408.1827538614	645.0
598438.5393622357	650.0
598468.89597061	653.0
598499.2525789842	650.0
598529.6091873585	647.0
598559.9657957328	645.0
598590.9514423519	645.0
598621.937088971	650.0
598652.9227355903	652.0
598683.9083822094	656.0
598714.8940288285	657.0
598745.8796754476	650.0
598776.8653220668	657.0
598807.8509686859	660.0
598841.2446802708	680.0
598874.6383918558	680.0
598908.0321034406	672.0
598941.4258150255	658.0
598974.8195266103	638.0
599008.2132381953	639.0
599041.6069497801	643.0
599074.1148257001	646.0
599106.62270162	649.0
599139.1305775398	653.0
599171.6384534597	659.0
599204.1463293796	669.0
599236.6542052996	669.0
599269.1620812195	668.0
599301.6699571393	666.0
599333.9764652145	661.0
599366.2829732897	660.0
599398.589481365	653.0
599430.8959894403	645.0
599463.2024975155	648.0
599495.5090055907	649.0
599527.8155136659	645.0
599560.1220217411	641.0
599592.4285298164	643.0
599624.2352593711	643.0
599656.0419889259	641.0
599687.8487184806	636.0
599719.6554480352	634.0
599751.4621775899	636.0
599783.2689071447	638.0
599815.0756366993	639.0
599846.882366254	642.0
599880.6033434627	644.0
599914.3243206713	643.0
599948.04529788	641.0
599981.7662750885	644.0
600015.4872522972	642.0
600060.353102333	625.0
600095.0547295811	624.0
600129.7563568292	625.0
600164.4579840772	630.0
600199.1596113252	633.0
600233.8612385733	638.0
600274.6174888933	639.0
600315.3737392133	640.0
600356.1299895333	640.0
600396.8862398533	642.0
600437.6424901733	646.0
600478.3987404933	640.0
600527.7576009716	635.0
600577.1164614499	677.0
600619.502636487	689.0
600661.888811524	676.0
600704.2749865612	669.0
600746.6611615982	668.0
600789.0473366353	669.0
600820.3666203403	669.0
600851.6859040454	669.0
600883.0051877503	674.0
600914.3244714554	688.0
600945.6437551604	681.0
600976.9630388655	671.0
601008.2823225704	663.0
601039.6016062755	652.0
601070.9208899805	654.0
601102.2401736856	650.0
601133.5594573906	659.0
601164.8787410955	655.0
601196.6413607904	644.0
601228.4039804852	645.0
601260.1666001801	654.0
601291.9292198749	649.0
601323.6918395697	643.0
601355.4544592645	640.0
601387.2170789593	643.0
601418.9796986543	645.0
601450.7423183491	645.0
601482.5049380439	645.0
601514.2675577387	645.0
601547.16016605	646.0
601580.0527743613	640.0
601612.9453826726	635.0
601645.8379909839	634.0
601678.7305992952	634.0
601711.6232076065	634.0
601744.5158159179	637.0
601777.4084242291	640.0
601810.3010325404	642.0
601851.6155188817	638.0
601892.9300052231	637.0
601934.2444915645	642.0
601970.4750353532	637.0
602006.705579142	631.0
602042.9361229306	629.0
602079.1666667194	626.0
602115.3972105081	639.0
602151.6277542969	641.0
602187.5123830747	640.0
602223.3970118525	641.0
602259.2816406303	642.0
602295.1662694082	638.0
602331.0508981859	639.0
602366.9355269638	637.0
602402.8201557416	644.0
602441.6510547022	644.0
602480.4819536628	653.0
602519.3128526234	655.0
602558.1437515839	643.0
602589.8651836389	646.0
602621.586615694	639.0
602653.308047749	629.0
602685.029479804	628.0
602716.750911859	635.0
602753.9642362555	637.0
602791.1775606521	629.0
602828.3908850487	632.0
602865.6042094452	630.0
602902.8175338418	632.0
602940.0308582383	632.0
602977.2441826349	634.0
603014.4575070315	641.0
603051.670831428	644.0
603085.6113936165	645.0
603119.551955805	646.0
603153.4925179936	645.0
603187.4330801821	640.0
603221.3736423707	639.0
603255.3142045592	643.0
603289.2547667477	646.0
603323.1953289362	655.0
603357.1358911247	651.0
603391.0764533132	646.0
603425.0170155017	649.0
603462.8566607989	649.0
603500.6963060959	658.0
603538.5359513931	660.0
603576.3755966902	660.0
603614.2152419873	651.0
603652.0548872844	659.0
603689.8945325816	657.0
603727.7341778786	644.0
603765.5738231757	652.0
603765.5808324616	652.0
603807.3654392186	655.0
603850.8806784998	654.0
603894.395917781	655.0
603937.9111570623	657.0
603981.4263963435	661.0
604024.9416356247	661.0
604068.456874906	640.0
604111.9721141872	637.0
604151.8253154205	641.0
604191.6785166537	639.0
604231.531717887	638.0
604271.3849191202	634.0
604311.2381203535	631.0
604351.0913215867	631.0
604390.9445228201	629.0
604430.7977240533	638.0
604461.9323064125	643.0
604493.0668887718	637.0
604524.2014711311	633.0
604555.3360534903	630.0
604586.4706358496	628.0
604617.6052182089	627.0
604648.7398005681	626.0
604679.8743829274	625.0
604711.0089652867	625.0
604742.1435476459	624.0
604773.2781300052	627.0
604804.4127123645	628.0
604839.7478523584	626.0
604875.0829923524	627.0
604910.4181323464	630.0
604945.7532723403	627.0
604981.0884123343	629.0
605016.4235523283	631.0
605051.7791318084	640.0
605087.1347112887	638.0
605122.4902907689	644.0
605157.8458702491	644.0
605193.2014497293	643.0
605228.5570292096	639.0
605263.9126086897	638.0
605299.2681881699	633.0
605334.6237676501	628.0
605369.9793471304	626.0
605405.3349266106	653.0
605440.6905060908	637.0
605474.2225053321	634.0
605507.7545045734	633.0
605541.2865038147	634.0
605574.8185030561	632.0
605608.3505022974	639.0
605641.8825015387	642.0
605675.41450078	643.0
605708.9465000214	640.0
605743.9384046715	637.0
605778.9303093215	638.0
605813.9222139716	634.0
605848.9141186216	638.0
605883.9060232717	634.0
605918.8979279218	638.0
605953.8898325718	637.0
605988.881737222	639.0
606023.873641872	643.0
606056.3814262048	642.0
606088.8892105375	638.0
606121.3969948704	635.0
606153.9047792031	642.0
606186.412563536	649.0
606218.9203478688	647.0
606251.4281322015	638.0
606283.9359165344	638.0
606316.4437008671	636.0
606348.9514852	630.0
606381.4592695328	626.0
606413.9670538655	628.0
606444.2819990988	627.0
606474.5969443322	621.0
606504.9118895655	614.0
606535.2268347989	611.0
606565.5417800322	614.0
606595.8567252656	617.0
606626.1716704989	640.0
606656.4866157323	638.0
606686.8015609656	634.0
606721.7835058015	640.0
606756.7654506372	631.0
606791.5112003611	640.0
606826.2569500849	638.0
606861.0026998088	637.0
606895.7484495327	641.0
606930.4941992565	637.0
606965.2399489804	645.0
606999.9856987043	659.0
607034.7314484281	650.0
607069.477198152	641.0
607104.2229478759	642.0
607140.346378636	641.0
607176.4698093962	634.0
607212.5932401563	635.0
607248.7166709164	633.0
607284.8401016766	629.0
607320.9635324368	635.0
607357.086963197	639.0
607393.2103939571	639.0
607427.6753333895	638.0
607462.1402728221	637.0
607496.6052122546	632.0
607531.070151687	629.0
607565.5350911195	628.0
607600.000030552	628.0
607634.4649699845	629.0
607668.9299094169	637.0
607703.3948488494	644.0
607737.859788282	651.0
607772.3247277144	641.0
607808.6708602225	634.0
607845.0169927307	631.0
607881.3631252389	633.0
607917.709257747	634.0
607954.0553902552	634.0
607990.4015227633	627.0
608026.7476552716	621.0
608063.0937877797	622.0
608108.251537313	626.0
608153.4092868463	625.0
608198.5670363796	626.0
608221.1135219974	630.0
608254.3798631739	630.0
608287.6462043505	627.0
608320.9125455271	622.0
608354.1788867037	618.0
608387.4452278803	621.0
608422.8028069739	623.0
608458.1603860676	612.0
608493.5179651611	621.0
608528.8755442548	626.0
608562.3824571501	620.0
608595.8893700456	611.0
608629.396282941	613.0
608662.9031958365	616.0
608696.4101087318	617.0
608729.9170216273	618.0
608765.2744052565	624.0
608800.6317888857	619.0
608835.9891725149	625.0
608871.3465561442	623.0
608904.3492417318	626.0
608937.3519273195	624.0
608970.3546129072	630.0
609003.3572984949	635.0
609036.3599840825	636.0
609069.3626696703	630.0
609102.3653552579	628.0
609135.3680408455	641.0
609168.3707264332	651.0
609201.3734120209	655.0
609202.8761884529	655.0
609232.9019121621	662.0
609262.9276358712	662.0
609292.9533595804	654.0
609322.9790832895	639.0
609353.0048069987	632.0
609383.0305307078	630.0
609413.0562544169	632.0
609443.0819781261	632.0
609473.1077018352	633.0
609503.1334255444	637.0
609533.1591492535	636.0
609565.0705566523	630.0
609596.981964051	624.0
609628.8933714498	625.0
609660.8047788487	632.0
609692.7161862474	638.0
609724.6275936462	638.0
609756.5390010449	638.0
609788.4504084437	643.0
609820.3618158425	645.0
609853.221363571	643.0
609886.0809112997	644.0
609918.9404590282	644.0
609951.8000067569	642.0
609984.6595544855	645.0
610017.5191022141	652.0
610050.3786499427	661.0
610083.2381976714	689.0
610116.0977453999	675.0
610148.9572931286	664.0
610181.8168408572	655.0
610214.6763885858	639.0
610246.2687022733	633.0
610277.8610159607	628.0
610309.4533296481	626.0
610341.0456433356	624.0
610372.637957023	622.0
610404.2302707104	622.0
610435.8225843979	624.0
610467.4148980853	625.0
610499.0072117727	629.0
610530.5995254602	638.0
610560.8922107855	634.0
610591.1848961108	626.0
610621.4775814362	629.0
610651.7702667615	636.0
610682.0629520868	643.0
610712.3556374122	646.0
610742.6483227375	649.0
610772.9410080629	629.0
610803.2336933882	625.0
610833.5263787135	621.0
610865.8217427145	622.0
610898.1171067155	622.0
610930.4124707164	617.0
610962.7078347174	619.0
610995.0031987183	621.0
611027.2985627193	621.0
611059.5939267202	600.0
611091.8892907212	601.0
611124.1846547221	617.0
611156.480018723	621.0
611188.775382724	623.0
611224.242024426	622.0
611259.708666128	623.0
611295.17530783	625.0
611330.641949532	623.0
611366.108591234	626.0
611401.575232936	617.0
611437.041874638	619.0
611472.50851634	643.0
611507.975158042	632.0
611543.441799744	637.0
611576.4425043508	625.0
611609.4432089576	629.0
611642.4439135643	625.0
611675.4446181711	625.0
611708.4453227778	624.0
611741.4460273846	624.0
611774.4467319914	623.0
611807.4474365981	616.0
611840.2031097369	614.0
611872.9587828756	618.0
611905.7144560143	619.0
611938.4701291531	621.0
611971.2258022918	620.0
612003.9814754305	621.0
612036.7371485693	625.0
612069.492821708	622.0
612110.1883555466	624.0
612150.8838893851	618.0
612191.5794232237	619.0
612232.2749570623	623.0
612272.9704909009	625.0
612313.6660247395	615.0
612354.3615585781	609.0
612395.0570924167	607.0
612430.3945560699	607.0
612465.7320197232	608.0
612501.0694833763	610.0
612536.4069470296	605.0
612571.7444106828	612.0
612607.081874336	605.0
612637.4915469132	607.0
612667.9012194903	613.0
612698.3108920675	614.0
612728.7205646447	615.0
612759.1302372218	617.0
612789.539909799	616.0
612819.9495823763	608.0
612850.3592549535	603.0
612880.7689275306	595.0
612911.1786001078	587.0
612941.588272685	586.0
612971.9979452621	600.0
613002.4076178393	607.0
613032.8172904165	608.0
613063.2269629936	609.0
613093.6366355708	610.0
613124.046308148	609.0
613155.3774262707	609.0
613186.7085443934	613.0
613218.0396625162	612.0
613249.370780639	610.0
613280.7018987617	610.0
613312.0330168845	608.0
613343.3641350071	606.0
613374.6952531299	609.0
613406.0263712527	608.0
613437.3574893754	608.0
613468.6886074982	613.0
613499.8022045947	611.0
613530.9158016911	611.0
613562.0293987877	633.0
613593.1429958842	643.0
613624.2565929806	633.0
613655.3701900771	622.0
613686.4837871736	614.0
613717.59738427	612.0
613748.7109813666	613.0
613779.8245784631	617.0
613810.9381755595	621.0
613842.051772656	622.0
613874.361989801	619.0
613906.6722069461	617.0
613938.9824240911	618.0
613971.2926412361	618.0
614003.6028583811	622.0
614035.9130755261	624.0
614068.2232926711	620.0
614100.5335098162	618.0
614132.8437269612	619.0
614165.1539441063	614.0
614197.4641612513	606.0
614229.7743783963	606.0
614261.5717595058	611.0
614293.3691406152	614.0
614325.1665217247	615.0
614356.9639028342	614.0
614388.7612839437	612.0
614420.5586650531	610.0
614452.3560461625	607.0
614484.153427272	608.0
614515.9508083814	611.0
614547.7481894909	608.0
614579.5455706003	603.0
614611.3429517099	595.0
614643.1403328193	595.0
614674.9377139288	599.0
614715.6680449146	601.0
614756.3983759005	598.0
614797.1287068863	593.0
614828.435166276	593.0
614859.7416256656	594.0
614891.0480850552	599.0
614922.3545444448	595.0
614953.6610038345	596.0
614984.9674632241	604.0
615016.2739226137	607.0
615052.5173402214	610.0
615088.7607578292	607.0
615125.0041754368	605.0
615161.2475930445	607.0
615197.4910106523	609.0
615233.73442826	614.0
615269.9778458676	617.0
615306.2212634754	622.0
615342.4646810831	621.0
615378.7080986908	622.0
615421.0511890425	618.0
615463.3942793941	612.0
615505.7373697457	610.0
615548.0804600973	608.0
615590.423550449	606.0
615632.7666408005	611.0
615675.1097311522	617.0
615717.4528215039	611.0
615759.7959118554	609.0
615802.1390022071	609.0
615844.4820925586	612.0
615886.8251829103	610.0
615918.3978574043	612.0
615949.9705318983	611.0
615981.5432063923	608.0
616013.1158808864	608.0
616044.6885553804	607.0
616076.2612298744	607.0
616107.8339043685	608.0
616139.4065788625	611.0
616170.9792533565	613.0
616202.5519278505	615.0
616234.1246023446	611.0
616265.6972768386	609.0
616297.2699513326	607.0
616328.8426258266	603.0
616360.4153003206	607.0
616391.9879748146	612.0
616423.5606493086	609.0
616455.1333238027	601.0
616486.7059982967	602.0
616518.7601057701	602.0
616550.8142132435	600.0
616582.8683207169	597.0
616614.9224281902	597.0
616646.9765356637	610.0
616679.030643137	613.0
616711.0847506105	610.0
616743.1388580839	606.0
616775.1929655572	608.0
616807.2470730307	609.0
616839.301180504	609.0
616871.3552879774	606.0
616903.4093954508	605.0
616939.2667432582	602.0
616975.1240910657	599.0
617010.9814388731	606.0
617046.8387866805	607.0
617082.696134488	610.0
617118.5534822954	607.0
617154.4108301027	609.0
617190.2681779102	604.0
617226.1255257176	604.0
617265.381099465	602.0
617304.6366732123	609.0
617343.8922469596	610.0
617383.147820707	616.0
617422.4033944542	621.0
617461.6589682015	616.0
617500.2523900273	608.0
617538.8458118531	606.0
617577.439233679	604.0
617616.0326555048	601.0
617654.6260773306	598.0
617693.2194991563	599.0
617731.8129209823	605.0
617770.406342808	608.0
617808.9997646338	596.0
617849.1431870469	593.0
617889.2866094599	609.0
617929.4300318729	614.0
617969.5734542859	606.0
618009.7168766989	606.0
618049.8602991119	607.0
618090.003721525	603.0
618121.7197981091	601.0
618153.4358746933	600.0
618185.1519512775	595.0
618216.8680278617	598.0
618248.5841044458	604.0
618286.3811634893	608.0
618324.1782225328	609.0
618361.9752815764	600.0
618394.012806333	599.0
618426.0503310898	600.0
618458.0878558464	604.0
618490.1253806031	605.0
618522.1629053598	603.0
618554.2004301165	599.0
618586.2379548731	598.0
618618.2754796298	598.0
618651.4362258656	595.0
618684.5969721016	591.0
618717.7577183375	592.0
618750.9184645734	600.0
618784.0792108093	606.0
618817.2399570453	606.0
618850.4007032812	608.0
618897.4741399986	607.0
618944.547576716	601.0
618991.6210134334	602.0
619038.694450151	600.0
619085.7678868683	598.0
619132.8413235858	601.0
619179.9147603032	607.0
619223.3592610395	599.0
619266.8037617758	589.0
619310.2482625121	602.0
619353.6927632485	598.0
619397.1372639848	580.0
619440.5817647211	583.0
619484.0262654574	594.0
619527.4707661937	597.0
619566.9253340168	600.0
619606.3799018399	600.0
619645.8344696631	600.0
619685.2890374862	609.0
619724.7436053093	614.0
619764.1981731324	608.0
619803.6527409555	604.0
619843.1073087787	596.0
619882.5618766018	597.0
619920.0442762111	598.0
619957.5266758204	601.0
619995.0090754296	605.0
620032.4914750389	602.0
620069.9738746483	604.0
620107.4562742576	604.0
620144.9386738669	599.0
620182.4210734762	598.0
620219.9034730855	598.0
620257.3858726948	598.0
620294.8682723041	595.0
620332.3506719134	592.0
620369.8330715226	595.0
620393.1812619825	598.0
620434.5766610495	597.0
620475.9720601166	598.0
620517.3674591836	600.0
620558.7628582506	604.0
620600.1582573176	601.0
620641.5536563847	599.0
620682.9490554517	601.0
620724.3444545186	601.0
620760.4832461021	601.0
620796.6220376855	599.0
620832.760829269	594.0
620868.8996208523	593.0
620905.0384124358	590.0
620941.1772040193	592.0
620977.3159956026	589.0
621013.4547871861	590.0
621049.5935787695	598.0
621085.732370353	600.0
621121.8711619364	592.0
621158.0099535198	589.0
621194.1487451033	587.0
621230.2875366868	594.0
621266.4263282701	594.0
621298.2285017646	594.0
621330.0306752592	595.0
621361.8328487537	597.0
621393.6350222483	599.0
621425.4371957427	601.0
621457.2393692373	603.0
621489.0415427318	603.0
621520.8437162264	601.0
621552.6458897209	595.0
621584.4480632155	594.0
621616.25023671	594.0
621648.0524102045	594.0
621681.0553490428	595.0
621714.058287881	598.0
621747.0612267192	597.0
621780.0641655574	594.0
621813.0671043955	590.0
621846.0700432337	582.0
621879.0729820719	579.0
621912.0759209101	580.0
621945.0788597483	582.0
621982.795508608	587.0
622020.5121574677	592.0
622058.2288063273	593.0
622095.9454551871	598.0
622133.6621040468	596.0
622171.3787529065	593.0
622214.0993848661	591.0
622256.8200168257	596.0
622299.5406487853	615.0
622342.2612807449	583.0
622384.9819127045	577.0
622427.7025446643	587.0
622470.4231766239	586.0
622513.1438085835	594.0
622547.0587640163	596.0
622580.973719449	586.0
622614.8886748818	586.0
622648.8036303145	588.0
622682.7185857474	589.0
622716.6335411802	590.0
622750.5484966129	587.0
622784.6596055015	588.0
622818.77071439	584.0
622852.8818232786	588.0
622886.9929321671	593.0
622921.1040410557	597.0
622955.2151499442	599.0
622989.3262588328	591.0
623023.4373677213	596.0
623057.5484766099	602.0
623091.6595854984	604.0
623125.7706943869	601.0
623159.8818032756	597.0
623191.589275024	587.0
623223.2967467725	584.0
623255.0042185208	589.0
623286.7116902693	595.0
623318.4191620178	603.0
623350.1266337662	608.0
623381.8341055146	610.0
623413.541577263	592.0
623445.2490490115	587.0
623476.95652076	594.0
623508.6639925083	594.0
623539.6997482798	595.0
623570.7355040511	595.0
623601.7712598225	594.0
623632.807015594	591.0
623663.8427713654	584.0
623694.8785271368	580.0
623725.9142829082	580.0
623756.9500386796	586.0
623787.9857944511	592.0
623819.0215502224	596.0
623850.0573059939	599.0
623896.6595783556	603.0
623943.2618507172	600.0
623989.864123079	595.0
624036.4663954406	594.0
624083.0686678024	597.0
624129.6709401641	594.0
624176.2732125258	593.0
624222.8754848875	602.0
624256.8613565183	604.0
624290.8472281491	602.0
624324.8330997799	601.0
624358.8189714107	599.0
624392.8048430415	599.0
624426.7907146723	596.0
624460.7765863031	593.0
624494.7624579339	594.0
624528.7483295647	593.0
624562.7342011955	594.0
624596.7200728263	592.0
624629.345512238	595.0
624661.9709516497	593.0
624694.5963910614	592.0
624727.221830473	592.0
624759.8472698848	595.0
624792.4727092965	596.0
624825.0981487082	588.0
624857.72358812	586.0
624890.3490275317	586.0
624922.9744669434	589.0
624955.599906355	592.0
624988.2253457668	592.0
625021.3951699453	591.0
625054.564994124	589.0
625087.7348183026	586.0
625120.9046424811	585.0
625154.0744666598	589.0
625187.2442908384	589.0
625220.414115017	592.0
625253.5839391956	591.0
625286.7537633742	594.0
625319.9235875529	592.0
625353.0934117314	593.0
625388.8031504527	591.0
625424.512889174	592.0
625460.2226278953	590.0
625495.9323666167	592.0
625531.6421053379	594.0
625567.3518440592	594.0
625603.0615827806	596.0
625638.7713215018	594.0
625674.4810602232	595.0
625710.1907989444	596.0
625742.1307642186	595.0
625774.0707294928	593.0
625806.0106947671	599.0
625837.9506600413	604.0
625869.8906253155	604.0
625901.8305905897	601.0
625933.770555864	598.0
625965.7105211382	593.0
625997.6504864123	594.0
626029.5904516865	596.0
626061.5304169607	594.0
626093.470382235	592.0
626126.741273281	590.0
626160.0121643271	591.0
626193.2830553731	592.0
626226.5539464192	592.0
626259.8248374652	593.0
626293.0957285112	593.0
626326.3666195573	591.0
626359.6375106033	591.0
626392.9084016493	593.0
626426.1792926954	592.0
626459.4501837414	592.0
626492.7210747874	593.0
626528.000303737	592.0
626563.2795326866	584.0
626598.558761636	585.0
626633.8379905856	586.0
626669.1172195352	585.0
626711.2133039841	593.0
626753.309388433	591.0
626795.405472882	582.0
626837.501557331	579.0
626879.5976417799	576.0
626921.6937262288	582.0
626967.1584340599	584.0
627012.6231418912	577.0
627058.0878497224	582.0
627103.5525575535	588.0
627135.5743297182	587.0
627167.596101883	586.0
627199.6178740477	587.0
627231.6396462125	588.0
627263.6614183772	588.0
627295.6831905419	582.0
627327.7049627067	574.0
627361.9268252864	575.0
627396.1486878662	572.0
627430.3705504459	575.0
627464.5924130257	581.0
627498.8142756054	580.0
627533.0361381852	577.0
627567.2580007649	579.0
627602.9683968112	582.0
627638.6787928574	584.0
627674.3891889037	585.0
627710.09958495	595.0
627745.8099809963	592.0
627781.5203770426	591.0
627812.2397959438	593.0
627842.9592148451	593.0
627873.6786337463	591.0
627904.3980526476	590.0
627935.1174715488	588.0
627965.83689045	586.0
627996.5563093512	588.0
628027.2757282525	590.0
628057.9951471537	591.0
628088.714566055	590.0
628127.4996177817	593.0
628166.2846695085	592.0
628205.0697212352	593.0
628243.8547729619	600.0
628282.6398246887	602.0
628321.4248764155	601.0
628360.2099281423	599.0
628402.2781180657	595.0
628444.346307989	591.0
628486.4144979124	592.0
628528.4826878357	590.0
628570.5508777591	588.0
628612.6190676824	587.0
628654.6872576058	589.0
628701.5758191402	583.0
628734.7221043902	580.0
628767.8683896401	585.0
628801.0146748901	588.0
628834.1609601402	578.0
628867.3072453901	584.0
628900.4535306401	587.0
628933.5998158901	591.0
628975.6855968558	592.0
629017.7713778216	597.0
629059.8571587873	595.0
629101.9429397531	589.0
629144.0287207188	586.0
629186.1145016847	578.0
629219.3863107404	577.0
629252.6581197961	581.0
629285.9299288518	585.0
629319.2017379075	595.0
629352.4735469633	600.0
629385.745356019	599.0
629419.0171650747	598.0
629452.2889741304	599.0
629485.5607831861	600.0
629518.8325922418	588.0
629552.1044012975	589.0
629585.3762103532	591.0
629619.5984086706	594.0
629653.820606988	595.0
629688.0428053054	593.0
629722.2650036229	594.0
629756.4872019403	594.0
629790.7094002577	592.0
629824.9315985751	591.0
629859.1537968924	594.0
629893.3759952098	591.0
629927.5981935272	587.0
629961.8203918446	586.0
629996.042590162	586.0
630030.2647884794	590.0
630069.1350121048	591.0
630108.0052357301	589.0
630146.8754593554	589.0
630185.7456829809	588.0
630224.6159066062	587.0
630263.4861302315	584.0
630302.3563538569	584.0
630341.2265774822	589.0
630380.0968011075	588.0
630418.9670247328	591.0
630457.8372483582	592.0
630496.7074719836	591.0
630536.617863999	592.0
630576.5282560143	591.0
630616.4386480298	594.0
630656.3490400452	592.0
630696.2594320605	591.0
630736.1698240759	585.0
630776.0802160914	585.0
630814.8423780153	598.0
630853.6045399392	596.0
630892.3667018631	587.0
630931.128863787	584.0
630969.8910257111	591.0
631008.653187635	594.0
631047.4153495589	594.0
631086.1775114828	593.0
631123.8446581137	595.0
631161.5118047444	597.0
631199.1789513752	594.0
631236.846098006	589.0
631274.5132446367	590.0
631312.1803912675	585.0
631349.8475378983	581.0
631387.514684529	588.0
631420.8553421106	586.0
631454.1959996921	582.0
631487.5366572737	583.0
631520.8773148551	594.0
631554.2179724367	600.0
631587.5586300181	598.0
631620.8992875997	595.0
631654.2399451812	597.0
631687.5806027628	597.0
631725.9836595939	598.0
631764.386716425	600.0
631802.7897732562	603.0
631841.1928300873	600.0
631879.5958869184	596.0
631917.9989437495	599.0
631956.4020005807	598.0
631975.5010671741	598.0
632017.0802498675	601.0
632058.6594325608	609.0
632100.2386152542	610.0
632141.8177979474	609.0
632183.3969806408	607.0
632224.9761633342	600.0
632259.3164877803	590.0
632293.6568122265	580.0
632327.9971366726	586.0
632362.3374611187	593.0
632396.6777855649	591.0
632431.018110011	597.0
632463.7013092266	600.0
632496.384508442	604.0
632529.0677076576	603.0
632561.750906873	596.0
632594.4341060886	593.0
632627.1173053042	593.0
632659.1259594617	595.0
632691.1346136191	594.0
632723.1432677766	592.0
632755.151921934	591.0
632787.1605760915	593.0
632819.1692302489	595.0
632851.1778844064	599.0
632883.1865385639	600.0
632915.1951927213	597.0
632947.2038468788	594.0
632979.2125010362	588.0
633011.2211551938	581.0
633043.2298093511	577.0
633075.2384635087	583.0
633107.2471176662	587.0
633139.2557718236	589.0
633171.2644259811	588.0
633203.2730801385	590.0
633235.281734296	590.0
633266.0835502902	592.0
633296.8853662845	592.0
633327.6871822787	588.0
633358.488998273	584.0
633389.2908142672	590.0
633420.0926302616	595.0
633450.8944462558	596.0
633481.6962622501	594.0
633512.4980782443	589.0
633543.2998942386	586.0
633574.1017102328	584.0
633604.9035262271	583.0
633635.7053422213	583.0
633666.5071582156	583.0
633697.7000851643	582.0
633728.8930121128	581.0
633760.0859390615	584.0
633791.2788660101	582.0
633822.4717929588	583.0
633853.6647199073	584.0
633884.857646856	589.0
633916.0505738046	595.0
633947.2435007532	597.0
633978.4364277018	592.0
634009.6293546505	584.0
634040.822281599	584.0
634072.0152085477	585.0
634103.2081354964	583.0
634134.401062445	580.0
634165.5939893936	583.0
634196.7869163422	590.0
634227.9798432909	595.0
634259.1727702394	591.0
634292.593664886	597.0
634326.0145595324	595.0
634359.435454179	599.0
634392.8563488255	597.0
634426.2772434719	591.0
634459.6981381185	589.0
634493.119032765	590.0
634526.5399274115	593.0
634559.960822058	597.0
634593.3817167046	589.0
634626.802611351	584.0
634660.2235059976	579.0
634693.644400644	578.0
634726.4456993258	579.0
634759.2469980074	585.0
634792.0482966892	590.0
634824.8495953708	595.0
634857.6508940526	591.0
634890.4521927342	579.0
634923.253491416	572.0
634956.0547900976	576.0
634988.8560887794	585.0
635021.6573874612	587.0
635054.4586861428	582.0
635087.2599848246	583.0
635120.0612835062	584.0
635152.862582188	589.0
635185.6638808696	587.0
635221.177421658	587.0
635256.6909624463	586.0
635292.2045032346	583.0
635327.7180440229	576.0
635363.2315848114	575.0
635398.7451255997	574.0
635439.6467083363	583.0
635480.5482910728	581.0
635521.4498738095	579.0
635558.096179735	572.0
635594.7424856605	572.0
635631.388791586	577.0
635668.0350975116	578.0
635704.681403437	579.0
635741.3277093626	582.0
635777.9740152882	580.0
635814.6203212136	577.0
635851.2666271392	581.0
635887.9129330647	582.0
635924.5592389902	584.0
635959.6246040105	583.0
635994.6899690309	577.0
636029.7553340512	569.0
636064.8206990716	565.0
636099.8860640919	584.0
636134.9514291123	585.0
636170.0167941327	580.0
636205.0821591531	586.0
636240.1475241734	584.0
636275.2128891938	587.0
636308.2604761198	578.0
636341.3080630458	586.0
636374.3556499719	579.0
636407.4032368979	577.0
636440.4508238239	575.0
636473.49841075	587.0
636506.545997676	589.0
636539.593584602	582.0
636577.0299515128	582.0
636614.4663184236	580.0
636651.9026853344	577.0
636689.3390522453	575.0
636726.7754191561	577.0
636764.2117860669	576.0
636801.6481529777	582.0
636839.0845198885	593.0
636876.5208867992	586.0
636908.7891257271	578.0
636941.0573646551	585.0
636973.325603583	579.0
637005.593842511	579.0
637037.862081439	584.0
637070.1303203669	572.0
637102.3985592949	573.0
637134.6667982228	575.0
637166.9350371507	581.0
637199.2032760787	579.0
637231.4715150066	576.0
637263.7397539346	571.0
637296.0079928626	568.0
637328.2762317905	569.0
637364.732745648	571.0
637401.1892595056	573.0
637437.6457733631	576.0
637474.1022872205	580.0
637510.5588010781	576.0
637547.0153149356	575.0
637583.4718287932	578.0
637619.9283426506	578.0
637656.3848565081	584.0
637692.8413703657	588.0
637727.7981494633	579.0
637762.7549285607	571.0
637797.7117076583	572.0
637832.6684867558	574.0
637867.6252658532	577.0
637902.5820449508	587.0
637937.5388240482	588.0
637972.4956031458	582.0
638007.4523822434	584.0
638048.3606648719	584.0
638089.2689475003	593.0
638130.1772301288	593.0
638171.0855127573	579.0
638211.9937953858	578.0
638244.921066154	580.0
638277.8483369222	580.0
638310.7756076903	571.0
638343.7028784585	558.0
638376.6301492268	560.0
638409.557419995	571.0
638442.4846907632	578.0
638475.4119615313	577.0
638490.2075440645	577.0
638530.6529012681	572.0
638571.0982584717	571.0
638611.5436156753	579.0
638651.988972879	585.0
638692.4343300826	582.0
638732.8796872862	580.0
638773.3250444898	575.0
638813.7704016934	585.0
638854.215758897	586.0
638894.6611161006	569.0
638936.8696132737	565.0
638979.0781104468	570.0
639021.2866076198	578.0
639063.4951047929	577.0
639105.7036019659	573.0
639147.9120991391	572.0
639190.1205963121	576.0
639232.3290934851	576.0
639274.5375906582	574.0
639316.7460878313	572.0
639358.9545850044	579.0
639401.6821164814	577.0
639444.4096479585	576.0
639487.1371794355	571.0
639529.8647109125	570.0
639572.5922423896	577.0
639615.3197738666	573.0
639658.0473053437	570.0
639700.7748368207	569.0
639738.470838131	572.0
639776.1668394415	576.0
639813.8628407519	572.0
639851.5588420624	570.0
639889.2548433727	572.0
639926.9508446832	572.0
639964.6468459936	567.0
640002.3428473041	563.0
640040.0388486144	570.0
640077.7348499249	568.0
640114.7173451725	571.0
640151.69984042	570.0
640188.6823356677	575.0
640225.6648309152	580.0
640262.6473261628	579.0
640299.6298214103	573.0
640331.5744834992	572.0
640363.5191455882	570.0
640395.463807677	571.0
640427.408469766	574.0
640459.3531318549	576.0
640491.2977939439	577.0
640523.2424560328	575.0
640557.5449107765	574.0
640591.8473655204	577.0
640626.1498202642	577.0
640660.452275008	578.0
640694.7547297518	570.0
640729.0571844956	564.0
640763.3596392395	564.0
640800.7972240102	567.0
640838.2348087811	563.0
640875.6723935518	569.0
640913.1099783225	576.0
640950.5475630934	580.0
640987.9851478641	582.0
641025.4227326348	575.0
641062.8603174055	574.0
641100.2979021764	576.0
641133.2337580972	577.0
641166.1696140179	580.0
641199.1054699387	582.0
641232.0413258595	582.0
641264.9771817803	577.0
641297.913037701	575.0
641330.8488936218	572.0
641363.7847495426	572.0
641396.7206054634	575.0
641429.6564613841	574.0
641483.6358736185	573.0
641518.2210350932	576.0
641552.8061965678	577.0
641584.7520846142	575.0
641616.6979726607	574.0
641648.643860707	572.0
641680.5897487534	573.0
641712.5356367998	573.0
641744.4815248462	571.0
641776.4274128926	565.0
641808.3733009389	556.0
641840.3191889853	563.0
641872.2650770317	566.0
641913.4798117778	570.0
641954.694546524	571.0
641995.9092812701	571.0
642037.1240160163	574.0
642078.3387507624	576.0
642119.5534855085	570.0
642160.7682202548	567.0
642201.982955001	572.0
642243.1976897471	569.0
642284.4124244932	564.0
642325.6271592394	569.0
642366.8418939855	572.0
642408.0566287317	575.0
642449.2713634778	583.0
642481.6048756589	583.0
642513.9383878399	583.0
642546.271900021	583.0
642578.6054122021	581.0
642610.9389243833	574.0
642643.2724365643	571.0
642675.6059487454	574.0
642707.9394609265	576.0
642740.2729731075	576.0
642772.6064852886	577.0
642804.9399974697	576.0
642837.2735096507	570.0
642869.6070218319	571.0
642901.940534013	573.0
642934.274046194	573.0
642968.3463563448	573.0
643002.4186664955	573.0
643036.4909766462	567.0
643070.5632867969	566.0
643104.6355969476	566.0
643138.7079070983	567.0
643172.7802172491	567.0
643206.8525273998	569.0
643240.9248375505	573.0
643274.9971477012	574.0
643309.0694578519	573.0
643343.1417680026	569.0
643377.2140781534	561.0
643419.7726190507	566.0
643462.331159948	568.0
643504.8897008453	561.0
643547.4482417427	568.0
643592.7529433175	571.0
643638.0576448924	569.0
643683.3623464672	572.0
643728.667048042	570.0
643773.9717496169	572.0
643817.1454044459	570.0
643860.3190592751	568.0
643903.4927141041	571.0
643946.6663689332	567.0
643989.8400237623	572.0
644033.0136785913	568.0
644076.1873334204	565.0
644119.3609882495	573.0
644162.5346430786	579.0
644205.7082979076	585.0
644248.8819527368	578.0
644282.0584412033	573.0
644315.2349296698	573.0
644348.4114181363	573.0
644381.5879066028	569.0
644414.7643950693	572.0
644447.9408835358	572.0
644481.1173720023	571.0
644514.2938604688	568.0
644547.4703489353	573.0
644580.6468374018	573.0
644613.8233258683	579.0
644651.1966102784	574.0
644688.5698946886	569.0
644725.9431790987	572.0
644763.3164635088	579.0
644800.6897479189	576.0
644838.063032329	576.0
644875.4363167391	577.0
644912.8096011492	575.0
644950.1828855593	579.0
644987.5561699694	578.0
645024.9294543795	577.0
645062.3027387897	568.0
645099.6760231998	565.0
645137.0493076099	565.0
645170.7310302533	572.0
645204.4127528967	576.0
645238.0944755401	575.0
645271.7761981835	574.0
645305.457920827	583.0
645339.1396434703	576.0
645372.8213661137	581.0
645406.5030887572	583.0
645440.1848114006	581.0
645473.8665340439	582.0
645507.5482566874	583.0
645541.2299793308	582.0
645574.9117019742	580.0
645608.5934246175	574.0
645642.275147261	572.0
645675.9568699044	570.0
645709.6385925479	572.0
645741.6737391393	585.0
645773.7088857307	575.0
645805.7440323222	573.0
645837.7791789137	568.0
645869.814325505	567.0
645901.8494720965	564.0
645933.884618688	563.0
645965.9197652794	561.0
645997.9549118709	570.0
646029.9900584623	573.0
646062.0252050537	571.0
646094.0603516452	570.0
646126.0954982366	573.0
646158.1306448281	575.0
646190.1657914196	576.0
646224.3980892204	580.0
646258.6303870213	577.0
646292.8626848222	571.0
646327.0949826231	572.0
646361.327280424	571.0
646395.5595782249	572.0
646429.7918760257	571.0
646464.0241738267	571.0
646498.2564716275	572.0
646532.4887694283	574.0
646566.7210672293	574.0
646600.9533650301	575.0
646635.1856628311	570.0
646669.4179606319	567.0
646703.6502584328	570.0
646737.8825562337	572.0
646772.1148540346	575.0
646806.3471518354	578.0
646840.5794496363	578.0
646873.2517980598	575.0
646905.9241464832	577.0
646938.5964949067	573.0
646971.2688433301	574.0
647003.9411917536	569.0
647036.613540177	562.0
647069.2858886005	563.0
647105.0039103577	569.0
647140.7219321149	568.0
647176.4399538721	572.0
647212.1579756292	577.0
647247.8759973864	577.0
647283.5940191436	580.0
647319.3120409008	578.0
647355.030062658	578.0
647390.7480844152	568.0
647425.1734446522	569.0
647459.5988048891	570.0
647494.0241651261	567.0
647528.449525363	570.0
647562.8748856001	569.0
647597.300245837	567.0
647631.725606074	564.0
647666.1509663109	569.0
647700.5763265479	560.0
647735.0016867848	557.0
647769.4270470218	558.0
647803.6558592904	562.0
647837.8846715589	563.0
647872.1134838274	565.0
647906.342296096	566.0
647940.5711083646	569.0
647974.7999206331	568.0
648009.0287329017	571.0
648043.2575451703	571.0
648077.4863574387	575.0
648111.7151697073	573.0
648145.9439819759	571.0
648180.1727942445	566.0
648214.401606513	564.0
648257.3823087786	575.0
648300.3630110442	577.0
648343.34371331	570.0
648386.3244155756	565.0
648429.3051178412	561.0
648466.5619826345	569.0
648503.8188474276	577.0
648541.0757122209	576.0
648578.332577014	571.0
648615.5894418072	570.0
648652.8463066004	570.0
648690.1031713936	573.0
648727.3600361868	574.0
648764.61690098	572.0
648801.8737657731	569.0
648842.2480104386	569.0
648882.6222551041	570.0
648922.9964997696	567.0
648963.3707444352	564.0
649003.7449891007	564.0
649044.1192337662	564.0
649084.4934784317	567.0
649124.8677230972	568.0
649165.2419677627	567.0
649205.6162124283	566.0
649245.9904570938	566.0
649284.8472336347	563.0
649323.7040101755	566.0
649362.5607867164	564.0
649401.4175632573	564.0
649440.2743397983	564.0
649479.1311163391	562.0
649517.98789288	563.0
649556.8446694209	560.0
649595.7014459617	557.0
649634.5582225026	559.0
649673.4149990435	569.0
649712.2717755843	570.0
649751.1285521253	572.0
649784.9113434532	576.0
649818.6941347811	577.0
649852.4769261089	577.0
649886.2597174369	575.0
649920.0425087648	572.0
649953.8253000927	569.0
649987.6080914206	567.0
650021.3908827484	566.0
650055.1736740763	564.0
650088.9564654042	563.0
650122.7392567322	560.0
650156.5220480601	557.0
650190.3048393879	557.0
650224.0876307158	567.0
650257.8704220437	572.0
650291.6532133716	569.0
650322.8595594222	568.0
650354.0659054727	570.0
650385.2722515233	567.0
650416.4785975738	573.0
650447.6849436244	575.0
650478.8912896749	572.0
650510.0976357255	562.0
650541.303981776	561.0
650572.5103278266	558.0
650603.7166738771	557.0
650634.9230199277	556.0
650666.1293659783	563.0
650697.3357120288	570.0
650728.5420580794	573.0
650759.7484041299	573.0
650790.9547501805	571.0
650831.1946800337	568.0
650871.434609887	564.0
650911.6745397402	566.0
650951.9144695934	572.0
650992.1543994466	568.0
651032.3943292998	574.0
651072.634259153	576.0
651112.8741890063	575.0
651153.1141188595	565.0
651198.1212387793	560.0
651243.1283586989	559.0
651274.5702540335	564.0
651306.0121493682	558.0
651337.4540447028	558.0
651368.8959400374	555.0
651400.3378353721	551.0
651431.7797307066	552.0
651463.2216260412	552.0
651494.6635213759	557.0
651526.1054167105	559.0
651557.5473120451	559.0
651593.5446658926	559.0
651629.5420197401	560.0
651665.5393735875	563.0
651701.536727435	561.0
651737.5340812824	559.0
651773.5314351299	559.0
651809.5287889774	559.0
651845.5261428248	560.0
651887.6219006466	561.0
651929.7176584684	564.0
651971.8134162902	558.0
652013.9091741121	557.0
652056.004931934	557.0
652098.1006897558	563.0
652122.194193384	563.0
652164.7689072936	558.0
652207.3436212032	567.0
652249.9183351127	562.0
652292.4930490224	567.0
652335.0677629319	580.0
652377.6424768416	583.0
652420.2171907511	583.0
652462.7919046606	588.0
652505.3666185703	584.0
652541.0863107222	583.0
652576.806002874	591.0
652612.525695026	585.0
652648.2453871779	569.0
652683.9650793298	571.0
652719.6847714817	569.0
652755.4044636337	571.0
652791.1241557855	560.0
652826.8438479374	563.0
652862.5635400893	569.0
652898.2832322413	568.0
652933.4077704244	576.0
652968.5323086076	574.0
653003.6568467907	572.0
653038.7813849738	567.0
653073.905923157	565.0
653109.0304613401	569.0
653144.1549995233	564.0
653179.2795377064	567.0
653214.4040758895	568.0
653249.5286140727	568.0
653284.6531522558	566.0
653321.0458434975	560.0
653357.4385347392	563.0
653393.8312259808	567.0
653430.2239172225	572.0
653466.6166084642	572.0
653503.0092997059	570.0
653539.4019909474	573.0
653575.7946821891	571.0
653612.1873734308	574.0
653648.5800646725	569.0
653684.9727559141	560.0
653717.8513391042	562.0
653750.7299222944	563.0
653783.6085054846	566.0
653816.4870886748	575.0
653849.365671865	568.0
653882.2442550551	559.0
653915.1228382454	557.0
653948.0014214355	552.0
653980.8800046257	550.0
654013.7585878158	550.0
654046.6371710061	564.0
654079.5157541962	565.0
654111.8620905549	566.0
654144.2084269136	569.0
654176.5547632723	572.0
654208.9010996309	574.0
654241.2474359896	574.0
654273.5937723482	570.0
654305.940108707	569.0
654338.2864450656	565.0
654370.6327814243	562.0
654402.979117783	572.0
654435.4338748755	577.0
654467.888631968	583.0
654500.3433890605	579.0
654532.798146153	585.0
654565.2529032455	580.0
654597.7076603379	579.0
654630.1624174304	573.0
654662.617174523	566.0
654695.0719316154	565.0
654727.5266887079	564.0
654759.9814458004	564.0
654792.4362028929	566.0
654824.8909599853	566.0
654857.3457170778	569.0
654895.8086608959	565.0
654934.2716047139	562.0
654972.7345485319	562.0
655011.1974923499	562.0
655049.660436168	562.0
655088.1233799859	560.0
655126.586323804	557.0
655165.049267622	558.0
655203.51221144	558.0
655241.975155258	557.0
655280.0521561926	557.0
655318.1291571271	558.0
655350.1118498261	557.0
655382.0945425249	556.0
655414.0772352238	557.0
655446.0599279228	557.0
655478.0426206217	561.0
655510.0253133206	562.0
655542.0080060195	560.0
655573.9906987185	567.0
655605.9733914174	566.0
655637.9560841162	563.0
655669.9387768152	567.0
655704.3667459077	569.0
655738.7947150002	563.0
655773.2226840927	567.0
655807.6506531852	568.0
655842.0786222777	566.0
655876.5065913702	553.0
655910.9345604627	558.0
655945.3625295552	560.0
655979.7904986477	564.0
656014.2184677402	558.0
656048.6464368327	560.0
656083.0744059251	553.0
656117.5023750176	553.0
656151.9303441101	556.0
656186.3583132026	558.0
656220.7862822951	559.0
656255.2142513876	557.0
656289.6422204801	559.0
656324.0701895726	555.0
656358.4981586651	558.0
656392.9261277576	561.0
656427.3540968501	565.0
656463.3352554945	563.0
656499.3164141389	559.0
656535.2975727832	559.0
656571.2787314275	556.0
656607.2598900718	558.0
656643.2410487162	559.0
656679.2222073606	557.0
656715.2033660049	561.0
656751.1845246493	566.0
656787.1656832936	564.0
656823.1468419379	562.0
656859.1280005822	556.0
656895.1091592266	549.0
656931.090317871	545.0
656967.0714765153	545.0
657003.0526351597	552.0
657039.033793804	543.0
657075.0149524483	548.0
657110.9961110926	552.0
657146.977269737	552.0
657182.9584283814	551.0
657218.9395870257	548.0
657254.9207456701	549.0
657293.2924269695	554.0
657331.6641082689	557.0
657370.0357895683	557.0
657408.4074708677	555.0
657446.779152167	557.0
657485.1508334664	559.0
657523.5225147658	558.0
657561.8941960653	558.0
657600.7609255455	552.0
657639.6276550257	548.0
657678.4943845059	551.0
657717.3611139861	558.0
657756.2278434662	569.0
657795.0945729464	569.0
657833.9613024266	556.0
657872.8280319069	551.0
657911.6947613871	552.0
657950.5614908673	555.0
657989.4282203475	546.0
658028.2949498277	544.0
658067.1616793079	550.0
658106.028408788	551.0
658144.8951382682	556.0
658183.7618677485	563.0
658222.6285972287	561.0
658261.4953267089	557.0
658300.3620561891	556.0
658337.3707115139	554.0
658374.3793668387	559.0
658411.3880221637	558.0
658448.3966774885	558.0
658485.4053328133	554.0
658522.4139881381	554.0
658559.4226434629	556.0
658596.4312987877	557.0
658633.4399541126	555.0
658670.4486094374	553.0
658707.4572647623	547.0
658744.4659200871	544.0
658781.4745754119	543.0
658818.4832307368	549.0
658855.4918860616	556.0
658892.5005413864	556.0
658929.5091967112	552.0
658938.7414618938	552.0
658969.9545947518	548.0
659001.1677276099	549.0
659032.3808604679	550.0
659063.5939933258	553.0
659094.8071261839	557.0
659126.0202590419	558.0
659157.2333919	559.0
659188.446524758	554.0
659219.659657616	549.0
659250.8727904741	547.0
659282.085923332	550.0
659313.2990561901	558.0
659344.5121890481	561.0
659375.7253219062	561.0
659406.9384547642	561.0
659438.1515876222	562.0
659469.3647204803	555.0
659500.5778533383	560.0
659538.9755293046	550.0
659577.3732052709	551.0
659615.770881237	557.0
659654.1685572033	561.0
659692.5662331695	562.0
659730.9639091357	562.0
659769.3615851019	561.0
659807.7592610682	547.0
659846.1569370345	557.0
659884.5546130007	561.0
659922.9522889669	557.0
659961.3499649331	553.0
660004.5272413397	553.0
660047.7045177462	569.0
660090.8817941528	567.0
660134.0590705593	559.0
660177.2363469659	565.0
660220.4136233724	564.0
660263.590899779	559.0
660306.7681761855	557.0
660349.9454525921	562.0
660393.1227289985	573.0
660436.3000054051	564.0
660466.3692350469	561.0
660496.4384646887	559.0
660526.5076943305	556.0
660556.5769239723	555.0
660586.6461536142	552.0
660616.715383256	546.0
660646.7846128978	544.0
660676.8538425396	552.0
660706.9230721814	555.0
660736.9923018232	552.0
660767.0615314649	554.0
660797.1307611067	557.0
660827.1999907485	557.0
660857.2692203904	556.0
660887.3384500322	554.0
660917.407679674	553.0
660947.4769093158	553.0
660979.4254310813	552.0
661011.3739528469	552.0
661043.3224746124	553.0
661075.2709963778	553.0
661107.2195181433	552.0
661139.1680399089	549.0
661171.1165616744	549.0
661203.0650834399	553.0
661235.0136052055	556.0
661266.962126971	554.0
661298.9106487365	550.0
661330.8591705019	549.0
661362.8076922675	551.0
661394.756214033	557.0
661426.7047357985	548.0
661458.6532595803	547.0
661490.6017833621	549.0
661522.5503071438	552.0
661554.4988309256	555.0
661586.4473547074	550.0
661618.3958784891	543.0
661650.3444022709	550.0
661682.2929260527	564.0
661714.2414498344	572.0
661746.1899736162	573.0
661782.5243152779	572.0
661818.8586569397	569.0
661855.1929986015	568.0
661891.5273402632	559.0
661927.8616819249	563.0
661964.1960235867	569.0
662000.5303652484	569.0
662036.8647069102	568.0
662073.199048572	559.0
662109.5333902338	548.0
662145.8677318955	553.0
662182.2020735573	552.0
662212.5951179776	555.0
662242.9881623978	555.0
662273.381206818	556.0
662303.7742512382	558.0
662334.1672956585	557.0
662364.5603400787	555.0
662394.953384499	557.0
662425.3464289192	559.0
662455.7394733394	557.0
662486.1325177597	555.0
662516.9126948843	555.0
662547.6928720089	559.0
662578.4730491336	564.0
662609.2532262582	563.0
662640.0334033829	559.0
662670.8135805074	556.0
662701.5937576321	558.0
662732.3739347567	563.0
662763.1541118814	556.0
662793.9342890059	550.0
662824.7144661306	547.0
662855.4946432553	553.0
662886.2748203799	554.0
662917.0549975045	547.0
662947.8351746291	557.0
662978.6153517538	563.0
663009.3955288784	549.0
663052.5727175158	553.0
663095.749906153	559.0
663138.9270947903	551.0
663182.1042834275	545.0
663225.2814720648	550.0
663268.4586607021	553.0
663311.6358493393	553.0
663354.8130379766	548.0
663397.9902266138	544.0
663441.1674152511	544.0
663484.3446038885	552.0
663524.9683803824	555.0
663565.5921568765	550.0
663606.2159333704	542.0
663646.8397098643	547.0
663687.4634863584	555.0
663727.5758254103	558.0
663767.6881644622	549.0
663807.8005035141	551.0
663849.3886149307	549.0
663890.9767263472	546.0
663932.5648377638	548.0
663974.1529491802	549.0
664015.7410605968	549.0
664057.3291720133	547.0
664098.9172834299	546.0
664140.5053948464	551.0
664182.093506263	562.0
664216.6274300934	560.0
664251.1613539238	555.0
664285.6952777542	549.0
664320.2292015846	539.0
664354.763125415	543.0
664389.2970492454	550.0
664423.8309730758	556.0
664460.7650871726	552.0
664497.6992012693	551.0
664534.6333153661	551.0
664571.5674294628	548.0
664608.5015435596	549.0
664645.4356576564	554.0
664682.3697717531	554.0
664719.3038858499	553.0
664756.2379999466	558.0
664792.1053804322	564.0
664827.9727609179	563.0
664863.8401414035	566.0
664899.7075218891	557.0
664935.5749023748	551.0
664971.4422828604	554.0
665007.309663346	550.0
665043.1770438317	555.0
665079.0444243173	549.0
665114.911804803	546.0
665150.7791852886	539.0
665183.4140101097	536.0
665216.0488349308	543.0
665248.6836597519	546.0
665281.318484573	537.0
665313.9533093941	530.0
665346.5881342152	536.0
665379.2229590364	542.0
665411.8577838574	549.0
665444.4926086785	554.0
665477.1274334997	550.0
665509.7622583207	545.0
665541.729128904	538.0
665573.6959994873	542.0
665605.6628700705	548.0
665637.6297406538	554.0
665669.5966112372	553.0
665701.5634818204	549.0
665733.5303524036	546.0
665765.497222987	547.0
665797.4640935702	551.0
665829.4309641535	552.0
665861.3978347369	555.0
665893.3647053201	555.0
665925.3315759033	553.0
665957.2984464867	553.0
665989.26531707	563.0
666019.6476586568	570.0
666050.0300002437	571.0
666080.4123418306	569.0
666110.7946834174	559.0
666141.1770250043	558.0
666171.5593665912	556.0
666201.941708178	549.0
666232.3240497649	549.0
666262.7063913518	558.0
666299.3591392221	561.0
666336.0118870924	562.0
666372.6646349627	557.0
666409.317382833	556.0
666445.9701307033	556.0
666482.6228785737	566.0
666519.275626444	564.0
666555.9283743143	566.0
666592.5811221846	565.0
666629.233870055	563.0
666665.8866179253	562.0
666703.2634760723	561.0
666740.6403342194	561.0
666778.0171923665	562.0
666815.3940505136	561.0
666852.7709086607	557.0
666890.1477668079	555.0
666927.524624955	563.0
666964.9014831021	560.0
667002.2783412492	557.0
667039.6551993963	553.0
667077.0320575434	555.0
667114.4089156905	552.0
667151.7857738376	551.0
667189.1626319847	554.0
667230.6422774126	553.0
667272.1219228405	553.0
667313.6015682684	553.0
667355.0812136962	554.0
667396.5608591241	553.0
667438.040504552	559.0
667479.5201499799	561.0
667520.9997954078	560.0
667562.4794408357	560.0
667603.9590862636	559.0
667645.4387316915	553.0
667686.9183771192	548.0
667728.3980225471	561.0
667769.877667975	576.0
667811.3573134029	575.0
667849.0338427034	558.0
667886.710372004	552.0
667924.3869013046	554.0
667962.0634306051	555.0
667999.7399599056	548.0
668037.4164892061	549.0
668075.0930185067	548.0
668112.7695478072	547.0
668150.4460771078	551.0
668188.1226064083	560.0
668225.7991357088	561.0
668263.4756650093	557.0
668307.313964365	555.0
668351.1522637208	560.0
668394.9905630765	554.0
668438.828862432	564.0
668482.6671617877	563.0
668526.5054611434	557.0
668570.3437604991	559.0
668615.527680281	567.0
668660.7116000628	550.0
668705.8955198446	557.0
668751.0794396264	559.0
668796.2633594082	555.0
668841.4472791901	549.0
668886.6311989719	547.0
668931.8151187537	547.0
668966.335221922	544.0
669000.8553250903	538.0
669035.3754282587	532.0
669069.895531427	529.0
669104.4156345953	531.0
669138.9357377636	533.0
669173.455840932	539.0
669207.9759441003	542.0
669242.4960472686	540.0
669277.016150437	545.0
669311.5362536053	551.0
669341.8163228646	558.0
669372.096392124	556.0
669402.3764613834	546.0
669432.6565306428	545.0
669462.9365999021	550.0
669493.2166691615	550.0
669523.4967384209	548.0
669553.7768076803	547.0
669584.0568769396	547.0
669614.336946199	547.0
669644.6170154584	547.0
669674.8970847178	547.0
669705.1771539771	548.0
669735.4572232364	548.0
669765.7372924959	546.0
669796.0173617553	559.0
669826.2974310146	567.0
669856.5775002739	560.0
669886.8575695333	560.0
669893.4452041172	560.0
669933.1838878867	556.0
669972.9225716562	570.0
670012.6612554257	570.0
670045.1596077753	568.0
670077.657960125	571.0
670110.1563124746	575.0
670142.6546648243	576.0
670175.153017174	577.0
670207.6513695236	576.0
670240.1497218733	571.0
670272.648074223	569.0
670305.1464265726	581.0
670337.6447789223	586.0
670370.1431312719	588.0
670401.5023459397	582.0
670432.8615606077	577.0
670464.2207752755	568.0
670495.5799899433	565.0
670526.9392046111	563.0
670558.298419279	576.0
670589.6576339469	574.0
670621.0168486147	573.0
670652.3760632826	572.0
670683.7352779504	566.0
670718.631696464	560.0
670753.5281149778	554.0
670788.4245334914	551.0
670823.320952005	550.0
670858.2173705187	557.0
670893.1137890323	556.0
670928.010207546	555.0
670962.9066260597	560.0
670997.8030445733	553.0
671032.6994630869	552.0
671067.5958816006	552.0
671102.4923001142	552.0
671137.3887186279	553.0
671171.4223978316	547.0
671205.4560770354	544.0
671239.4897562391	543.0
671273.5234354429	564.0
671307.5571146467	556.0
671341.5907938505	546.0
671375.6244730542	541.0
671409.658152258	547.0
671443.6918314617	549.0
671477.7255106656	553.0
671511.7591898693	554.0
671545.7928690731	557.0
671579.8265482768	550.0
671613.8602274806	555.0
671646.0290923555	548.0
671678.1979572305	545.0
671710.3668221054	543.0
671742.5356869802	541.0
671774.7045518552	543.0
671806.8734167301	545.0
671839.042281605	546.0
671871.2111464799	544.0
671903.3800113548	544.0
671935.5488762297	543.0
671967.7177411047	547.0
671999.8866059795	544.0
672032.7584618783	542.0
672065.6303177772	551.0
672098.5021736759	553.0
672131.3740295747	554.0
672164.2458854736	552.0
672197.1177413723	548.0
672229.9895972711	543.0
672262.8614531698	542.0
672295.7333090687	543.0
672328.6051649675	545.0
672359.9106682122	546.0
672391.216171457	546.0
672422.5216747018	546.0
672453.8271779466	546.0
672485.1326811913	542.0
672516.4381844361	539.0
672547.7436876808	537.0
672579.0491909256	535.0
672611.7965207493	535.0
672644.5438505731	539.0
672677.291180397	544.0
672710.0385102208	545.0
672742.7858400446	545.0
672775.5331698684	545.0
672808.2804996923	543.0
672841.9584895581	542.0
672875.6364794238	553.0
672909.3144692896	555.0
672942.9924591554	539.0
672976.6704490212	539.0
673010.3484388868	549.0
673044.0264287526	556.0
673077.7044186183	559.0
673111.3824084841	558.0
673145.0603983499	529.0
673178.7383882157	530.0
673212.4163780814	536.0
673247.0098591064	526.0
673281.6033401313	529.0
673316.1968211563	530.0
673350.7903021813	538.0
673385.3837832062	545.0
673419.9772642312	549.0
673454.570745256	546.0
673489.164226281	541.0
673523.757707306	540.0
673558.3511883309	539.0
673592.9446693559	543.0
673627.5381503808	550.0
673662.1316314058	543.0
673696.7251124308	543.0
673731.3185934557	549.0
673765.9120744807	551.0
673800.5055555056	553.0
673840.7920127999	556.0
673881.0784700941	555.0
673912.5926106093	548.0
673944.1067511243	546.0
673975.6208916394	549.0
674007.1350321545	556.0
674038.6491726696	559.0
674070.1633131846	553.0
674101.6774536998	544.0
674133.1915942149	533.0
674164.70573473	541.0
674196.219875245	544.0
674227.7340157601	542.0
674259.2481562753	540.0
674290.7622967903	543.0
674322.2764373054	549.0
674353.7905778205	550.0
674385.3047183356	547.0
674416.8188588506	542.0
674448.3329993658	546.0
674479.8471398809	551.0
674511.3612803959	554.0
674542.875420911	552.0
674574.3895614261	544.0
674605.9037019412	535.0
674637.4178424563	546.0
674681.4299353631	551.0
674711.9063433291	555.0
674742.3827512951	551.0
674772.859159261	549.0
674803.335567227	548.0
674833.811975193	544.0
674864.288383159	544.0
674894.7647911248	547.0
674925.2411990908	552.0
674955.7176070568	542.0
674986.1940150228	539.0
675016.6704229887	542.0
675047.1468309547	547.0
675077.6232389207	551.0
675108.0996468867	554.0
675138.5760548526	548.0
675169.0524628186	542.0
675206.9787158052	539.0
675244.9049687919	549.0
675282.8312217786	551.0
675321.0133617953	541.0
675359.1955018122	541.0
675397.3776418288	538.0
675435.5597818455	538.0
675472.2907348585	535.0
675509.0216878714	543.0
675545.7526408844	545.0
675582.4835938973	541.0
675614.7543789219	538.0
675647.0251639464	540.0
675679.2959489711	545.0
675711.5667339956	545.0
675743.8375190202	544.0
675776.1083040447	540.0
675808.3790890693	537.0
675840.649874094	534.0
675851.1465270806	535.0
675883.1813179497	538.0
675915.2161088188	540.0
675947.2508996879	540.0
675979.285690557	537.0
676009.8624602068	536.0
676040.4392298567	540.0
676071.0159995067	545.0
676101.5927691566	543.0
676132.1695388064	542.0
676162.7463084563	544.0
676193.3230781063	545.0
676223.8998477561	544.0
676254.476617406	545.0
676284.8278471344	547.0
676315.1790768629	544.0
676345.5303065914	538.0
676375.8815363199	533.0
676406.2327660483	530.0
676436.5839957767	533.0
676466.9352255051	540.0
676497.2864552337	545.0
676537.2350239113	544.0
676577.1835925889	538.0
676611.5453261557	542.0
676645.9070597227	544.0
676680.2687932895	540.0
676714.6305268565	540.0
676748.9922604234	546.0
676783.3539939902	542.0
676817.7157275572	534.0
676850.9796552388	535.0
676884.2435829205	539.0
676917.5075106021	540.0
676950.7714382837	539.0
676984.0353659653	539.0
677017.299293647	539.0
677050.5632213287	538.0
677083.8271490103	539.0
677114.6611084493	538.0
677145.4950678884	538.0
677176.3290273275	538.0
677207.1629867665	537.0
677237.9969462056	537.0
677268.8309056447	537.0
677303.4287938828	541.0
677338.0266821209	552.0
677372.624570359	550.0
677407.222458597	545.0
677441.8203468352	541.0
677476.4182350732	541.0
677516.4388751844	537.0
677556.4595152955	537.0
677596.4801554066	532.0
677636.5007955177	530.0
677676.5167342096	540.0
677716.5326729016	539.0
677756.5486115935	538.0
677796.5645502856	541.0
677836.5804889775	544.0
677876.5964276695	542.0
677921.4430956081	539.0
677966.2897635468	538.0
678011.1364314854	540.0
678055.9830994239	544.0
678101.2642002342	523.0
678146.5453010445	508.0
678191.8264018549	519.0
678237.1075026651	534.0
678282.3886034754	541.0
678327.6697042857	536.0
678373.3420260953	543.0
678419.0143479048	536.0
678464.6866697144	526.0
678510.3589915239	533.0
678556.0313133334	531.0
678594.1736421422	539.0
678632.315970951	539.0
678670.4582997598	535.0
678708.6006285686	536.0
678746.7429573773	538.0
678784.8852861861	534.0
678821.1578719283	531.0
678857.4304576705	533.0
678893.7030434125	531.0
678929.9756291547	536.0
678966.2482148969	538.0
679002.5208006391	537.0
679038.7933863811	537.0
679075.0659721233	538.0
679111.3385578655	536.0
679147.6111436076	532.0
679183.8837293497	535.0
679220.1563150919	538.0
679256.428900834	531.0
679309.3551497847	521.0
679340.39539568	533.0
679371.4356415753	538.0
679402.4758874706	545.0
679433.5161333659	547.0
679464.5563792612	537.0
679495.5966251565	531.0
679526.6368710517	536.0
679557.6771169471	539.0
679588.7173628424	538.0
679619.7576087377	537.0
679650.797854633	538.0
679681.8381005283	537.0
679712.8783464236	537.0
679743.9185923189	541.0
679774.9588382142	538.0
679805.9990841094	533.0
679837.0393300048	528.0
679868.0795759001	525.0
679899.1198217954	527.0
679930.1600676907	543.0
679962.2477464085	539.0
679994.3354251262	537.0
680026.423103844	540.0
680058.5107825618	541.0
680090.5984612796	531.0
680123.5307767009	530.0
680156.4630921223	541.0
680189.3954075436	551.0
680222.327722965	557.0
680255.2600383863	568.0
680288.1923538077	561.0
680321.124669229	537.0
680354.0569846503	529.0
680386.9893000717	525.0
680419.921615493	529.0
680455.6416141477	530.0
680491.3616128025	533.0
680527.0816114572	536.0
680562.8016101118	539.0
680598.5216087665	535.0
680634.2416074213	529.0
680669.961606076	530.0
680705.6816047307	534.0
680740.4460026248	535.0
680775.210400519	535.0
680809.974798413	536.0
680844.7391963071	538.0
680879.5035942013	535.0
680914.2679920954	532.0
680947.5788466969	544.0
680980.8897012984	545.0
681014.2005558999	538.0
681092.7821406205	541.0
681143.8562987534	543.0
681194.9304568862	543.0
681226.2589397433	544.0
681257.5874226005	542.0
681288.9159054576	534.0
681320.2443883147	537.0
681351.5728711719	537.0
681382.901354029	536.0
681414.229836886	541.0
681445.5583197431	544.0
681476.8868026003	549.0
681508.2152854574	551.0
681539.5437683145	547.0
681570.8722511717	537.0
681602.2007340288	537.0
681632.7199185764	539.0
681663.239103124	537.0
681693.7582876715	530.0
681724.2774722191	535.0
681754.7966567667	536.0
681785.3158413143	532.0
681815.8350258619	528.0
681846.3542104093	528.0
681876.8733949569	529.0
681907.3925795045	528.0
681941.2304685292	529.0
681975.0683575538	527.0
682008.9062465784	521.0
682042.7441356032	518.0
682076.5820246278	524.0
682110.4199136525	536.0
682144.2578026771	537.0
682207.5248687647	541.0
682237.9070102597	546.0
682268.2891517547	544.0
682298.6712932496	537.0
682329.0534347446	534.0
682359.4355762396	541.0
682389.8177177346	541.0
682420.1998592296	537.0
682450.5820007245	536.0
682480.9641422195	530.0
682513.1104478557	531.0
682545.2567534918	535.0
682577.403059128	533.0
682609.5493647641	534.0
682641.6956704003	536.0
682673.8419760364	534.0
682705.9882816726	537.0
682738.1345873087	538.0
682770.2808929449	539.0
682802.427198581	539.0
682834.5735042172	539.0
682869.1987260123	537.0
682903.8239478073	537.0
682938.4491696024	537.0
682973.0743913974	547.0
683007.6996131925	545.0
683042.3248349875	531.0
683076.9500567826	529.0
683111.5752785776	528.0
683146.2005003727	540.0
683180.8257221677	542.0
683215.4509439627	534.0
683250.0761657577	529.0
683284.7013875528	529.0
683316.6500846995	535.0
683348.5987818461	536.0
683380.5474789928	535.0
683412.4961761396	534.0
683444.4448732863	536.0
683476.3935704329	538.0
683508.3422675796	539.0
683540.2909647264	537.0
683572.2396618731	535.0
683604.1883590197	530.0
683634.9215169804	527.0
683665.6546749412	524.0
683696.3878329019	522.0
683727.1209908626	527.0
683757.8541488234	529.0
683788.5873067841	531.0
683819.3204647449	526.0
683850.0536227056	522.0
683880.7867806663	527.0
683911.5199386271	536.0
683942.2530965878	538.0
683972.9862545485	538.0
684006.2135772639	537.0
684039.4408999791	527.0
684072.6682226944	526.0
684105.8955454098	523.0
684139.1228681251	517.0
684172.3501908403	515.0
684205.5775135556	519.0
684238.804836271	527.0
684272.0321589862	531.0
684305.2594817015	533.0
684338.4868044169	529.0
684371.7141271322	536.0
684404.9414498474	535.0
684438.1687725628	532.0
684462.8813592736	534.0
684500.074011964	527.0
684537.2666646545	518.0
684574.4593173449	523.0
684611.6519700354	521.0
684648.8446227259	518.0
684698.2616208486	523.0
684732.1785081051	526.0
684766.0953953617	524.0
684800.0122826182	524.0
684833.9291698748	531.0
684867.8460571313	529.0
684901.7629443879	527.0
684935.6798316445	532.0
684969.5967189011	532.0
685003.5136061576	531.0
685038.6549598144	531.0
685073.7963134712	530.0
685108.9376671279	531.0
685144.0790207848	533.0
685179.2203744416	533.0
685213.7356379144	531.0
685248.2509013871	529.0
685282.7661648599	529.0
685317.2814283327	531.0
685351.7966918054	526.0
685385.9133896028	533.0
685420.0300874003	538.0
685454.1467851978	530.0
685488.2634829953	526.0
685522.3801807928	521.0
685556.4968785903	520.0
685590.6135763878	524.0
685624.7302741853	520.0
685661.8805340313	521.0
685699.0307938772	525.0
685736.1810537232	528.0
685770.790857179	521.0
685805.4006606349	522.0
685840.0104640906	521.0
685874.6202675464	522.0
685909.2300710022	523.0
685943.839874458	522.0
685978.4496779138	522.0
686013.0594813696	523.0
686047.6692848253	528.0
686082.2790882812	529.0
686116.888891737	513.0
686151.4986951927	505.0
686186.1084986485	531.0
686217.687427208	543.0
686249.2663557674	541.0
686280.8452843268	538.0
686312.4242128863	532.0
686344.0031414458	524.0
686375.5820700052	518.0
686407.1609985647	516.0
686438.7399271241	529.0
686470.3188556836	539.0
686501.897784243	528.0
686533.4767128024	529.0
686565.055641362	526.0
686596.6345699214	523.0
686628.2134984809	515.0
686659.7924270403	523.0
686691.3713555997	526.0
686723.3500466136	525.0
686755.3287376275	524.0
686787.3074286414	524.0
686819.2861196552	518.0
686851.2648106691	526.0
686883.2435016829	529.0
686915.2221926968	533.0
686947.2008837106	538.0
686978.991534408	540.0
687010.7821851053	536.0
687042.5728358026	530.0
687074.3634865	524.0
687106.1541371973	523.0
687137.9447878946	526.0
687169.7354385919	528.0
687201.5260892892	524.0
687233.3167399865	521.0
687267.9470106179	522.0
687302.5772812493	528.0
687337.2075518807	529.0
687371.8378225121	523.0
687406.4680931435	525.0
687441.098363775	531.0
687475.7286344063	527.0
687510.3589050376	525.0
687544.989175669	524.0
687581.8478692021	523.0
687618.7065627353	520.0
687655.5652562684	519.0
687692.4239498015	522.0
687729.2826433346	528.0
687766.1413368677	526.0
687803.0000304008	519.0
687839.8587239339	525.0
687876.717417467	525.0
687910.1990458986	520.0
687943.6806743301	516.0
687977.1623027617	516.0
688010.6439311932	518.0
688044.1255596248	524.0
688077.6071880563	524.0
688111.0888164878	531.0
688144.5704449194	525.0
688178.0520733509	520.0
688211.5337017825	517.0
688245.015330214	521.0
688275.5428363452	519.0
688306.0703424762	517.0
688336.5978486075	520.0
688367.1253547386	526.0
688397.6528608697	528.0
688428.1803670008	524.0
688458.7078731318	522.0
688489.235379263	520.0
688519.7628853942	518.0
688550.2903915253	522.0
688580.8178976564	522.0
688611.3454037874	521.0
688643.3485777737	513.0
688675.3517517599	509.0
688707.3549257461	510.0
688739.3580997324	523.0
688771.3612737186	529.0
688803.3644477049	531.0
688835.3676216911	528.0
688867.3707956773	523.0
688899.3739696635	526.0
688931.3771436499	527.0
688963.3803176361	528.0
688995.3834916223	529.0
689027.3866656085	529.0
689059.3898395947	528.0
689091.3930135809	528.0
689122.6005655883	528.0
689153.8081175957	528.0
689185.0156696031	526.0
689216.2232216105	527.0
689247.4307736179	526.0
689278.6383256252	523.0
689309.8458776326	521.0
689341.05342964	521.0
689372.2609816474	522.0
689403.4685336548	523.0
689434.6760856622	523.0
689465.8836376696	523.0
689497.091189677	525.0
689528.2987416844	524.0
689559.5062936918	518.0
689590.7138456991	516.0
689621.9213977065	514.0
689653.1289497139	515.0
689693.4953202438	512.0
689733.8616907735	511.0
689765.7535341457	507.0
689797.6453775179	513.0
689829.53722089	519.0
689861.4290642622	524.0
689893.3209076343	531.0
689925.2127510066	531.0
689957.1045943787	531.0
689988.9964377509	532.0
690020.888281123	533.0
690056.6083024181	534.0
690092.3283237133	535.0
690128.0483450083	529.0
690163.7683663034	537.0
690199.4883875985	523.0
690235.2084088937	525.0
690270.9284301887	532.0
690306.6484514838	539.0
690342.3684727789	547.0
690378.0884940741	545.0
690410.0705885899	521.0
690442.0526831057	520.0
690474.0347776215	526.0
690506.0168721373	529.0
690537.9989666531	527.0
690569.981061169	526.0
690601.9631556848	526.0
690633.9452502006	525.0
690665.9273447165	526.0
690697.9094392323	529.0
690729.8915337481	531.0
690762.0374698299	534.0
690794.1834059115	535.0
690826.3293419933	526.0
690858.475278075	524.0
690890.6212141567	534.0
690922.7671502384	536.0
690954.9130863202	530.0
690987.0590224019	528.0
691019.2049584836	528.0
691054.3491110556	531.0
691089.4932636278	539.0
691124.6374161998	529.0
691159.7815687719	529.0
691194.925721344	533.0
691229.6856494668	531.0
691264.4455775897	528.0
691299.2055057125	527.0
691333.9654338354	525.0
691368.7253619583	526.0
691403.4852900811	533.0
691438.245218204	530.0
691480.3252185523	528.0
691522.4052189005	522.0
691564.4852192488	526.0
691606.5652195971	524.0
691648.6452199453	509.0
691690.7252202936	510.0
691732.8052206419	512.0
691764.8042044356	513.0
691796.8031882291	516.0
691828.8021720228	531.0
691860.8011558163	528.0
691892.80013961	528.0
691924.7991234035	529.0
691956.7981071972	534.0
691988.7970909908	537.0
692020.7960747844	536.0
692052.1251244498	533.0
692083.4541741152	530.0
692114.7832237807	522.0
692146.1122734462	520.0
692177.4413231115	519.0
692208.770372777	522.0
692240.0994224425	526.0
692271.4284721079	526.0
692302.7575217733	524.0
692334.0865714388	526.0
692365.4156211043	526.0
692396.7446707697	524.0
692428.0737204351	528.0
692459.1823358267	541.0
692490.2909512183	535.0
692521.3995666099	523.0
692552.5081820014	517.0
692583.616797393	519.0
692614.7254127846	529.0
692645.8340281761	530.0
692676.9426435677	535.0
692708.0512589592	533.0
692739.1598743509	528.0
692770.2684897424	519.0
692801.377105134	516.0
692832.4857205255	518.0
692863.5943359172	530.0
692894.7029513087	531.0
692925.8115667002	531.0
692956.9201820918	531.0
692988.0287974834	528.0
693019.137412875	517.0
693050.2460282665	516.0
693081.3546436582	527.0
693112.4632590497	525.0
693143.5718744412	524.0
693174.6804898328	529.0
693205.7891052244	532.0
693236.897720616	531.0
693268.0063360075	531.0
693299.114951399	529.0
693330.2235667907	521.0
693361.3321821822	518.0
693392.4407975738	528.0
693423.5494129653	532.0
693454.658028357	535.0
693493.7255038731	541.0
693532.7929793893	539.0
693571.8604549054	539.0
693610.9279304217	537.0
693649.9954059378	536.0
693689.0628814539	531.0
693722.9590374405	527.0
693756.8551934271	524.0
693790.7513494137	520.0
693824.6475054002	522.0
693858.5436613868	522.0
693892.4398173734	524.0
693926.33597336	524.0
693960.2321293466	527.0
693995.0612007042	525.0
694029.8902720618	523.0
694064.7193434194	524.0
694099.548414777	528.0
694134.3774861346	525.0
694169.2065574923	530.0
694209.9591355526	529.0
694250.7117136129	526.0
694291.4642916733	523.0
694332.2168697335	523.0
694372.9694477939	521.0
694413.7220258543	518.0
694454.4746039145	522.0
694495.2271819749	523.0
694535.9797600353	522.0
694579.8764948541	524.0
694623.773229673	521.0
694667.6699644919	523.0
694711.5666993107	526.0
694755.4634341296	525.0
694799.3601689484	525.0
694843.2569037674	530.0
694887.1536385862	542.0
694931.050373405	553.0
694974.9471082239	570.0
695006.975051204	565.0
695039.002994184	556.0
695071.0309371641	561.0
695103.0588801441	554.0
695135.0868231243	554.0
695167.1147661044	564.0
695198.737548185	550.0
695230.3603302657	548.0
695261.9831123464	561.0
695293.6058944269	568.0
695325.2286765076	554.0
695356.8514585883	551.0
695388.4742406689	541.0
695420.0970227496	536.0
695451.7198048303	534.0
695483.3425869108	540.0
695515.3122891176	539.0
695547.2819913244	539.0
695579.2516935313	540.0
695611.2213957381	536.0
695643.1910979449	527.0
695675.1608001516	530.0
695707.1305023584	532.0
695737.3663056531	533.0
695767.6021089479	535.0
695797.8379122426	531.0
695828.0737155373	529.0
695858.3095188321	528.0
695888.5453221268	525.0
695918.7811254215	521.0
695949.0169287163	520.0
695979.252732011	516.0
696009.4885353057	515.0
696039.7243386005	518.0
696083.1894471123	519.0
696126.654555624	517.0
696170.1196641357	516.0
696213.5847726475	516.0
696248.1708728586	518.0
696282.7569730699	522.0
696317.343073281	523.0
696351.9291734922	521.0
696386.5152737034	519.0
696421.1013739146	520.0
696455.6874741258	520.0
696490.273574337	515.0
696524.8596745481	516.0
696556.3835561249	519.0
696587.9074377016	520.0
696619.4313192783	518.0
696650.955200855	514.0
696682.4790824318	513.0
696714.0029640085	516.0
696745.5268455852	524.0
696777.0507271619	528.0
696812.4598073887	525.0
696847.8688876155	521.0
696883.2779678422	520.0
696918.687048069	519.0
696954.0961282958	518.0
696989.5052085225	520.0
697038.086308158	519.0
697086.6674077935	517.0
697135.2485074288	510.0
697175.6268368793	515.0
697216.0051663298	517.0
697256.3834957803	516.0
697296.7618252308	515.0
697337.1401546812	514.0
697377.5184841317	514.0
697417.8968135822	512.0
697458.2751430327	514.0
697498.6534724832	515.0
697532.6590037621	513.0
697566.664535041	514.0
697600.6700663199	512.0
697634.6755975987	511.0
697668.6811288776	535.0
697702.6866601565	547.0
697736.6921914354	569.0
697770.6977227143	557.0
697804.7032539932	549.0
697836.3476788785	540.0
697867.9921037637	530.0
697899.636528649	527.0
697931.2809535342	524.0
697962.9253784195	523.0
697994.5698033047	526.0
698026.21422819	528.0
698057.8586530753	531.0
698089.5030779606	542.0
698121.1475028459	549.0
698152.7919277311	548.0
698184.4363526163	542.0
698217.3797640771	534.0
698250.3231755381	524.0
698283.266586999	522.0
698316.2099984599	530.0
698349.1534099207	562.0
698382.0968213817	561.0
698415.0402328426	575.0
698447.9836443035	591.0
698480.9270557644	606.0
698514.770996315	611.0
698548.6149368657	617.0
698582.4588774166	609.0
698616.3028179673	610.0
698650.146758518	601.0
698684.304302179	595.0
698718.4618458402	595.0
698752.6193895013	603.0
698786.7769331624	601.0
698828.2563237199	581.0
698869.7357142774	563.0
698911.2151048349	563.0
698952.6944953924	527.0
698994.1738859498	533.0
699028.4764645109	526.0
699062.7790430719	531.0
699097.081621633	532.0
699131.3842001942	537.0
699165.6867787553	541.0
699199.9893573163	538.0
699232.3427254291	531.0
699264.6960935418	534.0
699297.0494616546	529.0
699329.4028297673	527.0
699376.3204587119	524.0
699423.2380876567	520.0
699470.1557166013	519.0
699507.4227534543	518.0
699544.6897903074	517.0
699581.9568271604	516.0
699619.2238640136	519.0
699656.4909008666	524.0
699702.8083563271	531.0
699749.1258117878	530.0
699795.4432672483	527.0
699841.760722709	530.0
699888.0781781696	522.0
699934.6336875863	524.0
699981.189197003	529.0
700027.7447064199	527.0
700074.3002158366	522.0
700120.8557252534	513.0
700167.4112346701	512.0
700213.9667440869	510.0
700252.5500490853	510.0
700291.1333540836	511.0
700329.716659082	512.0
700362.0695211067	510.0
700394.4223831312	505.0
700426.7752451559	510.0
700459.1281071806	514.0
700507.4273461248	515.0
700555.7265850691	514.0
700604.0258240133	518.0
700637.0215711539	517.0
700670.0173182945	515.0
700703.0130654351	514.0
700736.0088125757	515.0
700769.0045597163	515.0
700802.0003068569	514.0
700834.9960539975	513.0
700868.6355420803	513.0
700902.275030163	512.0
700935.9145182457	511.0
700969.5540063285	505.0
701003.1934944112	506.0
701036.8329824939	516.0
701070.4724705766	526.0
701104.1119586594	534.0
701141.1654639241	527.0
701178.2189691887	529.0
701215.2724744536	532.0
701252.3259797182	530.0
701289.3794849829	532.0
701326.4329902476	523.0
701367.2042828785	533.0
701407.9755755096	541.0
701448.7468681405	546.0
701489.5181607716	546.0
701530.2894534025	557.0
701571.0607460336	543.0
701611.8320386645	534.0
701647.6161418818	527.0
701683.4002450991	530.0
701719.1843483165	534.0
701754.9684515338	533.0
701790.7525547511	534.0
701826.5366579684	525.0
701862.3207611857	522.0
701898.104864403	530.0
701933.8889676204	531.0
701969.6730708377	534.0
702005.457174055	531.0
702037.5993242629	526.0
702069.7414744708	529.0
702101.8836246786	535.0
702134.0257748865	541.0
702166.1679250944	549.0
702198.3100753023	526.0
702230.4522255101	524.0
702262.5943757179	528.0
702294.7365259258	535.0
702326.8786761337	542.0
702359.0208263416	539.0
702391.1629765495	536.0
702423.3051267572	544.0
702455.4472769651	546.0
702487.4750304581	545.0
702519.5027839509	547.0
702551.5305374438	547.0
702583.5582909366	550.0
702615.5860444296	550.0
702647.6137979224	549.0
702679.6415514153	547.0
702711.6693049081	537.0
702743.6970584011	516.0
702775.7248118939	510.0
702807.7525653868	510.0
702839.7803188798	511.0
702870.4431798194	526.0
702901.1060407589	539.0
702931.7689016985	554.0
702962.431762638	567.0
702993.0946235777	550.0
703023.7574845172	551.0
703054.4203454568	548.0
703085.0832063963	538.0
703115.746067336	533.0
703146.4089282755	516.0
703177.0717892151	518.0
703210.5697505287	519.0
703244.0677118422	520.0
703277.5656731558	511.0
703311.0636344694	511.0
703344.561595783	510.0
703378.0595570966	509.0
703411.5575184101	511.0
703442.9546646724	512.0
703474.3518109346	511.0
703505.7489571968	508.0
703537.1461034591	507.0
703568.5432497212	507.0
703599.9403959834	508.0
703631.3375422456	510.0
703662.7346885079	510.0
703694.1318347701	509.0
703725.5289810323	509.0
703756.9261272945	509.0
703789.5156554595	507.0
703822.1051836244	508.0
703854.6947117894	510.0
703887.2842399543	512.0
703919.8737681191	513.0
703952.4632962841	512.0
703985.052824449	512.0
704017.642352614	512.0
704058.3625128294	513.0
704099.0826730448	511.0
704139.80283326	506.0
704180.5229934754	508.0
704221.2431536908	511.0
704261.9633139062	511.0
704302.6834741216	512.0
704346.4067562128	510.0
704390.1300383041	513.0
704433.8533203953	517.0
704477.5766024865	517.0
704521.2998845779	522.0
704553.45288953	518.0
704585.6058944822	516.0
704617.7588994344	514.0
704649.9119043865	512.0
704682.0649093386	511.0
704714.2179142908	512.0
704746.370919243	512.0
704778.5239241951	512.0
704810.6769291472	511.0
704852.6068536376	507.0
704894.5367781279	507.0
704936.4667026183	513.0
704978.3966271086	511.0
705020.326551599	508.0
705057.8018766751	510.0
705095.2772017511	510.0
705132.7525268273	512.0
705170.2278519033	515.0
705207.7031769794	512.0
705245.1785020555	511.0
705282.6538271316	510.0
705320.1291522078	510.0
705357.6044772838	515.0
705395.0798023599	517.0
705432.555127436	522.0
705457.8462576641	515.0
705495.7385025389	519.0
705533.6307474136	524.0
705571.5229922883	528.0
705609.4152371632	527.0
705647.3074820379	520.0
705698.1633081785	518.0
705749.0191343192	534.0
705799.8749604598	543.0
705850.7307866004	546.0
705885.7018589979	534.0
705920.6729313955	539.0
705955.644003793	533.0
705990.6150761906	522.0
706025.5861485882	518.0
706060.5572209858	507.0
706095.5282933833	505.0
706130.4993657809	503.0
706165.4704381784	497.0
706205.1604607963	510.0
706244.8504834144	511.0
706284.5405060323	508.0
706324.2305286503	504.0
706356.8205881902	507.0
706389.41064773	509.0
706422.0007072699	511.0
706454.5907668098	511.0
706487.1808263496	518.0
706519.7708858894	519.0
706552.3609454293	518.0
706584.4080107188	518.0
706616.4550760081	511.0
706648.5021412976	512.0
706680.5492065869	512.0
706712.5962718764	509.0
706744.6433371658	512.0
706776.6904024552	519.0
706808.7374677446	522.0
706855.4630616317	518.0
706902.1886555188	515.0
706948.9142494058	517.0
706995.6398432929	522.0
707042.36543718	521.0
707089.0910310671	523.0
707120.711018055	532.0
707152.3310050428	532.0
707183.9509920307	532.0
707215.5709790185	527.0
707247.1909660064	524.0
707278.8109529942	526.0
707310.4309399821	527.0
707342.0509269699	528.0
707373.6709139578	530.0
707405.2909009455	535.0
707436.9108879335	537.0
707468.5308749214	539.0
707500.1508619091	533.0
707531.770848897	529.0
707564.7474882924	522.0
707597.7241276877	520.0
707630.7007670831	522.0
707663.6774064784	526.0
707696.6540458738	525.0
707729.6306852691	525.0
707762.6073246645	533.0
707795.5839640598	524.0
707828.5606034552	523.0
707861.5372428505	527.0
707894.5138822459	525.0
707933.0471664846	519.0
707971.5804507234	515.0
708010.1137349622	511.0
708048.647019201	504.0
708087.1803034397	500.0
708125.7135876785	510.0
708164.2468719173	515.0
708197.1923792678	523.0
708230.1378866184	531.0
708263.0833939689	557.0
708296.0289013194	568.0
708328.9744086699	569.0
708361.9199160205	577.0
708394.865423371	565.0
708427.8109307215	557.0
708460.7564380721	556.0
708493.7019454226	537.0
708538.0344004838	513.0
708582.3668555451	513.0
708626.6993106065	512.0
708661.8520971001	515.0
708697.0048835936	514.0
708732.1576700873	512.0
708767.310456581	512.0
708799.089600184	512.0
708830.8687437869	512.0
708862.64788739	517.0
708894.4270309929	519.0
708926.206174596	517.0
708957.9853181989	512.0
708991.2813907843	511.0
709024.5774633696	511.0
709057.873535955	514.0
709091.1696085403	515.0
709124.4656811256	521.0
709157.7617537109	532.0
709189.3848337386	549.0
709221.0079137663	539.0
709252.630993794	538.0
709284.2540738216	533.0
709315.8771538492	528.0
709361.4712696357	525.0
709407.0653854223	528.0
709452.6595012088	571.0
709493.4455981498	562.0
709534.2316950908	569.0
709575.0177920316	571.0
709615.8038889726	552.0
709656.5899859136	536.0
709697.3760828546	528.0
709744.1735972442	536.0
709790.9711116338	548.0
709837.7686260234	565.0
709884.566140413	568.0
709931.3636548027	576.0
709978.1611691923	567.0
710022.0364118697	564.0
710065.9116545472	551.0
710109.7868972246	555.0
710153.662139902	531.0
710184.5792727481	525.0
710215.496405594	520.0
710246.4135384401	511.0
710277.3306712861	511.0
710308.2478041322	510.0
710352.9874720308	510.0
710397.7271399295	513.0
710449.0349570077	507.0
710500.3427740858	508.0
710551.650591164	510.0
710591.1791381148	510.0
710630.7076850656	507.0
710670.2362320162	514.0
710709.764778967	517.0
710749.2933259178	522.0
710788.8218728686	521.0
710828.3504198194	523.0
710867.87896677	516.0
710907.4075137208	530.0
710946.9360606716	558.0
710979.7795590392	564.0
711012.6230574067	619.0
711045.4665557743	638.0
711078.310054142	625.0
711111.1535525096	611.0
711143.9970508772	598.0
711176.8405492448	581.0
711209.6840476124	575.0
711243.2723521931	581.0
711276.8606567739	579.0
711310.4489613547	566.0
711344.0372659354	573.0
711377.6255705162	576.0
711411.213875097	579.0
711444.8021796778	579.0
711478.3904842585	600.0
711511.9787888392	578.0
711543.9423256277	545.0
711575.9058624161	538.0
711607.8693992045	535.0
711639.832935993	535.0
711671.7964727815	534.0
711703.7600095699	528.0
711735.7235463583	529.0
711767.6870831468	538.0
711799.6506199352	538.0
711831.6141567237	532.0
711862.7785285147	542.0
711893.9429003056	558.0
711925.1072720966	547.0
711956.2716438874	544.0
711987.4360156783	545.0
712018.6003874693	543.0
712049.7647592602	540.0
712080.9291310512	540.0
712112.0935028421	532.0
712143.2578746331	523.0
712174.422246424	512.0
712205.5866182148	512.0
712236.7509900058	514.0
712269.6915695923	517.0
712302.6321491789	520.0
712335.5727287653	521.0
712368.5133083519	520.0
712408.555333083	526.0
712448.5973578142	534.0
712488.6393825454	543.0
712528.6814072765	576.0
712571.40340348	556.0
712614.1253996833	563.0
712656.8473958867	567.0
712699.5693920901	572.0
712742.2913882934	564.0
712780.0383262719	551.0
712817.7852642506	536.0
712855.5322022291	517.0
712893.2791402077	510.0
712931.0260781863	508.0
712962.418499632	509.0
712993.8109210777	507.0
713025.2033425234	505.0
713056.5957639691	499.0
713087.9881854148	494.0
713119.3806068605	496.0
713150.7730283062	500.0
713182.1654497518	504.0
713227.1069824398	508.0
713272.0485151279	505.0
713316.9900478158	504.0
713362.7446855631	506.0
713408.4993233106	510.0
713445.7056665034	509.0
713482.9120096961	508.0
713520.118352889	500.0
713555.9324419196	498.0
713591.7465309502	500.0
713627.5606199807	503.0
713663.3747090113	503.0
713699.1887980419	502.0
713733.7017662976	495.0
713768.2147345532	494.0
713802.7277028089	497.0
713837.2406710646	500.0
713871.7536393203	501.0
713905.8405900558	504.0
713939.9275407912	508.0
713974.0144915268	509.0
714008.1014422622	507.0
714042.1883929977	505.0
714076.2753437333	505.0
714107.9699097145	504.0
714139.6644756958	502.0
714171.3590416771	503.0
714203.0536076584	505.0
714234.7481736396	502.0
714266.4427396209	503.0
714298.1373056022	503.0
714329.1020211546	503.0
714360.0667367069	504.0
714391.0314522593	508.0
714421.9961678116	514.0
714452.960883364	526.0
714483.9255989164	521.0
714527.1791254504	551.0
714570.4326519845	543.0
714613.6861785186	550.0
714656.9397050526	531.0
714700.1932315867	532.0
714740.9574543266	559.0
714781.7216770664	580.0
714822.4858998064	560.0
714863.2501225462	554.0
714904.0143452861	535.0
714946.6492549352	525.0
714989.2841645842	529.0
715031.9190742334	543.0
715074.5539838825	548.0
715117.1888935316	545.0
715159.8238031807	537.0
715202.4587128299	538.0
715245.0936224789	529.0
715287.728532128	520.0
715330.3634417771	512.0
715364.8553900378	517.0
715399.3473382985	517.0
715433.8392865593	521.0
715468.33123482	522.0
715499.6676611949	524.0
715531.0040875698	537.0
715562.3405139447	552.0
715593.6769403197	542.0
715625.0133666946	563.0
715665.99241758	559.0
715706.9714684654	569.0
715747.9505193508	574.0
715785.9298602378	584.0
715823.9092011246	574.0
715861.8885420115	583.0
715899.8678828984	592.0
715941.3177703073	604.0
715982.7676577163	582.0
716024.2175451252	565.0
716065.6674325342	561.0
716100.0849237498	564.0
716134.5024149655	557.0
716168.9199061812	555.0
716203.3373973969	548.0
716237.7548886125	540.0
716268.5387675662	543.0
716299.3226465198	545.0
716330.1065254734	538.0
716360.8904044271	527.0
716391.6742833807	526.0
716424.537188442	524.0
716457.4000935032	530.0
716490.2629985644	521.0
716523.1259036256	512.0
716555.9888086868	506.0
716604.6620990488	517.0
716653.3353894108	512.0
716687.4880202736	507.0
716721.6406511364	499.0
716755.7932819991	497.0
716795.3894734238	499.0
716825.9020209791	502.0
716856.4145685342	503.0
716886.9271160895	499.0
716917.4396636448	496.0
716947.9522112	501.0
716979.9787165013	503.0
717012.0052218024	503.0
717044.0317271036	504.0
717081.0916356769	509.0
717118.1515442502	511.0
717155.2114528235	510.0
717192.2713613968	509.0
717224.5098414263	509.0
717256.7483214558	507.0
717288.9868014853	509.0
717329.0126176565	512.0
717369.0384338277	516.0
717409.0642499989	515.0
717430.7703100003	517.0
717486.4832659905	524.0
717521.058822625	517.0
717555.6343792594	523.0
717590.2099358939	519.0
717624.7854925283	521.0
717659.3610491628	515.0
717693.9366057973	512.0
717728.5121624316	526.0
717763.0877190661	525.0
717797.6632757005	557.0
717832.238832335	556.0
717866.8143889694	589.0
717901.3899456039	588.0
717935.9655022384	605.0
717970.5410588728	598.0
718005.1166155073	631.0
718036.5381644623	624.0
718067.9597134175	622.0
718099.3812623725	634.0
718130.8028113276	623.0
718162.2243602826	607.0
718193.6459092378	588.0
718225.0674581928	575.0
718256.489007148	586.0
718287.910556103	577.0
718319.332105058	568.0
718350.7536540132	551.0
718382.1752029682	539.0
718413.5967519233	536.0
718445.0183008783	512.0
718476.4398498335	505.0
718507.8613987885	504.0
718539.2829477437	503.0
718574.493789511	502.0
718609.7046312783	505.0
718644.9154730457	503.0
718680.1263148129	499.0
718715.3371565803	498.0
718750.5479983476	495.0
718785.7588401149	495.0
718820.9696818822	496.0
718856.1805236496	495.0
718891.3913654168	486.0
718923.7669726106	491.0
718956.1425798045	492.0
718988.5181869983	495.0
719020.8937941922	497.0
719053.269401386	494.0
719085.64500858	496.0
719118.0206157737	500.0
719150.3962229677	507.0
719182.7718301615	511.0
719215.1474373554	516.0
719247.5230445492	514.0
719279.898651743	513.0
719312.2742589369	518.0
719343.2998869361	528.0
719374.3255149353	531.0
719405.3511429345	528.0
719436.3767709336	520.0
719467.4023989328	519.0
719498.4280269321	526.0
719529.4536549313	509.0
719560.4792829305	508.0
719591.5049109297	514.0
719622.5305389288	514.0
719653.556166928	509.0
719684.5817949272	518.0
719715.6074229265	523.0
719746.6330509257	533.0
719777.6586789249	512.0
719808.684306924	510.0
719839.7099349232	502.0
719870.7355629224	502.0
719901.7611909217	495.0
719932.7868189209	495.0
719963.8124469201	497.0
719994.7129782533	504.0
720025.6135095863	509.0
720056.5140409195	509.0
720087.4145722525	511.0
720118.3151035857	509.0
720149.2156349188	503.0
720180.116166252	501.0
720211.0166975851	505.0
720241.9172289182	508.0
720272.8177602513	514.0
720303.7182915844	509.0
720334.6188229176	502.0
720365.5193542507	484.0
720396.4198855838	492.0
720427.320416917	499.0
720458.22094825	499.0
720489.1214795832	496.0
720520.0220109163	492.0
720550.9225422494	497.0
720581.8230735826	503.0
720612.7236049157	502.0
720643.6241362488	498.0
720674.5246675819	494.0
720705.4251989151	497.0
720736.3257302481	493.0
720767.2262615813	490.0
720798.1267929145	493.0
720829.3678637597	496.0
720860.608934605	497.0
720891.8500054503	496.0
720923.0910762957	498.0
720954.332147141	497.0
720985.5732179863	495.0
721016.8142888315	496.0
721048.0553596768	495.0
721079.2964305221	495.0
721110.5375013674	497.0
721141.7785722127	496.0
721173.0196430581	515.0
721204.7222505031	517.0
721236.4248579481	516.0
721268.1274653932	518.0
721299.8300728381	527.0
721331.5326802832	527.0
721363.2352877283	525.0
721394.9378951732	529.0
721426.6405026183	525.0
721458.3431100632	512.0
721490.0457175083	511.0
721521.7483249534	512.0
721553.4509323983	541.0
721585.1535398434	540.0
721616.8644255628	531.0
721648.5753112822	518.0
721680.2861970015	518.0
721711.9970827209	544.0
721743.7079684403	534.0
721775.4188541597	516.0
721807.129739879	504.0
721838.8406255983	497.0
721870.5515113177	505.0
721902.2623970371	523.0
721933.9732827565	521.0
721965.6841684759	527.0
721997.3950541952	551.0
722029.1059399146	567.0
722060.816825634	556.0
722092.5277113534	544.0
722134.1628378852	535.0
722175.7979644171	524.0
722217.433090949	515.0
722259.0682174808	522.0
722300.7033440126	515.0
722342.3384705445	513.0
722383.9735970764	507.0
722425.6087236082	502.0
722467.2438501401	496.0
722508.878976672	493.0
722550.5141032038	494.0
722592.1492297356	494.0
722633.7843562675	496.0
722675.4194827994	496.0
722708.9255781979	494.0
722742.4316735965	494.0
722775.9377689952	493.0
722809.4438643937	500.0
722842.9499597923	496.0
722876.4560551909	494.0
722909.9621505894	497.0
722943.468245988	489.0
722976.9743413867	492.0
723010.4804367853	488.0
723043.9865321838	488.0
723077.4926275824	492.0
723108.5789175987	490.0
723139.665207615	487.0
723170.7514976312	485.0
723201.8377876475	486.0
723232.9240776638	483.0
723264.0103676801	476.0
723295.0966576964	477.0
723326.1829477126	477.0
723357.2692377289	477.0
723388.3555277452	477.0
723419.4418177615	477.0
723450.5281077778	477.0
723481.9648934719	477.0
723513.401679166	477.0
723544.8384648601	477.0
723576.2752505541	477.0
723607.7120362482	477.0
723639.1488219423	477.0
723670.5856076364	477.0
723702.0223933305	477.0
723733.4591790246	477.0
723764.8959647187	477.0
723796.3327504126	477.0
723827.7695361067	477.0
723859.2063218008	477.0
723890.6431074949	477.0
723922.079893189	477.0
723953.5166788831	477.0
723984.9534645771	477.0
724017.0350440387	475.0
724049.1166235002	477.0
724081.1982029619	477.0
724113.2797824235	477.0
724145.3613618851	476.0
724177.4429413467	475.0
724209.5245208082	475.0
724241.60610027	475.0
724273.6876797315	489.0
724305.7692591931	491.0
724337.8508386547	487.0
724369.9324181164	490.0
724402.013997578	493.0
724434.0955770395	492.0
724467.0642910319	492.0
724500.0330050243	493.0
724533.0017190168	488.0
724565.9704330092	485.0
724598.9391470016	484.0
724631.907860994	483.0
724664.8765749865	484.0
724697.8452889789	484.0
724730.8140029713	483.0
724763.7827169637	476.0
724796.7514309562	476.0
724829.7201449486	476.0
724862.688858941	477.0
724895.6575729334	477.0
724928.633554967	477.0
724961.6095370005	477.0
724994.5855190342	477.0
725027.5615010677	477.0
725060.5374831014	477.0
725093.5134651349	477.0
725126.4894471685	477.0
725159.4654292021	477.0
725192.4414112357	477.0
725225.4173932693	477.0
725258.3933753029	477.0
725291.3693573364	477.0
725324.3453393701	475.0
725357.3213214036	477.0
725393.5558638403	477.0
725429.790406277	476.0
725466.0249487137	476.0
725502.2594911505	477.0
725538.4940335872	478.0
725574.728576024	475.0
725610.9631184606	478.0
725647.1976608974	482.0
725683.432203334	476.0
725719.6667457708	476.0
725755.9012882075	477.0
725792.1358306443	477.0
725824.0284866409	476.0
725855.9211426374	475.0
725887.813798634	476.0
725919.7064546306	478.0
725951.5991106271	482.0
725983.4917666237	479.0
726015.3844226203	479.0
726047.2770786169	480.0
726079.1697346134	488.0
726111.06239061	500.0
726146.0016665314	511.0
726180.9409424529	507.0
726215.8802183743	507.0
726250.8194942957	507.0
726285.7587702173	508.0
726320.6980461387	493.0
726355.6373220602	495.0
726390.5765979816	499.0
726425.5158739031	502.0
726460.4551498245	501.0
726495.3944257459	491.0
726536.2165698634	488.0
726577.0387139808	477.0
726617.8608580984	473.0
726658.6830022158	475.0
726699.5051463332	477.0
726740.3272904507	475.0
726781.1494345681	475.0
726821.9715786857	474.0
726862.7937228031	475.0
726903.6158669206	474.0
726944.438011038	474.0
726976.1444378236	474.0
727007.8508646091	474.0
727039.5572913946	476.0
727071.2637181801	477.0
727102.9701449657	474.0
727134.6765717512	476.0
727166.3829985368	480.0
727198.0894253223	482.0
727229.7958521078	481.0
727261.5022788934	480.0
727293.2087056789	480.0
727324.9151324644	480.0
727356.6215592499	480.0
727387.8958968581	479.0
727419.1702344662	479.0
727450.4445720743	480.0
727481.7189096824	476.0
727512.9932472905	477.0
727544.2675848986	475.0
727575.5419225068	473.0
727606.8162601149	473.0
727638.090597723	473.0
727669.364935331	473.0
727700.6392729392	473.0
727735.381538505	473.0
727770.1238040708	473.0
727804.8660696367	473.0
727839.6083352024	473.0
727874.3506007682	473.0
727909.092866334	473.0
727943.8351318998	473.0
727978.5773974657	473.0
728013.3196630315	472.0
728048.0619285973	472.0
728082.8041941631	472.0
728117.546459729	482.0
728151.7091580932	485.0
728185.8718564574	472.0
728220.0345548217	472.0
728254.1972531859	472.0
728288.3599515501	472.0
728322.5226499145	472.0
728356.6853482787	475.0
728390.848046643	488.0
728425.0107450072	490.0
728469.1262072584	483.0
728513.2416695097	479.0
728557.3571317609	473.0
728601.4725940122	472.0
728645.5880562634	472.0
728689.7035185146	472.0
728733.8189807659	472.0
728777.9344430171	472.0
728822.0499052684	474.0
728861.1467928711	477.0
728900.2436804738	478.0
728939.3405680765	477.0
728978.4374556792	478.0
729017.5343432819	479.0
729056.6312308845	478.0
729095.7281184872	474.0
729134.8250060899	471.0
729173.9218936926	471.0
729205.010305522	471.0
729236.0987173513	471.0
729267.1871291808	470.0
729298.2755410101	470.0
729329.3639528395	470.0
729360.4523646688	470.0
729391.5407764983	470.0
729422.6291883276	470.0
729453.717600157	470.0
729484.8060119863	470.0
729515.8944238158	470.0
729546.9828356451	470.0
729578.0712474745	470.0
729609.159659304	470.0
729640.2480711333	470.0
729671.3364829627	470.0
729702.424894792	470.0
729733.5133066215	470.0
729764.6017184508	470.0
729795.6901302802	470.0
729826.7785421095	470.0
729857.866953939	470.0
729888.9553657683	470.0
729920.0437775977	469.0
729951.1624996796	469.0
729982.2812217616	469.0
730013.3999438435	469.0
730044.5186659255	469.0
730075.6373880074	469.0
730106.7561100894	469.0
730137.8748321712	469.0
730168.9935542532	469.0
730200.1122763351	468.0
730231.2309984171	468.0
730262.349720499	469.0
730293.468442581	469.0
730324.5871646629	469.0
730355.7058867448	469.0
730386.8246088268	469.0
730417.9433309087	469.0
730449.0620529907	469.0
730480.1807750725	468.0
730511.2994971545	468.0
730542.4182192364	468.0
730573.5369413184	468.0
730604.6556634003	468.0
730635.7743854823	468.0
730666.8931075642	468.0
730698.0118296461	468.0
730729.1305517281	468.0
730760.24927381	468.0
730791.367995892	468.0
730822.4867179738	468.0
730853.5776553858	468.0
730884.6685927978	468.0
730915.7595302099	468.0
730946.8504676219	468.0
730977.9414050339	468.0
731009.0323424459	468.0
731040.123279858	468.0
731071.21421727	467.0
731102.305154682	467.0
731133.396092094	467.0
731164.487029506	467.0
731195.5779669181	467.0
731232.6728253698	467.0
731269.7676838215	467.0
731306.8625422731	467.0
731343.9574007249	467.0
731381.0522591765	467.0
731418.1471176281	470.0
731455.2419760799	471.0
731492.3368345315	471.0
731529.4316929833	473.0
731560.117391598	475.0
731590.8030902128	476.0
731621.4887888274	478.0
731652.1744874421	479.0
731682.8601860568	480.0
731713.5458846716	478.0
731744.2315832863	479.0
731774.917281901	482.0
731805.6029805157	482.0
731836.2886791305	479.0
731866.9743777452	478.0
731898.0290519681	475.0
731929.0837261912	475.0
731960.1384004141	478.0
731991.1930746371	478.0
732022.24774886	477.0
732053.3024230831	477.0
732084.357097306	476.0
732115.411771529	478.0
732146.4664457521	477.0
732177.521119975	474.0
732208.575794198	473.0
732239.630468421	474.0
732270.685142644	475.0
732301.7398168669	477.0
732332.7944910899	479.0
732363.849165313	478.0
732394.9038395359	476.0
732425.9816357137	473.0
732457.0594318914	472.0
732488.1372280692	472.0
732519.2150242471	473.0
732550.2928204248	473.0
732581.3706166026	474.0
732612.4484127804	476.0
732643.5262089581	475.0
732674.604005136	473.0
732705.6818013138	473.0
732736.7595974915	474.0
732767.8373936693	465.0
732809.4662186452	466.0
732851.0950436211	466.0
732892.7238685971	460.0
732934.352693573	460.0
732975.9815185489	464.0
733017.610343525	465.0
733059.2391685009	465.0
733091.6064095434	467.0
733123.973650586	469.0
733156.3408916285	470.0
733188.7081326711	467.0
733221.0753737136	468.0
733253.4426147562	471.0
733285.8098557987	474.0
733318.1770968413	473.0
733350.5443378838	471.0
733382.9115789264	473.0
733415.2788199689	474.0
733447.6460610115	474.0
733480.013302054	475.0
733514.209279539	466.0
733548.4052570238	462.0
733582.6012345087	463.0
733616.7972119936	463.0
733650.9931894784	463.0
733685.1891669633	463.0
733719.3851444483	463.0
733753.5811219331	463.0
733787.777099418	463.0
733819.0241191672	463.0
733850.2711389164	463.0
733881.5181586656	463.0
733912.7651784149	463.0
733944.012198164	463.0
733975.2592179133	463.0
734006.5062376625	463.0
734037.7532574116	463.0
734069.0002771609	463.0
734100.2472969102	462.0
734131.4943166593	462.0
734162.7413364085	462.0
734193.9883846444	462.0
734225.2354328801	462.0
734256.482481116	462.0
734287.7295293517	462.0
734318.9765775875	462.0
734350.2236258233	462.0
734381.4706740591	462.0
734412.7177222949	462.0
734443.9647705307	463.0
734475.2118187665	464.0
734506.4588670023	467.0
734537.7059152381	475.0
734576.1918981922	475.0
734614.6778811462	483.0
734653.1638641004	483.0
734691.6498470544	481.0
734730.1358300084	483.0
734768.6218129625	492.0
734807.1077959166	497.0
734846.1870983049	492.0
734885.2664006931	481.0
734924.3457030813	485.0
734963.4250054696	479.0
735002.5043078578	477.0
735041.5836102461	476.0
735080.6629126343	475.0
735119.7422150226	462.0
735158.8215174108	462.0
735194.244769932	460.0
735229.6680224531	465.0
735265.0912749743	461.0
735300.5145274955	461.0
735335.9377800167	461.0
735371.3610325378	461.0
735406.784285059	460.0
735442.2075375802	460.0
735477.6307901014	460.0
735508.6675815858	460.0
735539.7043730703	460.0
735570.7411645548	460.0
735601.7779560393	460.0
735632.8147475237	460.0
735663.8515390082	461.0
735694.8883304927	462.0
735725.9251219772	461.0
735756.9619134617	462.0
735787.9987049461	465.0
735819.0354964306	466.0
735850.0722879152	466.0
735881.1090793996	464.0
735912.1458708841	463.0
735943.1826623685	463.0
735974.219453853	464.0
736005.2562453375	466.0
736036.5569142469	470.0
736067.8575831563	478.0
736099.1582520657	471.0
736130.4589209751	471.0
736161.7595898844	470.0
736193.0602587939	467.0
736224.3609277032	462.0
736255.6615966127	459.0
736286.962265522	459.0
736318.2629344314	460.0
736349.5636033408	463.0
736380.8642722502	464.0
736412.1649411595	458.0
736443.465610069	459.0
736474.7662789783	465.0
736506.0669478878	464.0
736537.3676167971	463.0
736568.6682857065	463.0
736599.9689546159	463.0
736631.2696235253	461.0
736662.5702924347	462.0
736693.8709613441	467.0
736725.1716302534	470.0
736756.4722991629	467.0
736787.7729680722	466.0
736819.0736369817	464.0
736850.374305891	464.0
736881.6749748003	466.0
736912.9756437098	472.0
736949.2899967284	472.0
736985.6043497471	466.0
737021.9187027658	463.0
737058.2330557845	458.0
737094.5474088031	464.0
737130.7762868366	464.0
737167.0051648702	463.0
737203.2340429036	459.0
737239.4629209372	462.0
737275.6917989707	462.0
737311.9206770043	457.0
737348.1495550377	457.0
737385.2473238546	457.0
737422.3450926716	457.0
737459.4428614884	459.0
737496.5406303053	466.0
737533.6383991222	467.0
737570.7361679391	468.0
737607.833936756	466.0
737644.9317055729	467.0
737682.0294743897	462.0
737713.1099198615	461.0
737744.1903653333	462.0
737775.2708108051	464.0
737806.351256277	465.0
737837.4317017486	466.0
737868.5121472204	465.0
737915.0899495712	458.0
737961.6677519219	455.0
738008.2455542727	455.0
738054.8233566235	460.0
738088.4970032376	455.0
738122.1706498517	456.0
738155.8442964657	462.0
738189.5179430798	464.0
738223.1915896939	464.0
738256.865236308	465.0
738290.538882922	464.0
738328.9704063666	460.0
738367.4019298112	456.0
738405.8334532558	457.0
738444.2649767004	458.0
738482.696500145	461.0
738521.1280235896	455.0
738559.5595470341	455.0
738591.1283137442	455.0
738622.6970804543	455.0
738654.2658471644	455.0
738685.8346138744	454.0
738717.4033805846	454.0
738748.9721472947	454.0
738780.5409140048	454.0
738812.1096807149	454.0
738843.678447425	454.0
738875.2472141351	454.0
738906.8159808451	454.0
738938.3847475552	454.0
738969.9535142654	454.0
739001.0425775397	454.0
739032.1316408141	454.0
739063.2207040885	454.0
739094.3097673629	454.0
739125.3988306372	454.0
739156.4878939117	454.0
739187.576957186	454.0
739218.6660204604	454.0
739249.7550837348	454.0
739280.8441470092	453.0
739311.9332102835	453.0
739343.0222735578	453.0
739374.1113368323	453.0
739405.2004001066	453.0
739436.289463381	453.0
739467.3785266554	453.0
739498.4675899298	453.0
739529.5566532041	453.0
739562.0189371544	453.0
739594.4812211047	453.0
739626.9435050549	453.0
739659.4057890052	453.0
739691.8680729555	453.0
739724.3303569058	452.0
739756.7926408561	452.0
739789.2549248063	460.0
739821.7172087566	457.0
739854.1794927069	470.0
739886.6417766572	472.0
739919.1040606075	477.0
739954.0397957402	479.0
739988.9755308727	478.0
740023.9112660054	478.0
740058.8470011379	462.0
740093.7827362706	456.0
740128.7184714032	461.0
740163.6542065358	454.0
740198.5899416684	454.0
740233.525676801	453.0
740268.4614119336	454.0
740303.3971470663	454.0
740334.4833703643	454.0
740365.5695936623	454.0
740396.6558169601	455.0
740427.7420402581	455.0
740458.8282635561	454.0
740489.9144868541	454.0
740521.0007101521	453.0
740552.0869334501	452.0
740583.173156748	453.0
740614.2593800459	453.0
740645.3456033439	453.0
740676.4318266419	453.0
740707.5180499399	453.0
740738.6042732379	453.0
740769.6904965357	453.0
740800.7767198337	453.0
740831.8629431317	453.0
740862.9491664297	453.0
740894.1107889123	453.0
740925.2724113947	453.0
740956.4340338773	453.0
740987.5956563598	453.0
741018.7572788424	453.0
741049.918901325	453.0
741081.0805238074	453.0
741112.24214629	453.0
741143.4037687726	453.0
741174.5653912551	453.0
741205.7270137377	453.0
741236.8886362201	453.0
741268.0502587027	453.0
741299.2118811853	453.0
741330.3735036678	453.0
741361.5351261504	453.0
741392.6967486328	453.0
741423.8583711154	453.0
741465.6692073868	453.0
741507.4800436582	453.0
741549.2908799296	451.0
741591.1017162009	453.0
741632.9125524723	453.0
741674.7233887437	459.0
741716.5342250151	466.0
741758.3450612866	465.0
741800.155897558	464.0
741841.9667338294	464.0
741883.7775701007	464.0
741925.5884063721	459.0
741967.0724915751	456.0
742008.5565767783	455.0
742050.0406619813	454.0
742091.5247471844	458.0
742133.0088323874	470.0
742174.4929175905	459.0
742215.9770027936	455.0
742257.4610879966	450.0
742298.9451731998	451.0
742333.1177023154	453.0
742367.2902314311	453.0
742401.462760547	453.0
742435.6352896626	453.0
742469.8078187783	453.0
742503.980347894	453.0
742538.1528770098	453.0
742572.3254061255	453.0
742606.4979352412	453.0
742639.9222835257	453.0
742673.3466318102	453.0
742706.7709800948	453.0
742740.1953283793	453.0
742773.6196766638	453.0
742807.0440249483	453.0
742840.4683732329	453.0
742873.8927215174	453.0
742907.3170698019	452.0
742940.7479656498	452.0
742974.1788614978	453.0
743007.6097573458	452.0
743041.0406531936	458.0
743074.4715490416	452.0
743107.9024448895	452.0
743141.3333407375	453.0
743174.7642365855	455.0
743208.1951324334	457.0
743246.6181163033	456.0
743285.0411001734	452.0
743323.4640840433	453.0
743361.8870679133	453.0
743400.3100517832	453.0
743438.7330356532	453.0
743477.1560195232	453.0
743514.237733207	453.0
743551.3194468907	453.0
743588.4011605745	456.0
743625.4828742584	458.0
743662.5645879422	456.0
743699.646301626	455.0
743736.7280153098	457.0
743773.8097289936	459.0
743810.8914426774	457.0
743845.3132131831	453.0
743879.7349836887	456.0
743914.1567541944	455.0
743948.5785247001	463.0
743983.0002952057	464.0
744017.4220657115	459.0
744051.8438362172	456.0
744086.2656067229	454.0
744120.6873772285	465.0
744155.1091477342	478.0
744189.53091824	486.0
744223.9526887456	479.0
744258.3744592513	476.0
744292.796229757	469.0
744327.2180002626	474.0
744361.6397707683	464.0
744392.8045186362	458.0
744423.969266504	461.0
744455.1340143719	459.0
744486.2987622399	465.0
744517.4635101077	461.0
744548.6282579756	460.0
744579.7930058434	455.0
744610.9577537113	453.0
744642.1225015791	455.0
744673.287249447	454.0
744704.4519973149	451.0
744735.6167451828	451.0
744766.7814930506	452.0
744797.9462409185	452.0
744829.1109887863	451.0
744860.2757366542	451.0
744891.4404845221	451.0
744922.60523239	451.0
744954.0751040853	457.0
744985.5449757804	456.0
745017.0148474757	454.0
745048.484719171	453.0
745079.9545908661	454.0
745111.4244625614	458.0
745142.8943342565	454.0
745174.3642059518	456.0
745205.8340776471	452.0
745237.3039493422	451.0
745268.7738210375	453.0
745300.2436927328	451.0
745331.7135644279	453.0
745363.1834361232	452.0
745394.6533078185	452.0
745427.2798397571	452.0
745459.9063716958	454.0
745492.5329036346	453.0
745525.1594355733	453.0
745557.7859675119	453.0
745590.4124994506	453.0
745623.0390313893	453.0
745655.6655633281	453.0
745688.2920952667	453.0
745720.9186272054	453.0
745753.5451591441	453.0
745786.1716910828	453.0
745818.7982230216	455.0
745851.4247549602	458.0
745884.0512868989	454.0
745916.6778188376	453.0
745949.3043507762	453.0
745981.3273682189	453.0
746013.3503856615	453.0
746045.3734031041	453.0
746077.3964205468	453.0
746109.4194379894	452.0
746141.442455432	452.0
746173.4654728747	452.0
746205.4884903172	452.0
746237.5115077599	452.0
746269.5345252026	451.0
746301.5575426451	452.0
746333.5805600878	452.0
746365.6035775305	452.0
746397.626594973	454.0
746429.6496124157	452.0
746461.6726298584	452.0
746493.6956473009	457.0
746525.7186647436	458.0
746557.7416821863	459.0
746589.7646996288	474.0
746621.7877170715	474.0
746652.0994477058	468.0
746682.4111783401	466.0
746712.7229089744	461.0
746743.0346396088	459.0
746773.3463702431	462.0
746803.6581008774	461.0
746833.9698315117	458.0
746864.281562146	457.0
746894.5932927803	455.0
746924.9050234148	455.0
746955.2167540491	455.0
746985.5284846834	455.0
747015.8402153177	455.0
747046.151945952	455.0
747076.4636765863	455.0
747106.7754072206	458.0
747137.1795734938	455.0
747167.583739767	455.0
747197.9879060402	459.0
747228.3920723135	459.0
747258.7962385867	456.0
747289.2004048598	457.0
747319.604571133	455.0
747350.0087374062	452.0
747380.4129036794	453.0
747410.8170699526	453.0
747441.2212362259	453.0
747471.6254024991	462.0
747502.0295687723	453.0
747532.4337350455	453.0
747562.8379013187	453.0
747593.2420675919	453.0
747626.5827895344	453.0
747659.9235114768	453.0
747693.2642334194	453.0
747726.6049553619	453.0
747759.9456773044	453.0
747793.2863992469	453.0
747826.6271211895	453.0
747859.967843132	453.0
747893.3085650745	453.0
747926.649287017	453.0
747962.1452164258	453.0
747997.6411458345	453.0
748033.1370752433	453.0
748068.6330046521	455.0
748104.1289340608	452.0
748139.6248634696	453.0
748175.1207928784	453.0
748210.6167222871	453.0
748244.1874482437	453.0
748277.7581742003	453.0
748311.3289001569	453.0
748344.8996261135	454.0
748378.47035207	453.0
748412.0410780266	452.0
748452.865390403	453.0
748493.6897027793	453.0
748534.5140151557	452.0
748575.338327532	461.0
748616.1626399084	459.0
748656.9869522847	463.0
748697.8112646611	453.0
748738.6355770375	453.0
748779.4598894138	455.0
748820.2842017901	453.0
748861.1085141666	453.0
748901.9328265429	453.0
748942.7571389192	453.0
748983.5814512955	454.0
749024.405763672	456.0
749065.2300760483	456.0
749106.0543884246	458.0
749146.8787008009	455.0
749187.7030131774	454.0
749228.5273255537	458.0
749269.35163793	456.0
749310.1759503064	457.0
749351.0002626828	461.0
749388.7651745324	460.0
749426.5300863822	463.0
749464.2949982318	463.0
749502.0599100816	458.0
749539.8248219312	453.0
749577.589733781	467.0
749615.3546456306	472.0
749653.1195574803	474.0
749690.88446933	463.0
749728.6493811797	465.0
749766.4142930293	468.0
749804.1792048791	476.0
749841.9441167287	472.0
749879.7090285784	473.0
749917.4739404281	476.0
749955.2388522777	486.0
749993.0037641275	486.0
750026.3897866172	472.0
750059.775809107	481.0
750093.1618315967	465.0
750126.5478540865	457.0
750159.9338765763	474.0
750193.3198990659	470.0
750226.7059215556	472.0
750260.0919440454	467.0
750293.4779665351	461.0
750326.8639890249	458.0
750360.2500115146	452.0
750392.8923249935	448.0
750425.5346384724	449.0
750458.1769519512	446.0
750490.8192654301	444.0
750523.461578909	447.0
750556.1038923878	450.0
750588.7462058667	452.0
750621.3885193455	453.0
750655.3576050678	453.0
750689.32669079	453.0
750723.2957765122	450.0
750757.2648622345	452.0
750791.2339479566	451.0
750825.2030336788	449.0
750859.172119401	451.0
750893.1412051233	445.0
750930.7459649211	441.0
750968.350724719	438.0
751005.9554845168	437.0
751043.5602443147	436.0
751081.1650041125	455.0
751118.7697639104	452.0
751156.3745237082	441.0
751193.9792835062	446.0
751231.3087030671	442.0
751268.638122628	447.0
751305.9675421889	446.0
751343.2969617499	445.0
751380.6263813108	451.0
751417.9558008717	454.0
751455.2852204327	450.0
751492.6146399936	443.0
751529.9440595545	444.0
751567.2734791155	449.0
751599.3481018363	448.0
751631.4227245572	444.0
751663.497347278	440.0
751695.5719699989	451.0
751727.6465927198	452.0
751759.7212154407	453.0
751791.7958381615	454.0
751823.8704608824	457.0
751855.9450836033	457.0
751888.0197063241	463.0
751920.094329045	463.0
751952.1689517659	455.0
751984.2435744867	442.0
752014.8205658706	436.0
752045.3975572544	433.0
752075.9745486383	436.0
752106.5515400221	439.0
752137.128531406	435.0
752167.7055227899	432.0
752198.2825141738	429.0
752228.8595055576	433.0
752259.4364969415	436.0
752290.0134883253	440.0
752320.5904797092	448.0
752351.167471093	446.0
752381.7444624769	440.0
752412.3214538607	440.0
752442.8984452446	442.0
752473.4754366284	449.0
752504.0524280124	451.0
752534.6294193962	448.0
752565.2064107801	440.0
752595.783402164	432.0
752626.3603935478	424.0
752656.9373849317	436.0
752687.8841516713	443.0
752718.830918411	449.0
752749.7776851506	439.0
752780.7244518902	437.0
752811.6712186299	444.0
752842.6179853695	456.0
752873.5647521091	457.0
752904.5115188488	434.0
752935.4582855884	437.0
752966.405052328	438.0
752997.3518190677	435.0
753028.2985858073	439.0
753059.2453525469	440.0
753090.1921192866	439.0
753121.1388860262	439.0
753152.0856527658	448.0
753183.0324195055	447.0
753213.9791862451	443.0
753244.9259529848	436.0
753276.7059388609	434.0
753308.4859247371	430.0
753342.0729921304	424.0
753375.6600595238	442.0
753409.247126917	433.0
753442.8341943104	430.0
753476.4212617037	441.0
753510.0083290971	434.0
753543.5953964904	438.0
753577.1824638838	436.0
753610.769531277	432.0
753644.3565986704	440.0
753677.9436660637	441.0
753711.5307334571	439.0
753745.1178008504	439.0
753782.2167262598	442.0
753819.3156516692	440.0
753856.4145770785	438.0
753893.5135024879	439.0
753930.6124278973	437.0
753967.7113533067	436.0
754004.810278716	439.0
754041.9092041254	442.0
754079.0081295348	442.0
754114.5255379364	447.0
754150.042946338	439.0
754185.5603547397	432.0
754221.0777631412	434.0
754256.5951715428	436.0
754292.1125799444	439.0
754327.629988346	445.0
754363.1473967476	447.0
754404.7734089496	449.0
754446.3994211515	449.0
754488.0254333535	441.0
754529.6514455555	442.0
754571.2774577574	442.0
754612.9034699594	443.0
754654.5294821614	445.0
754687.8995593779	440.0
754721.2696365943	435.0
754754.6397138109	437.0
754788.0097910273	442.0
754821.3798682438	443.0
754854.7499454602	432.0
754888.1200226768	425.0
754921.4900998932	422.0
754954.8601771097	427.0
754988.2302543261	420.0
755021.6003315427	426.0
755054.9704087592	417.0
755088.3404859756	420.0
755121.7105631921	433.0
755155.0806404086	438.0
755187.4648436888	436.0
755219.849046969	430.0
755252.2332502492	426.0
755284.6174535294	445.0
755317.0016568096	447.0
755349.3858600898	443.0
755381.77006337	434.0
755414.1542666503	435.0
755446.5384699305	441.0
755478.9226732107	439.0
755511.3068764909	429.0
755543.6910797711	432.0
755576.0752830514	433.0
755608.4594863316	440.0
755640.8436896118	439.0
755673.227892892	441.0
755705.6120961722	444.0
755737.9962994524	447.0
755770.3805027326	440.0
755808.1462660085	443.0
755845.9120292844	431.0
755883.6777925603	430.0
755921.4435558362	440.0
755959.2093191122	430.0
755996.9750823881	426.0
756034.740845664	427.0
756072.50660894	426.0
756110.2723722159	438.0
756148.0381354918	439.0
756185.8038987677	437.0
756223.5696620436	432.0
756261.3354253195	436.0
756299.1011885955	436.0
756336.8669518714	427.0
756374.6327151473	439.0
756412.3984784232	448.0
756448.3811506439	430.0
756484.3638228645	454.0
756520.3464950852	452.0
756556.3291673058	454.0
756592.3118395265	451.0
756628.2945117471	443.0
756664.2771839678	419.0
756700.2598561884	430.0
756736.242528409	432.0
756772.2252006297	433.0
756808.2078728504	434.0
756844.190545071	436.0
756880.1732172916	444.0
756913.6047075709	446.0
756947.0361978501	441.0
756980.4676881294	440.0
757013.8991784087	437.0
757047.3306686879	436.0
757080.7621589672	437.0
757114.1936492466	439.0
757147.6251395259	446.0
757181.0566298051	443.0
757214.4881200844	442.0
757247.9196103637	435.0
757281.3511006429	437.0
757314.7825909222	442.0
757348.2140812015	447.0
757381.6455714807	451.0
757415.07706176	457.0
757448.5085520393	452.0
757491.5119465156	439.0
757534.515340992	442.0
757577.5187354684	435.0
757620.5221299448	433.0
757663.5255244211	424.0
757706.5289188975	436.0
757749.5323133738	442.0
757792.5357078501	436.0
757825.4460420884	442.0
757858.3563763268	445.0
757891.2667105651	451.0
757924.1770448035	454.0
757957.0873790418	448.0
757989.9977132801	440.0
758022.9080475185	436.0
758055.8183817568	434.0
758091.347077424	436.0
758126.8757730912	435.0
758162.4044687585	440.0
758197.9331644257	440.0
758233.4618600929	437.0
758268.9905557602	442.0
758304.5192514274	439.0
758340.0479470947	452.0
758377.1242381405	448.0
758414.2005291864	456.0
758451.2768202323	429.0
758488.3531112781	420.0
758525.429402324	444.0
758562.50569337	463.0
758599.5819844159	471.0
758636.6582754618	476.0
758673.7345665076	486.0
758711.0598339556	455.0
758748.3851014037	437.0
758785.7103688517	433.0
758823.0356362996	437.0
758860.3609037476	433.0
758897.6861711957	432.0
758935.0114386437	436.0
758972.3367060916	434.0
759009.6619735397	433.0
759046.9872409877	432.0
759083.2346001596	429.0
759119.4819593313	428.0
759155.7293185032	430.0
759191.976677675	429.0
759228.2240368468	430.0
759264.4713960186	436.0
759300.7187551905	441.0
759336.9661143622	435.0
759373.2134735341	428.0
759409.460832706	428.0
759445.7081918777	436.0
759481.9555510496	432.0
759514.3821359109	432.0
759546.8087207724	431.0
759579.2353056337	434.0
759611.6618904952	435.0
759644.0884753566	432.0
759676.515060218	428.0
759708.9416450794	427.0
759741.3682299408	428.0
759773.7948148022	424.0
759806.2213996636	423.0
759838.6479845251	427.0
759871.0745693864	423.0
759903.5011542479	426.0
759935.9277391093	430.0
759967.0164595449	431.0
759998.1051799804	430.0
760029.193900416	424.0
760060.2826208515	420.0
760091.3713412872	423.0
760122.4600617228	430.0
760153.5487821583	433.0
760184.6375025939	430.0
760215.7262230294	427.0
760246.814943465	429.0
760277.9036639007	432.0
760308.9923843362	433.0
760341.9629458778	434.0
760374.9335074194	436.0
760407.904068961	437.0
760440.8746305027	428.0
760473.8451920443	430.0
760506.8157535859	431.0
760539.7863151275	434.0
760572.7568766691	424.0
760605.7274382107	425.0
760638.6979997524	428.0
760671.668561294	427.0
760704.6391228356	411.0
760737.6096843771	414.0
760770.5802459187	417.0
760803.3075206573	417.0
760836.034795396	411.0
760868.7620701346	411.0
760901.4893448733	414.0
760934.216619612	414.0
760966.9438943506	421.0
760999.6711690893	423.0
761032.3984438279	424.0
761065.1257185666	420.0
761097.8529933052	423.0
761130.5802680438	426.0
761163.3075427825	432.0
761196.0348175211	422.0
761228.6920534757	423.0
761261.3492894301	427.0
761294.0065253846	429.0
761326.6637613392	428.0
761359.3209972936	424.0
761391.9782332481	421.0
761424.6354692027	419.0
761457.2927051572	421.0
761497.0897394257	422.0
761536.8867736943	419.0
761576.6838079628	415.0
761616.4808422314	414.0
761656.2778764999	415.0
761696.0749107684	425.0
761727.7622059092	425.0
761759.44950105	422.0
761791.1367961909	430.0
761822.8240913317	432.0
761854.5113864725	427.0
761886.1986816133	432.0
761917.8859767541	423.0
761949.573271895	426.0
761981.2605670358	429.0
762012.9478621766	442.0
762044.6351573174	442.0
762076.3224524582	441.0
762108.009747599	444.0
762139.6970427398	435.0
762171.3843378806	429.0
762203.0716330215	422.0
762243.5874021078	414.0
762284.1031711941	416.0
762324.6189402804	421.0
762365.1347093667	421.0
762405.650478453	419.0
762446.1662475393	424.0
762486.6820166257	420.0
762527.1977857121	423.0
762567.7135547984	423.0
762608.2293238847	420.0
762648.745092971	421.0
762689.2608620573	417.0
762729.7766311436	415.0
762770.29240023	418.0
762810.8081693163	428.0
762852.6235695827	426.0
762894.4389698493	425.0
762936.2543701157	424.0
762978.0697703821	426.0
763019.8851706486	426.0
763061.7005709151	420.0
763103.5159711816	409.0
763145.331371448	409.0
763187.1467717144	416.0
763228.962171981	413.0
763270.7775722474	415.0
763312.5929725139	424.0
763351.3124770243	429.0
763390.0319815346	423.0
763428.751486045	425.0
763467.4709905552	428.0
763506.1904950656	427.0
763544.909999576	423.0
763583.6295040863	416.0
763622.3490085967	414.0
763661.068513107	403.0
763699.7880176174	404.0
763738.5075221278	414.0
763772.0345441423	415.0
763805.5615661568	411.0
763839.0885881713	417.0
763872.6156101857	414.0
763906.1426322001	420.0
763939.6696542146	422.0
763977.2622080414	416.0
764014.8547618682	411.0
764052.447315695	416.0
764090.0398695217	423.0
764127.6324233486	418.0
764165.2249771754	414.0
764202.8175310021	421.0
764240.410084829	417.0
764278.5508756218	408.0
764316.6916664146	413.0
764354.8324572075	419.0
764392.9732480004	410.0
764431.1140387933	415.0
764469.254829586	411.0
764507.3956203789	409.0
764545.5364111718	411.0
764583.6772019647	416.0
764621.8179927574	411.0
764659.9587835503	407.0
764698.0995743432	408.0
764736.2403651361	412.0
764774.3811559288	418.0
764812.5219467217	418.0
764850.6627375146	418.0
764888.8035283075	417.0
764926.9443191002	414.0
764965.0851098931	411.0
765009.7275537774	413.0
765054.3699976617	415.0
765099.012441546	407.0
765143.6548854302	408.0
765188.2973293144	411.0
765232.9397731987	409.0
765277.582217083	403.0
765322.2246609672	416.0
765366.8671048515	412.0
765411.5095487358	409.0
765456.1519926201	417.0
765500.7944365044	419.0
765545.4368803886	406.0
765577.4552982433	398.0
765609.4737160979	399.0
765641.4921339526	405.0
765673.5105518072	405.0
765705.5289696619	406.0
765737.5473875165	406.0
765769.5658053712	407.0
765801.5842232258	405.0
765833.6026410804	405.0
765865.6210589351	401.0
765897.6394767897	396.0
765929.6578946444	404.0
765961.676312499	407.0
765993.6947303537	402.0
766025.7131482083	402.0
766057.731566063	403.0
766089.7499839176	399.0
766121.7684017722	398.0
766153.7868196269	400.0
766185.8052374815	397.0
766217.8236553362	401.0
766249.8420731908	402.0
766281.8604910455	402.0
766313.8789089001	401.0
766345.8973267548	400.0
766377.9157446094	401.0
766409.7748510916	405.0
766441.6339575736	399.0
766473.4930640557	406.0
766505.3521705377	409.0
766537.2112770198	407.0
766569.0703835018	407.0
766600.929489984	412.0
766633.3298969591	414.0
766665.7303039342	411.0
766698.1307109094	407.0
766730.5311178846	409.0
766762.9315248596	410.0
766795.3319318348	404.0
766827.73233881	402.0
766860.1327457852	404.0
766892.5331527602	404.0
766924.9335597354	413.0
766957.3339667106	415.0
766989.7343736857	414.0
767022.1347806609	405.0
767054.535187636	408.0
767086.9355946111	415.0
767119.3360015863	417.0
767151.7364085615	417.0
767194.1483745194	419.0
767236.5603404775	415.0
767278.9723064355	416.0
767321.3842723934	413.0
767363.7962383515	417.0
767406.2082043095	410.0
767448.6201702674	397.0
767491.0321362255	408.0
767533.4441021835	413.0
767575.8560681414	412.0
767615.2916592399	413.0
767654.7272503384	425.0
767694.1628414369	420.0
767733.5984325355	418.0
767773.034023634	418.0
767812.4696147325	410.0
767851.905205831	411.0
767891.3407969296	414.0
767930.776388028	415.0
767970.2119791266	416.0
768009.6475702252	414.0
768049.0831613237	412.0
768089.5010209683	410.0
768129.9188806129	404.0
768170.3367402576	400.0
768210.7545999022	397.0
768251.1724595468	406.0
768291.5903191915	402.0
768332.0081788361	398.0
768372.4260384806	400.0
768412.8438981252	398.0
768453.2617577699	408.0
768493.6796174145	421.0
768534.0974770591	420.0
768574.5153367037	417.0
768614.9331963484	422.0
768655.351055993	404.0
768690.0712798656	405.0
768724.791503738	407.0
768759.5117276106	410.0
768794.2319514832	394.0
768828.9521753556	392.0
768863.6723992282	397.0
768898.3926231008	394.0
768933.1128469734	400.0
768967.8330708458	402.0
769002.5532947184	405.0
769037.273518591	406.0
769071.9937424634	401.0
769106.713966336	395.0
769139.5144620527	396.0
769172.3149577695	398.0
769205.1154534863	403.0
769237.9159492031	408.0
769270.7164449198	415.0
769303.5169406366	415.0
769336.3174363534	410.0
769370.6034556484	410.0
769404.8894749434	413.0
769439.1754942384	415.0
769473.4615135334	411.0
769507.7475328284	403.0
769542.0335521234	402.0
769576.3195714183	401.0
769611.182095392	391.0
769646.0446193658	402.0
769680.9071433395	412.0
769715.7696673133	421.0
769750.632191287	415.0
769785.4947152607	416.0
769820.3572392345	422.0
769855.2197632082	422.0
769890.082287182	410.0
769924.9448111557	411.0
769959.8073351294	393.0
769994.6698591032	395.0
770029.5323830768	397.0
770064.3949070506	403.0
770099.2574310243	410.0
770134.119954998	414.0
770168.9824789718	418.0
770200.6596370046	416.0
770232.3367950374	411.0
770264.0139530702	410.0
770295.6911111029	407.0
770327.3682691357	402.0
770359.0454271686	398.0
770390.7225852014	393.0
770422.3997432342	394.0
770454.0769012669	400.0
770485.7540592997	403.0
770517.4312173325	409.0
770554.2179039337	410.0
770591.0045905351	413.0
770627.7912771363	404.0
770664.5779637375	408.0
770701.3646503389	429.0
770738.1513369401	440.0
770774.9380235414	447.0
770811.7247101426	469.0
770848.5113967439	471.0
770885.2980833452	490.0
770916.8092946361	480.0
770948.320505927	474.0
770979.8317172179	472.0
771011.3429285089	461.0
771042.8541397997	451.0
771074.3653510907	446.0
771105.8765623816	438.0
771137.3877736726	429.0
771168.8989849634	416.0
771201.677777412	410.0
771234.4565698606	412.0
771267.2353623093	416.0
771300.0141547578	415.0
771332.7929472064	403.0
771365.571739655	396.0
771398.3505321037	395.0
771435.544210133	397.0
771472.7378881624	397.0
771509.9315661917	389.0
771547.1252442211	395.0
771584.3189222504	400.0
771621.5126002796	388.0
771658.706278309	393.0
771695.8999563383	406.0
771733.0936343677	400.0
771770.287312397	396.0
771807.4809904264	396.0
771844.6746684557	389.0
771881.8683464851	387.0
771919.0620245144	396.0
771956.2557025438	400.0
771993.4493805731	391.0
772026.1939490272	382.0
772058.9385174813	380.0
772091.6830859355	381.0
772124.4276543896	399.0
772157.1722228437	399.0
772189.9167912978	391.0
772222.6613597521	389.0
772255.4059282062	388.0
772288.1504966603	393.0
772320.8950651144	394.0
772353.6396335686	387.0
772386.3842020227	389.0
772419.1287704768	394.0
772451.8733389309	395.0
772484.6179073851	399.0
772517.3624758392	396.0
772550.1070442933	389.0
772582.8516127474	389.0
772614.7273494713	392.0
772646.6030861952	396.0
772678.4788229191	412.0
772710.3545596431	410.0
772742.230296367	409.0
772774.1060330909	413.0
772805.9817698147	404.0
772843.8220798189	391.0
772881.6623898231	416.0
772919.5026998273	414.0
772957.3430098315	413.0
772995.1833198357	409.0
773033.0236298399	414.0
773069.5113797385	405.0
773105.999129637	404.0
773142.4868795356	394.0
773178.9746294343	394.0
773215.4623793329	393.0
773251.9501292314	402.0
773288.43787913	413.0
773324.9256290286	407.0
773361.4133789272	409.0
773397.9011288257	402.0
773434.3888787244	395.0
773470.876628623	392.0
773507.3643785216	393.0
773543.8521284201	390.0
773580.3398783187	385.0
773616.8276282173	386.0
773653.3153781159	382.0
773689.8031280146	376.0
773725.0345387072	382.0
773760.2659493999	383.0
773795.4973600926	381.0
773830.7287707854	382.0
773865.9601814781	382.0
773901.1915921707	387.0
773936.4230028634	388.0
773971.6544135561	388.0
774006.8858242488	391.0
774042.1172349415	406.0
774078.6370377543	412.0
774115.156840567	413.0
774151.6766433798	414.0
774188.1964461926	413.0
774224.7162490054	412.0
774261.2360518181	414.0
774297.755854631	416.0
774334.2756574437	422.0
774370.7954602565	422.0
774407.3152630694	424.0
774443.8350658821	420.0
774480.3548686949	412.0
774511.8964011569	407.0
774543.4379336188	403.0
774574.9794660808	397.0
774606.5209985427	392.0
774638.0625310047	391.0
774669.6040634665	388.0
774701.1455959285	385.0
774732.6871283905	387.0
774764.2286608524	392.0
774805.8081733403	392.0
774847.3876858283	391.0
774888.9671983161	389.0
774930.5467108041	390.0
774972.126223292	381.0
775013.7057357798	373.0
775055.2852482678	383.0
775089.9427050942	394.0
775124.6001619205	404.0
775159.257618747	396.0
775193.9150755734	398.0
775228.5725323997	387.0
775263.2299892261	385.0
775297.8874460525	384.0
775332.5449028789	386.0
775367.2023597052	385.0
775401.8598165317	390.0
775436.5172733581	392.0
775468.212497393	388.0
775499.907721428	382.0
775531.6029454629	381.0
775563.2981694979	388.0
775594.9933935328	391.0
775626.6886175678	386.0
775658.3838416027	382.0
775690.0790656375	377.0
775721.7742896725	390.0
775753.4695137074	397.0
775795.3935347638	394.0
775837.3175558201	389.0
775879.2415768765	387.0
775921.1655979329	382.0
775963.0896189892	391.0
776005.0136400455	393.0
776046.9376611018	395.0
776088.8616821582	393.0
776124.7087724127	390.0
776160.5558626673	387.0
776196.4029529218	395.0
776232.2500431763	389.0
776268.097133431	384.0
776303.9442236855	382.0
776339.7913139401	384.0
776375.6384041946	385.0
776411.4854944492	385.0
776447.3325847037	382.0
776483.1796749582	385.0
776519.0267652128	384.0
776554.8738554674	384.0
776595.7769471897	377.0
776636.6800389119	379.0
776677.5831306342	387.0
776718.4862223563	394.0
776759.3893140786	402.0
776800.2924058008	392.0
776841.1954975231	390.0
776882.0985892452	394.0
776923.0016809675	399.0
776963.9047726897	397.0
777004.807864412	399.0
777045.7109561343	407.0
777086.6140478564	408.0
777127.5171395787	401.0
777168.4202313009	397.0
777209.3233230232	394.0
777250.2264147453	392.0
777291.1295064676	390.0
777329.4706291152	395.0
777367.8117517628	388.0
777406.1528744104	378.0
777444.493997058	392.0
777482.8351197056	391.0
777521.1762423532	389.0
777559.5173650008	393.0
777597.8584876484	395.0
777636.1996102959	380.0
777674.5407329436	379.0
777712.8818555912	384.0
777751.2229782388	385.0
777789.5641008863	388.0
777829.009720976	398.0
777868.4553410657	391.0
777907.9009611553	386.0
777947.3465812448	393.0
777986.7922013345	396.0
778026.2378214241	405.0
778065.6834415138	394.0
778105.1290616035	403.0
778144.5746816931	412.0
778184.0203017826	439.0
778223.4659218723	441.0
778262.911541962	418.0
778299.6876865107	421.0
778336.4638310595	424.0
778373.2399756084	405.0
778410.0161201572	430.0
778446.792264706	414.0
778483.5684092548	420.0
778520.3445538036	428.0
778557.1206983523	418.0
778593.8968429012	418.0
778630.67298745	410.0
778667.4491319988	401.0
778704.2252765476	391.0
778741.0014210964	376.0
778777.7775656452	383.0
778814.5537101941	376.0
778849.848509702	382.0
778885.1433092098	384.0
778920.4381087178	387.0
778955.7329082257	374.0
778991.0277077337	369.0
779026.3225072415	367.0
779061.6173067495	372.0
779096.9121062574	368.0
779128.5899945514	369.0
779160.2678828454	371.0
779191.9457711392	370.0
779223.6236594332	367.0
779255.3015477272	364.0
779286.9794360212	370.0
779318.6573243152	376.0
779350.335212609	368.0
779382.013100903	369.0
779413.690989197	369.0
779445.368877491	366.0
779477.7770919864	385.0
779510.1853064819	376.0
779542.5935209773	379.0
779575.0017354728	379.0
779607.4099499682	383.0
779639.8181644637	389.0
779672.2263789591	388.0
779704.6345934547	383.0
779737.04280795	369.0
779769.4510224456	366.0
779801.859236941	372.0
779834.2674514364	370.0
779866.6756659319	383.0
779899.0838804273	378.0
779931.4920949228	377.0
779963.9003094182	380.0
779996.3085239137	381.0
780031.5698314364	380.0
780066.8311389589	386.0
780102.0924464816	404.0
780137.3537540042	391.0
780172.6150615268	390.0
780207.8763690494	373.0
780243.3611032205	369.0
780278.8458373916	373.0
780314.3305715626	374.0
780349.8153057337	382.0
780385.3000399048	389.0
780420.7847740758	384.0
780456.2695082469	387.0
780491.754242418	393.0
780527.238976589	388.0
780562.7237107601	378.0
780598.2084449312	376.0
780633.6931791023	371.0
780669.1779132733	372.0
780704.6626474444	374.0
780740.1473816155	373.0
780775.6321157867	380.0
780811.1168499577	387.0
780846.6015841288	374.0
780878.2057869151	388.0
780909.8099897016	383.0
780941.414192488	381.0
780973.0183952744	383.0
781004.6225980608	381.0
781036.2268008472	380.0
781067.8310036336	385.0
781099.4352064199	389.0
781131.0394092064	389.0
781162.6436119927	385.0
781194.2478147792	380.0
781225.8520175655	377.0
781257.4562203519	378.0
781289.0604231383	365.0
781320.6646259247	351.0
781356.4215278064	352.0
781392.1784296882	375.0
781427.93533157	370.0
781463.6922334518	382.0
781499.4491353335	382.0
781535.2060372153	388.0
781570.9629390971	371.0
781606.7198409789	389.0
781642.4767428606	392.0
781678.2336447424	390.0
781713.9905466242	404.0
781749.747448506	393.0
781785.5043503877	402.0
781821.2612522695	403.0
781857.0181541513	409.0
781892.2703103086	398.0
781927.5224664658	393.0
781962.7746226231	395.0
781998.0267787804	391.0
782033.2789349377	395.0
782068.531091095	395.0
782103.7832472522	395.0
782139.0354034095	382.0
782174.2875595668	391.0
782209.5397157241	388.0
782244.7918718813	392.0
782280.0440280386	389.0
782315.2961841959	390.0
782350.5483403533	385.0
782385.8004965106	393.0
782421.0526526679	390.0
782462.9633918385	396.0
782504.8741310092	393.0
782546.7848701798	393.0
782588.6956093506	396.0
782630.6063485212	399.0
782672.5170876919	391.0
782714.4278268625	387.0
782756.3385660332	379.0
782792.4394437067	369.0
782828.5403213801	371.0
782864.6411990537	369.0
782900.7420767272	367.0
782936.8429544007	346.0
782972.9438320742	342.0
783009.0447097478	352.0
783045.1455874213	357.0
783081.2464650947	354.0
783114.9237018006	352.0
783148.6009385065	351.0
783182.2781752126	357.0
783215.9554119185	358.0
783249.6326486244	359.0
783283.3098853303	360.0
783316.9871220363	362.0
783350.6643587422	363.0
783384.3415954481	371.0
783418.018832154	382.0
783451.69606886	387.0
783485.3733055659	389.0
783519.0505422718	368.0
783552.7277789777	360.0
783586.4050156837	354.0
783620.0822523896	364.0
783659.1060487921	367.0
783698.1298451946	372.0
783737.1536415971	362.0
783776.1774379996	355.0
783815.201234402	356.0
783854.2250308045	361.0
783893.248827207	368.0
783932.2726236095	370.0
783971.296420012	375.0
784010.3202164145	372.0
784049.344012817	366.0
784080.8921806703	360.0
784112.4403485237	353.0
784143.9885163769	358.0
784175.5366842302	358.0
784207.0848520835	355.0
784238.6330199369	353.0
784270.1811877901	352.0
784301.7293556434	358.0
784333.2775234968	362.0
784364.82569135	365.0
784396.3738592033	365.0
784428.3565034044	363.0
784460.3391476055	357.0
784492.3217918066	361.0
784524.3044360076	363.0
784556.2870802088	365.0
784588.2697244098	368.0
784620.1819361441	369.0
784652.0941478783	371.0
784684.0063596127	370.0
784715.9185713469	367.0
784747.8307830812	358.0
784779.7429948155	353.0
784811.6552065498	349.0
784843.567418284	353.0
784875.4796300184	357.0
784907.3918417526	329.0
784939.3040534869	326.0
784971.2162652212	321.0
785003.1284769555	335.0
785041.0174340517	335.0
785078.906391148	347.0
785116.7953482443	347.0
785154.6843053405	357.0
785192.5732624367	359.0
785230.4622195329	371.0
785264.1617051115	370.0
785297.8611906901	381.0
785331.5606762687	399.0
785365.2601618472	406.0
785398.9596474258	401.0
785432.6591330043	397.0
785466.3586185828	381.0
785500.0581041614	374.0
785533.3216952144	363.0
785566.5852862673	361.0
785599.8488773203	352.0
785633.1124683733	354.0
785666.3760594261	364.0
785699.6396504791	356.0
785732.903241532	355.0
785766.166832585	358.0
785799.430423638	359.0
785836.5918358793	355.0
785873.7532481207	338.0
785910.914660362	342.0
785948.0760726032	348.0
785985.2374848446	349.0
786022.3988970859	349.0
786059.5603093272	344.0
786096.7217215686	338.0
786128.8105066915	341.0
786160.8992918144	342.0
786192.9880769373	344.0
786225.0768620601	344.0
786257.165647183	343.0
786289.2544323059	345.0
786321.3432174288	345.0
786353.4320025516	344.0
786385.5207876746	344.0
786417.6095727974	345.0
786449.6983579203	345.0
786481.7871430431	342.0
786513.8759281661	340.0
786545.9647132889	342.0
786578.0534984118	356.0
786610.1422835347	357.0
786641.6804970133	356.0
786673.2187104917	355.0
786704.7569239702	350.0
786736.2951374487	347.0
786767.8333509271	349.0
786799.3715644056	351.0
786830.9097778841	354.0
786862.4479913625	356.0
786893.986204841	348.0
786925.5244183196	344.0
786957.062631798	348.0
786988.6008452765	349.0
787020.8369998088	345.0
787053.0731543412	346.0
787085.3093088735	360.0
787117.5454634059	358.0
787149.7816179382	356.0
787182.0177724706	356.0
787214.2539270029	353.0
787246.4900815353	333.0
787278.7262360676	321.0
787310.9623906	341.0
787343.1985451323	339.0
787375.4346996647	339.0
787407.670854197	341.0
787439.9070087294	333.0
787472.1431632617	341.0
787504.3793177941	357.0
787536.6154723264	361.0
787568.8516268588	362.0
787601.0877813911	352.0
787633.7702043067	346.0
787666.4526272223	344.0
787699.1350501379	358.0
787731.8174730535	348.0
787764.499895969	356.0
787797.1823188846	351.0
787829.8647418002	349.0
787862.5471647158	346.0
787895.2295876314	345.0
787927.912010547	349.0
787960.5944334626	351.0
787992.9677458091	349.0
788025.3410581556	335.0
788057.714370502	336.0
788090.0876828486	340.0
788122.4609951951	342.0
788154.8343075416	332.0
788187.2076198881	334.0
788219.5809322346	343.0
788251.954244581	354.0
788284.3275569276	351.0
788316.7008692741	356.0
788349.0741816206	360.0
788381.4474939671	360.0
788418.2189135815	358.0
788454.9903331957	349.0
788491.76175281	350.0
788528.5331724242	350.0
788565.3045920385	347.0
788602.0893593942	349.0
788638.8741267498	349.0
788675.6588941055	349.0
788712.443661461	350.0
788749.2284288167	354.0
788786.0131961723	351.0
788822.797963528	349.0
788859.5827308836	345.0
788896.3674982393	345.0
788933.1522655949	350.0
788966.1906014311	344.0
788999.2289372673	346.0
789032.2672731035	344.0
789065.3056089397	355.0
789098.3439447759	356.0
789131.382280612	357.0
789164.4206164483	360.0
789197.4589522844	359.0
789230.4972881207	359.0
789263.5356239568	355.0
789296.573959793	356.0
789329.6122956292	355.0
789362.6506314654	354.0
789395.6889673016	354.0
789428.7273031378	352.0
789461.7656389739	351.0
789493.9203273845	355.0
789526.0750157952	347.0
789558.2297042058	344.0
789590.3843926163	347.0
789622.539081027	347.0
789654.6937694376	345.0
789686.8484578482	343.0
789719.0031462589	340.0
789751.1578346695	345.0
789783.3125230802	352.0
789825.2327709162	352.0
789867.1530187522	342.0
789909.0732665882	336.0
789950.9935144242	339.0
789992.9137622602	328.0
790034.8340100963	338.0
790076.7542579322	348.0
790118.6745057682	352.0
790153.9250036884	345.0
790189.1755016086	344.0
790224.4259995288	342.0
790259.676497449	343.0
790294.9269953693	345.0
790330.1774932895	339.0
790365.4279912098	338.0
790400.67848913	342.0
790435.9289870502	342.0
790471.1794849704	341.0
790506.4299828906	339.0
790541.6804808108	351.0
790574.7611329246	349.0
790607.8417850384	344.0
790640.9224371521	349.0
790674.0030892659	345.0
790707.0837413797	339.0
790740.1643934934	348.0
790773.2450456072	345.0
790806.325697721	341.0
790839.4063498348	346.0
790872.4870019485	339.0
790905.5676540623	344.0
790938.6483061761	346.0
790971.7289582898	341.0
791004.8096104036	339.0
791037.8902625174	337.0
791070.9709146312	341.0
791104.0515667449	338.0
791137.1322188587	342.0
791170.2128709725	334.0
791201.9434250914	319.0
791233.6739792104	336.0
791265.4045333295	340.0
791297.1350874485	339.0
791328.8656415675	336.0
791360.5961956865	339.0
791392.3267498056	338.0
791424.0573039246	332.0
791455.7878580436	331.0
791491.0498427068	330.0
791526.3118273698	332.0
791561.573812033	344.0
791596.8357966963	343.0
791632.0977813595	345.0
791667.3597660225	346.0
791702.6217506857	344.0
791737.8837353489	355.0
791769.427647893	349.0
791800.9715604369	344.0
791832.5154729809	339.0
791864.0593855248	341.0
791895.6032980689	345.0
791927.1472106129	347.0
791958.6911231568	344.0
791990.2350357008	351.0
792021.7789482448	356.0
792053.3228607888	355.0
792084.862002085	356.0
792116.4011433813	353.0
792147.9402846774	352.0
792179.4794259737	350.0
792211.0185672699	351.0
792242.5577085662	352.0
792274.0968498624	353.0
792305.6359911587	354.0
792337.1751324548	354.0
792368.714273751	356.0
792400.2534150473	355.0
792431.7925563435	351.0
792463.3316976398	349.0
792494.870838936	347.0
792526.4099802322	351.0
792557.9491215284	342.0
792589.4882628247	339.0
792621.0274041209	336.0
792652.5665454171	331.0
792684.3243746336	331.0
792716.0822038502	326.0
792747.8400330668	321.0
792779.5978622833	339.0
792811.3556914999	340.0
792843.1135207164	342.0
792874.871349933	344.0
792906.6291791495	341.0
792938.3870083662	338.0
792970.1448375827	330.0
793001.9026667993	334.0
793033.6604960158	338.0
793065.4183252323	338.0
793097.1761544489	339.0
793128.9339836655	339.0
793160.6918128821	329.0
793192.4496420986	330.0
793228.1969938006	331.0
793263.9443455025	327.0
793299.6916972046	325.0
793335.4390489066	333.0
793371.1864006085	336.0
793406.9337523105	333.0
793442.6811040125	326.0
793478.4284557145	325.0
793514.1758074164	342.0
793549.9231591184	342.0
793585.6705108203	337.0
793621.4178625224	329.0
793657.1652142244	335.0
793692.9125659263	343.0
793728.6599176283	337.0
793761.1686754164	330.0
793793.6774332046	331.0
793826.1861909927	333.0
793858.6949487808	333.0
793891.203706569	327.0
793923.7124643571	331.0
793956.2212221453	330.0
793988.7299799335	332.0
794020.2639398786	333.0
794051.7978998235	334.0
794083.3318597686	338.0
794114.8658197137	340.0
794146.3997796586	336.0
794177.9337396037	332.0
794209.6315677281	344.0
794241.3293958526	344.0
794273.027223977	341.0
794304.7250521015	333.0
794336.4228802259	333.0
794368.1207083503	335.0
794399.8185364748	335.0
794431.5163645992	332.0
794463.2141927237	327.0
794494.9120208481	328.0
794534.3451689312	326.0
794573.7783170143	333.0
794613.2114650974	335.0
794652.6446131804	336.0
794692.0777612636	345.0
794731.5109093466	346.0
794770.9440574298	347.0
794810.3772055128	339.0
794848.2597984095	342.0
794886.1423913063	342.0
794924.024984203	342.0
794961.9075770999	338.0
794999.7901699966	340.0
795037.6727628934	336.0
795075.5553557901	334.0
795113.4379486869	337.0
795151.3205415836	339.0
795189.2031344804	336.0
795227.0857273771	338.0
795264.9683202739	340.0
795302.8509131706	335.0
795340.7335060674	337.0
795378.6160989641	354.0
795421.3981648308	347.0
795464.1802306975	347.0
795506.9622965641	351.0
795549.7443624308	348.0
795592.5264282975	340.0
795635.3084941641	334.0
795678.0905600309	334.0
795720.8726258975	333.0
795763.6546917642	334.0
795806.4367576309	335.0
795849.2188234975	330.0
795892.0008893642	329.0
795927.2729267357	328.0
795962.5449641072	323.0
795997.8170014787	325.0
796033.0890388503	322.0
796068.3610762218	326.0
796103.6331135933	324.0
796138.9051509649	323.0
796174.1771883365	325.0
796209.449225708	331.0
796244.7212630796	327.0
796276.593728012	330.0
796308.4661929446	326.0
796340.3386578771	322.0
796372.2111228096	323.0
796404.0835877421	320.0
796435.9560526746	322.0
796467.8285176071	321.0
796499.7393083653	325.0
796531.6500991235	324.0
796563.5608898816	319.0
796595.4716806398	318.0
796627.382471398	317.0
796659.2932621562	319.0
796691.2040529144	315.0
796723.1148436725	319.0
796755.0256344307	319.0
796786.9364251889	318.0
796818.8472159471	315.0
796850.7580067053	316.0
796882.6687974634	317.0
796915.6634848013	317.0
796948.6581721392	316.0
796981.6528594771	318.0
797014.647546815	318.0
797047.6422341529	317.0
797080.6369214908	320.0
797113.6316088287	323.0
797146.6262961666	323.0
797179.6209835045	325.0
797212.6156708424	328.0
797245.6103581802	330.0
797278.6050455181	320.0
797311.5997328561	310.0
797350.1349417508	303.0
797388.6701506454	302.0
797427.2053595401	304.0
797465.7405684347	316.0
797504.2757773293	318.0
797542.810986224	312.0
797581.3461951186	311.0
797619.8814040133	318.0
797658.4166129079	324.0
797696.9518218025	318.0
797732.2039766903	312.0
797767.4561315781	329.0
797802.708286466	316.0
797837.9604413537	318.0
797873.2125962415	321.0
797908.4647511293	338.0
797943.716906017	335.0
797978.9690609048	332.0
798014.2212157927	324.0
798049.4733706805	323.0
798084.7255255682	326.0
798119.977680456	325.0
798155.2494454968	322.0
798190.5212105376	319.0
798225.7929755785	317.0
798261.0647406193	315.0
798296.3365056601	328.0
798331.6082707008	325.0
798366.8800357416	325.0
798402.1518007824	321.0
798437.4235658232	339.0
798472.695330864	355.0
798504.8677366339	329.0
798537.0401424036	328.0
798569.2125481734	337.0
798601.3849539431	344.0
798633.5573597129	340.0
798669.9055178324	339.0
798706.2536759517	314.0
798742.6018340712	313.0
798778.9499921907	320.0
798815.2981503102	331.0
798851.6463084295	335.0
798887.994466549	328.0
798922.6183928057	334.0
798957.2423190624	335.0
798991.866245319	323.0
799026.4901715757	322.0
799061.1140978324	329.0
799095.738024089	327.0
799130.3619503457	326.0
799164.9858766024	327.0
799199.609802859	323.0
799234.2337291157	323.0
799268.8576553725	321.0
799305.625228403	319.0
799342.3928014335	314.0
799379.160374464	323.0
799415.9279474944	324.0
799452.695520525	330.0
799484.4250588006	332.0
799516.1545970762	326.0
799547.8841353519	320.0
799579.6136736275	316.0
799611.3432119031	312.0
799643.0727501787	321.0
799674.8022884544	312.0
799706.53182673	302.0
799738.2613650056	298.0
799779.8349184477	308.0
799821.4084718897	310.0
799862.9820253317	323.0
799904.5555787737	343.0
799946.1291322157	358.0
799987.7026856579	388.0
800029.2762390999	430.0
800061.3302537224	424.0
800093.3842683447	397.0
800125.4382829672	382.0
800157.4922975895	379.0
800189.546312212	379.0
800221.6003268344	386.0
800253.6543414568	378.0
800285.7083560792	369.0
800317.7623707016	359.0
800349.8163853241	358.0
800381.8703999465	355.0
800414.7287155007	365.0
800447.587031055	361.0
800480.4453466092	360.0
800513.3036621634	372.0
800546.1619777177	368.0
800579.020293272	367.0
800611.8786088262	365.0
800644.7369243804	366.0
800677.5952399347	365.0
800710.453555489	355.0
800743.3118710432	370.0
800776.1701865974	366.0
800809.0285021517	359.0
800841.8868177059	358.0
800874.7451332601	350.0
800907.6034488145	341.0
800940.4617643687	328.0
800978.3407522262	329.0
801016.2197400838	338.0
801054.0987279413	339.0
801091.9777157988	351.0
801129.8567036563	337.0
801167.7356915139	329.0
801205.6146793714	335.0
801243.4936672288	340.0
801281.3726550863	337.0
801319.251642944	329.0
801357.1306308014	329.0
801395.0096186589	335.0
801432.8886065164	331.0
801470.767594374	334.0
801508.6465822315	340.0
801543.9412360567	346.0
801579.235889882	308.0
801614.5305437073	300.0
801649.8251975325	300.0
801685.1198513578	299.0
801720.414505183	299.0
801755.7091590082	307.0
801791.0038128336	306.0
801824.9534286556	305.0
801858.9030444778	303.0
801892.8526602999	315.0
801926.802276122	322.0
801960.7518919441	328.0
801994.7015077661	320.0
802028.6511235883	318.0
802062.6007394104	313.0
802096.5503552324	311.0
802130.4999710546	304.0
802164.4495868767	308.0
802198.3992026988	313.0
802232.3488185209	308.0
802266.298434343	311.0
802300.2480501651	301.0
802336.3431784508	304.0
802372.4383067365	298.0
802408.5334350222	307.0
802444.6285633078	316.0
802480.7236915935	316.0
802516.8188198792	326.0
802552.9139481649	347.0
802589.0090764506	367.0
802625.1042047363	407.0
802656.6701787409	401.0
802688.2361527454	394.0
802719.8021267501	382.0
802751.3681007547	373.0
802782.9340747593	350.0
802819.0121483586	345.0
802855.090221958	340.0
802891.1682955575	337.0
802927.2463691569	332.0
802963.3244427562	335.0
802999.4025163556	331.0
803035.480589955	338.0
803071.5586635545	328.0
803107.6367371539	305.0
803144.8482107489	309.0
803182.0596843438	317.0
803219.2711579388	318.0
803256.4826315338	314.0
803293.6941051286	319.0
803330.9055787236	307.0
803368.1170523186	300.0
803405.3285259136	300.0
803446.0998232707	300.0
803486.8711206276	304.0
803527.6424179847	305.0
803568.4137153417	300.0
803609.1850126988	299.0
803649.9563100557	298.0
803690.7276074127	299.0
803731.4989047698	301.0
803772.2702021268	299.0
803813.0414994837	297.0
803853.8127968408	293.0
803885.6287562998	296.0
803917.4447157588	301.0
803949.2606752178	296.0
803981.0766346768	299.0
804012.8925941358	298.0
804044.7085535949	298.0
804076.5245130538	303.0
804108.3404725129	307.0
804140.1564319718	310.0
804171.9723914309	304.0
804203.7883508899	302.0
804235.6043103489	308.0
804267.4202698079	309.0
804299.2362292669	305.0
804331.0521887259	308.0
804365.4847416753	314.0
804399.9172946248	311.0
804434.3498475743	299.0
804468.7824005238	294.0
804503.2149534732	293.0
804537.6475064227	291.0
804572.0800593721	284.0
804606.5126123215	293.0
804640.945165271	306.0
804675.3777182205	310.0
804709.81027117	324.0
804744.2428241194	346.0
804778.6753770689	358.0
804813.1079300183	394.0
804847.5404829679	407.0
804881.9730359173	450.0
804913.4740431202	439.0
804944.9750503231	438.0
804976.476057526	435.0
805007.977064729	427.0
805039.4780719319	425.0
805070.9790791348	434.0
805102.4800863377	466.0
805133.9810935406	481.0
805168.4868484301	461.0
805202.9926033198	480.0
805237.4983582094	441.0
805272.0041130991	424.0
805306.5098679886	381.0
805341.0156228782	371.0
805375.5213777679	350.0
805410.0271326575	351.0
805444.5328875472	331.0
805476.0867119465	330.0
805507.640536346	338.0
805539.1943607454	341.0
805570.7481851447	337.0
805602.3020095442	328.0
805633.8558339436	332.0
805665.4096583431	337.0
805696.9634827424	343.0
805728.5173071418	352.0
805760.0711315413	363.0
805791.6249559406	366.0
805823.17878034	363.0
805854.7326047395	360.0
805886.2864291389	359.0
805917.8402535382	363.0
805949.3940779377	361.0
805988.8209258665	362.0
806028.2477737953	355.0
806067.6746217242	348.0
806107.101469653	347.0
806146.5283175817	327.0
806185.9551655105	321.0
806225.3820134393	315.0
806264.8088613682	312.0
806300.0681898305	309.0
806335.3275182929	301.0
806370.5868467552	303.0
806405.8461752177	307.0
806441.10550368	306.0
806476.3648321423	310.0
806511.6241606047	310.0
806546.883489067	306.0
806582.1428175294	306.0
806617.4021459917	308.0
806649.9203764346	298.0
806682.4386068776	299.0
806714.9568373205	304.0
806747.4750677635	306.0
806779.9932982064	306.0
806812.5115286493	312.0
806845.0297590923	312.0
806877.5479895351	295.0
806909.2361750292	292.0
806940.9243605231	297.0
806972.6125460172	288.0
807004.3007315111	287.0
807035.9889170051	287.0
807067.6771024991	287.0
807099.3652879931	287.0
807131.053473487	307.0
807162.7416589811	322.0
807194.429844475	318.0
807235.9930731363	308.0
807277.5563017976	301.0
807319.119530459	290.0
807360.6827591204	296.0
807402.2459877817	296.0
807443.809216443	293.0
807485.3724451044	302.0
807526.9265389343	310.0
807568.4806327643	318.0
807610.0347265942	336.0
807651.5888204242	333.0
807693.1429142541	347.0
807734.6970080839	357.0
807776.2511019139	363.0
807807.7657833828	356.0
807839.2804648519	347.0
807870.7951463208	342.0
807902.3098277898	335.0
807933.8245092587	327.0
807965.3391907278	322.0
807996.8538721967	315.0
808032.8852236583	320.0
808068.9165751198	327.0
808104.9479265814	328.0
808140.979278043	339.0
808177.0106295046	337.0
808213.0419809661	341.0
808249.0733324277	339.0
808285.1046838892	321.0
808321.1360353507	324.0
808359.9178812022	321.0
808398.6997270535	310.0
808437.481572905	305.0
808476.2634187564	300.0
808515.0452646078	305.0
808553.8271104592	300.0
808592.6089563107	300.0
808631.390802162	299.0
808670.1726480135	310.0
808708.9544938648	313.0
808747.7363397162	315.0
808786.5181855677	310.0
808825.300031419	320.0
808864.0818772705	325.0
808897.6180158576	316.0
808931.1541544447	330.0
808964.6902930319	317.0
808998.226431619	307.0
809031.7625702061	334.0
809065.2987087932	323.0
809098.8348473803	310.0
809132.3709859675	335.0
809165.9071245546	340.0
809199.4432631417	358.0
809232.9794017288	361.0
809264.4928172921	366.0
809296.0062328554	366.0
809327.5196484186	365.0
809359.0330639819	377.0
809390.5464795452	372.0
809422.0598951083	367.0
809453.5733106716	361.0
809485.0867262349	358.0
809516.6001417981	352.0
809548.1135573614	349.0
809579.6269729247	347.0
809611.140388488	349.0
809642.6538040512	352.0
809674.1672196145	355.0
809705.835293608	358.0
809737.5033676015	358.0
809769.1714415951	355.0
809800.8395155886	346.0
809832.5075895822	339.0
809864.1756635758	334.0
809895.8437375693	326.0
809927.5118115628	319.0
809959.1798855563	307.0
809990.8479595499	300.0
810022.5160335434	295.0
810057.1290524631	298.0
810091.7420713829	294.0
810126.3550903026	292.0
810160.9681092225	291.0
810195.5811281422	293.0
810230.194147062	288.0
810264.8071659817	283.0
810299.4201849016	277.0
810334.0332038213	276.0
810368.646222741	280.0
810403.2592416608	277.0
810441.6132291916	283.0
810479.9672167224	279.0
810518.3212042532	282.0
810556.6751917839	284.0
810595.0291793147	294.0
810633.3831668455	293.0
810671.7371543763	288.0
810710.0911419071	285.0
810748.445129438	285.0
810786.7991169688	299.0
810825.1531044996	307.0
810863.5070920303	307.0
810901.8610795611	311.0
810940.2150670919	306.0
810978.5690546227	305.0
811016.9230421535	307.0
811055.2770296843	330.0
811093.6310172151	330.0
811131.9850047459	319.0
811170.3389922766	335.0
811208.6929798074	355.0
811247.0469673382	368.0
811285.400954869	366.0
811323.7549423998	356.0
811362.1089299306	373.0
811400.4629174614	375.0
811440.249355114	369.0
811480.0357927664	336.0
811519.8222304189	329.0
811559.6086680715	327.0
811599.395105724	331.0
811639.1815433764	316.0
811678.967981029	309.0
811718.7544186815	297.0
811758.540856334	284.0
811798.3272939865	290.0
811838.113731639	290.0
811877.9001692915	298.0
811917.6866069441	293.0
811954.8763462568	275.0
811992.0660855696	285.0
812029.2558248823	287.0
812066.445564195	280.0
812103.6353035078	276.0
812140.8250428205	280.0
812178.0147821333	275.0
812215.204521446	279.0
812247.479525725	283.0
812279.754530004	286.0
812312.029534283	287.0
812344.3045385621	287.0
812376.5795428411	284.0
812408.85454712	285.0
812441.129551399	287.0
812473.404555678	290.0
812505.679559957	291.0
812539.3520995821	294.0
812573.0246392073	296.0
812606.6971788324	297.0
812640.3697184576	302.0
812674.0422580827	303.0
812707.7147977079	302.0
812741.3873373329	303.0
812775.0598769581	307.0
812815.5205598181	312.0
812855.9812426782	305.0
812896.4419255382	275.0
812936.9026083983	263.0
812977.3632912583	267.0
813012.5994046476	266.0
813047.8355180369	268.0
813083.0716314262	267.0
813118.3077448155	255.0
813153.5438582047	264.0
813188.779971594	267.0
813224.0160849832	297.0
813259.2521983725	310.0
813295.605928816	317.0
813331.9596592594	303.0
813368.3133897029	323.0
813404.6671201463	311.0
813441.0208505898	318.0
813477.3745810334	336.0
813513.7283114768	333.0
813546.6479523148	325.0
813579.5675931528	320.0
813612.4872339908	311.0
813645.4068748287	290.0
813678.3265156668	292.0
813711.2461565047	284.0
813744.1657973428	281.0
813777.0854381808	276.0
813810.0050790188	284.0
813842.9247198568	284.0
813876.6367940885	277.0
813910.3488683201	274.0
813944.0609425518	271.0
813977.7730167834	284.0
814011.4850910151	284.0
814045.1971652467	286.0
814078.9092394784	302.0
814112.62131371	316.0
814144.6566186496	325.0
814176.6919235891	335.0
814208.7272285287	335.0
814240.7625334682	351.0
814272.7978384078	362.0
814305.5160199484	380.0
814338.234201489	397.0
814370.9523830296	416.0
814403.6705645702	443.0
814436.3887461107	442.0
814469.1069276513	460.0
814501.8251091919	475.0
814534.5432907325	481.0
814567.2614722732	443.0
814599.9796538138	451.0
814632.6978353544	450.0
814664.3013129628	446.0
814695.9047905712	440.0
814727.5082681797	433.0
814759.1117457881	432.0
814790.7152233965	431.0
814822.318701005	420.0
814853.9221786135	415.0
814885.5256562219	413.0
814917.1291338303	375.0
814948.7326114387	366.0
814980.3360890473	361.0
815011.9395666557	347.0
815043.5430442641	335.0
815075.1465218725	331.0
815106.749999481	325.0
815138.3534770894	323.0
815170.2363443079	347.0
815202.1192115262	342.0
815234.0020787447	327.0
815265.8849459632	329.0
815297.7678131815	319.0
815329.6506804	321.0
815361.5335476184	347.0
815393.4164148368	340.0
815425.2992820552	350.0
815457.1821492736	339.0
815489.065016492	325.0
815520.9478837105	339.0
815552.8307509288	330.0
815584.7136181473	314.0
815616.5964853658	337.0
815648.4793525841	321.0
815680.3622198026	316.0
815712.245087021	336.0
815744.1279542394	334.0
815776.0108214578	326.0
815809.1452990139	334.0
815842.27977657	323.0
815875.4142541263	330.0
815908.5487316824	320.0
815941.6832092385	316.0
815974.8176867946	307.0
816007.9521643508	300.0
816041.0866419069	316.0
816074.221119463	298.0
816107.3555970191	303.0
816140.4900745753	296.0
816173.6245521314	315.0
816206.7590296875	312.0
816239.8935072436	321.0
816273.0279847998	315.0
816306.1624623559	302.0
816339.296939912	316.0
816372.4314174681	310.0
816405.5658950243	316.0
816438.7003725804	310.0
816471.8348501365	317.0
816504.9693276926	314.0
816538.1038052489	311.0
816569.9137510156	325.0
816601.7236967823	312.0
816633.5336425488	302.0
816665.3435883155	303.0
816697.1535340822	302.0
816728.9634798489	299.0
816760.7734256156	310.0
816792.5833713822	300.0
816824.3933171489	299.0
816856.2032629156	323.0
816888.0132086823	327.0
816919.823154449	332.0
816951.6331002157	340.0
816983.4430459823	328.0
817015.252991749	326.0
817047.0629375157	342.0
817078.8728832824	350.0
817110.6828290491	355.0
817142.4927748156	376.0
817174.3027205823	382.0
817206.112666349	385.0
817237.68445124	384.0
817269.256236131	391.0
817300.828021022	395.0
817332.399805913	394.0
817363.9715908039	390.0
817395.5433756949	378.0
817427.1151605858	369.0
817458.6869454768	364.0
817490.2587303679	362.0
817521.8305152588	352.0
817553.4023001498	333.0
817584.9740850407	328.0
817616.5458699317	317.0
817648.1176548228	314.0
817679.6894397137	319.0
817711.2612246047	316.0
817742.8330094956	311.0
817774.4047943866	316.0
817806.604271867	315.0
817838.8037493475	315.0
817871.0032268278	297.0
817903.2027043082	298.0
817935.4021817886	302.0
817967.6016592691	310.0
817999.8011367494	322.0
818032.0006142298	320.0
818064.2000917103	335.0
818096.3995691907	344.0
818134.3030724713	337.0
818172.2065757519	338.0
818210.1100790325	345.0
818248.013582313	344.0
818285.9170855936	352.0
818323.8205888742	360.0
818361.7240921548	375.0
818399.6275954354	360.0
818437.531098716	365.0
818479.0153479205	375.0
818520.4995971249	362.0
818561.9838463294	358.0
818603.4680955339	350.0
818644.9523447383	335.0
818686.4365939428	335.0
818727.9208431473	323.0
818760.7799109793	327.0
818793.6389788113	323.0
818826.4980466433	319.0
818859.3571144753	317.0
818892.2161823075	303.0
818925.0752501395	315.0
818957.9343179715	314.0
818993.6479876376	301.0
819029.3616573036	298.0
819065.0753269697	303.0
819100.7889966358	303.0
819136.5026663019	313.0
819172.2163359681	308.0
819207.9300056342	330.0
819243.6436753003	322.0
819279.3573449664	314.0
819315.0710146325	302.0
819350.7846842986	305.0
819386.4983539646	287.0
819422.2120236307	291.0
819457.9256932968	286.0
819493.6393629629	274.0
819532.1967325103	285.0
819570.7541020578	285.0
819609.3114716052	275.0
819647.8688411526	301.0
819686.4262107001	296.0
819724.9835802475	286.0
819763.5409497949	286.0
819802.0983193424	283.0
819840.6556888897	283.0
819879.2130584371	297.0
819917.7704279845	298.0
819956.327797532	288.0
819994.8851670794	276.0
820033.4425366268	279.0
820071.9999061743	284.0
820110.5572757217	303.0
820149.1146452691	311.0
820187.6720148165	299.0
820230.6045818275	299.0
820273.5371488386	305.0
820316.4697158496	301.0
820359.4022828607	306.0
820402.3348498717	313.0
820445.2674168828	321.0
820488.1999838938	339.0
820531.1325509049	339.0
820574.0651179159	326.0
820616.997684927	274.0
820659.9302519379	258.0
820702.862818949	259.0
820745.79538596	261.0
820779.0301602745	255.0
820812.2649345889	248.0
820845.4997089033	253.0
820878.7344832177	261.0
820911.9692575322	253.0
820945.2040318466	259.0
820978.4388061609	259.0
821011.6735804754	263.0
821044.9083547898	261.0
821078.1431291043	260.0
821111.3779034186	256.0
821144.6126777331	257.0
821177.8474520475	254.0
821211.082226362	252.0
821244.3170006763	250.0
821279.0302075081	260.0
821313.74341434	262.0
821348.4566211719	271.0
821383.1698280037	285.0
821417.8830348356	262.0
821452.5962416674	256.0
821487.3094484992	246.0
821522.0226553311	259.0
821556.735862163	252.0
821591.4490689948	266.0
821626.1622758267	258.0
821660.8754826585	273.0
821695.5886894903	262.0
821731.1554848274	280.0
821766.7222801644	274.0
821802.2890755014	261.0
821837.8558708383	265.0
821873.4226661753	261.0
821908.9894615123	267.0
821944.5562568493	265.0
821980.1230521863	265.0
822015.6898475233	256.0
822051.2566428604	261.0
822086.8234381973	264.0
822122.3902335343	265.0
822157.9570288713	270.0
822193.5238242083	269.0
822229.0906195453	272.0
822264.6574148823	272.0
822300.2242102193	282.0
822335.7910055562	269.0
822371.3578008933	267.0
822406.9245962303	272.0
822442.4913915673	276.0
822478.0581869043	279.0
822513.6249822413	276.0
822545.5269347338	285.0
822577.4288872264	281.0
822609.3308397188	289.0
822641.2327922113	292.0
822673.1347447039	270.0
822705.0366971964	285.0
822736.9386496888	297.0
822768.8406021814	297.0
822800.7425546739	290.0
822832.6445071665	271.0
822864.5464596589	255.0
822896.4484121514	252.0
822928.350364644	256.0
822960.2523171365	266.0
822992.1542696289	273.0
823024.0562221215	263.0
823055.958174614	255.0
823087.8601271065	258.0
823119.762079599	257.0
823151.6640320915	256.0
823183.565984584	257.0
823215.4679370766	255.0
823247.369889569	258.0
823279.2718420615	262.0
823311.1737945541	257.0
823342.734709699	257.0
823374.2956248439	258.0
823405.8565399889	263.0
823437.4174551339	272.0
823468.9783702787	273.0
823500.5392854237	257.0
823532.1002005687	254.0
823563.6611157135	263.0
823595.2220308585	258.0
823626.7829460035	241.0
823658.3438611483	233.0
823689.9047762933	246.0
823721.4656914383	256.0
823753.0266065832	257.0
823784.5875217281	253.0
823816.1484368731	256.0
823847.709352018	258.0
823879.2702671629	258.0
823910.8311823079	253.0
823942.3920974528	243.0
823973.3135396708	242.0
824004.2349818888	252.0
824035.1564241069	258.0
824066.0778663249	255.0
824096.9993085429	239.0
824127.9207507609	234.0
824158.842192979	242.0
824189.7636351971	243.0
824220.6850774151	245.0
824251.6065196331	261.0
824282.5279618511	281.0
824313.4494040691	289.0
824344.3708462871	280.0
824375.2922885052	268.0
824406.2137307232	259.0
824437.1351729413	256.0
824468.0566151593	260.0
824498.9780573773	262.0
824529.8994995954	270.0
824560.8209418134	283.0
824591.7423840314	290.0
824622.6638262494	299.0
824653.5852684674	294.0
824684.5067106856	296.0
824715.4281529036	300.0
824746.3495951216	299.0
824777.2710373396	290.0
824808.1924795576	276.0
824839.1139217757	271.0
824870.3115553174	268.0
824901.509188859	267.0
824932.7068224007	257.0
824963.9044559423	263.0
824995.102089484	267.0
825026.2997230256	283.0
825057.4973565673	304.0
825088.694990109	294.0
825119.8926236506	288.0
825151.0902571923	282.0
825182.2878907339	278.0
825213.4855242756	263.0
825244.6831578172	257.0
825275.8807913589	243.0
825307.0784249005	247.0
825338.2760584421	271.0
825369.4736919837	298.0
825400.6713255254	282.0
825431.868959067	285.0
825463.0665926087	292.0
825494.2642261503	291.0
825525.461859692	303.0
825556.6594932337	286.0
825587.8571267753	277.0
825619.054760317	291.0
825661.808466597	249.0
825704.562172877	241.0
825747.315879157	266.0
825789.6062331417	264.0
825831.8965871264	260.0
825874.186941111	279.0
825916.4772950957	271.0
825958.7676490804	282.0
826001.0580030651	310.0
826043.3483570497	325.0
826075.9752400549	319.0
826108.60212306	289.0
826141.229006065	310.0
826173.8558890702	287.0
826206.4827720753	284.0
826239.1096550805	271.0
826271.7365380856	275.0
826304.3634210908	257.0
826336.9903040958	251.0
826369.6171871009	248.0
826402.2440701061	262.0
826434.8709531112	256.0
826467.4978361164	254.0
826500.1247191215	254.0
826532.7516021265	268.0
826564.2377564631	269.0
826595.7239107997	270.0
826627.2100651363	275.0
826658.6962194729	274.0
826690.1823738096	269.0
826721.6685281462	261.0
826753.1546824828	260.0
826784.6408368194	263.0
826816.126991156	260.0
826847.6131454926	258.0
826879.0992998292	264.0
826910.5854541658	263.0
826942.0716085024	270.0
826973.5577628391	273.0
827005.0439171757	273.0
827036.5300715123	275.0
827067.1959394033	279.0
827097.8618072942	287.0
827128.527675185	295.0
827159.1935430759	299.0
827189.8594109669	268.0
827220.5252788578	273.0
827251.1911467487	277.0
827281.8570146397	278.0
827312.5228825305	278.0
827343.1887504214	273.0
827373.8546183123	280.0
827404.5204862033	276.0
827435.1863540942	275.0
827465.8522219851	265.0
827496.5180898759	267.0
827527.1839577669	266.0
827557.8498256578	268.0
827588.5156935487	272.0
827619.1815614396	271.0
827649.8474293306	273.0
827680.5132972214	280.0
827711.1791651123	277.0
827741.536715405	274.0
827771.8942656975	261.0
827802.2518159901	257.0
827832.6093662827	264.0
827862.9669165752	271.0
827893.3244668678	273.0
827923.6820171603	268.0
827954.039567453	266.0
827984.3971177456	268.0
828014.7546680381	272.0
828045.1122183307	295.0
828075.4697686234	301.0
828105.8273189159	292.0
828136.1848692085	276.0
828166.542419501	280.0
828196.8999697936	287.0
828227.2575200862	297.0
828257.6150703788	294.0
828287.9726206714	305.0
828318.330170964	300.0
828348.6877212565	291.0
828379.0452715491	292.0
828409.4028218416	287.0
828439.7603721343	277.0
828470.1179224269	266.0
828505.3750347382	293.0
828540.6321470495	304.0
828575.8892593608	297.0
828611.146371672	314.0
828646.4034839834	305.0
828681.6605962947	297.0
828716.917708606	279.0
828752.1748209173	271.0
828787.4319332286	260.0
828822.6890455398	269.0
828857.9461578511	261.0
828893.2032701625	264.0
828927.1333962478	274.0
828961.063522333	259.0
828994.9936484185	253.0
829028.9237745038	251.0
829062.853900589	258.0
829096.7840266743	257.0
829130.7141527598	260.0
829164.644278845	261.0
829198.5744049303	253.0
829232.5045310156	253.0
829268.440835034	239.0
829304.3771390525	236.0
829340.3134430709	226.0
829376.2497470892	230.0
829412.1860511076	235.0
829448.1223551261	231.0
829484.0586591444	232.0
829519.9949631628	224.0
829555.9312671812	226.0
829591.8675711997	232.0
829627.803875218	240.0
829669.6803458902	244.0
829711.5568165624	248.0
829753.4332872346	232.0
829795.3097579068	225.0
829837.186228579	236.0
829879.0626992511	236.0
829920.9391699233	252.0
829962.8156405955	269.0
829996.9664409771	267.0
830031.1172413585	275.0
830065.26804174	260.0
830099.4188421216	263.0
830133.5696425032	254.0
830167.7204428846	267.0
830201.8712432662	258.0
830236.0220436477	273.0
830270.1728440293	284.0
830304.3236444107	259.0
830338.4744447923	288.0
830372.6252451738	275.0
830406.7760455554	271.0
830440.9268459368	261.0
830475.0776463184	275.0
830509.2284466999	260.0
830543.3792470815	273.0
830577.5300474629	258.0
830611.6808478445	261.0
830647.9739039856	288.0
830684.2669601266	266.0
830720.5600162677	250.0
830756.8530724088	241.0
830793.1461285499	240.0
830829.439184691	256.0
830865.7322408321	247.0
830902.0252969732	240.0
830938.3183531143	250.0
830974.6114092553	250.0
831010.9044653964	234.0
831047.1975215375	241.0
831083.4905776787	249.0
831119.7836338197	248.0
831156.0766899608	258.0
831192.3697461019	281.0
831228.662802243	277.0
831264.955858384	281.0
831301.2489145251	284.0
831337.5419706663	282.0
831377.9100073046	300.0
831418.278043943	302.0
831458.6460805814	299.0
831499.0141172197	289.0
831539.3821538581	278.0
831579.7501904964	270.0
831620.1182271348	273.0
831660.4862637732	259.0
831700.8543004115	263.0
831741.2223370499	259.0
831781.5903736883	261.0
831821.9584103266	266.0
831862.3264469651	258.0
831902.6944836035	253.0
831943.0625202418	274.0
831983.4570310452	295.0
832023.8515418486	305.0
832064.246052652	308.0
832104.6405634554	309.0
832145.0350742588	300.0
832185.4295850622	287.0
832225.8240958656	277.0
832266.218606669	277.0
832306.6131174724	256.0
832347.0076282759	256.0
832380.8223168489	247.0
832414.6370054218	242.0
832448.4516939948	243.0
832482.2663825678	238.0
832516.0810711408	246.0
832549.8957597137	239.0
832583.7104482867	239.0
832617.5251368597	233.0
832651.3398254326	231.0
832685.1545140056	233.0
832718.9692025786	235.0
832752.7838911517	230.0
832786.5985797246	215.0
832820.4132682976	214.0
832854.2279568706	225.0
832888.0426454435	228.0
832921.8573340165	238.0
832955.6720225895	245.0
832988.700369601	251.0
833021.7287166126	232.0
833054.7570636241	230.0
833087.7854106356	238.0
833120.8137576472	232.0
833153.8421046587	231.0
833186.8704516703	232.0
833219.8987986818	232.0
833252.9271456933	236.0
833285.9554927049	242.0
833318.9838397164	230.0
833352.012186728	238.0
833385.0405337395	253.0
833418.068880751	245.0
833451.0972277626	242.0
833484.1255747741	245.0
833519.8445952227	219.0
833555.5636156714	226.0
833591.28263612	257.0
833627.0016565687	257.0
833662.7206770174	277.0
833698.439697466	273.0
833734.1587179146	284.0
833769.8777383632	267.0
833805.5967588119	251.0
833841.3157792605	265.0
833877.0347997092	266.0
833912.7538201578	279.0
833948.4728406065	268.0
833984.1918610551	254.0
834019.9108815037	256.0
834056.6702379152	258.0
834093.4295943266	268.0
834130.1889507382	255.0
834166.9483071497	248.0
834203.7076635612	252.0
834240.4670199726	229.0
834277.2263763841	213.0
834313.9857327957	227.0
834350.7450892072	245.0
834387.5044456186	255.0
834426.8971816893	260.0
834466.28991776	264.0
834505.6826538305	260.0
834545.0753899012	254.0
834584.4681259718	269.0
834623.8608620425	271.0
834663.2535981132	288.0
834702.6463341839	288.0
834742.7417707231	279.0
834782.8372072624	291.0
834822.9326438017	313.0
834863.0280803409	300.0
834903.1235168802	277.0
834943.2189534195	275.0
834983.3143899587	271.0
835023.409826498	268.0
835063.5052630372	268.0
835103.6006995764	268.0
835143.6961361157	259.0
835183.791572655	267.0
835223.8870091942	273.0
835263.9824457335	270.0
835304.3685541886	253.0
835344.7546626439	226.0
835385.140771099	239.0
835425.5268795541	249.0
835465.9129880094	239.0
835506.2990964645	251.0
835546.6852049198	258.0
835587.0713133749	237.0
835627.45742183	242.0
835667.8435302853	259.0
835701.3129857588	245.0
835734.7824412324	262.0
835768.2518967058	261.0
835801.7213521793	254.0
835835.1908076528	265.0
835868.6602631264	246.0
835902.1297185998	269.0
835935.5991740733	263.0
835969.0686295468	258.0
836002.5380850204	277.0
836036.0075404939	276.0
836069.4769959673	271.0
836102.9464514408	288.0
836136.4159069144	282.0
836168.2749486445	301.0
836200.1339903745	296.0
836231.9930321046	285.0
836263.8520738346	308.0
836295.7111155647	307.0
836327.5701572947	299.0
836359.4291990248	299.0
836391.2882407549	295.0
836423.1472824849	290.0
836455.006324215	287.0
836486.865365945	303.0
836518.7244076751	298.0
836550.5834494052	287.0
836583.3704569069	264.0
836616.1574644087	253.0
836648.9444719104	278.0
836681.7314794121	278.0
836714.5184869138	273.0
836747.3054944156	265.0
836780.0925019173	246.0
836812.879509419	239.0
836845.6665169207	237.0
836878.4535244225	268.0
836911.2405319242	253.0
836944.0275394259	245.0
836976.8145469276	264.0
837009.6015544294	250.0
837044.5905449286	233.0
837079.5795354276	236.0
837114.5685259268	263.0
837149.5575164258	269.0
837184.546506925	279.0
837219.5354974241	251.0
837254.5244879232	260.0
837289.5134784224	251.0
837324.5024689215	256.0
837359.4914594206	246.0
837396.7858916849	245.0
837434.0803239492	245.0
837471.3747562135	223.0
837508.6691884778	217.0
837545.9636207421	218.0
837583.2580530064	229.0
837620.1526712094	230.0
837657.0472894125	227.0
837693.9419076156	226.0
837730.8365258187	238.0
837767.7311440217	231.0
837804.6257622248	242.0
837841.520380428	251.0
837878.414998631	245.0
837915.309616834	263.0
837952.2042350371	271.0
837989.0988532401	241.0
838025.9934714433	260.0
838062.8880896464	259.0
838099.7827078494	247.0
838136.6773260524	252.0
838173.5719442555	240.0
838210.4665624587	240.0
838247.3611806617	236.0
838284.2557988648	229.0
838321.1504170678	218.0
838358.045035271	215.0
838394.939653474	216.0
838431.8342716771	217.0
838468.7288898801	218.0
838505.6235080832	221.0
838542.5181262863	224.0
838579.4127444894	218.0
838641.742551472	231.0
838678.7548678102	222.0
838715.7671841484	230.0
838752.7795004866	241.0
838789.7918168247	229.0
838826.8041331628	234.0
838863.8164495011	234.0
838900.8287658392	230.0
838937.8410821774	243.0
838974.8533985156	220.0
839011.8657148537	224.0
839048.8780311919	213.0
839085.89034753	210.0
839122.9026638683	222.0
839159.9149802064	217.0
839192.9451237129	206.0
839225.9752672195	203.0
839259.005410726	207.0
839292.0355542324	214.0
839325.065697739	217.0
839358.0958412455	217.0
839391.1259847521	228.0
839424.1561282586	220.0
839457.186271765	222.0
839490.2164152716	218.0
839523.2465587781	211.0
839556.2767022846	212.0
839589.3068457912	211.0
839622.3369892976	209.0
839655.3671328041	217.0
839688.3972763107	219.0
839721.4274198172	217.0
839754.4575633238	214.0
839787.4877068303	213.0
839820.5178503367	229.0
839853.5479938433	233.0
839886.5781373498	224.0
839918.4221010145	223.0
839950.2660646791	228.0
839982.1100283439	230.0
840013.9539920085	223.0
840045.7979556732	216.0
840077.6419193378	215.0
840109.4858830025	219.0
840141.3298466671	219.0
840173.1738103318	223.0
840205.0177739965	209.0
840236.8617376612	204.0
840268.7057013258	203.0
840300.5496649905	217.0
840332.3936286551	225.0
840364.4254242377	215.0
840396.4572198205	211.0
840428.4890154031	201.0
840460.5208109858	207.0
840492.5526065684	213.0
840524.5844021512	232.0
840556.6161977338	222.0
840588.6479933165	223.0
840620.6797888991	223.0
840652.7115844819	243.0
840684.7433800645	243.0
840716.7751756472	246.0
840748.8069712298	243.0
840780.4213708338	241.0
840812.0357704378	237.0
840843.6501700417	235.0
840875.2645696456	249.0
840906.8789692495	264.0
840938.4933688536	265.0
840970.1077684575	247.0
841001.7221680614	253.0
841033.3365676653	250.0
841064.9509672694	235.0
841096.5653668733	235.0
841128.1797664772	238.0
841159.7941660812	228.0
841191.4085656852	209.0
841221.8358135804	209.0
841252.2630614758	220.0
841282.6903093711	217.0
841313.1175572664	213.0
841343.5448051618	204.0
841373.972053057	193.0
841404.3993009524	195.0
841434.8265488477	195.0
841465.253796743	197.0
841495.6810446384	204.0
841526.1082925337	209.0
841556.535540429	209.0
841586.9627883243	209.0
841617.3900362196	208.0
841647.8172841149	203.0
841678.2445320103	200.0
841708.6717799056	203.0
841739.099027801	209.0
841769.5262756962	217.0
841799.9535235915	222.0
841830.3807714869	209.0
841860.8080193822	207.0
841891.2352672775	203.0
841921.6625151729	202.0
841952.0897630681	203.0
841982.5170109634	216.0
842012.9442588588	220.0
842043.3715067541	225.0
842073.7987546495	225.0
842104.2260025447	237.0
842135.7633506675	240.0
842167.3006987902	239.0
842198.838046913	238.0
842230.3753950357	233.0
842261.9127431585	229.0
842293.4500912812	252.0
842324.987439404	245.0
842356.5247875267	236.0
842388.0621356495	229.0
842419.5994837722	229.0
842451.136831895	226.0
842461.0020140681	226.0
842492.253101704	225.0
842523.5041893399	226.0
842554.7552769758	241.0
842586.0063646118	229.0
842617.2574522477	220.0
842648.5085398837	210.0
842679.7596275195	211.0
842711.0107151555	210.0
842743.9083836543	219.0
842776.8060521531	215.0
842809.7037206519	220.0
842842.6013891506	215.0
842875.4990576494	226.0
842908.3967261482	197.0
842941.294394647	188.0
842974.1920631458	198.0
843007.0897316446	194.0
843039.9874001433	208.0
843072.8850686421	202.0
843105.7827371409	206.0
843138.6804056397	210.0
843171.5780741385	207.0
843204.4757426373	217.0
843246.1886467697	206.0
843287.9015509023	214.0
843329.6144550347	202.0
843371.3273591673	201.0
843413.0402632997	209.0
843454.7531674323	199.0
843496.4660715647	212.0
843538.1789756973	221.0
843579.8918798297	211.0
843621.6047839622	200.0
843663.3176880947	195.0
843705.0305922271	196.0
843746.7434963597	202.0
843788.4564004921	191.0
843830.1693046247	188.0
843871.8822087571	191.0
843913.5951128897	193.0
843950.8314267531	196.0
843988.0677406165	188.0
844025.3040544799	189.0
844062.5403683432	191.0
844099.7766822067	200.0
844137.0129960701	189.0
844174.2493099335	183.0
844211.4856237969	191.0
844248.7219376604	190.0
844285.9582515238	188.0
844323.1945653872	185.0
844360.4308792505	194.0
844397.667193114	204.0
844434.9035069774	190.0
844472.1398208408	190.0
844509.3761347042	193.0
844546.6124485676	196.0
844583.8487624311	205.0
844621.0850762945	199.0
844658.3213901578	197.0
844695.5577040212	186.0
844732.7940178846	191.0
844770.0303317481	187.0
844807.2666456115	196.0
844844.5029594749	204.0
844879.9436627646	202.0
844915.3843660543	198.0
844950.825069344	202.0
844986.2657726337	198.0
845021.7064759234	196.0
845057.1471792131	192.0
845092.5878825028	203.0
845128.0285857925	214.0
845163.4692890822	209.0
845198.9099923719	203.0
845234.3506956616	201.0
845269.7913989513	198.0
845305.232102241	191.0
845340.6728055307	188.0
845376.1135088204	188.0
845414.0497950882	189.0
845451.9860813561	196.0
845489.922367624	191.0
845527.8586538918	198.0
845565.7949401597	203.0
845603.7312264275	198.0
845641.6675126954	197.0
845679.6037989632	194.0
845720.1345930563	191.0
845760.6653871493	186.0
845801.1961812424	198.0
845841.7269753354	204.0
845882.2577694284	209.0
845922.7885635215	200.0
845963.3193576145	195.0
846003.8501517075	204.0
846044.3809458006	198.0
846084.9117398935	203.0
846125.4425339865	195.0
846165.9733280796	195.0
846206.5041221726	203.0
846247.0349162656	184.0
846284.6212219511	194.0
846322.2075276366	206.0
846359.793833322	203.0
846397.3801390073	210.0
846434.9664446928	206.0
846472.5527503783	205.0
846510.1390560637	208.0
846547.7253617492	226.0
846585.3116674346	215.0
846622.89797312	206.0
846660.4842788054	209.0
846698.0705844909	208.0
846735.6568901764	189.0
846773.2431958618	192.0
846810.8295015473	205.0
846849.7621634015	207.0
846881.1715561347	207.0
846912.580948868	202.0
846943.9903416012	198.0
846975.3997343344	200.0
847006.8091270676	196.0
847038.2185198008	190.0
847069.627912534	195.0
847101.0373052673	203.0
847132.4466980005	200.0
847163.8560907338	200.0
847195.265483467	196.0
847225.6337952306	192.0
847256.0021069942	183.0
847286.3704187578	180.0
847316.7387305213	183.0
847347.1070422849	193.0
847377.4753540485	197.0
847407.843665812	195.0
847438.2119775757	193.0
847468.5802893393	193.0
847498.9486011028	199.0
847532.3979964647	190.0
847565.8473918268	206.0
847599.2967871887	213.0
847632.7461825507	208.0
847666.1955779127	194.0
847699.6449732747	196.0
847733.0943686366	204.0
847766.5437639987	202.0
847799.9931593606	194.0
847833.4425547225	189.0
847866.8919500845	194.0
847900.3413454465	206.0
847933.7907408085	199.0
847967.2401361704	197.0
847999.2305076577	206.0
848031.2208791451	213.0
848063.2112506324	202.0
848095.2016221198	207.0
848127.1919936072	212.0
848159.1823650945	205.0
848191.1727365819	205.0
848223.1631080692	208.0
848255.1534795566	212.0
848287.1438510439	219.0
848319.1342225312	223.0
848351.1245940186	233.0
848383.1149655059	224.0
848415.1053369932	211.0
848447.0957084807	200.0
848479.086079968	201.0
848511.9402220985	201.0
848544.7943642288	203.0
848577.6485063593	205.0
848610.5026484897	209.0
848643.3567906201	216.0
848676.2109327506	212.0
848709.065074881	208.0
848741.9192170114	206.0
848774.7733591419	207.0
848807.6275012722	208.0
848840.4816434027	211.0
848873.3357855331	224.0
848906.1899276635	231.0
848938.6040054689	227.0
848971.0180832742	224.0
849003.4321610795	215.0
849035.8462388848	209.0
849068.2603166902	205.0
849100.6743944956	200.0
849133.0884723008	205.0
849165.5025501061	205.0
849197.9166279115	199.0
849230.3307057169	205.0
849262.7447835221	197.0
849295.1588613275	194.0
849327.5729391328	203.0
849359.9870169382	208.0
849392.4010947434	217.0
849424.8151725488	209.0
849457.2292503541	202.0
849489.6433281595	202.0
849522.1615426173	194.0
849554.6797570749	202.0
849587.1979715327	206.0
849619.7161859904	192.0
849652.2344004482	193.0
849684.7526149058	194.0
849717.2708293636	186.0
849749.7890438214	187.0
849782.3072582791	205.0
849814.8254727368	210.0
849847.3436871945	213.0
849879.8619016523	202.0
849912.3801161101	195.0
849944.8983305678	195.0
849977.4165450255	204.0
850009.9347594832	202.0
850042.452973941	195.0
850074.9711883987	189.0
850107.4894028564	167.0
850140.0259926092	162.0
850172.5625823621	167.0
850205.0991721149	176.0
850237.6357618677	190.0
850270.1723516205	212.0
850302.7089413734	210.0
850335.2455311262	182.0
850367.782120879	186.0
850400.3187106318	182.0
850432.8553003847	180.0
850465.3918901375	178.0
850497.9284798903	173.0
850530.4650696431	168.0
850563.1856729417	162.0
850595.9062762404	168.0
850628.626879539	167.0
850661.3474828376	157.0
850694.0680861364	169.0
850726.788689435	166.0
850759.5092927336	173.0
850792.2298960323	170.0
850824.9504993309	171.0
850857.6711026295	171.0
850890.3917059281	176.0
850923.1123092268	166.0
850955.8329125254	172.0
850988.553515824	170.0
851031.1620946721	168.0
851073.7706735203	171.0
851116.3792523684	171.0
851158.9878312164	170.0
851201.5964100646	162.0
851244.2049889127	165.0
851286.8135677609	165.0
851329.4221466089	167.0
851372.030725457	169.0
851414.6393043052	183.0
851457.2478831533	182.0
851499.8564620013	189.0
851542.4650408495	199.0
851585.0736196976	188.0
851627.6821985457	189.0
851670.2907773938	191.0
851712.8993562419	193.0
851755.5079350901	197.0
851798.1165139382	187.0
851840.7250927862	196.0
851879.150825997	188.0
851917.5765592076	174.0
851956.0022924184	175.0
851994.428025629	182.0
852032.8537588398	181.0
852071.2794920504	185.0
852109.7052252612	181.0
852148.1309584718	183.0
852186.5566916825	172.0
852224.9824248933	187.0
852263.4081581039	185.0
852301.8338913147	190.0
852340.2596245253	194.0
852378.6853577361	176.0
852417.1110909467	175.0
852455.5368241575	174.0
852493.9625573682	169.0
852532.3882905788	165.0
852570.8140237896	160.0
852609.2397570002	158.0
852647.665490211	158.0
852687.7679910534	156.0
852727.8704918958	158.0
852767.9729927382	156.0
852808.0754935807	171.0
852848.1779944232	182.0
852888.2804952656	175.0
852928.382996108	165.0
852968.4854969505	166.0
853008.5879977929	160.0
853048.6904986353	168.0
853088.7929994777	168.0
853128.8955003201	165.0
853168.9980011625	158.0
853209.100502005	161.0
853249.2030028475	172.0
853289.3055036899	177.0
853329.4080045323	176.0
853369.5105053748	168.0
853409.6130062172	164.0
853449.7155070596	166.0
853487.8889891584	163.0
853526.0624712573	164.0
853564.2359533561	162.0
853602.409435455	161.0
853640.5829175538	166.0
853678.7563996527	158.0
853716.9298817515	159.0
853755.1033638504	161.0
853793.2768459494	159.0
853831.4503280482	151.0
853869.623810147	154.0
853912.9415320031	157.0
853956.2592538592	158.0
853999.5769757152	162.0
854042.8946975714	165.0
854086.2124194275	167.0
854129.5301412835	155.0
854164.0063086019	157.0
854198.4824759203	155.0
854232.9586432388	158.0
854267.4348105572	166.0
854301.9109778756	162.0
854336.387145194	156.0
854370.8633125123	153.0
854405.3394798307	153.0
854439.8156471491	152.0
854474.2918144675	158.0
854508.7679817859	158.0
854543.2441491043	155.0
854577.7203164228	161.0
854612.1964837412	167.0
854646.6726510596	170.0
854681.148818378	161.0
854715.6249856964	165.0
854750.1011530148	151.0
854794.2040115026	161.0
854838.3068699903	166.0
854882.4097284781	152.0
854926.5125869658	158.0
854966.5732301793	164.0
855006.6338733927	168.0
855046.6945166063	165.0
855086.7551598197	162.0
855126.8158030332	163.0
855166.8764462466	168.0
855206.9370894601	174.0
855246.9977326737	173.0
855287.0583758871	174.0
855325.4796834756	156.0
855363.9009910639	150.0
855402.3222986524	148.0
855440.7436062407	151.0
855479.1649138292	160.0
855517.5862214175	155.0
855551.5511085003	157.0
855585.5159955831	164.0
855619.480882666	157.0
855653.4457697488	163.0
855687.4106568316	160.0
855721.3755439144	162.0
855755.3404309972	159.0
855789.30531808	164.0
855823.2702051628	180.0
855857.2350922456	176.0
855891.1999793284	161.0
855922.988241269	165.0
855954.7765032096	164.0
855986.5647651503	171.0
856018.3530270909	166.0
856050.1412890315	157.0
856081.9295509721	172.0
856113.7178129128	163.0
856145.5060748534	160.0
856177.294336794	158.0
856209.0825987345	153.0
856240.8708606752	157.0
856272.6591226158	157.0
856304.4473845564	158.0
856336.235646497	157.0
856368.0239084377	153.0
856399.8121703783	155.0
856431.6004323189	156.0
856463.2690320718	157.0
856494.9376318246	158.0
856526.6062315776	161.0
856558.2748313304	169.0
856589.9434310833	172.0
856621.6120308362	176.0
856653.2806305891	175.0
856684.9492303419	176.0
856716.6178300949	170.0
856748.2864298477	167.0
856779.9550296006	175.0
856811.6236293535	178.0
856843.2922291064	173.0
856874.9608288592	167.0
856906.6294286122	158.0
856938.035131545	164.0
856969.4408344779	173.0
857000.8465374107	167.0
857032.2522403437	159.0
857063.6579432766	156.0
857095.0636462094	153.0
857126.4693491423	151.0
857157.8750520751	152.0
857189.280755008	161.0
857220.6864579408	165.0
857252.0921608738	163.0
857283.4978638067	165.0
857314.9035667395	166.0
857346.3092696724	163.0
857377.7149726052	159.0
857409.1206755381	156.0
857440.5263784709	156.0
857471.9320814039	152.0
857502.6142351262	152.0
857533.2963888485	153.0
857563.9785425706	156.0
857594.6606962929	175.0
857625.3428500151	173.0
857656.0250037374	171.0
857686.7071574597	172.0
857717.3893111818	177.0
857748.0714649041	179.0
857778.7536186264	178.0
857809.4357723487	173.0
857840.1179260709	170.0
857870.8000797931	181.0
857901.4822335154	178.0
857932.1643872376	170.0
857964.8000785549	164.0
857997.4357698722	160.0
858030.0714611895	155.0
858062.7071525068	160.0
858095.3428438241	152.0
858127.9785351413	153.0
858160.6142264586	151.0
858193.249917776	155.0
858234.1980007461	150.0
858275.1460837162	148.0
858316.0941666862	156.0
858357.0422496563	148.0
858397.9903326264	148.0
858438.9384155965	150.0
858470.9971687355	156.0
858503.0559218745	146.0
858535.1146750135	143.0
858567.1734281525	143.0
858599.2321812916	146.0
858631.2909344306	152.0
858663.3496875695	147.0
858695.4084407085	143.0
858727.4671938475	146.0
858759.5259469865	144.0
858791.5847001255	149.0
858823.6434532645	154.0
858855.7022064035	150.0
858887.7609595425	149.0
858919.8197126816	150.0
858951.8784658206	138.0
858983.9372189596	147.0
859015.9959720985	155.0
859047.5818250289	155.0
859079.1676779591	165.0
859110.7535308894	169.0
859142.3393838196	155.0
859173.9252367499	154.0
859205.5110896801	163.0
859237.0969426105	160.0
859268.6827955408	158.0
859300.268648471	150.0
859331.8545014013	149.0
859363.4403543315	147.0
859395.0262072618	146.0
859426.612060192	147.0
859458.1979131224	146.0
859489.7837660526	146.0
859521.8539819338	147.0
859553.924197815	154.0
859585.9944136962	152.0
859618.0646295774	145.0
859650.1348454586	161.0
859682.2050613398	150.0
859714.275277221	143.0
859746.3454931022	144.0
859778.4157089834	140.0
859813.1454892047	149.0
859847.8752694258	145.0
859882.605049647	146.0
859917.3348298682	143.0
859952.0646100894	145.0
859986.7943903106	144.0
860021.5241705318	136.0
860056.253950753	137.0
860090.9837309741	139.0
860125.7135111954	134.0
860160.4432914165	136.0
860195.1730716377	143.0
860240.3657569577	143.0
860285.5584422777	136.0
860330.7511275976	141.0
860375.9438129177	146.0
860421.1364982376	140.0
860466.3291835577	138.0
860501.6973222946	137.0
860537.0654610316	150.0
860572.4335997686	144.0
860607.8017385055	153.0
860643.1698772425	158.0
860678.5380159795	157.0
860713.9061547164	157.0
860749.2742934534	152.0
860784.6424321904	147.0
860830.4130418047	147.0
860876.183651419	142.0
860916.9358080681	148.0
860957.6879647174	147.0
860998.4401213665	143.0
861039.1922780158	129.0
861079.9444346649	136.0
861120.6965913142	147.0
861161.4487479633	148.0
861201.9803077844	151.0
861242.5118676055	158.0
861283.0434274265	147.0
861323.5749872476	141.0
861364.1065470687	139.0
861404.6381068898	142.0
861445.1696667108	147.0
861485.7012265319	147.0
861526.232786353	144.0
861563.9683069458	142.0
861601.7038275384	149.0
861639.4393481312	155.0
861677.1748687238	158.0
861714.9103893166	153.0
861752.6459099093	157.0
861790.381430502	153.0
861828.1169510947	151.0
861865.8524716875	149.0
861903.8847668776	151.0
861941.9170620679	142.0
861979.949357258	139.0
862017.9816524483	138.0
862056.0139476385	141.0
862094.0462428286	145.0
862132.0785380189	146.0
862170.110833209	141.0
862208.1431283993	148.0
862246.1754235894	143.0
862284.2077187796	148.0
862322.2400139698	151.0
862359.5160559095	149.0
862396.7920978492	148.0
862434.0681397888	144.0
862471.3441817284	142.0
862508.620223668	143.0
862545.8962656078	142.0
862583.1723075474	140.0
862620.448349487	141.0
862657.7243914267	142.0
862695.0004333664	140.0
862732.276475306	148.0
862763.3077394787	146.0
862794.3390036512	140.0
862825.3702678238	162.0
862856.4015319963	167.0
862887.432796169	163.0
862918.4640603416	155.0
862949.4953245141	143.0
862980.5265886867	145.0
863011.5578528594	148.0
863044.4782535017	145.0
863077.398654144	147.0
863110.3190547863	146.0
863143.2394554286	142.0
863176.1598560709	152.0
863209.0802567132	151.0
863242.0006573555	149.0
863274.9210579979	156.0
863307.8414586402	145.0
863340.7618592825	113.0
863380.485718037	110.0
863420.2095767915	139.0
863459.933435546	148.0
863499.6572943005	148.0
863539.3811530549	140.0
863579.1050118094	151.0
863618.8288705639	148.0
863658.5527293184	142.0
863698.2765880729	139.0
863738.0004468274	142.0
863777.7243055819	137.0
863817.4481643364	142.0
863857.1720230908	148.0
863896.8958818453	147.0
863936.6197405998	140.0
863976.3435993543	144.0
864017.5863965058	146.0
864058.8291936574	150.0
864100.0719908089	154.0
864141.3147879605	148.0
864182.557585112	149.0
864223.8003822637	148.0
864265.0431794153	153.0
864306.2859765668	155.0
864347.5287737184	147.0
864388.77157087	145.0
864430.0143680215	144.0
864471.7584804188	140.0
864513.5025928161	139.0
864555.2467052134	132.0
864596.9908176108	133.0
864638.7349300081	136.0
864680.4790424054	136.0
864722.2231548027	141.0
864763.9672672	142.0
864805.7113795973	146.0
864847.4554919946	148.0
864889.1996043919	145.0
864930.9437167892	143.0
864972.6878291866	143.0
865014.4319415839	139.0
865056.1760539812	141.0
865097.9201663785	144.0
865139.6642787758	144.0
865181.4705038123	147.0
865223.2767288489	148.0
865265.0829538854	141.0
865306.8891789219	136.0
865348.6954039586	136.0
865390.501628995	139.0
865432.3078540316	142.0
865474.1140790682	139.0
865515.9203041047	136.0
865557.7265291412	136.0
865599.5327541778	139.0
865641.3389792143	142.0
865683.1452042508	142.0
865724.9514292873	145.0
865766.7576543239	147.0
865808.5638793604	147.0
865850.370104397	148.0
865889.7683406683	143.0
865929.1665769396	144.0
865968.564813211	142.0
866007.9630494823	144.0
866047.3612857538	143.0
866086.7595220251	154.0
866126.1577582965	145.0
866165.5559945678	143.0
866204.9542308392	138.0
866244.3524671105	140.0
866283.7507033818	144.0
866323.1489396532	138.0
866362.5471759246	135.0
866401.945412196	134.0
866443.9897627683	139.0
866486.0341133407	140.0
866528.0784639129	140.0
866570.1228144853	136.0
866612.1671650576	135.0
866654.21151563	135.0
866696.2558662023	136.0
866738.3002167747	142.0
866780.344567347	144.0
866822.3889179192	146.0
866864.4332684916	146.0
866906.4776190639	143.0
866946.4146331885	139.0
866986.351647313	136.0
867026.2886614376	135.0
867066.2256755622	133.0
867106.1626896868	133.0
867146.0997038112	138.0
867186.0367179358	139.0
867225.9737320604	139.0
867265.9107461849	136.0
867305.8477603095	135.0
867345.784774434	138.0
867385.7217885586	139.0
867425.6588026831	137.0
867465.5958168077	142.0
867505.5328309323	144.0
867545.4698450569	143.0
867589.1972540146	142.0
867632.9246629723	142.0
867676.65207193	138.0
867720.3794808878	136.0
867764.1068898455	135.0
867807.8342988032	133.0
867851.5617077609	134.0
867895.2891167187	139.0
867939.0165256764	145.0
867982.7439346341	145.0
868026.4713435918	137.0
868070.1987525496	138.0
868113.9261615073	146.0
868154.622858536	154.0
868195.3195555647	150.0
868236.0162525934	145.0
868276.712949622	142.0
868317.4096466507	143.0
868358.1063436794	141.0
868398.8030407081	138.0
868439.4997377368	138.0
868480.1964347655	148.0
868520.8931317942	146.0
868561.5898288229	140.0
868602.2865258515	140.0
868642.9832228802	138.0
868683.6799199089	138.0
868724.3766169376	139.0
868765.0733139663	137.0
868805.770010995	134.0
868846.4667080237	135.0
868887.1634050523	135.0
868927.860102081	133.0
868968.6224818486	139.0
869009.3848616162	140.0
869050.1472413838	145.0
869090.9096211514	145.0
869131.672000919	145.0
869172.4343806866	136.0
869213.1967604542	137.0
869253.9591402218	138.0
869294.7215199894	140.0
869335.483899757	146.0
869376.2462795245	143.0
869417.0086592921	140.0
869457.7710390597	133.0
869498.5334188273	127.0
869539.295798595	136.0
869580.0581783626	138.0
869620.8205581302	140.0
869661.5829378978	140.0
869702.3453176654	139.0
869743.107697433	138.0
869784.3411363463	132.0
869825.5745752597	135.0
869866.8080141731	135.0
869908.0414530863	131.0
869949.2748919997	132.0
869990.508330913	131.0
870031.7417698264	127.0
870072.9752087398	134.0
870114.2086476531	135.0
870155.4420865665	135.0
870196.6755254798	142.0
870237.9089643931	150.0
870279.1424033064	140.0
870320.3758422198	132.0
870361.6092811332	134.0
870402.8427200465	139.0
870441.7895533997	143.0
870480.7363867529	141.0
870519.6832201061	146.0
870558.6300534592	145.0
870597.5768868125	138.0
870636.5237201656	137.0
870675.4705535187	143.0
870714.417386872	145.0
870753.3642202251	146.0
870792.3110535783	149.0
870831.2578869315	140.0
870870.2047202847	128.0
870909.1515536378	131.0
870948.0983869911	139.0
870987.0452203442	140.0
871025.9920536974	135.0
871064.9388870505	135.0
871103.8857204037	136.0
871143.5955632678	144.0
871183.3054061319	144.0
871223.0152489961	141.0
871262.7250918602	139.0
871302.4349347242	138.0
871342.1447775883	128.0
871381.8546204524	127.0
871421.5644633166	130.0
871461.2743061807	137.0
871500.9841490447	137.0
871540.6939919088	135.0
871580.4038347729	133.0
871620.1136776371	133.0
871659.8235205011	134.0
871699.5333633652	140.0
871741.2855415288	139.0
871783.0377196923	140.0
871824.789897856	146.0
871866.5420760195	138.0
871908.2942541831	138.0
871950.0464323466	134.0
871991.7986105102	135.0
872033.5507886737	132.0
872075.3029668373	134.0
872117.0551450008	136.0
872158.8073231644	132.0
872200.5595013279	130.0
872242.3116794915	128.0
872277.6502514909	124.0
872312.9888234903	135.0
872348.3273954897	139.0
872383.665967489	136.0
872419.0045394883	136.0
872454.3431114878	131.0
872489.6816834871	126.0
872525.0202554865	128.0
872560.3588274858	128.0
872613.4842572048	125.0
872648.2533275957	133.0
872683.0223979865	133.0
872717.7914683773	130.0
872752.5605387682	130.0
872787.329609159	131.0
872822.0986795499	131.0
872856.8677499407	135.0
872891.6368203316	131.0
872926.4058907224	130.0
872961.1749611133	126.0
873009.6151643698	124.0
873058.0553676264	122.0
873106.4955708828	128.0
873154.9357741394	136.0
873187.4521858151	131.0
873219.9685974908	126.0
873252.4850091665	126.0
873285.0014208423	130.0
873317.517832518	134.0
873350.0342441937	128.0
873382.5506558694	125.0
873415.0670675451	126.0
873447.5834792209	125.0
873480.0998908966	130.0
873512.6163025723	138.0
873545.132714248	130.0
873577.2167861752	125.0
873609.3008581024	126.0
873641.3849300295	129.0
873673.4690019566	129.0
873705.5530738838	131.0
873737.637145811	133.0
873769.7212177381	134.0
873801.8052896652	132.0
873833.8893615924	131.0
873865.9734335196	129.0
873898.0575054467	125.0
873930.1415773738	127.0
873963.8093913161	131.0
873997.4772052584	122.0
874031.1450192007	120.0
874064.812833143	123.0
874098.4806470852	130.0
874135.7704455724	127.0
874173.0602440597	129.0
874210.3500425469	129.0
874247.6398410341	119.0
874284.9296395213	125.0
874322.2194380085	129.0
874359.5092364956	127.0
874392.7328396816	124.0
874425.9564428675	123.0
874459.1800460536	123.0
874492.4036492396	129.0
874525.6272524255	124.0
874558.8508556115	120.0
874592.0744587976	120.0
874625.2980619835	118.0
874658.5216651695	120.0
874691.7452683555	124.0
874724.9688715416	126.0
874758.1924747275	125.0
874791.4160779135	125.0
874824.6396810994	125.0
874857.8632842855	127.0
874891.0868874715	128.0
874925.524483475	127.0
874959.9620794785	130.0
874994.3996754821	131.0
875028.8372714855	131.0
875063.274867489	134.0
875097.7124634925	132.0
875132.150059496	126.0
875166.5876554996	121.0
875201.0252515031	121.0
875235.4628475066	121.0
875269.9004435102	123.0
875304.3380395136	127.0
875338.7756355171	132.0
875373.2132315206	130.0
875407.6508275241	127.0
875442.0884235277	125.0
875476.5260195312	130.0
875510.9636155347	132.0
875545.4012115381	129.0
875587.6968332467	125.0
875629.9924549554	125.0
875672.288076664	125.0
875714.5836983726	123.0
875756.8793200812	121.0
875799.1749417898	124.0
875841.4705634984	133.0
875883.7661852071	133.0
875926.0618069157	130.0
875968.3574286243	137.0
876010.653050333	133.0
876050.2117958841	136.0
876089.7705414351	131.0
876129.3292869861	132.0
876168.8880325372	131.0
876208.4467780882	132.0
876248.0055236393	132.0
876287.5642691903	126.0
876327.1230147413	127.0
876366.6817602924	130.0
876406.2405058434	135.0
876445.7992513945	133.0
876485.3579969455	133.0
876524.9167424965	135.0
876564.4754880476	132.0
876604.0342335986	126.0
876643.5929791495	122.0
876683.1517247006	124.0
876724.9907204104	127.0
876766.8297161203	126.0
876808.66871183	124.0
876850.50770754	127.0
876892.3467032497	124.0
876934.1856989595	126.0
876976.0246946694	130.0
877017.8636903792	130.0
877059.702686089	129.0
877101.5416817989	132.0
877143.3806775087	137.0
877185.2196732186	138.0
877227.0586689283	132.0
877268.8976646381	126.0
877310.736660348	123.0
877352.5756560578	121.0
877394.4146517676	119.0
877432.7246610632	128.0
877471.0346703586	127.0
877509.3446796542	121.0
877547.6546889497	125.0
877585.9646982453	126.0
877624.2747075408	134.0
877662.5847168363	135.0
877700.8947261319	135.0
877739.2047354274	127.0
877777.514744723	123.0
877815.8247540185	122.0
877854.134763314	133.0
877892.4447726095	133.0
877930.7547819051	130.0
877966.7016548632	127.0
878002.6485278214	130.0
878038.5954007795	129.0
878074.5422737377	136.0
878110.4891466958	136.0
878146.4360196539	136.0
878182.3828926121	128.0
878218.3297655702	129.0
878254.2766385284	134.0
878290.2235114865	131.0
878326.1703844448	128.0
878362.1172574029	125.0
878398.064130361	131.0
878434.0110033192	129.0
878469.9578762773	130.0
878503.3674885854	130.0
878536.7771008937	128.0
878570.1867132018	124.0
878603.5963255101	123.0
878637.0059378182	128.0
878670.4155501265	126.0
878703.8251624346	116.0
878737.2347747429	120.0
878770.644387051	122.0
878804.0539993593	121.0
878837.4636116674	123.0
878870.8732239757	123.0
878904.2828362838	122.0
878937.692448592	116.0
878971.1020609002	117.0
879004.5116732084	120.0
879037.9212855166	121.0
879071.3308978248	125.0
879104.740510133	126.0
879136.0102428104	126.0
879167.2799754879	124.0
879198.5497081652	124.0
879229.8194408427	123.0
879261.0891735201	126.0
879292.3589061976	127.0
879323.628638875	131.0
879354.8983715525	131.0
879386.1681042298	130.0
879417.4378369073	125.0
879448.7075695847	125.0
879479.9773022622	123.0
879511.2470349396	123.0
879542.5167676171	126.0
879573.7865002945	122.0
879605.056232972	118.0
879636.3259656493	119.0
879667.5956983268	127.0
879698.8654310042	130.0
879730.1806993533	127.0
879761.4959677025	129.0
879792.8112360517	133.0
879824.1265044009	130.0
879855.44177275	126.0
879886.7570410991	117.0
879918.0723094483	121.0
879949.3875777975	124.0
879980.7028461467	124.0
880012.0181144958	125.0
880043.3333828449	123.0
880074.6486511941	127.0
880105.9639195432	128.0
880137.2791878924	122.0
880168.5944562416	120.0
880199.9097245907	120.0
880231.1526985	123.0
880262.3956724093	122.0
880293.6386463186	120.0
880324.8816202279	120.0
880356.1245941372	117.0
880387.3675680466	116.0
880418.6105419558	122.0
880449.853515865	120.0
880481.0964897744	117.0
880512.3394636837	118.0
880548.6371275366	121.0
880584.9347913895	122.0
880621.2324552424	122.0
880657.5301190953	120.0
880693.8277829483	118.0
880730.1254468012	116.0
880766.423110654	117.0
880802.4878328502	113.0
880838.5525550464	115.0
880874.6172772426	116.0
880910.6819994388	116.0
880946.746721635	116.0
880982.8114438312	115.0
881018.8761660274	115.0
881054.9408882237	117.0
881091.0056104199	115.0
881127.0703326161	115.0
881163.1350548123	117.0
881199.1997770085	120.0
881231.782620195	119.0
881264.3654633815	117.0
881296.948306568	117.0
881329.5311497544	118.0
881362.113992941	116.0
881394.6968361274	117.0
881427.2796793139	118.0
881459.8625225005	120.0
881492.4453656869	120.0
881525.0282088734	120.0
881557.6110520599	118.0
881590.1938952464	118.0
881622.7767384328	121.0
881655.3595816194	121.0
881685.8405694297	120.0
881716.32155724	116.0
881746.8025450503	115.0
881777.2835328605	116.0
881807.7645206708	116.0
881838.245508481	113.0
881868.7264962913	112.0
881899.2074841016	112.0
881929.6884719119	111.0
881965.632635947	111.0
882001.576799982	115.0
882037.520964017	116.0
882073.4651280519	118.0
882109.409292087	117.0
882144.9079235408	118.0
882180.4065549946	118.0
882215.9051864485	118.0
882251.4038179023	116.0
882286.9024493562	115.0
882322.40108081	115.0
882353.6749690559	115.0
882384.9488573018	116.0
882416.2227455478	116.0
882447.4966337937	115.0
882478.7705220396	115.0
882510.0444102855	114.0
882541.3182985315	114.0
882573.5732009672	116.0
882605.8281034027	115.0
882638.0830058384	113.0
882670.3379082741	112.0
882702.5928107098	111.0
882734.8477131454	110.0
882767.1026155811	110.0
882804.7066564042	110.0
882842.3106972273	110.0
882879.9147380504	114.0
882917.5187788735	113.0
882956.745235599	115.0
882995.9716923244	111.0
883035.1981490499	110.0
883074.4246057754	110.0
883117.5641251015	110.0
883160.7036444278	110.0
883203.843163754	110.0
883246.9826830802	109.0
883280.4151012587	109.0
883313.8475194371	109.0
883347.2799376155	118.0
883380.7123557939	117.0
883414.1447739723	110.0
883447.5771921508	108.0
883481.0096103292	119.0
883514.4420285076	118.0
883547.874446686	116.0
883579.1238022698	116.0
883610.9085258957	120.0
883642.6932495215	116.0
883674.4779731474	115.0
883706.2626967734	117.0
883738.0474203993	121.0
883769.8321440251	120.0
883801.3930442702	118.0
883832.9539445153	118.0
883864.5148447604	117.0
883896.0757450055	116.0
883927.6366452506	124.0
883959.1975454957	124.0
883990.7584457408	125.0
884022.3193459859	124.0
884053.880246231	121.0
884085.4411464761	121.0
884117.0020467212	123.0
884149.2649933776	122.0
884181.527940034	114.0
884213.7908866906	110.0
884246.053833347	110.0
884278.3167800035	109.0
884310.5797266599	109.0
884342.8426733165	109.0
884374.8513572983	109.0
884406.8600412803	109.0
884438.8687252621	109.0
884470.877409244	110.0
884502.8860932259	110.0
884534.8947772078	110.0
884566.9034611897	110.0
884598.9121451715	110.0
884631.5642529534	110.0
884664.2163607352	110.0
884696.8684685171	110.0
884729.5205762989	110.0
884762.1726840807	110.0
884794.8247918625	110.0
884827.4768996444	109.0
884860.1290074262	109.0
884893.4279093909	109.0
884926.7268113556	109.0
884960.0257133201	109.0
884993.3246152848	115.0
885026.6235172495	121.0
885059.9224192142	121.0
885093.2213211787	120.0
885126.5202231434	119.0
885159.8191251081	116.0
885193.1180270727	125.0
885238.2542217774	122.0
885283.3904164821	120.0
885328.5266111867	114.0
885373.6628058914	108.0
885409.580774472	109.0
885445.4987430527	109.0
885481.4167116333	109.0
885517.334680214	110.0
885553.2526487947	110.0
885589.1706173753	110.0
885625.0885859559	109.0
885661.0065545366	111.0
885696.9245231173	110.0
885732.8424916979	108.0
885765.8581684965	107.0
885798.873845295	107.0
885831.8895220937	107.0
885864.9051988922	105.0
885897.9208756909	123.0
885930.9365524895	130.0
885963.952229288	104.0
885996.9679060867	121.0
886029.9835828852	128.0
886065.4701601231	114.0
886100.9567373609	117.0
886136.4433145988	107.0
886171.9298918366	114.0
886207.4164690744	109.0
886242.9030463123	109.0
886288.5658105882	110.0
886334.2285748642	110.0
886379.8913391401	108.0
886425.554103416	113.0
886457.2501732288	112.0
886488.9462430414	114.0
886520.6423128542	115.0
886552.3383826668	115.0
886584.0344524796	112.0
886615.7305222923	113.0
886647.426592105	119.0
886679.1226619177	120.0
886710.8187317305	120.0
886742.5148015431	117.0
886774.2108713558	111.0
886805.442455157	109.0
886836.6740389583	109.0
886867.9056227595	110.0
886899.1372065607	110.0
886930.3687903619	110.0
886961.6003741631	110.0
886992.8319579645	110.0
887024.0635417657	110.0
887055.2951255669	110.0
887086.5267093681	110.0
887120.6276065373	110.0
887154.7285037066	110.0
887188.8294008758	109.0
887222.9302980452	110.0
887257.0311952144	110.0
887291.1320923837	108.0
887325.2329895529	109.0
887359.3338867222	110.0
887393.4347838914	110.0
887427.5356810607	108.0
887473.187308631	110.0
887518.8389362012	110.0
887564.4905637715	110.0
887610.1421913417	110.0
887640.4913731912	108.0
887670.8405550407	122.0
887701.1897368903	128.0
887731.5389187399	125.0
887761.8881005894	124.0
887792.2372824389	126.0
887827.1977406072	125.0
887862.1581987756	138.0
887897.1186569439	124.0
887932.0791151123	133.0
887967.0395732806	116.0
888002.000031449	121.0
888036.9604896173	114.0
888071.6240473035	111.0
888106.2876049895	126.0
888140.9511626756	113.0
888175.6147203618	120.0
888210.2782780478	116.0
888244.9268282825	113.0
888279.5753785172	111.0
888314.2239287519	115.0
888348.8724789866	115.0
888383.5210292214	122.0
888418.169579456	121.0
888468.0003572651	118.0
888517.8311350744	118.0
888567.6619128835	113.0
888617.4926906928	111.0
888666.4670649032	108.0
888715.4414391137	108.0
888749.3707171493	109.0
888783.2999951849	108.0
888817.2292732205	108.0
888851.1585512562	108.0
888885.0878292917	108.0
888919.0171073274	108.0
888952.946385363	108.0
888986.8756633985	108.0
889019.3149265927	108.0
889051.754189787	108.0
889084.1934529811	108.0
889116.6327161753	108.0
889149.0719793695	108.0
889181.5112425637	108.0
889213.9505057579	107.0
889246.3897689522	111.0
889278.8290321463	113.0
889311.879068258	112.0
889344.9291043697	117.0
889377.9791404814	117.0
889411.0291765933	116.0
889444.079212705	115.0
889477.1292488168	117.0
889510.1792849285	116.0
889543.2293210402	111.0
889576.279357152	111.0
889609.3293932638	111.0
889640.135301177	124.0
889670.9412090903	119.0
889701.7471170034	111.0
889732.5530249167	111.0
889763.3589328299	110.0
889794.1648407432	110.0
889824.9707486564	111.0
889855.7766565697	115.0
889886.5825644828	114.0
889917.3884723961	113.0
889948.1943803093	110.0
889979.0002882226	104.0
890009.8061961358	105.0
890040.6121040491	109.0
890071.4180119622	108.0
890102.8899470031	108.0
890134.3618820439	105.0
890165.8338170848	105.0
890197.3057521256	117.0
890228.7776871665	114.0
890260.2496222073	105.0
890291.7215572482	104.0
890323.1934922889	105.0
890354.6654273298	105.0
890395.5331458196	104.0
890436.4008643092	104.0
890477.2685827989	110.0
890518.1363012885	115.0
890559.0040197782	113.0
890599.8717382678	114.0
890634.614259602	115.0
890669.3567809362	110.0
890704.0993022704	109.0
890738.8418236047	104.0
890773.5843449389	102.0
890808.3268662731	102.0
890843.0693876073	104.0
890877.8119089415	103.0
890909.1634246443	104.0
890940.514940347	104.0
890971.8664560498	102.0
891003.2179717526	103.0
891034.5694874554	103.0
891065.9210031582	103.0
891097.272518861	110.0
891128.6240345638	110.0
891159.9755502666	108.0
891191.3270659694	104.0
891222.6785816721	113.0
891254.0300973749	111.0
891284.6137126085	111.0
891315.197327842	111.0
891345.7809430754	110.0
891376.364558309	108.0
891406.9481735425	104.0
891437.531788776	103.0
891472.659342876	110.0
891507.786896976	122.0
891542.914451076	121.0
891578.042005176	121.0
891613.169559276	110.0
891648.2971133759	110.0
891683.4246674759	105.0
891718.5522215759	108.0
891753.6797756759	104.0
891788.8073297758	117.0
891823.9348838758	105.0
891867.2514373062	102.0
891910.5679907366	99.0
891953.884544167	102.0
891997.2010975974	101.0
892040.5176510278	102.0
892083.8342044583	102.0
892127.1507578887	102.0
892170.4673113191	102.0
892213.7838647495	102.0
892257.1004181799	103.0
892300.4169716103	106.0
892343.7335250407	112.0
892378.897945896	108.0
892414.0623667513	103.0
892449.2267876066	102.0
892484.391208462	104.0
892519.5556293172	102.0
892554.7200501725	102.0
892589.8844710279	102.0
892625.0488918831	102.0
892660.2133127385	102.0
892695.3777335938	102.0
892730.542154449	102.0
892761.5688658094	101.0
892792.5955771698	101.0
892823.6222885301	101.0
892854.6489998905	102.0
892885.6757112509	101.0
892916.7024226113	102.0
892947.7291339716	102.0
892978.755845332	102.0
893009.7825566924	102.0
893040.8092680528	102.0
893071.8359794131	102.0
893102.8626907736	102.0
893133.8894021339	102.0
893164.9161134943	101.0
893195.9428248546	101.0
893226.9695362151	101.0
893257.9962475754	101.0
893289.0229589358	100.0
893320.0496702961	112.0
893351.0763816565	105.0
893382.1030930169	98.0
893413.1298043772	99.0
893444.1565157376	117.0
893475.183227098	106.0
893506.2099384584	101.0
893537.2366498187	101.0
893568.0442567765	101.0
893598.8518637343	101.0
893629.659470692	101.0
893660.4670776498	101.0
893691.2746846075	101.0
893722.0822915654	101.0
893752.8898985231	101.0
893783.6975054808	100.0
893814.5051124386	100.0
893845.3127193964	99.0
893876.1203263542	101.0
893906.9279333119	105.0
893937.7355402696	104.0
893968.5431472275	102.0
893999.3507541852	101.0
894030.158361143	102.0
894060.9659681007	109.0
894091.2473255101	109.0
894121.5286829196	107.0
894151.810040329	106.0
894182.0913977384	104.0
894212.3727551479	103.0
894242.6541125573	102.0
894272.9354699667	100.0
894303.2168273762	100.0
894333.4981847856	100.0
894363.779542195	100.0
894394.0608996045	100.0
894424.3422570138	100.0
894454.6236144232	100.0
894486.0527596608	100.0
894517.4819048982	100.0
894548.9110501357	100.0
894580.3401953732	100.0
894611.7693406107	100.0
894643.1984858481	100.0
894674.6276310857	100.0
894706.0567763231	99.0
894737.4859215607	101.0
894768.9150667982	102.0
894800.3442120356	102.0
894831.7733572732	103.0
894863.2025025106	104.0
894894.6316477482	104.0
894926.0607929856	104.0
894957.4660621759	105.0
894988.8713313662	105.0
895020.2766005566	104.0
895051.6818697469	102.0
895083.0871389373	100.0
895114.4924081276	98.0
895145.897677318	97.0
895177.3029465083	97.0
895208.7082156986	102.0
895240.1134848889	97.0
895271.5187540792	97.0
895302.9240232696	97.0
895334.32929246	98.0
895365.7345616503	97.0
895397.1398308406	97.0
895428.545100031	97.0
895459.9503692213	97.0
895491.3556384116	97.0
895524.4771180892	97.0
895557.5985977667	97.0
895590.7200774443	96.0
895623.841557122	98.0
895656.9630367996	96.0
895690.0845164771	96.0
895723.2059961547	101.0
895756.3274758323	98.0
895789.4489555098	97.0
895822.5704351874	100.0
895855.691914865	99.0
895888.8133945426	100.0
895921.9348742202	100.0
895955.0563538978	96.0
895988.1778335754	96.0
896021.0814148287	96.0
896053.984996082	96.0
896086.8885773353	96.0
896119.7921585887	96.0
896152.6957398419	96.0
896185.5993210953	96.0
896218.5029023485	96.0
896251.4064836019	100.0
896282.9377423545	96.0
896314.469001107	96.0
896346.0002598597	96.0
896377.5315186123	96.0
896409.0627773649	96.0
896440.5940361174	96.0
896472.12529487	96.0
896503.6565536227	96.0
896535.1878123753	96.0
896566.7190711278	97.0
896598.4922964666	96.0
896630.2655218054	97.0
896662.0387471442	100.0
896693.8119724831	96.0
896725.5851978218	98.0
896757.3584231606	99.0
896795.5568535301	97.0
896833.7552838997	97.0
896871.9537142692	99.0
896910.1521446387	102.0
896948.3505750083	101.0
896986.5490053778	101.0
897024.7474357473	97.0
897062.9458661169	97.0
897106.5003909208	96.0
897150.0549157246	96.0
897193.6094405284	96.0
897227.0516092505	96.0
897260.4937779725	96.0
897293.9359466946	96.0
897327.3781154166	96.0
897360.8202841387	96.0
897394.2624528607	96.0
897427.7046215826	96.0
897462.9828454887	96.0
897498.2610693948	96.0
897533.5392933008	96.0
897568.8175172068	96.0
897604.0957411128	95.0
897639.3739650189	95.0
897674.652188925	97.0
897709.930412831	99.0
897741.7857039539	100.0
897773.6409950769	96.0
897805.4962861998	96.0
897837.3515773227	95.0
897869.2068684456	95.0
897901.0621595685	95.0
897932.9174506915	96.0
897964.7727418144	96.0
897996.6280329373	95.0
898028.4833240602	97.0
898060.2386911035	98.0
898091.9940581468	97.0
898123.7494251903	94.0
898155.5047922336	94.0
898187.2601592769	94.0
898219.0155263202	94.0
898264.0557472742	94.0
898309.0959682281	94.0
898354.136189182	96.0
898399.1764101359	94.0
898444.2166310899	94.0
898489.2568520438	94.0
898534.2970729978	93.0
898577.3725233322	93.0
898620.4479736667	93.0
898663.5234240013	93.0
898706.5988743358	94.0
898749.6743246702	94.0
898792.7497750047	93.0
898835.8252253392	94.0
898878.9006756737	92.0
898921.9761260082	92.0
898923.5243073555	92.0
898956.6642482524	92.0
898989.8041891494	92.0
899022.9441300463	93.0
899056.0840709432	92.0
899089.2240118402	92.0
899122.3639527371	92.0
899155.503893634	92.0
899188.643834531	92.0
899221.7837754278	92.0
899254.9237163247	92.0
899288.0636572217	92.0
899321.2035981186	94.0
899354.3435390155	93.0
899387.4834799125	92.0
899424.8775147325	94.0
899462.2715495524	91.0
899499.6655843725	95.0
899537.0596191924	101.0
899574.4536540124	100.0
899611.8476888324	99.0
899649.2417236523	99.0
899685.8702940647	99.0
899722.4988644772	102.0
899759.1274348896	101.0
899795.7560053021	101.0
899832.3845757145	100.0
899869.0131461269	99.0
899905.6417165393	96.0
899942.2702869517	91.0
899985.578160218	91.0
900028.8860334842	90.0
900072.1939067505	90.0
900115.5017800168	90.0
900158.8096532831	92.0
900202.1175265494	94.0
900245.4253998157	94.0
900288.7332730818	88.0
900332.0411463481	89.0
900375.3490196144	90.0
900418.6568928807	90.0
900461.964766147	90.0
900497.0788403036	92.0
900532.1929144601	89.0
900567.3069886167	91.0
900602.4210627732	89.0
900637.5351369298	89.0
900672.6492110863	89.0
900707.763285243	93.0
900742.8773593996	95.0
900777.9914335561	94.0
900813.1055077127	94.0
900848.2195818692	93.0
900883.3336560258	94.0
900918.4477301823	92.0
900953.5618043389	95.0
900988.6758784954	92.0
901017.2499171596	94.0
901054.2187679954	91.0
901091.1876188313	90.0
901128.1564696671	97.0
901165.125320503	92.0
901202.0941713388	89.0
901239.0630221748	89.0
901276.0318730106	89.0
901313.0007238464	90.0
901349.9695746823	89.0
901386.9384255181	91.0
901423.907276354	92.0
901460.8761271898	96.0
901505.6460137265	95.0
901550.4159002632	97.0
901595.1857867999	98.0
901639.9556733366	101.0
901684.7255598733	99.0
901729.4954464099	94.0
901774.2653329467	96.0
901819.0352194833	97.0
901863.8051060201	96.0
901908.5749925567	95.0
901953.3448790933	96.0
901998.1147656301	99.0
902033.3592093528	99.0
902068.6036530755	97.0
902103.8480967982	97.0
902139.092540521	97.0
902174.3369842436	98.0
902209.5814279662	100.0
902244.825871689	100.0
902280.0703154117	96.0
902315.3147591344	91.0
902350.5592028571	89.0
902385.8036465799	90.0
902421.0480903025	88.0
902456.2925340252	91.0
902490.8085713714	89.0
902525.3246087177	91.0
902559.8406460639	91.0
902594.3566834101	90.0
902628.8727207565	91.0
902663.3887581027	94.0
902697.9047954489	95.0
902731.0882180253	95.0
902764.2716406016	96.0
902797.455063178	96.0
902830.6384857544	93.0
902863.8219083307	92.0
902897.0053309071	92.0
902930.1887534835	94.0
902963.3721760598	94.0
902996.5555986362	96.0
903035.6721413215	92.0
903074.7886840068	89.0
903113.9052266921	89.0
903153.0217693774	89.0
903192.1383120627	89.0
903231.254854748	88.0
903270.3713974333	88.0
903309.4879401188	89.0
903348.6044828041	89.0
903387.7210254894	89.0
903426.8375681747	95.0
903465.95411086	90.0
903505.0706535453	89.0
903540.4790751449	91.0
903575.8874967445	89.0
903611.295918344	92.0
903646.7043399436	95.0
903682.1127615432	88.0
903717.5211831428	88.0
903752.9296047423	88.0
903788.338026342	88.0
903823.7464479415	88.0
903860.8097119791	88.0
903897.8729760167	88.0
903934.9362400543	88.0
903971.9995040919	88.0
904009.0627681295	88.0
904046.1260321671	87.0
904047.3635440273	87.0
904079.3032196562	87.0
904111.2428952852	87.0
904143.1825709142	87.0
904175.1222465431	87.0
904207.0619221721	87.0
904239.001597801	87.0
904284.4233948952	87.0
904312.8137837716	87.0
904359.2034746646	87.0
904405.5931655576	87.0
904451.9828564505	87.0
904487.5179961743	87.0
904523.0531358981	86.0
904558.5882756219	116.0
904594.1234153457	94.0
904629.6585550696	105.0
904665.1936947934	105.0
904700.7288345172	106.0
904739.2686488753	107.0
904777.8084632335	103.0
904816.3482775916	97.0
904854.8880919497	106.0
904893.427906308	110.0
904931.9677206661	105.0
904970.5075350242	104.0
905001.7544645728	104.0
905033.0013941214	104.0
905064.24832367	97.0
905095.4952532186	89.0
905126.7421827671	88.0
905157.9891123158	87.0
905189.2360418644	87.0
905220.482971413	86.0
905251.7299009615	85.0
905282.9768305102	87.0
905314.2237600588	87.0
905345.4706896073	87.0
905376.717619156	88.0
905407.9645487046	88.0
905439.2114782531	93.0
905470.4584078017	93.0
905504.2556385535	92.0
905538.0528693054	94.0
905571.8501000572	93.0
905605.6473308089	92.0
905639.4445615608	89.0
905673.2417923126	92.0
905707.0390230644	89.0
905740.8362538163	91.0
905774.6334845681	87.0
905808.4307153199	90.0
905842.2279460717	88.0
905876.0251768235	89.0
905909.8224075753	88.0
905943.6196383272	84.0
905977.416869079	88.0
906011.2140998308	84.0
906045.0113305826	88.0
906085.659846698	87.0
906126.3083628137	87.0
906166.9568789292	89.0
906207.6053950448	88.0
906248.2539111603	87.0
906288.9024272759	84.0
906329.5509433914	84.0
906370.199459507	87.0
906410.8479756225	91.0
906451.496491738	87.0
906492.1450078536	85.0
906532.7935239691	84.0
906573.4420400847	84.0
906614.0905562002	86.0
906654.7390723159	85.0
906695.3875884314	85.0
906730.1789964377	86.0
906764.7432514358	85.0
906799.3075064338	86.0
906833.8717614319	85.0
906868.4360164299	84.0
906903.000271428	85.0
906937.564526426	85.0
906972.1287814241	85.0
907006.6930364221	85.0
907041.2572914202	85.0
907075.8215464184	85.0
907110.3858014164	85.0
907144.9500564145	85.0
907179.5143114125	83.0
907214.0785664106	83.0
907248.6428214086	84.0
907283.2070764067	85.0
907317.7713314047	84.0
907352.3355864028	83.0
907386.8998414009	85.0
907421.4640963989	83.0
907454.5389436004	82.0
907487.6137908018	86.0
907520.6886380033	83.0
907553.7634852048	84.0
907586.8383324061	87.0
907619.9131796076	83.0
907652.9880268091	82.0
907686.0628740105	84.0
907719.137721212	82.0
907752.2125684135	83.0
907785.2874156149	82.0
907818.3622628164	84.0
907851.4371100179	86.0
907884.5119572193	88.0
907917.5868044207	86.0
907918.4197857925	86.0
907961.6575070276	85.0
908004.8952282628	90.0
908048.1329494979	91.0
908091.370670733	89.0
908134.6083919682	91.0
908177.8461132033	88.0
908221.0838344385	85.0
908264.3215556736	85.0
908307.5592769088	94.0
908342.7373894955	98.0
908377.9155020822	95.0
908413.0936146688	98.0
908448.2717272555	95.0
908483.4498398423	87.0
908518.627952429	81.0
908553.8060650157	81.0
908588.9841776023	82.0
908624.1622901891	81.0
908659.3404027758	86.0
908694.5185153625	85.0
908729.6966279492	86.0
908764.8747405359	92.0
908800.0528531226	99.0
908835.2309657093	99.0
908870.409078296	96.0
908905.5871908827	97.0
908938.2409309819	96.0
908970.8946710812	95.0
909003.5484111805	97.0
909036.2021512799	86.0
909068.8558913792	96.0
909101.5096314785	91.0
909134.1633715777	96.0
909166.817111677	89.0
909199.4708517763	96.0
909232.1245918757	96.0
909264.778331975	97.0
909297.4320720743	97.0
909330.0858121736	94.0
909362.7395522728	90.0
909395.3932923721	90.0
909428.0470324714	88.0
909460.7007725708	89.0
909493.3545126701	86.0
909526.0082527694	87.0
909558.6619928686	85.0
909591.3157329679	89.0
909623.9694730672	86.0
909658.7952259221	80.0
909693.620978777	85.0
909728.4467316319	83.0
909763.2724844867	83.0
909798.0982373416	83.0
909832.9239901964	81.0
909867.7497430514	81.0
909902.5754959063	83.0
909939.9921581035	81.0
909977.4088203007	80.0
910014.825482498	80.0
910052.2421446953	81.0
910089.6588068925	80.0
910127.0754690897	82.0
910164.4921312869	80.0
910201.9087934841	81.0
910239.3254556814	81.0
910276.7421178786	81.0
910314.1587800758	81.0
910351.575442273	81.0
910388.9921044703	81.0
910426.4087666676	81.0
910456.9655280511	81.0
910487.5222894346	81.0
910518.0790508181	81.0
910548.6358122017	81.0
910579.1925735852	81.0
910609.7493349686	81.0
910647.6634539745	80.0
910685.5775729804	80.0
910723.4916919863	88.0
910761.4058109922	82.0
910799.319929998	81.0
910837.2340490039	81.0
910875.1481680098	80.0
910913.0622870157	80.0
910950.9764060216	80.0
910988.7618519376	80.0
911026.5472978536	80.0
911064.3327437697	80.0
911102.1181896857	80.0
911139.9036356017	81.0
911177.6890815177	80.0
911215.4745274337	80.0
911253.2599733499	80.0
911256.5388871194	80.0
911287.3643340404	80.0
911318.1897809615	80.0
911349.0152278825	80.0
911379.8406748036	80.0
911410.6661217246	80.0
911441.4915686457	80.0
911472.3170155667	78.0
911503.1424624879	76.0
911533.967909409	78.0
911564.79335633	93.0
911595.6188032511	94.0
911626.4442501721	78.0
911657.2696970932	81.0
911691.1734533175	86.0
911725.0772095417	93.0
911758.980965766	89.0
911792.8847219903	81.0
911826.7884782146	83.0
911860.6922344388	77.0
911894.5959906632	78.0
911928.4997468875	78.0
911962.4035031118	78.0
911996.307259336	78.0
912030.2110155603	78.0
912064.1147717846	78.0
912098.018528009	78.0
912130.9362773537	78.0
912163.8540266984	78.0
912196.7717760431	78.0
912239.9877270953	78.0
912283.2036781474	80.0
912326.4196291995	79.0
912369.6355802517	79.0
912412.851531304	80.0
912456.0674823561	82.0
912499.2834334082	82.0
912542.4993844604	84.0
912585.7153355125	85.0
912628.9312865647	83.0
912672.1472376168	83.0
912715.363188669	84.0
912758.5791397211	85.0
912801.7950907734	86.0
912845.0110418255	86.0
912888.2269928777	86.0
912931.4429439298	87.0
912974.658894982	85.0
913015.9772239272	82.0
913057.2955528724	84.0
913098.6138818176	84.0
913139.9322107628	81.0
913181.2505397081	79.0
913222.5688686533	81.0
913263.8871975985	82.0
913305.2055265437	78.0
913346.5238554889	75.0
913377.673558737	80.0
913408.8232619852	80.0
913439.9729652334	79.0
913471.1226684815	78.0
913502.2723717297	78.0
913533.4220749779	77.0
913564.5717782261	77.0
913595.7214814742	76.0
913626.8711847224	76.0
913658.0208879706	76.0
913689.1705912187	76.0
913720.3202944669	76.0
913751.4699977151	76.0
913782.6197009631	76.0
913813.7694042113	76.0
913844.9191074595	76.0
913876.0688107077	76.0
913907.5494108298	76.0
913939.030010952	76.0
913970.5106110742	76.0
914001.9912111964	76.0
914033.4718113185	76.0
914064.9524114407	75.0
914096.4330115629	75.0
914127.913611685	75.0
914159.3942118073	76.0
914190.8748119294	75.0
914222.3554120515	75.0
914253.8360121738	75.0
914285.3166122959	75.0
914316.797212418	76.0
914348.2778125403	76.0
914379.7584126624	76.0
914411.3682942756	76.0
914442.9781758889	76.0
914474.588057502	75.0
914506.1979391152	80.0
914537.8078207285	79.0
914569.4177023417	81.0
914601.0275839549	85.0
914632.6374655681	84.0
914664.2473471813	81.0
914695.8572287945	82.0
914727.4671104077	83.0
914759.076992021	83.0
914790.6868736341	83.0
914822.2967552473	83.0
914853.9066368606	85.0
914885.7605794782	83.0
914917.6145220958	86.0
914949.4684647134	87.0
914981.3224073311	86.0
915013.1763499486	84.0
915045.0302925663	82.0
915076.8842351839	83.0
915108.7381778015	81.0
915140.5921204191	78.0
915172.4460630368	76.0
915207.5949791744	76.0
915242.7438953121	76.0
915277.8928114496	76.0
915313.0417275872	76.0
915348.1906437249	76.0
915383.3395598625	76.0
915418.488476	76.0
915453.6373921377	76.0
915488.7863082753	76.0
915523.9352244129	76.0
915559.0841405505	76.0
915594.2330566881	75.0
915629.3819728257	75.0
915664.5308889634	80.0
915701.1319847465	78.0
915737.7330805298	91.0
915774.334176313	100.0
915810.9352720962	103.0
915847.5363678795	100.0
915884.1374636627	98.0
915920.738559446	99.0
915957.3396552291	103.0
915989.3524318337	102.0
916021.3652084382	100.0
916053.3779850429	99.0
916085.3907616474	97.0
916117.403538252	94.0
916149.4163148565	99.0
916181.4290914611	102.0
916213.4418680656	102.0
916245.4546446702	104.0
916277.4674212747	106.0
916309.4801978794	106.0
916341.4929744839	105.0
916373.5057510885	106.0
916405.518527693	110.0
916441.9175685041	104.0
916478.3166093152	106.0
916514.7156501262	100.0
916551.1146909373	101.0
916587.5137317484	94.0
916623.9127725596	87.0
916660.3118133707	90.0
916696.7108541818	85.0
916733.1098949928	86.0
916763.6715694739	86.0
916794.2332439551	85.0
916824.7949184362	81.0
916855.3565929173	81.0
916885.9182673986	75.0
916916.4799418797	74.0
916947.0416163609	74.0
916977.603290842	75.0
917008.1649653232	75.0
917038.7266398043	80.0
917069.2883142855	82.0
917099.8499887666	79.0
917131.7581518022	75.0
917163.6663148379	76.0
917195.5744778735	80.0
917227.4826409093	76.0
917259.3908039449	75.0
917291.2989669805	81.0
917323.2071300162	87.0
917355.1152930518	85.0
917387.0234560875	80.0
917418.9316191231	83.0
917456.7117179206	81.0
917494.491816718	83.0
917532.2719155155	84.0
917570.0520143129	74.0
917607.8321131105	75.0
917648.7220367081	82.0
917689.6119603057	81.0
917730.5018839034	73.0
917771.3918075011	72.0
917812.2817310987	73.0
917844.4363525552	72.0
917876.5909740118	72.0
917908.7455954683	73.0
917940.9002169248	72.0
917973.0548383815	72.0
918005.209459838	72.0
918037.3640812945	72.0
918069.518702751	77.0
918101.6733242077	77.0
918133.8279456642	72.0
918165.9825671207	72.0
918198.1371885773	72.0
918230.2918100338	71.0
918262.4464314904	72.0
918294.601052947	72.0
918326.7556744035	71.0
918364.4158818161	71.0
918402.0760892287	72.0
918439.7362966413	71.0
918477.3965040538	71.0
918515.0567114665	71.0
918552.7169188791	71.0
918590.3771262916	70.0
918628.0373337043	70.0
918665.6975411169	70.0
918703.3577485294	70.0
918741.017955942	70.0
918778.6781633546	70.0
918816.3383707672	70.0
918853.9985781797	76.0
918891.6587855924	72.0
918929.318993005	70.0
918966.2992168737	70.0
919003.2794407423	69.0
919040.2596646111	68.0
919077.2398884797	69.0
919114.2201123484	80.0
919151.2003362172	79.0
919188.1805600858	73.0
919225.1607839545	88.0
919262.1410078232	85.0
919299.1212316919	70.0
919336.1014555607	70.0
919373.0816794293	69.0
919410.061903298	70.0
919447.0421271666	69.0
919484.0223510354	69.0
919521.0025749041	69.0
919557.9827987727	69.0
919594.9630226415	69.0
919631.9432465101	69.0
919668.9234703789	69.0
919705.9036942476	69.0
919742.8839181162	69.0
919782.326107449	69.0
919821.7682967818	69.0
919861.2104861146	69.0
919900.6526754474	69.0
919940.0948647802	69.0
919979.537054113	69.0
920018.9792434458	68.0
920058.4214327786	68.0
920097.8636221114	68.0
920137.3058114442	68.0
920176.748000777	69.0
920216.1901901098	76.0
920255.6323794426	79.0
920295.0745687754	74.0
920334.5167581082	68.0
920373.958947441	76.0
920413.4011367738	80.0
920446.6154011115	80.0
920479.8296654492	79.0
920513.043929787	84.0
920546.2581941248	84.0
920579.4724584626	83.0
920612.6867228003	83.0
920645.900987138	83.0
920679.1152514758	83.0
920712.3295158136	85.0
920745.5437801513	84.0
920778.7580444891	85.0
920811.9723088269	81.0
920845.1865731645	72.0
920876.5800647903	66.0
920907.9735564161	68.0
920939.3670480418	70.0
920970.7605396676	78.0
921002.1540312934	76.0
921033.5475229191	82.0
921064.9410145449	77.0
921096.3345061707	70.0
921127.7279977964	69.0
921159.1214894222	67.0
921190.514981048	68.0
921221.9084726737	68.0
921253.3019642995	67.0
921284.6954559252	66.0
921316.088947551	71.0
921347.4824391768	71.0
921378.8759308025	71.0
921410.2694224283	70.0
921444.379703268	77.0
921478.4899841076	74.0
921512.6002649473	78.0
921546.7105457869	75.0
921580.8208266265	72.0
921614.9311074661	71.0
921649.0413883057	73.0
921683.1516691453	72.0
921717.261949985	75.0
921751.3722308247	68.0
921785.4825116643	70.0
921819.5927925039	69.0
921853.7030733435	71.0
921887.8133541831	66.0
921921.9236350228	66.0
921956.0339158624	63.0
921990.144196702	64.0
922024.2544775417	67.0
922058.3647583813	64.0
922092.4750392209	67.0
922126.5853200606	64.0
922160.6956009002	64.0
922194.8058817398	65.0
922229.3069696687	65.0
922263.8080575975	65.0
922298.3091455264	65.0
922332.8102334552	65.0
922367.311321384	65.0
922401.8124093129	65.0
922438.9725842272	65.0
922476.1327591416	65.0
922513.2929340559	64.0
922556.5216252673	65.0
922599.7503164788	65.0
922642.9790076902	65.0
922686.2076989016	78.0
922729.4363901131	65.0
922772.6650813245	65.0
922815.8937725358	64.0
922859.1224637473	66.0
922902.3511549587	71.0
922934.5033429608	82.0
922966.655530963	79.0
922998.8077189651	84.0
923030.9599069671	82.0
923063.1120949693	79.0
923095.2642829714	78.0
923127.4164709735	84.0
923159.5686589757	88.0
923191.7208469778	86.0
923223.8730349799	88.0
923256.0252229819	88.0
923288.1774109841	81.0
923320.3295989862	88.0
923352.4817869883	91.0
923384.6339749905	70.0
923416.7861629926	64.0
923448.9383509947	76.0
923480.2276789504	79.0
923511.5170069061	81.0
923542.8063348618	78.0
923574.0956628175	79.0
923605.384990773	70.0
923636.6743187287	64.0
923667.9636466844	63.0
923699.2529746401	72.0
923730.5423025958	76.0
923761.8316305515	79.0
923793.1209585072	78.0
923824.4102864629	80.0
923855.6996144184	78.0
923895.6629731756	77.0
923935.6263319327	79.0
923975.5896906899	79.0
924015.553049447	80.0
924055.5164082042	77.0
924095.4797669613	70.0
924135.4431257185	65.0
924175.4064844756	65.0
924206.8770938023	65.0
924238.3477031289	65.0
924269.8183124557	65.0
924301.2889217823	65.0
924332.759531109	65.0
924364.2301404357	65.0
924395.7007497624	65.0
924427.1713590891	65.0
924458.6419684158	65.0
924490.1125777424	65.0
924521.5831870692	65.0
924553.0537963958	65.0
924584.5244057225	65.0
924615.9950150492	65.0
924647.4656243759	65.0
924680.577431155	64.0
924713.6892379342	63.0
924746.8010447134	63.0
924779.9128514925	72.0
924813.0246582718	66.0
924846.136465051	65.0
924879.2482718301	65.0
924912.3600786093	64.0
924945.4718853885	65.0
924978.5836921677	65.0
925011.6954989468	64.0
925044.807305726	65.0
925077.9191125052	65.0
925111.0309192844	65.0
925144.1427260636	65.0
925178.4860830446	65.0
925212.8294400256	65.0
925247.1727970066	65.0
925281.5161539876	65.0
925315.8595109686	65.0
925350.2028679496	65.0
925384.5462249306	65.0
925418.8895819115	65.0
925453.2329388926	65.0
925487.5762958735	65.0
925521.9196528546	65.0
925556.2630098355	65.0
925590.6063668166	65.0
925624.9497237975	65.0
925655.38821751	65.0
925685.8267112223	65.0
925716.2652049348	65.0
925746.7036986471	65.0
925777.1421923595	65.0
925807.5806860719	65.0
925838.0191797843	64.0
925868.4576734968	65.0
925898.8961672091	65.0
925929.3346609216	65.0
925959.7731546339	65.0
925990.2116483464	65.0
926020.6501420587	65.0
926051.0886357712	65.0
926081.5271294835	65.0
926111.965623196	65.0
926142.4041169084	65.0
926172.8426106208	64.0
926203.2811043332	64.0
926234.813783473	65.0
926266.3464626127	66.0
926297.8791417525	66.0
926329.4118208922	66.0
926360.9445000321	65.0
926392.4771791719	64.0
926424.0098583116	65.0
926455.5425374514	65.0
926487.0752165911	65.0
926518.6078957309	65.0
926550.1405748706	65.0
926581.6732540104	65.0
926613.2059331501	65.0
926644.73861229	65.0
926676.2712914298	65.0
926707.8039705695	65.0
926739.3366497093	65.0
926770.869328849	65.0
926802.4020079888	64.0
926833.9346871285	65.0
926868.0030475083	65.0
926902.0714078881	64.0
926936.139768268	65.0
926970.2081286478	64.0
927004.2764890275	65.0
927038.3448494073	64.0
927072.4132097871	64.0
927106.481570167	64.0
927140.5499305468	64.0
927174.6182909266	64.0
927208.6866513063	64.0
927252.4930551085	64.0
927296.2994589107	64.0
927340.1058627128	65.0
927383.9122665151	67.0
927427.7186703172	68.0
927471.5250741194	72.0
927515.3314779216	76.0
927559.1378817238	73.0
927602.9442855259	69.0
927646.7506893282	74.0
927690.5570931303	69.0
927729.5904549373	74.0
927768.6238167443	74.0
927807.6571785513	66.0
927846.6905403583	66.0
927885.7239021653	67.0
927924.7572639723	65.0
927963.7906257792	64.0
928002.8239875862	65.0
928041.8573493932	65.0
928080.8907112002	65.0
928119.9240730072	65.0
928152.2875688523	65.0
928184.6510646974	65.0
928217.0145605425	65.0
928249.3780563876	65.0
928281.7415522328	65.0
928314.1050480779	65.0
928346.468543923	65.0
928378.8320397681	64.0
928411.1955356132	65.0
928443.5590314583	64.0
928475.9225273035	64.0
928508.2860231486	64.0
928540.6495189936	63.0
928573.0130148387	63.0
928605.3765106838	64.0
928637.7400065289	64.0
928670.103502374	64.0
928702.4669982191	64.0
928734.8304940643	64.0
928767.1939899094	64.0
928799.5574857545	64.0
928829.760157081	64.0
928859.9628284074	64.0
928890.1654997339	64.0
928920.3681710603	64.0
928950.5708423868	64.0
928980.7735137134	64.0
929010.9761850398	64.0
929041.1788563663	64.0
929071.3815276928	64.0
929101.5841990192	64.0
929131.7868703457	64.0
929161.9895416722	64.0
929192.1922129986	64.0
929222.3948843251	64.0
929252.5975556516	64.0
929282.800226978	64.0
929313.0028983046	64.0
929343.2055696311	64.0
929373.4082409575	64.0
929403.610912284	64.0
929433.8135836105	64.0
929464.0162549369	64.0
929494.2189262634	64.0
929524.4215975899	64.0
929554.6242689163	64.0
929584.8269402428	64.0
929615.0296115692	64.0
929646.8840965873	64.0
929678.7385816053	64.0
929710.5930666233	64.0
929742.4475516413	64.0
929774.3020366593	64.0
929806.1565216773	64.0
929838.0110066953	64.0
929869.8654917133	64.0
929904.3264528674	63.0
929938.7874140213	64.0
929973.2483751754	67.0
930007.7093363295	68.0
930051.7755691671	63.0
930095.8418020048	64.0
930139.9080348425	63.0
930183.9742676802	65.0
930228.0405005178	64.0
930272.1067333556	69.0
930316.1729661932	70.0
930360.2391990309	74.0
930391.9605801675	75.0
930423.6819613039	77.0
930455.4033424405	78.0
930487.124723577	76.0
930518.8461047135	67.0
930550.5674858501	71.0
930582.2888669866	72.0
930614.0102481231	73.0
930645.7316292597	65.0
930677.4530103962	64.0
930709.1743915328	66.0
930745.7830527597	64.0
930782.3917139866	73.0
930819.0003752136	75.0
930855.6090364405	84.0
930892.2176976674	88.0
930928.8263588944	91.0
930965.4350201213	81.0
931002.0436813482	78.0
931034.443911582	77.0
931066.8441418157	77.0
931099.2443720495	76.0
931131.6446022831	76.0
931164.0448325169	74.0
931196.4450627506	77.0
931228.8452929844	77.0
931261.2455232182	76.0
931293.6457534519	77.0
931326.0459836856	78.0
931358.4462139193	77.0
931390.8464441531	77.0
931433.231963241	78.0
931475.6174823289	76.0
931518.0030014167	75.0
931560.3885205046	76.0
931602.7740395925	75.0
931645.1595586804	77.0
931687.5450777683	78.0
931724.3247456147	76.0
931761.1044134612	76.0
931797.8840813076	74.0
931834.663749154	74.0
931871.4434170004	76.0
931908.2230848469	76.0
931945.0027526933	76.0
931981.7824205396	81.0
932018.562088386	80.0
932055.3417562325	79.0
932092.1214240789	80.0
932128.9010919253	81.0
932165.6807597717	81.0
932202.4604276182	81.0
932239.2400954646	81.0
932276.019763311	80.0
932322.2817671627	76.0
932368.5437710144	78.0
932414.8057748661	74.0
932461.0677787177	75.0
932507.3297825694	78.0
932553.5917864211	75.0
932599.8537902728	76.0
932646.1157941245	72.0
932678.7604792989	74.0
932711.4051644731	76.0
932744.0498496474	76.0
932776.6945348218	74.0
932809.339219996	73.0
932841.9839051703	74.0
932874.6285903446	72.0
932907.2732755189	71.0
932939.9179606932	72.0
932972.5626458675	73.0
933005.2073310418	72.0
933037.8520162161	72.0
933070.4967013904	68.0
933103.1413865647	64.0
933138.3014949143	64.0
933173.4616032639	76.0
933208.6217116135	73.0
933243.781819963	65.0
933278.9419283126	72.0
933314.1020366622	64.0
933349.2621450118	70.0
933384.4222533613	61.0
933419.582361711	60.0
933457.5322401276	60.0
933495.482118544	60.0
933533.4319969607	61.0
933571.3818753773	60.0
933609.3317537938	61.0
933647.2816322104	61.0
933685.2315106269	61.0
933723.1813890435	61.0
933761.1312674601	61.0
933792.5540496286	61.0
933823.9768317969	61.0
933855.3996139654	61.0
933886.8223961339	61.0
933918.2451783023	61.0
933949.6679604708	61.0
933981.0907426393	61.0
934012.5135248076	61.0
934043.9363069761	61.0
934075.3590891446	61.0
934106.781871313	61.0
934138.2046534815	61.0
934169.62743565	61.0
934201.0502178184	61.0
934232.4729999868	61.0
934263.8957821553	61.0
934295.3185643237	61.0
934326.7413464922	61.0
934358.1641286607	61.0
934389.5869108291	61.0
934420.6131102777	61.0
934451.6393097264	61.0
934482.665509175	61.0
934513.6917086237	61.0
934544.7179080723	61.0
934575.744107521	61.0
934606.7703069696	61.0
934637.7965064183	61.0
934668.8227058669	61.0
934699.8489053156	61.0
934730.8751047642	61.0
934762.7116329417	61.0
934794.5481611192	61.0
934826.3846892967	61.0
934858.2212174742	62.0
934890.0577456517	61.0
934921.8942738293	61.0
934953.7308020068	61.0
934985.5673301843	61.0
935017.4038583618	61.0
935049.2403865393	61.0
935081.0769147167	61.0
935112.9134428942	61.0
935144.7499710717	59.0
935176.5864992492	61.0
935208.4230274267	60.0
935240.2595556042	65.0
935272.0960837817	60.0
935303.9326119593	65.0
935335.7691401368	68.0
935367.6056683143	61.0
935399.4421964918	61.0
935431.2787246692	60.0
935463.1152528467	61.0
935494.9517810242	61.0
935526.7883092017	64.0
935558.6248373792	60.0
935590.815038709	66.0
935623.0052400389	71.0
935655.1954413686	61.0
935687.3856426985	61.0
935719.5758440283	61.0
935751.7660453581	61.0
935783.9562466879	60.0
935816.1464480178	61.0
935848.3366493476	61.0
935880.5268506774	61.0
935912.7170520072	60.0
935944.9072533371	61.0
935977.0974546669	65.0
936009.2876559967	65.0
936041.4778573265	63.0
936077.8044429058	73.0
936114.131028485	71.0
936150.4576140643	64.0
936186.7841996436	72.0
936223.1107852228	71.0
936259.4373708022	70.0
936295.7639563815	66.0
936332.0905419607	63.0
936368.41712754	65.0
936404.7437131193	60.0
936444.5539482086	60.0
936484.3641832978	60.0
936524.1744183872	61.0
936563.9846534765	68.0
936603.7948885658	72.0
936643.605123655	69.0
936683.4153587443	70.0
936723.2255938337	72.0
936763.035828923	73.0
936802.8460640123	64.0
936842.6562991015	62.0
936882.4665341908	59.0
936922.2767692802	59.0
936962.0870043695	60.0
937001.8972394587	60.0
937039.3503421168	59.0
937076.8034447748	60.0
937114.2565474329	67.0
937151.7096500909	60.0
937189.1627527489	58.0
937226.6158554069	58.0
937264.0689580649	66.0
937301.5220607229	76.0
937338.975163381	59.0
937376.428266039	59.0
937413.881368697	62.0
937451.3344713551	58.0
937488.7875740131	59.0
937525.0893833123	59.0
937561.3911926113	59.0
937597.6930019105	59.0
937633.9948112096	59.0
937670.2966205087	59.0
937706.5984298078	58.0
937742.900239107	57.0
937779.202048406	57.0
937815.5038577052	58.0
937851.8056670042	58.0
937888.1074763034	57.0
937924.4092856025	57.0
937960.8714974374	57.0
937997.3337092721	62.0
938033.7959211069	65.0
938070.2581329417	65.0
938106.7203447765	63.0
938143.1825566113	62.0
938179.6447684461	60.0
938216.106980281	76.0
938252.5691921157	72.0
938284.3642801077	71.0
938316.1593680995	68.0
938347.9544560915	63.0
938379.7495440835	59.0
938411.5446320754	72.0
938443.3397200673	71.0
938475.1348080593	72.0
938506.9298960512	74.0
938538.7249840432	74.0
938570.520072035	72.0
938602.315160027	71.0
938634.110248019	72.0
938665.9053360109	65.0
938697.7004240028	59.0
938729.4955119948	62.0
938761.2905999867	56.0
938807.5248836597	60.0
938853.7591673328	70.0
938899.9934510058	73.0
938946.2277346789	74.0
938992.4620183519	70.0
939038.696302025	55.0
939084.930585698	56.0
939131.1648693711	55.0
939175.220902111	57.0
939219.2769348511	55.0
939263.332967591	56.0
939307.3890003309	56.0
939351.445033071	57.0
939395.5010658109	66.0
939439.557098551	58.0
939483.6131312909	56.0
939516.3421609662	56.0
939549.0711906417	55.0
939581.8002203171	55.0
939614.5292499926	56.0
939647.2582796679	57.0
939679.9873093434	58.0
939712.7163390188	58.0
939745.4453686943	60.0
939778.1743983696	63.0
939810.9034280451	70.0
939843.6324577205	69.0
939876.3614873958	65.0
939909.0905170713	66.0
939941.8195467467	66.0
939974.5485764222	54.0
940007.2776060975	54.0
940040.006635773	54.0
940072.7356654484	54.0
940105.4646951238	54.0
940138.1937247992	55.0
940170.0304917978	54.0
940201.8672587965	55.0
940233.7040257951	55.0
940265.5407927939	54.0
940297.3775597925	54.0
940329.2143267911	54.0
940361.0510937897	55.0
940392.8878607884	54.0
940424.724627787	54.0
940456.5613947858	55.0
940488.3981617844	55.0
940520.234928783	55.0
940552.0716957817	55.0
940587.2311751111	55.0
940622.3906544406	55.0
940657.5501337701	54.0
940692.7096130996	54.0
940727.869092429	54.0
940763.0285717585	55.0
940798.188051088	54.0
940833.3475304175	54.0
940868.507009747	54.0
940903.6664890765	55.0
940938.8259684059	54.0
940973.9854477353	54.0
941009.1449270648	54.0
941044.3044063943	54.0
941079.4638857237	54.0
941114.6233650532	54.0
941149.7828443827	53.0
941186.4763249755	55.0
941223.1698055683	54.0
941259.8632861611	55.0
941296.5567667538	69.0
941333.2502473466	74.0
941369.9437279394	56.0
941406.6372085322	55.0
941443.330689125	53.0
941480.0241697178	54.0
941516.7176503105	54.0
941553.4111309033	55.0
941590.1046114961	54.0
941626.7980920889	61.0
941663.4915726817	65.0
941700.1850532745	64.0
941736.8785338673	62.0
941773.57201446	67.0
941810.2654950528	69.0
941849.5870883183	69.0
941888.9086815838	67.0
941928.2302748492	68.0
941967.5518681147	68.0
942006.8734613803	68.0
942046.1950546458	69.0
942085.5166479113	71.0
942124.8382411768	72.0
942164.1598344422	73.0
942203.4814277077	68.0
942242.8030209732	66.0
942282.1246142387	64.0
942321.4462075043	65.0
942360.7678007698	64.0
942400.0893940352	63.0
942439.4109873007	53.0
942478.7325805662	54.0
942518.0541738317	54.0
942550.5149119319	53.0
942582.9756500322	57.0
942615.4363881325	62.0
942647.8971262327	57.0
942680.357864333	63.0
942712.8186024332	65.0
942745.2793405334	65.0
942777.7400786337	66.0
942810.200816734	67.0
942842.6615548342	67.0
942875.1222929345	65.0
942907.5830310347	62.0
942940.0437691349	55.0
942971.310242459	54.0
943002.576715783	54.0
943033.8431891069	54.0
943065.109662431	54.0
943096.376135755	54.0
943127.642609079	57.0
943158.909082403	54.0
943190.1755557271	54.0
943221.442029051	64.0
943252.708502375	54.0
943283.9749756991	54.0
943315.2414490231	54.0
943346.5079223472	54.0
943377.7743956712	54.0
943409.0408689951	54.0
943440.3073423192	54.0
943471.5738156432	54.0
943502.8402889672	54.0
943534.1067622913	54.0
943565.3732356152	54.0
943596.6397089392	54.0
943627.9061822633	54.0
943659.1726555873	54.0
943690.4391289114	54.0
943721.7056022354	54.0
943752.9720755593	54.0
943785.2508459828	54.0
943817.5296164064	55.0
943849.8083868299	55.0
943882.0871572534	55.0
943914.365927677	53.0
943946.6446981005	54.0
943978.923468524	53.0
944011.2022389476	54.0
944043.4810093711	54.0
944075.7597797947	54.0
944108.0385502182	54.0
944140.3173206417	54.0
944172.5960910653	54.0
944204.8748614888	54.0
944236.8707450902	54.0
944268.8666286917	54.0
944300.862512293	54.0
944332.8583958945	54.0
944364.8542794959	54.0
944396.8501630974	54.0
944428.8460466987	54.0
944460.8419303001	57.0
944492.8378139016	59.0
944528.4849698865	56.0
944564.1321258713	52.0
944599.7792818561	54.0
944635.426437841	54.0
944671.0735938259	54.0
944705.6995358411	54.0
944740.3254778562	54.0
944774.9514198714	58.0
944809.5773618866	55.0
944844.2033039017	69.0
944875.0081743686	67.0
944905.8130448355	55.0
944936.6179153024	65.0
944967.4227857692	63.0
944998.2276562362	60.0
945029.032526703	62.0
945059.8373971699	62.0
945090.6422676367	65.0
945121.4471381037	65.0
945152.2520085705	65.0
945183.0568790374	56.0
945213.8617495042	56.0
945244.6666199712	56.0
945276.6137214757	56.0
945308.5608229802	56.0
945340.5079244848	54.0
945372.4550259893	54.0
945404.4021274939	63.0
945436.3492289984	63.0
945468.296330503	63.0
945500.2434320075	62.0
945532.190533512	63.0
945564.1376350166	64.0
945596.0847365211	65.0
945628.0318380257	61.0
945659.9789395302	64.0
945691.9260410347	56.0
945729.3680701792	53.0
945766.8100993237	54.0
945804.2521284682	54.0
945841.6941576126	54.0
945879.1361867571	54.0
945916.5782159016	54.0
945954.0202450461	54.0
945991.4622741906	54.0
946028.9043033351	54.0
946066.3463324796	54.0
946103.788361624	54.0
946141.2303907685	53.0
946178.672419913	52.0
946218.1913879917	53.0
946257.7103560703	54.0
946297.2293241489	55.0
946336.7482922275	58.0
946376.2672603062	57.0
946415.7862283848	55.0
946455.3051964635	59.0
946494.824164542	61.0
946534.3431326207	57.0
946534.9518675026	57.0
946566.2601516343	58.0
946597.5684357662	54.0
946628.8767198978	54.0
946660.1850040297	54.0
946691.4932881613	54.0
946722.8015722932	54.0
946754.1098564249	54.0
946785.4181405567	53.0
946816.7264246884	54.0
946848.03470882	54.0
946879.3429929519	54.0
946910.801763319	54.0
946942.260533686	54.0
946973.7193040531	54.0
947005.1780744202	54.0
947036.6368447873	54.0
947068.0956151542	54.0
947099.5543855213	54.0
947131.0131558884	54.0
947162.4719262555	54.0
947193.9306966226	54.0
947225.3894669897	53.0
947256.8482373568	58.0
947288.3070077238	59.0
947319.7657780909	57.0
947351.224548458	56.0
947351.2492427784	56.0
947397.4845018239	57.0
947443.7197608694	54.0
947489.9550199148	54.0
947536.1902789603	54.0
947582.4255380058	54.0
947628.6607970513	53.0
947674.8960560967	53.0
947721.1313151421	58.0
947762.8542312961	57.0
947804.5771474501	60.0
947846.3000636039	57.0
947888.0229797579	59.0
947929.7458959118	63.0
947971.4688120658	67.0
948013.1917282196	69.0
948054.9146443736	67.0
948096.6375605275	64.0
948138.3604766815	61.0
948180.0833928353	63.0
948221.8063089893	64.0
948255.4682322212	63.0
948289.1301554531	61.0
948322.792078685	60.0
948356.4540019169	57.0
948390.1159251488	53.0
948423.7778483806	54.0
948457.4397716125	54.0
948498.786284277	54.0
948540.1327969414	53.0
948581.4793096059	54.0
948622.8258222704	53.0
948664.1723349348	55.0
948705.5188475993	54.0
948746.8653602637	58.0
948788.2118729282	58.0
948829.5583855927	62.0
948870.9048982571	64.0
948912.2514109216	63.0
948953.597923586	61.0
948994.9444362505	61.0
949026.4741189975	55.0
949058.0038017444	52.0
949089.5334844913	52.0
949121.0631672383	52.0
949152.5928499852	52.0
949184.1225327322	53.0
949215.6522154791	52.0
949247.181898226	52.0
949278.711580973	52.0
949310.24126372	52.0
949341.7709464668	52.0
949373.3006292138	52.0
949404.8303119608	52.0
949436.3599947077	52.0
949467.8896774546	52.0
949499.4193602016	52.0
949530.9490429485	51.0
949562.4787256955	51.0
949594.0084084424	51.0
949625.5380911893	50.0
949657.0677739363	50.0
949688.2592345498	50.0
949719.4506951633	50.0
949750.6421557767	50.0
949781.8336163902	50.0
949813.0250770038	50.0
949844.2165376173	50.0
949875.4079982307	50.0
949906.5994588442	50.0
949937.7909194577	50.0
949968.9823800712	51.0
950000.1738406847	51.0
950031.3653012981	51.0
950062.5567619116	51.0
950093.7482225251	51.0
950124.9396831386	51.0
950156.1311437521	51.0
950187.3226043655	51.0
950218.514064979	51.0
950249.7055255926	51.0
950280.8969862061	51.0
950312.0884468195	51.0
950342.536543397	51.0
950372.9846399745	51.0
950403.4327365522	51.0
950433.8808331297	51.0
950464.3289297073	53.0
950494.7770262848	59.0
950525.2251228624	63.0
950555.6732194399	64.0
950586.1213160176	64.0
950616.5694125951	64.0
950647.0175091727	61.0
950677.4656057502	60.0
950707.9137023278	62.0
950738.3617989054	63.0
950768.809895483	62.0
950799.2579920605	61.0
950829.706088638	61.0
950860.1541852156	62.0
950890.6022817931	63.0
950921.0503783708	65.0
950951.4984749483	63.0
950981.9465715259	62.0
951012.3946681034	60.0
951042.842764681	59.0
951073.2908612586	58.0
951103.7389578362	60.0
951134.1870544137	58.0
951164.6351509913	62.0
951195.0832475688	61.0
951225.5313441464	58.0
951255.979440724	52.0
951286.4275373016	51.0
951311.1169068633	51.0
951342.1879139416	51.0
951373.2589210198	51.0
951404.3299280981	51.0
951435.4009351764	51.0
951466.4719422547	51.0
951497.542949333	51.0
951528.6139564113	51.0
951559.6849634895	51.0
951590.7559705679	51.0
951621.8269776462	51.0
951652.8979847245	51.0
951683.9689918028	51.0
951715.039998881	51.0
951746.1110059593	51.0
951777.1820130376	51.0
951808.2530201159	51.0
951839.3240271942	51.0
951870.3950342725	51.0
951901.4660413507	51.0
951932.537048429	51.0
951963.6080555073	51.0
951994.6790625856	51.0
952025.7500696639	50.0
952056.8210767421	50.0
952093.3267536323	50.0
952129.8324305223	50.0
952166.3381074124	50.0
952202.8437843025	50.0
952239.3494611926	50.0
952275.8551380828	50.0
952312.3608149728	51.0
952348.8664918629	51.0
952385.1903726755	48.0
952421.514253488	48.0
952457.8381343007	49.0
952494.1620151133	52.0
952530.4858959259	57.0
952566.8097767384	52.0
952603.133657551	69.0
952639.4575383636	66.0
952675.7814191761	69.0
952712.1052999888	69.0
952748.4291808014	67.0
952789.3467978968	60.0
952830.2644149922	63.0
952871.1820320876	57.0
952912.099649183	59.0
952953.0172662784	58.0
952993.9348833738	60.0
953034.8525004691	60.0
953075.7701175645	58.0
953116.6877346599	55.0
953157.6053517553	57.0
953189.1628766317	57.0
953220.7204015082	53.0
953252.2779263847	53.0
953283.8354512611	55.0
953315.3929761376	57.0
953346.950501014	58.0
953378.5080258906	56.0
953410.065550767	57.0
953441.6230756434	57.0
953473.1806005199	57.0
953504.7381253963	56.0
953536.2956502729	58.0
953567.8531751493	52.0
953599.4107000257	49.0
953630.9682249022	49.0
953661.9637506553	49.0
953692.9592764084	49.0
953723.9548021614	50.0
953754.9503279146	51.0
953785.9458536677	51.0
953816.9413794208	50.0
953847.9369051739	49.0
953878.9324309271	50.0
953909.9279566801	55.0
953940.9234824332	62.0
953971.9190081863	64.0
954002.9145339394	61.0
954033.9100596926	65.0
954064.9055854457	68.0
954095.9011111987	70.0
954126.8966369518	73.0
954157.892162705	71.0
954188.7134911418	63.0
954219.5348195785	59.0
954250.3561480154	59.0
954281.1774764522	58.0
954311.9988048889	57.0
954342.8201333258	60.0
954373.6414617626	59.0
954404.4627901993	56.0
954435.2841186362	47.0
954466.105447073	48.0
954496.9267755097	48.0
954527.7481039466	48.0
954560.8612199728	48.0
954593.9743359991	48.0
954627.0874520253	47.0
954660.2005680515	47.0
954693.3136840778	47.0
954726.4268001041	47.0
954759.5399161302	47.0
954792.6530321565	46.0
954825.7661481828	47.0
954858.8792642091	46.0
954894.0256097715	47.0
954929.1719553338	47.0
954964.3183008962	47.0
954999.4646464585	47.0
955034.6109920209	47.0
955069.7573375832	47.0
955104.9036831456	47.0
955140.050028708	47.0
955175.1963742704	47.0
955210.3427198327	47.0
955245.4890653951	47.0
955286.5054176372	47.0
955327.5217698793	47.0
955368.5381221214	47.0
955409.5544743635	47.0
955450.5708266055	47.0
955491.5871788476	47.0
955532.6035310897	47.0
955573.6198833318	47.0
955614.6362355739	50.0
955655.6525878159	57.0
955696.668940058	64.0
955737.6852923001	62.0
955778.7016445422	59.0
955819.7179967843	58.0
955853.9184321496	58.0
955888.1188675149	58.0
955922.3193028802	55.0
955956.5197382454	55.0
955990.7201736107	55.0
956024.920608976	57.0
956059.1210443414	59.0
956093.3214797067	60.0
956127.521915072	59.0
956161.7223504372	59.0
956195.9227858025	60.0
956230.1232211678	61.0
956264.3236565331	61.0
956296.7746688087	62.0
956329.2256810842	61.0
956361.6766933597	58.0
956394.1277056353	58.0
956426.5787179108	58.0
956459.0297301863	58.0
956491.4807424619	56.0
956523.9317547374	57.0
956556.3827670129	57.0
956588.8337792883	58.0
956621.2847915639	59.0
956653.7358038394	61.0
956690.0408516001	59.0
956726.3458993608	58.0
956762.6509471217	56.0
956798.9559948824	55.0
956835.2610426431	58.0
956871.5660904038	57.0
956907.8711381647	55.0
956944.1761859254	53.0
956980.4812336861	54.0
957016.7862814468	59.0
957053.0913292076	57.0
957089.3963769684	63.0
957119.6043139562	54.0
957149.812250944	47.0
957180.0201879318	47.0
957210.2281249197	47.0
957240.4360619074	47.0
957270.6439988953	47.0
957300.8519358832	47.0
957333.5842358283	47.0
957366.3165357735	47.0
957399.0488357185	47.0
957431.7811356636	47.0
957464.5134356088	47.0
957497.2457355539	47.0
957529.9780354991	47.0
957562.7103354442	48.0
957594.4735363869	54.0
957626.2367373296	48.0
957657.9999382723	47.0
957689.763139215	47.0
957721.5263401576	47.0
957753.2895411004	47.0
957785.052742043	47.0
957816.8159429857	47.0
957848.5791439284	47.0
957880.3423448711	47.0
957912.1055458138	47.0
957943.8687467565	47.0
957974.5989921882	47.0
958005.3292376199	47.0
958036.0594830516	47.0
958066.7897284834	47.0
958097.5199739151	47.0
958128.2502193468	47.0
958158.9804647786	47.0
958189.7107102104	47.0
958220.440955642	47.0
958251.1712010738	47.0
958281.9014465056	47.0
958312.6316919372	46.0
958343.361937369	47.0
958374.0921828008	47.0
958404.8224282324	47.0
958435.5526736642	47.0
958466.282919096	46.0
958497.0131645276	51.0
958527.7434099594	50.0
958558.4736553911	57.0
958589.2039008229	58.0
958619.9341462546	59.0
958650.6643916863	58.0
958682.431082803	57.0
958714.1977739198	57.0
958745.9644650365	57.0
958777.7311561533	57.0
958809.49784727	55.0
958841.2645383868	55.0
958873.0312295036	59.0
958904.7979206203	60.0
958936.564611737	61.0
958968.3313028538	60.0
959000.0979939705	60.0
959031.8646850872	61.0
959063.631376204	59.0
959095.3980673207	57.0
959127.1647584374	57.0
959158.9314495542	55.0
959190.4530041211	51.0
959221.9745586879	52.0
959253.4961132548	55.0
959285.0176678216	59.0
959316.5392223885	61.0
959348.0607769553	62.0
959379.5823315223	60.0
959411.103886089	54.0
959442.625440656	47.0
959474.1469952228	45.0
959514.3927192473	46.0
959554.6384432716	45.0
959594.8841672961	45.0
959635.1298913205	46.0
959675.375615345	45.0
959715.6213393693	46.0
959755.8670633938	46.0
959796.1127874182	46.0
959836.3585114427	46.0
959876.604235467	46.0
959916.8499594915	46.0
959957.095683516	46.0
959997.5012112751	46.0
960037.9067390342	46.0
960078.3122667933	46.0
960118.7177945524	46.0
960159.1233223116	46.0
960199.5288500707	46.0
960239.9343778299	46.0
960280.339905589	46.0
960320.7454333481	46.0
960361.1509611072	48.0
960401.5564888663	47.0
960441.9620166254	45.0
960482.3675443846	46.0
960522.7730721437	46.0
960563.1785999028	46.0
960603.5841276619	46.0
960643.989655421	46.0
960685.7244054725	46.0
960727.4591555241	45.0
960769.1939055757	45.0
960810.9286556272	45.0
960852.6634056788	45.0
960894.3981557303	46.0
960936.132905782	46.0
960977.8676558335	45.0
961019.602405885	45.0
961061.3371559366	45.0
961103.0719059882	46.0
961144.8066560397	48.0
961186.5414060913	49.0
961228.2761561428	53.0
961270.0109061943	52.0
961311.745656246	48.0
961346.8410964742	55.0
961381.9365367023	53.0
961417.0319769306	53.0
961452.1274171587	52.0
961487.2228573869	52.0
961522.3182976152	50.0
961557.4137378433	54.0
961592.5091780715	55.0
961627.6046182998	55.0
961662.7000585279	57.0
961693.0887374014	49.0
961723.4774162748	49.0
961753.8660951484	47.0
961784.2547740218	45.0
961814.6434528953	45.0
961845.0321317688	45.0
961875.4208106423	45.0
961905.8094895157	45.0
961936.1981683893	45.0
961966.5868472627	45.0
961996.9755261362	46.0
962027.3642050098	46.0
962057.7528838832	46.0
962088.1415627567	46.0
962118.5302416302	46.0
962148.9189205037	45.0
962179.3075993771	46.0
962209.6962782507	46.0
962240.0849571241	45.0
962270.4736359976	45.0
962300.862314871	45.0
962331.2509937446	46.0
962361.6396726181	46.0
962392.0283514915	46.0
962422.4170303651	46.0
962452.6898073242	46.0
962482.9625842832	46.0
962513.2353612423	46.0
962543.5081382014	50.0
962573.7809151604	45.0
962604.0536921195	45.0
962634.3264690785	45.0
962664.5992460377	45.0
962694.8720229968	45.0
962725.1447999558	45.0
962755.4175769149	45.0
962785.690353874	45.0
962815.963130833	46.0
962855.1976419229	47.0
962894.4321530127	53.0
962933.6666641026	52.0
962972.9011751924	53.0
963012.1356862823	52.0
963051.3701973722	55.0
963090.604708462	48.0
963129.8392195519	46.0
963169.0737306417	46.0
963208.3082417316	46.0
963246.1771241314	46.0
963284.0460065312	46.0
963321.914888931	46.0
963359.7837713307	45.0
963397.6526537306	46.0
963435.5215361303	46.0
963473.3904185301	46.0
963511.25930093	46.0
963549.1281833297	45.0
963586.9970657295	45.0
963624.8659481293	51.0
963662.7348305291	51.0
963700.6037129288	54.0
963738.4725953287	56.0
963776.3414777284	47.0
963814.2103601282	45.0
963852.0792425281	46.0
963889.9481249278	46.0
963927.8170073276	46.0
963960.911505679	51.0
963994.0060040305	50.0
964027.1005023819	50.0
964060.1950007335	50.0
964093.2894990849	49.0
964126.3839974364	49.0
964159.4784957878	45.0
964192.5729941393	45.0
964225.6674924907	47.0
964258.7619908422	51.0
964291.8564891937	54.0
964324.9509875452	55.0
964358.0454858966	55.0
964391.1399842481	54.0
964424.2344825995	50.0
964457.328980951	49.0
964489.7781014733	44.0
964522.2272219958	48.0
964554.6763425182	52.0
964587.1254630407	48.0
964619.574583563	48.0
964652.0237040854	47.0
964684.4728246079	47.0
964716.9219451302	49.0
964749.3710656526	45.0
964781.820186175	46.0
964814.2693066974	48.0
964846.7184272199	48.0
964887.747481239	46.0
964928.7765352583	45.0
964969.8055892774	46.0
965010.8346432965	46.0
965051.8636973157	46.0
965092.8927513349	46.0
965133.9218053541	46.0
965174.9508593732	46.0
965215.9799133925	46.0
965257.0089674116	46.0
965298.0380214307	47.0
965339.06707545	46.0
965380.0961294691	45.0
965421.1251834882	46.0
965458.006743784	46.0
965494.8883040796	46.0
965531.7698643754	45.0
965568.651424671	49.0
965605.5329849668	46.0
965642.4145452625	49.0
965679.2961055582	51.0
965716.1776658539	48.0
965753.0592261496	49.0
965789.9407864453	49.0
965826.822346741	50.0
965863.7039070367	51.0
965900.5854673324	46.0
965937.4670276281	49.0
965968.7660244873	45.0
966000.0650213466	45.0
966031.3640182058	46.0
966062.663015065	46.0
966093.9620119242	46.0
966125.2610087835	46.0
966156.5600056428	46.0
966187.859002502	46.0
966219.1579993613	46.0
966250.4569962205	46.0
966281.7559930797	46.0
966319.1420081971	46.0
966356.5280233145	46.0
966393.914038432	46.0
966431.3000535493	45.0
966468.6860686667	45.0
966492.7916116469	51.0
966524.6231527138	48.0
966556.4546937805	52.0
966588.2862348474	48.0
966620.1177759141	46.0
966651.949316981	50.0
966683.7808580478	52.0
966714.440760346	54.0
966745.1006626444	55.0
966775.7605649426	55.0
966806.420467241	62.0
966837.0803695392	57.0
966867.7402718375	58.0
966903.743921572	51.0
966939.7475713064	51.0
966975.751221041	53.0
967011.7548707755	53.0
967047.7585205099	54.0
967083.7621702445	47.0
967124.2045108858	56.0
967164.646851527	50.0
967205.0891921684	53.0
967245.5315328097	50.0
967285.973873451	56.0
967326.4162140923	52.0
967366.8585547336	55.0
967411.6970855898	53.0
967456.5356164458	49.0
967501.374147302	51.0
967546.2126781581	49.0
967591.0512090143	48.0
967635.8897398703	46.0
967680.7282707265	46.0
967725.5668015826	46.0
967770.4053324388	46.0
967815.243863295	45.0
967860.082394151	45.0
967902.0633300854	45.0
967944.0442660197	46.0
967986.0252019542	46.0
968028.0061378885	45.0
968069.9870738229	45.0
968105.1746010823	45.0
968140.3621283419	45.0
968175.5496556014	45.0
968210.7371828608	45.0
968245.9247101204	45.0
968281.1122373799	45.0
968316.2997646393	45.0
968351.4872918989	45.0
968386.6748191584	45.0
968421.8623464179	45.0
968460.750941032	45.0
968499.639535646	45.0
968538.5281302601	45.0
968570.3873736681	45.0
968602.2466170761	45.0
968634.1058604842	45.0
968665.9651038923	45.0
968697.8243473002	45.0
968729.6835907083	45.0
968761.5428341164	45.0
968793.4020775245	45.0
968825.2613209324	45.0
968857.1205643405	45.0
968888.9798077486	45.0
968920.8390511565	45.0
968952.6982945646	45.0
968984.5575379727	45.0
969016.4167813807	45.0
969051.6379558136	45.0
969086.8591302464	45.0
969122.0803046793	45.0
969154.5549942427	45.0
969187.0296838061	45.0
969219.5043733694	45.0
969251.9790629328	45.0
969284.4537524962	45.0
969316.9284420596	45.0
969349.4031316229	45.0
969381.8778211862	45.0
969414.3525107496	45.0
969446.827200313	45.0
969479.3018898764	44.0
969511.7765794398	45.0
969544.2512690031	45.0
969576.7259585664	45.0
969609.2006481298	45.0
969641.6753376932	45.0
969674.1500272566	45.0
969706.62471682	45.0
969739.0994063832	45.0
969771.5740959466	45.0
969804.04878551	45.0
969839.4998886157	45.0
969874.9509917212	45.0
969910.4020948269	45.0
969945.8531979325	45.0
969981.3043010382	45.0
970016.7554041437	45.0
970052.2065072494	45.0
970083.7493298954	45.0
970115.2921525413	49.0
970146.8349751872	55.0
970178.3777978332	54.0
970209.9206204792	44.0
970241.4634431251	45.0
970273.0062657711	49.0
970304.549088417	49.0
970336.091911063	45.0
970367.6347337089	44.0
970399.1775563549	44.0
970430.7203790009	45.0
970462.2632016467	45.0
970493.8060242927	45.0
970525.3488469387	45.0
970556.8916695847	45.0
970588.4344922306	45.0
970619.9773148765	45.0
970681.4319174284	48.0
970722.2671611804	44.0
970763.1024049324	45.0
970803.9376486843	45.0
970844.7728924362	45.0
970885.6081361882	45.0
970926.4433799402	45.0
970965.8472030718	45.0
971005.2510262034	45.0
971044.654849335	45.0
971084.0586724665	45.0
971123.4624955981	45.0
971162.8663187297	45.0
971202.2701418613	45.0
971241.6739649929	45.0
971284.173606892	45.0
971326.673248791	45.0
971369.1728906902	45.0
971411.6725325893	45.0
971454.1721744884	45.0
971496.6718163874	45.0
971539.1714582866	45.0
971581.6711001857	45.0
971624.1707420849	45.0
971666.6703839839	45.0
971709.170025883	48.0
971751.6696677821	46.0
971794.1693096813	50.0
971836.6689515803	47.0
971879.1685934794	46.0
971921.6682353786	48.0
971964.1678772777	48.0
972000.1095770894	50.0
972036.0512769013	48.0
972071.992976713	49.0
972107.9346765247	49.0
972143.8763763366	50.0
972179.8180761483	50.0
972215.7597759601	50.0
972251.7014757718	49.0
972287.6431755836	48.0
972323.5848753954	45.0
972359.5265752071	48.0
972395.4682750189	50.0
972431.4099748307	48.0
972467.3516746424	46.0
972503.2933744541	46.0
972539.235074266	48.0
972575.1767740777	47.0
972611.1184738895	47.0
972647.0601737013	49.0
972686.4643225719	48.0
972725.8684714425	47.0
972765.2726203131	47.0
972804.6767691837	45.0
972844.0809180543	45.0
972883.4850669251	46.0
972922.8892157957	46.0
972962.2933646663	46.0
973001.6975135369	45.0
973041.1016624075	45.0
973080.5058112781	44.0
973119.9099601487	45.0
973159.3141090194	45.0
973198.71825789	45.0
973238.1224067606	45.0
973277.5265556313	45.0
973316.9307045019	45.0
973354.4249416721	45.0
973391.9191788425	45.0
973429.4134160127	45.0
973466.9076531829	45.0
973504.4018903532	45.0
973541.8961275234	45.0
973579.3903646936	45.0
973616.8846018639	45.0
973654.3788390341	45.0
973691.8730762043	45.0
973729.3673133746	45.0
973766.8615505449	45.0
973804.3557877151	45.0
973841.8500248854	45.0
973879.3442620556	45.0
973916.8384992258	45.0
973954.3327363961	45.0
973991.8269735663	45.0
974029.3212107365	45.0
974067.6368650119	45.0
974105.9525192872	45.0
974144.2681735626	45.0
974182.583827838	45.0
974220.8994821133	45.0
974259.2151363887	44.0
974297.530790664	44.0
974335.8464449394	47.0
974374.1620992147	47.0
974412.4777534901	46.0
974450.7934077654	45.0
974489.1090620408	45.0
974527.4247163162	45.0
974565.7403705915	45.0
974604.0560248669	45.0
974642.3716791422	45.0
974680.6873334176	45.0
974719.002987693	45.0
974757.3186419683	44.0
974795.6342962437	45.0
974833.949950519	45.0
974872.2656047944	45.0
974915.9236740125	45.0
974959.5817432306	45.0
975003.2398124487	49.0
975046.8978816668	47.0
975090.5559508849	46.0
975134.214020103	48.0
975177.8720893211	51.0
975221.5301585393	50.0
975265.1882277573	48.0
975308.8462969755	48.0
975352.5043661935	49.0
975396.1624354117	48.0
975439.8205046299	48.0
975483.4785738479	49.0
975514.2967295398	49.0
975545.1148852316	49.0
975575.9330409234	50.0
975606.7511966153	50.0
975637.569352307	50.0
975668.3875079989	50.0
975699.2056636907	50.0
975730.0238193825	50.0
975760.8419750744	49.0
975791.6601307662	49.0
975822.4782864581	50.0
975853.2964421499	49.0
975884.1145978416	48.0
975914.9327535335	48.0
975945.7509092253	48.0
975976.5690649172	49.0
976007.387220609	49.0
976038.2053763008	48.0
976069.0235319927	48.0
976099.8976170076	47.0
976130.7717020225	47.0
976161.6457870374	46.0
976192.5198720524	46.0
976223.3939570673	44.0
976254.2680420822	45.0
976285.1421270971	52.0
976316.016212112	49.0
976346.890297127	43.0
976377.7643821419	40.0
976408.6384671568	42.0
976439.5125521717	44.0
976470.3866371866	47.0
976501.2607222016	53.0
976532.1348072165	53.0
976563.0088922314	52.0
976593.8829772463	51.0
976624.7570622612	49.0
976655.6311472761	44.0
976686.5052322911	42.0
976717.379317306	43.0
976748.2534023209	44.0
976779.1274873358	44.0
976810.0015723507	45.0
976840.8756573657	47.0
976871.7497423806	46.0
976902.6238273955	45.0
976933.4979124104	48.0
976964.0823461073	49.0
976994.6667798043	49.0
977025.2512135013	50.0
977055.8356471983	50.0
977086.4200808952	48.0
977117.0045145921	47.0
977147.5889482892	45.0
977178.1733819861	45.0
977208.757815683	46.0
977239.34224938	46.0
977269.926683077	46.0
977300.5111167739	45.0
977331.0955504709	45.0
977361.6799841678	45.0
977392.2644178648	45.0
977422.8488515618	45.0
977453.4332852587	45.0
977484.0177189556	45.0
977514.6021526527	45.0
977545.1865863496	45.0
977575.7710200466	45.0
977606.3554537435	44.0
977636.9398874405	44.0
977667.5243211375	45.0
977701.66865747	45.0
977735.8129938026	44.0
977769.9573301352	45.0
977804.1016664677	44.0
977838.2460028003	46.0
977872.390339133	43.0
977906.5346754655	44.0
977940.6790117981	43.0
977974.8233481307	43.0
978008.9676844632	43.0
978043.1120207958	47.0
978077.2563571284	45.0
978119.8687272939	43.0
978162.4810974593	46.0
978205.0934676249	46.0
978247.7058377904	51.0
978290.3182079558	53.0
978332.9305781213	49.0
978375.5429482867	50.0
978406.0799327558	52.0
978436.6169172248	54.0
978467.153901694	53.0
978497.690886163	52.0
978528.2278706321	52.0
978558.7648551011	52.0
978589.3018395703	51.0
978619.8388240393	49.0
978650.3758085084	48.0
978680.9127929774	48.0
978711.4497774465	47.0
978741.9867619156	47.0
978773.8805025212	47.0
978805.7742431267	48.0
978837.6679837323	50.0
978869.5617243379	54.0
978901.4554649434	55.0
978933.349205549	52.0
978965.2429461546	50.0
978997.13668676	47.0
979029.0304273656	47.0
979060.9241679711	50.0
979092.8179085767	51.0
979124.7116491823	52.0
979156.6053897878	51.0
979188.4991303934	50.0
979220.3928709989	48.0
979252.2866116045	50.0
979284.1803522101	51.0
979316.0740928156	53.0
979347.9678334212	52.0
979379.8615740268	49.0
979411.7553146323	47.0
979443.6490552378	48.0
979475.5427958433	47.0
979507.4365364489	46.0
979539.3302770545	45.0
979571.22401766	46.0
979603.1177582656	48.0
979634.3475519539	49.0
979665.577345642	49.0
979696.8071393303	46.0
979728.0369330186	45.0
979759.2667267069	45.0
979790.496520395	48.0
979821.7263140833	49.0
979852.9561077716	48.0
979884.1859014599	45.0
979915.415695148	44.0
979946.6454888363	50.0
979977.8752825246	52.0
980009.2867703603	43.0
980040.698258196	44.0
980072.1097460318	45.0
980103.5212338675	43.0
980134.9327217032	44.0
980166.3442095389	44.0
980197.7556973746	44.0
980229.1671852104	44.0
980260.5786730461	44.0
980291.9901608818	44.0
980323.4016487175	44.0
980354.8131365532	44.0
980386.224624389	44.0
980417.6361122247	44.0
980449.0476000604	44.0
980480.459087896	44.0
980511.8705757317	44.0
980551.8125755667	44.0
980591.7545754017	44.0
980631.6965752366	44.0
980671.6385750716	44.0
980711.5805749065	44.0
980751.5225747415	44.0
980791.4645745765	44.0
980831.4065744114	44.0
980871.3485742464	43.0
980911.2905740814	47.0
980951.2325739163	44.0
980991.1745737513	44.0
981031.1165735862	44.0
981064.3493198893	44.0
981097.5820661924	44.0
981130.8148124955	44.0
981164.0475587986	46.0
981197.2803051015	48.0
981230.5130514046	48.0
981263.7457977077	47.0
981296.9785440108	46.0
981330.2112903139	47.0
981363.444036617	47.0
981396.67678292	46.0
981429.9095292231	46.0
981463.1422755262	46.0
981495.0018053863	46.0
981526.8613352464	47.0
981558.7208651064	45.0
981590.5803949664	46.0
981622.4399248265	48.0
981654.2994546866	49.0
981686.1589845467	50.0
981718.0185144068	51.0
981749.8780442668	51.0
981781.7375741268	51.0
981813.5971039869	50.0
981845.456633847	46.0
981877.3161637071	45.0
981909.1756935671	47.0
981941.0352234272	48.0
981972.8947532872	48.0
982004.7542831473	48.0
982036.6138130074	50.0
982068.4733428675	50.0
982100.3328727275	46.0
982143.5092689069	44.0
982186.6856650863	49.0
982229.8620612656	47.0
982273.038457445	46.0
982316.2148536243	44.0
982359.3912498038	44.0
982402.5676459832	46.0
982445.7440421626	46.0
982488.9204383419	45.0
982525.9035967108	43.0
982562.8867550795	43.0
982599.8699134483	43.0
982636.8530718172	43.0
982673.836230186	43.0
982710.8193885548	43.0
982747.8025469236	43.0
982784.7857052925	43.0
982821.7688636613	43.0
982858.7520220301	43.0
982895.7351803989	43.0
982932.7183387678	43.0
982969.7014971366	43.0
983006.6846555053	43.0
983043.6678138742	43.0
983080.650972243	43.0
983117.6341306118	43.0
983154.6172889806	43.0
983191.6004473495	43.0
983228.5836057183	43.0
983265.5667640871	43.0
983302.5499224559	43.0
983335.6652567653	43.0
983368.7805910746	43.0
983401.895925384	43.0
983435.0112596934	43.0
983468.1265940027	43.0
983501.2419283121	43.0
983534.3572626215	43.0
983567.4725969308	43.0
983600.5879312402	43.0
983633.7032655496	43.0
983666.8185998589	43.0
983699.9339341683	43.0
983733.0492684777	43.0
983766.164602787	43.0
983799.2799370964	43.0
983832.3952714058	43.0
983868.831017279	43.0
983905.2667631521	43.0
983941.7025090252	43.0
983978.1382548984	43.0
984014.5740007715	43.0
984051.0097466446	43.0
984087.4454925178	43.0
984123.8812383909	44.0
984160.3169842641	43.0
984192.9250116505	44.0
984225.5330390369	45.0
984258.1410664234	46.0
984290.7490938097	46.0
984323.3571211962	46.0
984355.9651485827	47.0
984388.5731759691	47.0
984421.1812033555	45.0
984453.7892307419	46.0
984486.3972581284	47.0
984519.0052855148	47.0
984551.6133129012	50.0
984584.2213402877	51.0
984616.8293676741	51.0
984649.4373950606	48.0
984680.1481628361	46.0
984710.8589306118	46.0
984741.5696983873	49.0
984772.2804661628	49.0
984802.9912339385	49.0
984833.702001714	49.0
984864.4127694896	48.0
984895.1235372652	46.0
984925.8343050408	49.0
984956.5450728163	52.0
984987.255840592	54.0
985017.9666083675	55.0
985048.677376143	50.0
985079.3881439187	47.0
985110.0989116943	48.0
985140.8096794698	50.0
985171.5204472453	49.0
985202.231215021	44.0
985232.9419827965	45.0
985263.6527505721	47.0
985294.3635183477	48.0
985325.0742861233	47.0
985355.7850538988	46.0
985386.4958216745	45.0
985417.20658945	46.0
985447.9173572256	49.0
985478.6281250012	49.0
985509.3388927768	45.0
985540.0496605523	47.0
985570.8578753663	46.0
985601.6660901805	47.0
985632.4743049946	45.0
985663.2825198087	44.0
985694.0907346228	44.0
985724.898949437	45.0
985755.707164251	47.0
985786.5153790652	48.0
985817.3235938792	48.0
985848.1318086933	47.0
985878.9400235075	47.0
985909.7482383215	48.0
985943.1454106569	47.0
985976.5425829923	41.0
986009.9397553278	43.0
986043.3369276632	47.0
986076.7340999987	48.0
986110.1312723341	47.0
986143.5284446696	46.0
986176.925617005	45.0
986210.3227893404	45.0
986243.7199616758	45.0
986277.1171340112	45.0
986310.5143063467	44.0
986343.9114786822	44.0
986377.3086510176	46.0
986410.705823353	47.0
986444.1029956884	46.0
986477.5001680239	47.0
986510.8973403593	47.0
986544.2945126947	46.0
986577.6916850301	49.0
986614.6007852837	47.0
986651.5098855373	45.0
986688.4189857909	43.0
986725.3280860445	45.0
986762.2371862981	45.0
986799.1462865517	47.0
986836.0553868053	47.0
986872.9644870589	44.0
986909.8735873125	46.0
986946.7826875661	47.0
986980.9275887867	49.0
987015.0724900073	47.0
987049.2173912278	47.0
987083.3622924484	43.0
987117.5071936691	45.0
987151.6520948897	46.0
987185.7969961102	47.0
987219.9418973308	47.0
987254.0867985514	46.0
987288.231699772	46.0
987322.3766009925	46.0
987356.5215022131	45.0
987390.6664034338	46.0
987424.8113046543	46.0
987458.9562058749	45.0
987493.1011070955	43.0
987527.246008316	44.0
987561.3909095366	43.0
987593.7979401698	43.0
987626.204970803	43.0
987658.6120014361	44.0
987691.0190320692	43.0
987723.4260627024	43.0
987755.3311385243	44.0
987787.2362143463	45.0
987819.1412901682	45.0
987851.0463659901	46.0
987882.951441812	47.0
987914.8565176339	45.0
987946.7615934558	44.0
987978.6666692777	43.0
988010.5717450996	45.0
988042.4768209214	47.0
988074.3818967433	46.0
988106.2869725652	46.0
988138.1920483871	46.0
988170.097124209	46.0
988202.002200031	44.0
988233.9072758529	44.0
988264.7651251798	45.0
988295.6229745066	45.0
988326.4808238335	45.0
988357.3386731604	44.0
988388.1965224873	46.0
988419.0543718141	46.0
988449.912221141	47.0
988480.770070468	48.0
988511.6279197948	51.0
988542.4857691217	48.0
988573.3436184486	46.0
988604.2014677755	47.0
988635.0593171023	47.0
988665.9171664292	46.0
988696.7750157561	46.0
988727.6328650829	46.0
988758.4907144099	46.0
988789.3485637368	47.0
988820.2064130636	46.0
988851.0642623905	46.0
988881.9221117174	46.0
988912.7799610443	46.0
988943.6378103711	46.0
988974.495659698	46.0
989005.353509025	47.0
989036.2113583517	47.0
989067.0692076787	47.0
989097.9270570056	47.0
989128.7304841485	45.0
989159.5339112914	42.0
989190.3373384343	41.0
989221.1407655772	42.0
989251.9441927202	45.0
989282.7476198631	45.0
989313.551047006	45.0
989344.354474149	43.0
989375.1579012919	43.0
989405.9613284348	43.0
989436.7647555777	47.0
989467.5681827206	46.0
989498.3716098636	45.0
989529.1750370065	46.0
989559.9784641494	47.0
989590.7818912923	47.0
989621.5853184352	45.0
989652.3887455781	43.0
989683.192172721	44.0
989713.9955998639	45.0
989744.799027007	45.0
989775.6024541499	43.0
989806.4058812928	40.0
989837.2093084357	40.0
989868.0127355786	41.0
989899.4401549783	43.0
989930.8675743779	44.0
989962.2949937776	45.0
989993.7224131773	45.0
990025.149832577	44.0
990056.5772519766	44.0
990088.0046713763	43.0
990119.432090776	44.0
990150.8595101757	44.0
990182.2869295754	43.0
990213.714348975	44.0
990245.1417683747	45.0
990276.5691877743	45.0
990307.996607174	44.0
990339.4240265738	44.0
990370.8514459734	44.0
990402.2788653731	44.0
990445.4886682953	46.0
990488.6984712175	46.0
990531.9082741397	44.0
990575.118077062	45.0
990618.3278799842	46.0
990661.5376829064	45.0
990704.7474858286	45.0
990747.9572887508	45.0
990791.167091673	44.0
990831.602962945	44.0
990872.0388342171	44.0
990912.4747054891	44.0
990952.9105767612	45.0
990993.3464480332	45.0
991033.7823193053	44.0
991074.2181905773	43.0
991107.420047342	43.0
991140.6219041067	43.0
991173.8237608713	44.0
991207.025617636	45.0
991240.3013523972	45.0
991273.5770871582	44.0
991307.9536392182	44.0
991342.3301912784	45.0
991376.7067433384	45.0
991411.0832953985	47.0
991445.4598474585	48.0
991479.8363995187	48.0
991514.2129515787	44.0
991548.5895036387	42.0
991581.4066955086	41.0
991614.2238873785	43.0
991647.0410792484	46.0
991679.8582711183	41.0
991712.6754629882	41.0
991745.4926548582	41.0
991778.309846728	39.0
991811.127038598	38.0
991843.9442304678	38.0
991876.7614223377	40.0
991909.5786142077	46.0
991942.3958060775	44.0
991975.2129979475	44.0
992008.0301898173	43.0
992040.8473816873	42.0
992073.6645735572	39.0
992106.481765427	33.0
992139.298957297	37.0
992169.8357049188	41.0
992200.3724525407	39.0
992230.9092001625	37.0
992261.4459477843	37.0
992291.9826954062	38.0
992322.5194430281	39.0
992353.05619065	40.0
992383.5929382718	42.0
992414.1296858937	42.0
992444.6664335155	42.0
992475.2031811373	39.0
992505.7399287592	39.0
992536.276676381	40.0
992566.8134240028	41.0
992597.3501716247	42.0
992627.8869192466	39.0
992658.4236668685	37.0
992688.9604144903	37.0
992719.4971621122	39.0
992750.033909734	39.0
992780.5994940168	37.0
992811.1650782997	39.0
992841.7306625826	41.0
992872.2962468654	41.0
992902.8618311483	43.0
992933.427415431	40.0
992963.9929997139	37.0
992994.5585839967	36.0
993025.1241682796	40.0
993055.6897525624	42.0
993086.2553368453	41.0
993116.8209211282	42.0
993147.386505411	43.0
993177.9520896939	44.0
993208.5176739767	43.0
993239.0832582596	44.0
993269.6488425423	44.0
993300.2144268252	45.0
993332.8522234511	45.0
993365.4900200771	44.0
993398.127816703	44.0
993430.765613329	43.0
993463.403409955	44.0
993496.041206581	45.0
993528.679003207	46.0
993561.316799833	45.0
993593.9545964589	45.0
993626.5923930849	45.0
993659.2301897109	46.0
993691.8679863368	47.0
993724.5057829628	45.0
993757.1435795887	44.0
993789.7813762147	44.0
993822.4191728407	44.0
993855.0569694667	43.0
993885.8810915995	41.0
993916.7052137322	43.0
993947.5293358649	45.0
993978.3534579977	47.0
994009.1775801304	47.0
994040.0017022631	42.0
994070.8258243959	43.0
994101.6499465286	46.0
994132.4740686613	46.0
994163.2981907941	48.0
994194.1223129268	49.0
994224.9464350595	49.0
994260.0640881183	47.0
994295.181741177	42.0
994330.2993942358	41.0
994365.4170472946	42.0
994400.5347003533	41.0
994435.652353412	41.0
994470.7700064708	41.0
994505.8876595296	41.0
994541.0053125883	41.0
994576.122965647	41.0
994607.4161249913	41.0
994638.7092843355	41.0
994670.0024436798	41.0
994701.2956030241	41.0
994732.5887623683	41.0
994763.8819217125	41.0
994795.1750810569	41.0
994826.4682404011	41.0
994857.7613997454	42.0
994889.0545590896	42.0
994920.347718434	41.0
994951.6408777782	41.0
994982.9340371224	41.0
995014.2271964666	41.0
995045.5203558109	41.0
995076.8135151552	41.0
995108.1066744995	42.0
995139.3998338437	42.0
995170.6929931879	42.0
995201.9861525323	42.0
995233.2793118765	43.0
995264.5724712207	43.0
995297.4968031603	42.0
995330.4211351	43.0
995363.3454670395	43.0
995396.269798979	43.0
995429.1941309186	42.0
995462.1184628583	42.0
995495.0427947978	42.0
995527.9671267373	43.0
995560.891458677	42.0
995593.8157906166	42.0
995626.7401225561	41.0
995659.6644544957	41.0
995692.5887864353	42.0
995725.5131183749	44.0
995758.4374503144	42.0
995791.3617822541	44.0
995824.2861141936	47.0
995857.2104461332	44.0
995890.1347780727	45.0
995923.0591100124	41.0
995955.9834419519	42.0
995988.9077738915	43.0
996021.8321058311	42.0
996054.7564377707	43.0
996087.6807697102	41.0
996120.6051016498	44.0
996161.4444230596	44.0
996202.2837444694	43.0
996243.1230658792	44.0
996283.962387289	44.0
996324.8017086989	42.0
996365.6410301087	48.0
996406.4803515185	47.0
996447.3196729283	45.0
996488.1589943381	44.0
996528.998315748	46.0
996560.8180598484	47.0
996592.6378039488	47.0
996624.4575480493	43.0
996656.2772921497	43.0
996688.0970362502	45.0
996719.9167803507	46.0
996751.7365244512	46.0
996783.5562685516	42.0
996815.3760126521	45.0
996847.1957567525	48.0
996879.015500853	50.0
996910.8352449534	49.0
996942.6549890538	47.0
996974.4747331543	46.0
997009.6016320382	46.0
997044.7285309222	46.0
997079.8554298063	45.0
997114.9823286902	43.0
997150.1092275742	45.0
997185.2361264582	49.0
997220.3630253422	47.0
997255.4899242262	49.0
997290.6168231101	46.0
997325.7437219941	44.0
997360.8706208782	46.0
997397.2167817814	46.0
997433.5629426846	43.0
997469.9091035879	48.0
997506.2552644911	53.0
997542.6014253943	53.0
997578.9475862975	57.0
997615.2937472007	62.0
997651.6399081041	66.0
997687.9860690073	63.0
997724.3322299105	58.0
997759.4950263156	57.0
997794.6578227207	60.0
997829.8206191257	52.0
997864.9834155309	54.0
997900.1462119359	52.0
997935.3090083409	57.0
997970.4718047461	55.0
998005.6346011511	54.0
998040.7973975562	49.0
998075.9601939613	46.0
998111.1229903663	47.0
998146.2857867714	46.0
998181.4485831765	46.0
998212.8591708316	42.0
998244.2697584868	46.0
998275.6803461419	49.0
998307.0909337971	49.0
998338.5015214522	48.0
998369.9121091074	45.0
998401.3226967625	43.0
998432.7332844177	43.0
998464.1438720728	46.0
998495.554459728	46.0
998526.9650473831	47.0
998558.3756350382	46.0
998589.7862226934	46.0
998621.1968103485	44.0
998652.6073980037	42.0
998684.0179856588	43.0
998715.428573314	46.0
998746.8391609691	46.0
998780.8872074874	46.0
998814.9352540056	46.0
998848.9833005238	48.0
998883.0313470421	46.0
998917.0793935602	46.0
998951.1274400784	45.0
998985.1754865967	46.0
999019.2235331149	45.0
999053.2715796331	44.0
999092.7952164521	44.0
999132.3188532711	43.0
999171.84249009	42.0
999211.3661269089	41.0
999250.8897637279	44.0
999290.4134005469	44.0
999329.9370373659	45.0
999369.4606741848	43.0
999408.9843110038	44.0
999444.9468991433	45.0
999480.9094872829	45.0
999516.8720754223	45.0
999552.8346635619	45.0
999588.7972517014	45.0
999624.7598398409	45.0
999660.7224279804	42.0
999696.68501612	43.0
999732.6476042594	45.0
999768.610192399	47.0
999804.5727805385	47.0
999840.5353686779	45.0
999876.4979568175	43.0
999912.460544957	49.0
999956.1843488759	50.0
999999.9081527949	46.0
1000043.6319567139	46.0
1000087.3557606329	46.0
1000131.0795645518	45.0
1000174.8033684707	45.0
1000218.5271723898	46.0
1000262.2509763087	42.0
1000305.9747802276	45.0
1000349.6985841467	48.0
1000393.4223880656	47.0
1000432.5093373522	44.0
1000471.5962866389	46.0
1000510.6832359255	43.0
1000549.7701852121	44.0
1000588.8571344988	42.0
1000627.9440837853	43.0
1000667.0310330719	43.0
1000706.1179823586	42.0
1000745.2049316452	43.0
1000784.2918809318	44.0
1000823.3788302185	44.0
1000862.4657795051	44.0
1000901.5527287917	43.0
1000941.1313994173	43.0
1000980.7100700429	41.0
1001020.2887406684	41.0
1001059.867411294	43.0
1001099.4460819196	42.0
1001139.0247525452	42.0
1001178.6034231707	43.0
1001218.1820937963	44.0
1001257.7607644219	44.0
1001289.9617189347	42.0
1001322.1626734476	41.0
1001354.3636279604	42.0
1001386.5645824734	42.0
1001418.7655369862	41.0
1001450.9664914991	41.0
1001483.1674460119	41.0
1001515.3684005247	43.0
1001547.5693550376	43.0
1001579.7703095505	43.0
1001611.9712640634	42.0
1001644.1722185762	44.0
1001676.3731730891	44.0
1001708.1175786945	43.0
1001739.8619842998	42.0
1001771.6063899053	41.0
1001803.3507955107	42.0
1001835.095201116	43.0
1001866.8396067214	42.0
1001898.5840123269	42.0
1001930.3284179323	40.0
1001962.0728235376	41.0
1001993.817229143	42.0
1002025.5616347485	44.0
1002057.3060403538	44.0
1002089.0504459592	42.0
1002120.7948515646	41.0
1002152.5392571699	42.0
1002184.2836627754	41.0
1002216.0280683808	41.0
1002258.712166062	42.0
1002301.3962637432	41.0
1002344.0803614244	43.0
1002386.7644591054	43.0
1002429.4485567866	46.0
1002472.1326544678	43.0
1002514.816752149	42.0
1002557.5008498302	41.0
1002600.1849475114	41.0
1002642.8690451926	42.0
1002685.5531428737	42.0
1002728.2372405549	42.0
1002770.9213382361	44.0
1002808.3969791391	43.0
1002845.8726200421	41.0
1002883.3482609451	42.0
1002920.8239018479	43.0
1002958.2995427509	42.0
1002995.7751836539	41.0
1003033.2508245569	42.0
1003070.7264654599	41.0
1003108.2021063629	42.0
1003145.6777472658	45.0
1003183.1533881688	43.0
1003220.6290290718	42.0
1003258.1046699748	41.0
1003295.5803108778	41.0
1003333.0559517808	41.0
1003370.5315926838	42.0
1003408.0072335866	41.0
1003445.4828744896	41.0
1003482.9585153926	41.0
1003516.9391184082	41.0
1003550.919721424	41.0
1003584.9003244396	41.0
1003618.8809274554	41.0
1003652.861530471	41.0
1003686.8421334866	41.0
1003720.8227365024	41.0
1003754.803339518	40.0
1003788.7839425338	41.0
1003822.7645455494	41.0
1003856.745148565	41.0
1003890.7257515808	41.0
1003924.7063545964	41.0
1003958.6869576122	41.0
1003992.6675606278	41.0
1004026.6481636434	41.0
1004060.6287666592	41.0
1004094.6093696748	41.0
1004128.5899726906	41.0
1004162.5705757062	41.0
1004196.551178722	41.0
1004230.5317817376	41.0
1004264.5123847532	42.0
1004298.492987769	43.0
1004332.4735907846	45.0
1004366.4541938003	48.0
1004400.434796816	51.0
1004434.4153998316	46.0
1004468.3960028474	42.0
1004502.376605863	42.0
1004536.3572088787	40.0
1004572.693475819	45.0
1004609.0297427593	46.0
1004645.3660096995	44.0
1004681.7022766398	44.0
1004718.03854358	45.0
1004754.3748105203	44.0
1004790.7110774606	42.0
1004827.0473444008	42.0
1004863.383611341	41.0
1004899.7198782814	42.0
1004936.0561452216	42.0
1004972.3924121618	42.0
1005008.7286791021	42.0
1005045.0649460424	41.0
1005081.4012129826	42.0
1005117.7374799228	42.0
1005154.0737468632	41.0
1005190.4100138034	41.0
1005226.7462807436	42.0
1005263.0825476839	41.0
1005299.4188146242	42.0
1005343.048674899	43.0
1005386.678535174	44.0
1005430.3083954488	46.0
1005473.9382557238	45.0
1005517.5681159986	42.0
1005561.1979762736	42.0
1005604.8278365484	43.0
1005648.4576968233	45.0
1005692.0875570982	43.0
1005735.7174173731	42.0
1005779.347277648	42.0
1005822.9771379229	43.0
1005866.6069981977	43.0
1005910.2368584727	45.0
1005950.4657777023	43.0
1005990.6946969319	45.0
1006030.9236161615	42.0
1006071.1525353912	41.0
1006111.3814546207	42.0
1006151.6103738503	41.0
1006191.8392930799	40.0
1006232.0682123095	40.0
1006272.2971315391	40.0
1006312.5260507688	46.0
1006352.7549699984	46.0
1006392.983889228	50.0
1006424.8862516433	50.0
1006456.7886140585	43.0
1006488.6909764739	42.0
1006520.5933388892	43.0
1006552.4957013044	47.0
1006584.3980637197	46.0
1006616.300426135	43.0
1006648.2027885503	44.0
1006680.1051509656	48.0
1006712.0075133808	52.0
1006743.9098757962	46.0
1006775.8122382115	45.0
1006807.7146006267	44.0
1006839.6169630421	43.0
1006871.5193254574	42.0
1006903.4216878726	42.0
1006935.324050288	40.0
1006967.2264127032	40.0
1006999.1287751185	41.0
1007031.0311375338	42.0
1007062.933499949	42.0
1007094.8358623644	42.0
1007126.7382247797	40.0
1007158.6405871949	42.0
1007190.5429496103	45.0
1007222.4453120256	46.0
1007254.3476744408	42.0
1007286.2500368562	42.0
1007318.1523992714	43.0
1007350.0547616867	44.0
1007381.957124102	47.0
1007413.8594865173	44.0
1007445.7618489326	44.0
1007477.6642113479	44.0
1007509.3152815802	44.0
1007540.9663518124	43.0
1007572.6174220446	45.0
1007604.2684922769	43.0
1007635.919562509	42.0
1007667.5706327413	43.0
1007699.2217029736	43.0
1007730.8727732057	41.0
1007762.523843438	40.0
1007794.1749136703	42.0
1007825.8259839024	41.0
1007857.4770541347	42.0
1007889.128124367	42.0
1007920.7791945991	42.0
1007952.4302648314	41.0
1007984.0813350637	42.0
1008015.7324052958	44.0
1008047.3834755281	44.0
1008079.0345457604	43.0
1008110.6856159925	40.0
1008141.2424978619	39.0
1008171.7993797313	39.0
1008202.3562616006	39.0
1008232.9131434701	39.0
1008263.4700253394	39.0
1008294.0269072088	39.0
1008324.5837890782	45.0
1008355.1406709476	46.0
1008385.697552817	45.0
1008416.2544346864	44.0
1008446.8113165557	43.0
1008477.3681984252	41.0
1008507.9250802945	39.0
1008538.4819621639	39.0
1008569.0388440333	40.0
1008599.5957259027	40.0
1008630.152607772	42.0
1008660.7094896415	41.0
1008691.2663715108	42.0
1008721.8232533803	42.0
1008752.3801352496	40.0
1008782.9370171189	39.0
1008813.4938989884	40.0
1008844.0507808577	42.0
1008874.6076627271	42.0
1008905.1645445965	42.0
1008935.7214264659	42.0
1008966.2783083352	42.0
1008996.8351902047	42.0
1009027.392072074	43.0
1009085.0141096421	47.0
1009118.8743593276	48.0
1009152.734609013	46.0
1009186.5948586984	43.0
1009220.4551083839	43.0
1009254.3153580693	44.0
1009288.1756077547	45.0
1009322.0358574401	45.0
1009355.8961071256	44.0
1009389.756356811	41.0
1009423.6166064964	38.0
1009457.4768561819	37.0
1009491.3371058673	40.0
1009537.5780056446	37.0
1009583.8189054218	40.0
1009630.059805199	41.0
1009676.3007049762	41.0
1009722.5416047535	40.0
1009768.7825045306	42.0
1009815.0234043079	43.0
1009861.264304085	40.0
1009894.6323627625	40.0
1009928.0004214398	41.0
1009961.3684801172	41.0
1009994.7365387946	42.0
1010028.104597472	41.0
1010061.4726561493	42.0
1010094.8407148267	43.0
1010128.2087735041	43.0
1010171.3704508458	43.0
1010214.5321281875	42.0
1010257.6938055292	41.0
1010300.8554828708	40.0
1010344.0171602125	39.0
1010387.1788375542	38.0
1010418.7629998041	38.0
1010450.347162054	38.0
1010481.931324304	39.0
1010513.5154865539	40.0
1010545.0996488037	42.0
1010576.6838110536	41.0
1010608.2679733036	41.0
1010639.8521355535	40.0
1010671.4362978034	39.0
1010703.0204600533	42.0
1010734.6046223033	42.0
1010766.1887845532	41.0
1010797.772946803	39.0
1010829.357109053	39.0
1010860.9412713029	40.0
1010893.3295681495	42.0
1010925.7178649962	41.0
1010958.1061618428	41.0
1010990.4944586895	42.0
1011022.8827555361	42.0
1011055.2710523827	42.0
1011087.6593492293	42.0
1011120.047646076	41.0
1011152.4359429226	40.0
1011184.8242397693	41.0
1011218.0288402125	43.0
1011251.2334406559	44.0
1011284.4380410991	43.0
1011317.6426415424	41.0
1011350.8472419857	41.0
1011384.051842429	41.0
1011417.2564428722	40.0
1011450.4610433155	45.0
1011483.6656437588	46.0
1011527.6678944011	40.0
1011571.6701450434	40.0
1011615.6723956856	39.0
1011659.6746463279	40.0
1011703.6768969701	42.0
1011747.6791476124	43.0
1011791.6813982546	41.0
1011835.6836488969	42.0
1011871.5754459897	41.0
1011907.4672430825	40.0
1011943.3590401753	41.0
1011979.2508372681	41.0
1012015.1426343609	41.0
1012051.0344314537	42.0
1012086.9262285465	41.0
1012122.8180256393	41.0
1012158.7098227321	41.0
1012194.6016198249	41.0
1012230.4934169177	42.0
1012266.3852140105	45.0
1012302.2770111033	43.0
1012338.1688081961	42.0
1012374.060605289	39.0
1012409.9524023817	40.0
1012445.8441994746	41.0
1012481.7359965674	40.0
1012517.2420668211	40.0
1012552.7481370748	38.0
1012588.2542073284	39.0
1012623.760277582	37.0
1012659.2663478357	36.0
1012694.7724180893	37.0
1012730.278488343	40.0
1012765.7845585967	40.0
1012801.2906288503	41.0
1012836.796699104	41.0
1012872.3027693577	41.0
1012907.8088396112	41.0
1012943.3149098649	41.0
1012978.8209801186	42.0
1013014.3270503723	38.0
1013049.8331206259	38.0
1013085.3391908796	39.0
1013120.8452611333	41.0
1013156.3513313868	40.0
1013191.8574016405	39.0
1013227.3634718942	38.0
1013262.8695421478	37.0
1013305.2900559535	38.0
1013347.7105697594	39.0
1013390.1310835651	40.0
1013432.5515973708	41.0
1013474.9721111766	40.0
1013517.3926249823	40.0
1013559.813138788	38.0
1013602.2336525937	38.0
1013644.6541663995	38.0
1013682.8001356021	39.0
1013720.9461048046	40.0
1013759.0920740073	40.0
1013797.2380432098	40.0
1013835.3840124124	41.0
1013873.529981615	40.0
1013911.6759508175	38.0
1013949.8219200202	39.0
1013987.9678892227	40.0
1014026.1138584253	40.0
1014064.2598276279	39.0
1014102.4057968304	40.0
1014139.0523081496	39.0
1014175.698819469	39.0
1014212.3453307882	39.0
1014248.9918421075	39.0
1014285.6383534267	39.0
1014322.2848647459	39.0
1014358.9313760652	40.0
1014395.5778873845	41.0
1014432.2243987037	39.0
1014468.870910023	41.0
1014505.5174213422	41.0
1014542.1639326615	39.0
1014578.8104439807	39.0
1014615.4569553	40.0
1014652.1034666193	39.0
1014688.7499779385	40.0
1014725.3964892578	41.0
1014762.043000577	40.0
1014798.6895118962	40.0
1014836.7654596064	39.0
1014874.8414073166	40.0
1014912.9173550268	41.0
1014950.9933027369	41.0
1014989.0692504471	40.0
1015027.1451981573	38.0
1015065.2211458675	37.0
1015103.2970935777	39.0
1015141.3730412879	39.0
1015179.4489889981	38.0
1015217.5249367082	39.0
1015255.6008844184	38.0
1015293.6768321285	36.0
1015331.7527798387	32.0
1015369.828727549	36.0
1015407.9046752591	38.0
1015445.9806229693	37.0
1015484.0565706794	37.0
1015522.1325183896	37.0
1015560.2084660998	37.0
1015598.28441381	37.0
1015636.3603615202	39.0
1015674.4363092304	39.0
1015712.5122569406	38.0
1015750.5882046507	38.0
1015782.6929836427	40.0
1015814.7977626347	40.0
1015846.9025416267	39.0
1015879.0073206187	39.0
1015911.1120996107	39.0
1015943.2168786029	37.0
1015975.3216575949	39.0
1016007.4264365869	39.0
1016039.5312155789	39.0
1016071.6359945709	39.0
1016103.7407735629	38.0
1016135.8455525549	37.0
1016167.950331547	38.0
1016200.7597436988	39.0
1016233.5691558506	41.0
1016266.3785680025	41.0
1016299.1879801543	40.0
1016331.9973923061	39.0
1016364.8068044579	41.0
1016397.6162166098	44.0
1016430.4256287616	43.0
1016463.2350409135	41.0
1016496.0444530653	42.0
1016528.8538652171	42.0
1016561.663277369	42.0
1016594.4726895208	43.0
1016627.2821016726	42.0
1016660.0915138244	41.0
1016694.7928569126	42.0
1016729.4942000009	40.0
1016764.1955430891	40.0
1016798.8968861772	40.0
1016833.5982292655	40.0
1016868.2995723537	39.0
1016903.0009154419	44.0
1016937.7022585301	46.0
1016972.4036016184	45.0
1017007.1049447065	43.0
1017041.8062877947	44.0
1017076.507630883	42.0
1017111.2089739712	42.0
1017145.9103170594	42.0
1017180.6116601477	41.0
1017215.3130032358	36.0
1017250.014346324	35.0
1017284.7156894122	37.0
1017316.6144605255	39.0
1017348.5132316387	39.0
1017380.4120027518	39.0
1017412.3107738651	41.0
1017444.2095449783	41.0
1017476.1083160916	39.0
1017508.0070872048	38.0
1017539.9058583181	38.0
1017571.8046294312	38.0
1017603.7034005445	38.0
1017635.6021716577	38.0
1017667.500942771	38.0
1017699.3997138842	39.0
1017731.2984849974	40.0
1017763.1972561106	38.0
1017795.0960272239	38.0
1017826.9947983371	37.0
1017858.8935694504	39.0
1017890.7923405636	42.0
1017922.6911116767	43.0
1017954.58988279	41.0
1017986.4886539032	42.0
1018018.3874250165	40.0
1018050.2861961297	36.0
1018082.184967243	35.0
1018114.0837383561	34.0
1018145.9825094694	35.0
1018177.8812805826	34.0
1018216.0050416325	37.0
1018254.1288026823	38.0
1018292.2525637321	37.0
1018330.3763247819	36.0
1018368.5000858317	37.0
1018406.6238468816	37.0
1018444.7476079314	37.0
1018482.8713689812	37.0
1018520.995130031	39.0
1018559.1188910808	41.0
1018597.2426521307	42.0
1018635.3664131805	40.0
1018667.2303750875	39.0
1018699.0943369943	39.0
1018730.9582989013	40.0
1018762.8222608082	40.0
1018794.6862227152	40.0
1018826.550184622	40.0
1018858.414146529	37.0
1018890.2781084359	36.0
1018922.1420703429	38.0
1018954.0060322498	38.0
1018985.8699941568	37.0
1019027.6683777985	37.0
1019069.4667614404	37.0
1019111.2651450821	38.0
1019153.063528724	38.0
1019194.8619123658	38.0
1019236.6602960075	37.0
1019278.4586796494	37.0
1019320.2570632912	41.0
1019362.0554469329	42.0
1019403.8538305748	40.0
1019445.6522142165	39.0
1019487.4505978584	37.0
1019529.2489815002	36.0
1019571.0473651419	36.0
1019604.0271480575	39.0
1019637.0069309731	40.0
1019669.9867138887	37.0
1019702.9664968044	37.0
1019735.9462797199	37.0
1019768.9260626356	37.0
1019801.9058455512	37.0
1019834.8856284667	39.0
1019867.8654113824	37.0
1019900.845194298	36.0
1019933.8249772136	36.0
1019966.8047601292	37.0
1019999.7845430447	37.0
1020032.7643259604	37.0
1020065.744108876	37.0
1020098.7238917917	37.0
1020131.7036747072	37.0
1020164.6834576229	37.0
1020197.6632405384	36.0
1020230.643023454	36.0
1020263.6228063697	37.0
1020296.6025892852	37.0
1020329.5823722009	37.0
1020362.5621551165	37.0
1020395.5419380321	36.0
1020438.7246818389	37.0
1020481.9074256455	37.0
1020525.0901694522	37.0
1020568.272913259	37.0
1020611.4556570657	37.0
1020654.6384008724	37.0
1020697.8211446791	36.0
1020741.0038884858	37.0
1020784.1866322926	37.0
1020827.3693760992	36.0
1020870.552119906	37.0
1020913.7348637127	36.0
1020956.9176075194	38.0
1020994.3124222623	36.0
1021031.7072370051	37.0
1021069.102051748	37.0
1021106.4968664908	36.0
1021143.8916812337	37.0
1021181.2864959765	38.0
1021218.6813107193	40.0
1021256.0761254622	36.0
1021293.470940205	37.0
1021330.8657549479	37.0
1021368.2605696907	37.0
1021405.6553844336	37.0
1021443.0501991763	40.0
1021480.4450139191	42.0
1021517.839828662	44.0
1021555.2346434048	44.0
1021592.3126813032	43.0
1021629.3907192015	42.0
1021666.4687570999	41.0
1021703.5467949983	37.0
1021740.6248328966	37.0
1021777.702870795	39.0
1021814.7809086933	41.0
1021851.8589465917	42.0
1021888.9369844901	43.0
1021926.0150223884	41.0
1021963.0930602868	38.0
1022000.1710981852	38.0
1022037.2491360835	36.0
1022074.3271739819	35.0
1022111.4052118803	33.0
1022148.4832497786	34.0
1022185.561287677	34.0
1022222.6393255754	31.0
1022259.7173634737	34.0
1022290.4580396514	34.0
1022321.198715829	33.0
1022351.9393920067	35.0
1022382.6800681844	35.0
1022413.420744362	34.0
1022444.1614205397	32.0
1022474.9020967174	33.0
1022505.6427728952	35.0
1022536.3834490728	36.0
1022567.1241252505	36.0
1022597.8648014282	37.0
1022628.6054776058	41.0
1022659.3461537835	41.0
1022690.0868299612	39.0
1022720.8275061388	36.0
1022751.5681823165	36.0
1022782.3088584942	35.0
1022813.0495346718	36.0
1022843.7902108495	35.0
1022874.5308870272	35.0
1022905.2715632048	36.0
1022936.0122393825	36.0
1022966.7529155603	35.0
1022997.4935917379	35.0
1023028.2342679156	33.0
1023058.9749440933	34.0
1023089.7156202709	33.0
1023120.4562964486	31.0
1023151.1969726263	31.0
1023181.9376488039	33.0
1023216.960248561	35.0
1023251.9828483181	36.0
1023287.0054480752	34.0
1023322.0280478323	35.0
1023357.0506475894	35.0
1023392.0732473464	36.0
1023427.0958471035	37.0
1023462.1184468606	37.0
1023497.1410466178	37.0
1023532.1636463748	36.0
1023567.1862461319	32.0
1023602.208845889	33.0
1023637.231445646	37.0
1023672.2540454031	37.0
1023707.2766451603	37.0
1023742.2992449173	36.0
1023777.3218446744	36.0
1023811.5096970065	36.0
1023845.6975493387	35.0
1023879.8854016707	36.0
1023914.0732540028	36.0
1023948.261106335	36.0
1023982.4489586671	35.0
1024016.6368109992	35.0
1024050.8246633314	36.0
1024085.0125156634	36.0
1024119.2003679955	36.0
1024153.3882203277	35.0
1024187.5760726598	35.0
1024221.763924992	36.0
1024255.9517773241	38.0
1024290.1396296561	40.0
1024324.3274819882	37.0
1024358.5153343204	36.0
1024392.7031866525	38.0
1024426.8910389846	39.0
1024461.0788913168	40.0
1024495.2667436488	40.0
1024529.4545959809	40.0
1024569.061553522	40.0
1024608.6685110631	37.0
1024648.275468604	38.0
1024687.8824261451	37.0
1024727.4893836862	39.0
1024767.0963412273	38.0
1024806.7032987684	37.0
1024846.3102563093	33.0
1024878.4567651238	32.0
1024910.6032739382	36.0
1024942.7497827527	38.0
1024974.8962915671	39.0
1025007.0428003815	39.0
1025039.189309196	40.0
1025071.3358180104	39.0
1025103.4823268248	38.0
1025135.6288356393	39.0
1025167.7753444538	39.0
1025199.9218532682	39.0
1025232.0683620826	38.0
1025264.214870897	37.0
1025296.4645158469	39.0
1025328.7141607967	37.0
1025360.9638057466	36.0
1025393.2134506966	37.0
1025425.4630956464	36.0
1025457.7127405963	35.0
1025489.9623855462	38.0
1025522.212030496	39.0
1025554.4616754459	40.0
1025586.7113203958	39.0
1025618.9609653456	38.0
1025651.2106102955	38.0
1025683.4602552454	38.0
1025715.7099001952	37.0
1025747.9595451452	37.0
1025780.2091900951	37.0
1025820.2080612096	38.0
1025860.2069323242	38.0
1025900.2058034388	37.0
1025940.2046745534	36.0
1025980.2035456679	37.0
1026020.2024167825	36.0
1026060.2012878971	37.0
1026100.2001590116	37.0
1026140.1990301262	36.0
1026180.1979012408	37.0
1026220.1967723554	36.0
1026260.1956434699	38.0
1026300.1945145845	40.0
1026332.1274558047	39.0
1026364.0603970251	36.0
1026395.9933382453	35.0
1026427.9262794656	36.0
1026459.8592206859	36.0
1026491.7921619061	37.0
1026523.7251031264	40.0
1026555.6580443467	40.0
1026587.590985567	36.0
1026626.6367036565	35.0
1026665.6824217461	32.0
1026704.7281398356	35.0
1026743.7738579252	37.0
1026782.8195760148	36.0
1026822.2372717273	40.0
1026861.6549674398	40.0
1026901.0726631524	39.0
1026940.4903588649	37.0
1026979.9080545774	38.0
1027019.3257502901	37.0
1027052.4377379465	37.0
1027085.549725603	35.0
1027118.6617132594	35.0
1027151.7737009159	36.0
1027184.8856885723	37.0
1027217.9976762288	36.0
1027251.1096638853	37.0
1027284.2216515418	38.0
1027317.3336391982	40.0
1027350.4456268547	41.0
1027395.2353495146	39.0
1027440.0250721746	35.0
1027484.8147948346	36.0
1027529.6045174946	37.0
1027563.0660802051	37.0
1027596.5276429157	39.0
1027629.9892056263	40.0
1027663.450768337	37.0
1027696.9123310476	35.0
1027730.3738937582	36.0
1027763.8354564687	36.0
1027797.2970191793	37.0
1027830.7585818899	37.0
1027870.0979452885	37.0
1027909.437308687	38.0
1027948.7766720856	39.0
1027988.1160354842	37.0
1028027.4553988827	37.0
1028066.7947622814	39.0
1028106.13412568	39.0
1028145.4734890786	39.0
1028184.8128524771	39.0
1028224.1522158757	37.0
1028263.4915792743	36.0
1028302.8309426728	36.0
1028342.1703060714	38.0
1028381.50966947	37.0
1028420.8490328685	36.0
1028460.1883962671	37.0
1028497.2049556284	39.0
1028534.2215149897	36.0
1028571.238074351	33.0
1028608.2546337122	34.0
1028645.2711930736	34.0
1028682.2877524348	35.0
1028719.3043117962	36.0
1028756.3208711575	38.0
1028793.3374305187	36.0
1028830.3539898801	35.0
1028867.3705492413	35.0
1028904.3871086026	40.0
1028941.4036679639	38.0
1028978.4202273252	34.0
1029015.4367866864	39.0
1029052.4533460478	36.0
1029089.469905409	37.0
1029126.4864647703	41.0
1029163.5030241316	41.0
1029200.5195834929	40.0
1029237.5361428543	38.0
1029274.5527022155	39.0
1029311.5692615767	38.0
1029348.5858209381	37.0
1029391.3159903717	37.0
1029434.0461598054	34.0
1029476.776329239	37.0
1029519.5064986727	40.0
1029562.2366681063	39.0
1029604.9668375399	37.0
1029647.6970069736	38.0
1029690.4271764072	38.0
1029733.1573458408	39.0
1029775.8875152743	39.0
1029818.617684708	36.0
1029861.3478541416	36.0
1029904.0780235752	38.0
1029946.8081930089	38.0
1029989.5383624425	37.0
1030032.2685318762	37.0
1030074.9987013098	37.0
1030117.7288707434	37.0
1030160.459040177	37.0
1030203.1892096107	37.0
1030245.9193790443	37.0
1030288.3440861062	35.0
1030330.768793168	34.0
1030373.1935002299	33.0
1030415.6182072916	33.0
1030458.0429143534	35.0
1030500.4676214153	35.0
1030542.8923284771	35.0
1030585.317035539	32.0
1030627.7417426008	32.0
1030670.1664496626	34.0
1030712.5911567245	35.0
1030755.0158637862	39.0
1030797.4405708481	40.0
1030839.8652779099	37.0
1030882.2899849718	34.0
1030924.7146920336	36.0
1030967.1393990954	36.0
1031009.5641061573	35.0
1031045.9631220663	34.0
1031082.3621379754	35.0
1031118.7611538845	37.0
1031155.1601697936	36.0
1031191.5591857027	35.0
1031227.9582016118	35.0
1031264.3572175208	39.0
1031300.7562334299	39.0
1031337.155249339	37.0
1031373.5542652481	36.0
1031409.9532811572	36.0
1031446.3522970662	35.0
1031482.7513129753	35.0
1031519.1503288844	35.0
1031555.5493447934	35.0
1031591.9483607026	35.0
1031628.3473766117	34.0
1031664.7463925207	34.0
1031701.1454084298	34.0
1031737.5444243388	34.0
1031773.9434402479	34.0
1031810.3424561571	34.0
1031840.6940942305	34.0
1031871.0457323041	34.0
1031901.3973703776	34.0
1031931.7490084511	34.0
1031962.1006465246	34.0
1031992.452284598	34.0
1032022.8039226716	34.0
1032053.155560745	34.0
1032083.5071988186	34.0
1032113.8588368921	34.0
1032144.2104749655	34.0
1032174.5621130391	34.0
1032204.9137511125	34.0
1032235.265389186	34.0
1032265.6170272595	34.0
1032295.968665333	34.0
1032326.3203034066	34.0
1032356.67194148	35.0
1032387.0235795535	36.0
1032417.375217627	35.0
1032447.7268557005	33.0
1032479.7624193853	33.0
1032511.7979830701	33.0
1032543.8335467549	33.0
1032575.8691104398	33.0
1032607.9046741246	33.0
1032639.9402378094	33.0
1032671.9758014942	33.0
1032704.0113651791	33.0
1032736.0469288639	33.0
1032768.0824925487	33.0
1032800.1180562335	33.0
1032832.1536199184	33.0
1032864.1891836032	33.0
1032896.224747288	33.0
1032932.9754185687	33.0
1032969.7260898493	33.0
1033006.4767611299	33.0
1033043.2274324106	33.0
1033079.9781036911	33.0
1033116.7287749718	34.0
1033153.4794462525	33.0
1033190.2301175331	33.0
1033226.9807888137	34.0
1033263.7314600943	33.0
1033300.482131375	34.0
1033337.2328026555	33.0
1033373.9834739362	33.0
1033410.7341452169	33.0
1033447.4848164974	33.0
1033484.2354877781	33.0
1033520.9861590588	34.0
1033557.7368303393	34.0
1033594.48750162	33.0
1033631.2381729006	33.0
1033667.9888441812	33.0
1033704.7395154618	33.0
1033741.4901867425	33.0
1033778.240858023	33.0
1033814.9915293037	33.0
1033851.7422005844	33.0
1033888.492871865	33.0
1033925.2435431456	33.0
1033960.5190796062	33.0
1033995.7946160669	33.0
1034031.0701525274	33.0
1034066.345688988	33.0
1034101.6212254487	33.0
1034136.8967619092	33.0
1034172.1722983698	33.0
1034207.4478348304	33.0
1034242.7233712911	33.0
1034277.9989077516	33.0
1034313.2744442122	33.0
1034348.5499806729	33.0
1034383.8255171335	33.0
1034419.101053594	33.0
1034454.3765900547	33.0
1034489.6521265153	33.0
1034524.9276629759	33.0
1034560.2031994364	33.0
1034595.4787358971	33.0
1034630.7542723577	33.0
1034666.0298088182	33.0
1034701.3053452789	33.0
1034736.5808817395	33.0
1034771.8564182001	33.0
1034807.1319546608	33.0
1034842.4074911213	33.0
1034877.6830275819	33.0
1034912.9585640425	33.0
1034948.2341005031	33.0
1034986.2768342574	33.0
1035024.3195680117	33.0
1035062.3623017658	33.0
1035100.4050355201	33.0
1035138.4477692744	33.0
1035176.4905030286	33.0
1035214.5332367829	33.0
1035252.5759705371	33.0
1035290.6187042913	33.0
1035328.6614380456	33.0
1035366.7041717998	33.0
1035404.7469055541	33.0
1035442.7896393084	33.0
1035480.8323730625	33.0
1035518.8751068168	33.0
1035556.917840571	33.0
1035594.9605743253	33.0
1035633.0033080796	33.0
1035671.0460418337	33.0
1035712.1638470616	33.0
1035753.2816522896	33.0
1035794.3994575174	33.0
1035835.5172627453	33.0
1035876.6350679733	33.0
1035917.7528732012	33.0
1035958.870678429	33.0
1035999.9884836569	33.0
1036041.1062888849	33.0
1036082.2240941128	33.0
1036123.3418993406	33.0
1036164.4597045686	33.0
1036205.5775097965	33.0
1036246.6953150243	33.0
1036287.8131202523	32.0
1036328.9309254802	33.0
1036370.0487307081	33.0
1036410.2045207409	33.0
1036450.3603107738	33.0
1036490.5161008066	33.0
1036530.6718908395	33.0
1036570.8276808723	33.0
1036610.9834709052	33.0
1036651.139260938	33.0
1036691.2950509709	33.0
1036731.4508410037	33.0
1036763.4953180408	33.0
1036795.5397950779	33.0
1036827.584272115	33.0
1036859.6287491521	34.0
1036891.6732261892	33.0
1036923.7177032264	37.0
1036955.7621802634	39.0
1036997.0147583868	36.0
1037038.26733651	35.0
1037079.5199146334	43.0
1037120.7724927567	39.0
1037162.02507088	36.0
1037203.2776490033	34.0
1037244.5302271267	34.0
1037285.7828052499	34.0
1037327.0353833733	34.0
1037371.959091593	35.0
1037416.882799813	34.0
1037461.8065080327	32.0
1037506.7302162525	33.0
1037551.6539244724	33.0
1037581.8930363586	33.0
1037612.132148245	33.0
1037642.3712601312	33.0
1037672.6103720175	33.0
1037702.8494839038	33.0
1037733.0885957901	33.0
1037763.3277076764	33.0
1037793.5668195627	33.0
1037823.8059314489	33.0
1037854.0450433353	33.0
1037884.2841552215	33.0
1037914.5232671078	33.0
1037944.7623789941	33.0
1037975.0014908804	33.0
1038005.2406027666	33.0
1038035.479714653	33.0
1038065.7188265392	33.0
1038095.9579384256	33.0
1038126.1970503118	33.0
1038158.2428831604	33.0
1038190.2887160089	33.0
1038222.3345488574	33.0
1038254.3803817059	33.0
1038286.4262145546	33.0
1038318.4720474031	33.0
1038350.5178802516	33.0
1038382.5637131002	33.0
1038414.6095459487	33.0
1038446.6553787972	33.0
1038478.7012116457	33.0
1038510.7470444943	33.0
1038542.7928773428	33.0
1038574.8387101914	33.0
1038606.88454304	33.0
1038638.1398323039	33.0
1038669.3951215678	33.0
1038700.6504108317	33.0
1038731.9057000957	33.0
1038763.1609893596	33.0
1038796.0727594574	33.0
1038828.9845295552	33.0
1038861.8962996531	33.0
1038892.4625968692	33.0
1038923.0288940852	33.0
1038953.5951913013	33.0
1038984.1614885174	33.0
1039014.7277857335	33.0
1039045.2940829495	33.0
1039075.8603801656	33.0
1039106.4266773817	33.0
1039136.9929745977	33.0
1039167.5592718138	33.0
1039198.12556903	33.0
1039228.691866246	33.0
1039259.258163462	33.0
1039289.8244606782	33.0
1039320.3907578943	33.0
1039350.9570551103	33.0
1039381.5233523264	33.0
1039412.0896495425	33.0
1039442.6559467586	33.0
1039473.2222439746	33.0
1039503.7885411907	34.0
1039534.3548384068	34.0
1039564.9211356228	34.0
1039595.4874328389	31.0
1039626.053730055	31.0
1039656.620027271	34.0
1039687.1863244871	35.0
1039722.6617700605	36.0
1039758.1372156339	34.0
1039793.6126612073	35.0
1039829.0881067808	36.0
1039864.5635523542	35.0
1039900.0389979276	34.0
1039935.514443501	34.0
1039970.9898890745	34.0
1040006.4653346479	32.0
1040041.9407802213	31.0
1040077.4162257947	31.0
1040112.8916713682	36.0
1040148.3671169416	36.0
1040183.8425625149	36.0
1040219.3180080884	36.0
1040254.7934536618	34.0
1040294.7240077446	32.0
1040334.6545618273	35.0
1040374.5851159099	36.0
1040414.5156699927	33.0
1040454.4462240754	32.0
1040494.3767781581	32.0
1040534.3073322409	31.0
1040574.2378863235	32.0
1040614.1684404062	33.0
1040654.098994489	33.0
1040694.0295485717	32.0
1040733.9601026543	31.0
1040773.890656737	35.0
1040813.8212108198	36.0
1040853.7517649025	40.0
1040893.6823189852	38.0
1040933.6128730678	34.0
1040973.5434271506	38.0
1041011.3277518987	36.0
1041049.1120766469	42.0
1041086.896401395	47.0
1041124.6807261432	37.0
1041162.4650508913	35.0
1041200.2493756395	37.0
1041238.0337003876	35.0
1041275.8180251357	32.0
1041313.6023498839	36.0
1041351.386674632	34.0
1041389.1709993802	33.0
1041426.9553241283	33.0
1041464.7396488765	33.0
1041502.5239736246	33.0
1041540.3082983727	34.0
1041578.0926231209	33.0
1041615.876947869	35.0
1041649.0452664705	36.0
1041682.213585072	33.0
1041715.3819036735	32.0
1041748.550222275	32.0
1041781.7185408765	33.0
1041814.886859478	34.0
1041848.0551780795	39.0
1041881.2234966811	32.0
1041914.3918152825	32.0
1041947.5601338841	32.0
1041980.7284524855	31.0
1042013.8967710871	31.0
1042047.0650896885	31.0
1042079.7615038315	31.0
1042112.4579179744	31.0
1042145.1543321174	31.0
1042177.8507462603	31.0
1042210.5471604032	31.0
1042243.2435745462	31.0
1042275.9399886891	31.0
1042308.6364028321	31.0
1042341.3328169751	31.0
1042374.029231118	31.0
1042406.7256452609	31.0
1042439.4220594038	31.0
1042472.1184735468	31.0
1042504.8148876898	31.0
1042537.5113018327	31.0
1042570.2077159757	31.0
1042605.6759723459	31.0
1042641.1442287161	31.0
1042676.6124850863	31.0
1042712.0807414565	31.0
1042747.5489978266	31.0
1042783.0172541969	31.0
1042818.4855105671	31.0
1042853.9537669373	31.0
1042889.4220233074	31.0
1042924.8902796777	31.0
1042960.3585360479	31.0
1042995.826792418	31.0
1043031.2950487882	31.0
1043066.7633051585	31.0
1043104.8704088877	31.0
1043142.9775126171	31.0
1043181.0846163464	31.0
1043219.1917200758	31.0
1043257.2988238051	31.0
1043295.4059275344	31.0
1043333.5130312637	31.0
1043371.6201349931	31.0
1043409.7272387224	31.0
1043447.8343424518	31.0
1043485.941446181	31.0
1043524.0485499104	31.0
1043555.767181302	31.0
1043587.4858126936	31.0
1043619.2044440851	31.0
1043650.9230754768	31.0
1043682.6417068683	31.0
1043714.3603382598	31.0
1043746.0789696515	31.0
1043777.797601043	31.0
1043809.5162324347	31.0
1043841.2348638262	31.0
1043872.9534952177	31.0
1043904.6721266094	31.0
1043936.3907580009	31.0
1043968.1093893924	31.0
1043999.8280207841	31.0
1044031.5466521756	31.0
1044063.2652835672	31.0
1044094.9839149588	31.0
1044126.7025463503	31.0
1044158.421177742	31.0
1044190.1398091335	31.0
1044221.8584405251	31.0
1044253.5770719167	32.0
1044285.2957033082	31.0
1044317.0143346998	32.0
1044347.4225054471	32.0
1044377.8306761943	31.0
1044408.2388469415	31.0
1044438.6470176887	32.0
1044469.055188436	31.0
1044499.4633591832	32.0
1044529.8715299304	32.0
1044560.2797006775	31.0
1044590.6878714247	31.0
1044621.0960421719	31.0
1044651.5042129192	32.0
1044681.9123836664	32.0
1044712.3205544136	31.0
1044742.7287251608	31.0
1044773.136895908	31.0
1044803.5450666553	31.0
1044833.9532374025	31.0
1044864.3614081497	31.0
1044894.7695788969	31.0
1044925.1777496442	31.0
1044955.5859203914	31.0
1044985.9940911386	31.0
1045018.8797181323	31.0
1045051.765345126	31.0
1045084.6509721198	31.0
1045117.5365991135	32.0
1045150.4222261072	32.0
1045183.3078531009	32.0
1045216.1934800947	32.0
1045249.0791070883	32.0
1045281.964734082	32.0
1045314.8503610757	33.0
1045347.7359880694	34.0
1045384.3853110798	32.0
1045421.0346340901	32.0
1045457.6839571005	32.0
1045494.3332801108	33.0
1045530.9826031212	34.0
1045567.6319261316	37.0
1045604.2812491419	34.0
1045640.9305721523	35.0
1045677.5798951626	34.0
1045714.229218173	32.0
1045750.8785411833	31.0
1045787.5278641937	31.0
1045824.177187204	30.0
1045860.8265102144	33.0
1045897.4758332247	35.0
1045934.1251562351	30.0
1045970.7744792454	32.0
1046007.4238022558	32.0
1046044.0731252661	32.0
1046086.9498014974	32.0
1046129.8264777287	33.0
1046172.70315396	31.0
1046215.5798301913	30.0
1046258.4565064226	32.0
1046301.3331826539	32.0
1046344.2098588852	32.0
1046387.0865351165	32.0
1046429.9632113478	32.0
1046472.8398875791	35.0
1046515.7165638104	33.0
1046558.5339058496	30.0
1046601.3512478889	31.0
1046644.1685899281	34.0
1046686.9859319673	36.0
1046729.8032740066	33.0
1046772.6206160458	31.0
1046815.437958085	31.0
1046858.2553001242	27.0
1046901.0726421635	29.0
1046943.8899842027	33.0
1046986.7073262419	32.0
1047024.8077735845	32.0
1047062.9082209271	34.0
1047101.0086682697	33.0
1047139.1091156125	31.0
1047177.2095629551	31.0
1047215.3100102977	34.0
1047253.4104576403	34.0
1047291.5109049829	33.0
1047329.6113523255	28.0
1047367.7117996683	26.0
1047405.8122470109	32.0
1047443.9126943535	32.0
1047482.0131416961	28.0
1047520.1135890387	28.0
1047558.2140363813	32.0
1047596.314483724	32.0
1047628.9785630247	33.0
1047661.6426423255	32.0
1047694.3067216262	29.0
1047726.970800927	30.0
1047759.6348802277	31.0
1047792.2989595286	31.0
1047824.9630388293	30.0
1047857.6271181301	31.0
1047890.2911974308	33.0
1047922.9552767316	33.0
1047955.6193560323	30.0
1047988.2834353332	29.0
1048018.735471867	30.0
1048049.1875084009	32.0
1048079.6395449347	32.0
1048110.0915814687	31.0
1048140.5436180026	31.0
1048170.9956545364	31.0
1048201.4476910703	33.0
1048231.8997276041	33.0
1048262.351764138	32.0
1048292.803800672	31.0
1048323.2558372058	30.0
1048353.7078737397	29.0
1048384.1599102735	30.0
1048414.6119468074	32.0
1048445.0639833412	33.0
1048475.5160198752	33.0
1048505.968056409	33.0
1048536.4200929429	32.0
1048566.8721294767	32.0
1048597.3241660106	31.0
1048627.7762025446	31.0
1048658.2282390783	32.0
1048688.6802756123	31.0
1048721.7508827585	29.0
1048754.8214899045	29.0
1048787.8920970508	30.0
1048820.962704197	33.0
1048854.0333113433	34.0
1048887.1039184893	33.0
1048920.1745256355	33.0
1048953.2451327818	31.0
1048986.3157399278	30.0
1049019.386347074	28.0
1049052.4569542203	29.0
1049085.5275613666	31.0
1049118.5981685126	32.0
1049151.6687756588	31.0
1049184.739382805	31.0
1049217.809989951	33.0
1049250.8805970973	35.0
1049282.5900705545	34.0
1049314.299544012	28.0
1049346.0090174691	28.0
1049377.7184909265	30.0
1049409.4279643837	35.0
1049441.137437841	38.0
1049472.8469112983	36.0
1049504.5563847555	35.0
1049536.265858213	33.0
1049567.9753316701	32.0
1049599.6848051273	31.0
1049630.0065625075	31.0
1049660.3283198874	32.0
1049690.6500772675	32.0
1049720.9718346475	33.0
1049751.2935920276	32.0
1049781.6153494075	31.0
1049811.9371067877	32.0
1049842.2588641676	31.0
1049872.5806215478	33.0
1049902.9023789277	35.0
1049933.2241363078	32.0
1049963.5458936878	29.0
1049993.867651068	29.0
1050024.1894084478	29.0
1050054.511165828	30.0
1050084.832923208	36.0
1050115.154680588	38.0
1050145.476437968	34.0
1050175.7981953481	35.0
1050206.1199527283	35.0
1050237.2093941153	33.0
1050268.2988355022	29.0
1050299.388276889	29.0
1050330.477718276	30.0
1050361.567159663	30.0
1050392.65660105	32.0
1050423.746042437	32.0
1050454.8354838237	31.0
1050485.9249252107	36.0
1050517.0143665976	37.0
1050548.1038079846	33.0
1050579.1932493716	32.0
1050610.2826907584	31.0
1050641.3721321453	28.0
1050672.4615735323	30.0
1050703.5510149193	31.0
1050734.6404563063	31.0
1050765.729897693	30.0
1050796.81933908	30.0
1050827.908780467	29.0
1050858.998221854	30.0
1050890.087663241	31.0
1050921.1771046277	30.0
1050952.2665460147	30.0
1050994.9373520017	30.0
1051037.6081579884	30.0
1051080.2789639754	30.0
1051122.9497699623	30.0
1051165.6205759493	30.0
1051208.291381936	30.0
1051250.962187923	30.0
1051293.63299391	30.0
1051336.3037998967	30.0
1051378.9746058837	30.0
1051419.4120985193	30.0
1051459.8495911548	30.0
1051500.2870837904	30.0
1051540.724576426	30.0
1051581.1620690615	30.0
1051621.599561697	30.0
1051662.0370543327	30.0
1051702.4745469682	30.0
1051734.8275113911	30.0
1051767.1804758138	30.0
1051799.5334402367	30.0
1051831.8864046594	30.0
1051864.2393690823	30.0
1051896.592333505	30.0
1051928.9452979278	30.0
1051961.2982623507	32.0
1051993.6512267734	35.0
1052026.0041911963	35.0
1052058.357155619	33.0
1052090.7101200419	32.0
1052123.0630844645	30.0
1052155.4160488874	30.0
1052187.7690133103	33.0
1052220.121977733	32.0
1052252.4749421559	31.0
1052284.8279065785	30.0
1052317.1808710014	30.0
1052349.533835424	29.0
1052382.048086284	30.0
1052414.5623371438	30.0
1052447.0765880037	30.0
1052479.5908388635	31.0
1052512.1050897234	32.0
1052544.6193405832	33.0
1052577.133591443	33.0
1052609.647842303	33.0
1052642.1620931628	34.0
1052674.6763440229	31.0
1052707.1905948827	33.0
1052739.7048457426	34.0
1052772.2190966024	27.0
1052804.7333474623	27.0
1052837.247598322	27.0
1052869.761849182	26.0
1052902.2761000418	28.0
1052934.8300939756	27.0
1052967.3840879097	30.0
1052999.9380818435	35.0
1053032.4920757774	30.0
1053065.0460697114	29.0
1053097.6000636453	29.0
1053130.154057579	29.0
1053162.7080515132	29.0
1053195.262045447	29.0
1053227.8160393809	29.0
1053260.370033315	29.0
1053292.9240272488	29.0
1053325.4780211826	29.0
1053357.2111354386	29.0
1053388.9442496945	29.0
1053420.6773639505	29.0
1053452.4104782064	29.0
1053484.1435924624	29.0
1053515.8767067182	29.0
1053547.6098209743	29.0
1053579.3429352301	29.0
1053611.0760494862	29.0
1053642.809163742	29.0
1053674.542277998	29.0
1053706.2753922539	29.0
1053738.00850651	29.0
1053769.7416207658	29.0
1053801.4747350218	29.0
1053833.2078492776	29.0
1053864.9409635337	29.0
1053898.3053264918	29.0
1053931.66968945	29.0
1053965.034052408	29.0
1053998.3984153662	29.0
1054031.7627783243	29.0
1054065.1271412824	29.0
1054098.4915042405	29.0
1054131.8558671987	29.0
1054165.2202301568	29.0
1054195.552522089	29.0
1054225.8848140214	29.0
1054256.2171059537	29.0
1054286.5493978858	29.0
1054316.881689818	29.0
1054347.2139817504	29.0
1054377.5462736827	29.0
1054407.878565615	29.0
1054438.2108575474	29.0
1054468.5431494794	29.0
1054498.8754414117	29.0
1054529.9932767318	29.0
1054561.111112052	29.0
1054592.2289473722	29.0
1054623.3467826925	29.0
1054654.4646180125	29.0
1054685.5824533328	29.0
1054716.700288653	29.0
1054747.8181239732	29.0
1054778.9359592933	29.0
1054810.0537946136	29.0
1054841.1716299336	29.0
1054872.289465254	29.0
1054903.407300574	29.0
1054934.5251358943	29.0
1054965.6429712144	29.0
1054996.7608065347	29.0
1055027.8786418547	29.0
1055058.996477175	29.0
1055090.114312495	29.0
1055121.2321478154	29.0
1055152.3499831355	30.0
1055183.4678184558	29.0
1055216.8630785728	30.0
1055250.2583386898	30.0
1055283.6535988068	30.0
1055317.0488589238	29.0
1055350.4441190409	30.0
1055383.8393791579	32.0
1055417.234639275	33.0
1055450.629899392	33.0
1055484.0251595092	33.0
1055517.4204196262	30.0
1055550.8156797432	28.0
1055586.1473260773	27.0
1055621.4789724112	29.0
1055656.8106187454	29.0
1055692.1422650793	29.0
1055727.4739114135	29.0
1055762.8055577476	31.0
1055798.1372040815	30.0
1055833.4688504157	28.0
1055868.8004967496	27.0
1055904.1321430837	27.0
1055907.1675275275	26.0
1055939.9027948908	26.0
1055972.638062254	26.0
1056005.373329617	27.0
1056038.1085969803	30.0
1056070.8438643436	32.0
1056103.5791317069	31.0
1056136.31439907	28.0
1056169.0496664331	28.0
1056202.4806780175	28.0
1056235.911689602	29.0
1056269.3427011864	29.0
1056302.7737127708	28.0
1056336.2047243554	31.0
1056369.6357359397	32.0
1056403.066747524	30.0
1056436.4977591084	28.0
1056469.928770693	29.0
1056503.3597822774	29.0
1056536.7907938617	29.0
1056578.5824456578	29.0
1056616.2991709618	29.0
1056654.0158962659	29.0
1056691.73262157	29.0
1056729.449346874	29.0
1056767.166072178	29.0
1056804.882797482	29.0
1056842.599522786	29.0
1056880.31624809	29.0
1056911.1381709457	29.0
1056941.9600938014	29.0
1056972.7820166573	28.0
1057003.603939513	31.0
1057034.4258623687	32.0
1057065.2477852243	30.0
1057096.06970808	28.0
1057126.891630936	30.0
1057157.7135537916	29.0
1057188.5354766473	29.0
1057222.9913635976	31.0
1057257.4472505478	35.0
1057291.903137498	29.0
1057326.3590244483	33.0
1057360.8149113988	36.0
1057395.270798349	34.0
1057429.7266852993	31.0
1057464.1825722496	33.0
1057498.6384591998	31.0
1057533.09434615	30.0
1057567.5502331003	31.0
1057601.999380441	31.0
1057636.4485277813	30.0
1057670.897675122	30.0
1057705.3468224625	31.0
1057739.795969803	37.0
1057774.2451171435	34.0
1057808.694264484	32.0
1057843.1434118245	32.0
1057877.592559165	30.0
1057912.0417065057	30.0
1057946.490853846	30.0
1057980.9400011867	31.0
1058015.3891485273	30.0
1058049.8382958677	29.0
1058084.2874432083	29.0
1058118.736590549	29.0
1058153.1857378893	29.0
1058187.6348852299	34.0
1058220.0546756077	36.0
1058252.4744659855	36.0
1058284.8942563634	34.0
1058317.3140467415	32.0
1058349.7338371193	28.0
1058382.1536274971	26.0
1058414.573417875	26.0
1058446.9932082528	28.0
1058479.4129986307	30.0
1058511.8327890085	32.0
1058544.2525793863	31.0
1058576.6723697644	26.0
1058609.0921601423	29.0
1058641.51195052	30.0
1058673.931740898	30.0
1058705.1133453497	30.0
1058736.2949498014	30.0
1058767.4765542531	31.0
1058798.6581587049	31.0
1058829.8397631566	31.0
1058861.0213676086	29.0
1058892.2029720603	28.0
1058923.384576512	26.0
1058954.5661809638	27.0
1058985.7477854155	27.0
1059016.9293898672	26.0
1059048.110994319	29.0
1059079.2925987707	30.0
1059110.4742032224	30.0
1059148.737532249	33.0
1059187.0008612755	34.0
1059225.2641903018	37.0
1059263.5275193283	35.0
1059301.7908483548	29.0
1059340.0541773813	28.0
1059370.8735920384	30.0
1059401.6930066955	30.0
1059432.5124213523	29.0
1059463.3318360094	29.0
1059494.1512506665	29.0
1059524.9706653235	29.0
1059555.7900799806	29.0
1059586.6094946375	29.0
1059617.4289092945	29.0
1059648.2483239516	29.0
1059678.6549304707	29.0
1059709.0615369899	29.0
1059739.468143509	29.0
1059769.874750028	29.0
1059800.281356547	29.0
1059830.6879630662	29.0
1059861.0945695853	29.0
1059891.5011761044	29.0
1059921.9077826235	29.0
1059952.3143891427	29.0
1059982.7209956616	29.0
1060017.1120311166	29.0
1060051.5030665717	29.0
1060085.894102027	29.0
1060120.285137482	29.0
1060154.676172937	29.0
1060189.067208392	29.0
1060223.4582438471	29.0
1060257.8492793024	29.0
1060292.2403147575	29.0
1060326.6313502125	29.0
1060361.0223856675	29.0
1060392.8399488414	29.0
1060424.6575120152	29.0
1060456.475075189	29.0
1060488.2926383629	29.0
1060520.1102015367	29.0
1060551.9277647105	29.0
1060583.745327884	29.0
1060615.562891058	29.0
1060647.3804542318	29.0
1060679.1980174056	29.0
1060711.0155805794	29.0
1060742.8331437532	29.0
1060774.650706927	29.0
1060806.0710451	29.0
1060837.491383273	29.0
1060868.9117214459	29.0
1060900.3320596188	29.0
1060931.7523977917	29.0
1060963.1727359646	29.0
1060994.5930741376	29.0
1061026.0134123105	29.0
1061057.4337504837	29.0
1061088.8540886566	29.0
1061120.2744268295	29.0
1061151.6947650025	29.0
1061183.1151031754	29.0
1061214.5354413483	29.0
1061245.9557795213	29.0
1061277.3761176942	29.0
1061308.7964558671	29.0
1061340.21679404	29.0
1061371.637132213	29.0
1061403.057470386	28.0
1061434.4778085588	28.0
1061465.8981467318	28.0
1061497.3184849047	28.0
1061528.7388230776	28.0
1061560.1591612506	28.0
1061593.5343103618	28.0
1061626.909459473	28.0
1061660.2846085844	28.0
1061693.6597576956	28.0
1061727.034906807	28.0
1061760.4100559182	28.0
1061793.7852050294	28.0
1061827.1603541407	28.0
1061860.535503252	28.0
1061893.9106523632	28.0
1061927.2858014745	28.0
1061958.9090929995	28.0
1061990.5323845246	27.0
1062022.1556760496	27.0
1062053.7789675747	28.0
1062085.4022590998	28.0
1062117.0255506248	28.0
1062148.6488421496	27.0
1062180.2721336747	27.0
1062211.8954251998	28.0
1062243.5187167248	28.0
1062275.1420082499	28.0
1062306.765299775	28.0
1062338.3885913	28.0
1062370.9280239677	28.0
1062403.4674566356	28.0
1062436.0068893032	28.0
1062468.546321971	28.0
1062501.0857546388	28.0
1062533.6251873064	28.0
1062566.1646199743	28.0
1062598.704052642	28.0
1062631.2434853099	28.0
1062663.7829179775	28.0
1062696.3223506452	28.0
1062727.9579268103	28.0
1062759.5935029755	28.0
1062791.2290791406	28.0
1062822.8646553059	28.0
1062854.500231471	28.0
1062886.1358076362	28.0
1062917.7713838012	28.0
1062928.5524473123	28.0
1062962.4596276481	28.0
1062996.3668079837	28.0
1063030.2739883196	28.0
1063064.1811686552	28.0
1063098.088348991	28.0
1063131.9955293266	28.0
1063163.732340397	28.0
1063195.4691514678	28.0
1063227.2059625383	28.0
1063258.9427736087	29.0
1063290.6795846792	29.0
1063322.41639575	29.0
1063354.1532068204	29.0
1063385.8900178908	29.0
1063417.6268289615	30.0
1063449.363640032	28.0
1063481.1004511025	28.0
1063513.5934517013	30.0
1063546.0864523002	33.0
1063578.5794528993	32.0
1063611.0724534981	30.0
1063643.565454097	27.0
1063676.0584546959	29.0
1063708.551455295	31.0
1063741.0444558938	30.0
1063773.5374564927	28.0
1063806.0304570915	28.0
1063838.5234576906	29.0
1063871.0164582895	32.0
1063903.5094588883	32.0
1063936.0024594872	30.0
1063968.495460086	31.0
1064000.9884606851	31.0
1064033.481461284	31.0
1064065.9744618828	30.0
1064098.4674624817	27.0
1064130.9604630808	28.0
1064163.4534636796	28.0
1064195.9464642785	26.0
1064243.5702461088	31.0
1064274.29628109	31.0
1064305.022316071	31.0
1064335.7483510522	29.0
1064366.4743860331	28.0
1064397.2004210143	29.0
1064427.9264559955	29.0
1064458.6524909765	29.0
1064489.3785259577	28.0
1064520.104560939	26.0
1064550.8305959199	26.0
1064581.556630901	27.0
1064612.282665882	29.0
1064643.0087008632	28.0
1064673.7347358444	27.0
1064704.4607708254	27.0
1064735.1868058066	27.0
1064765.9128407878	28.0
1064796.6388757688	29.0
1064827.36491075	28.0
1064858.090945731	29.0
1064888.816980712	30.0
1064919.5430156933	31.0
1064950.2690506743	27.0
1064980.9950856555	26.0
1065011.7211206367	25.0
1065042.4471556176	26.0
1065073.1731905988	27.0
1065103.8992255798	28.0
1065134.625260561	28.0
1065165.3512955422	29.0
1065196.0773305232	29.0
1065226.8033655044	28.0
1065257.5294004853	28.0
1065288.2554354665	26.0
1065318.9814704477	28.0
1065349.7075054287	32.0
1065380.43354041	36.0
1065411.159575391	38.0
1065441.885610372	37.0
1065473.5072446894	33.0
1065505.1288790067	26.0
1065536.750513324	26.0
1065568.3721476414	27.0
1065599.9937819587	28.0
1065631.6154162763	29.0
1065663.2370505936	29.0
1065694.858684911	27.0
1065726.4803192283	26.0
1065758.1019535456	26.0
1065789.723587863	28.0
1065821.3452221802	31.0
1065852.9668564976	30.0
1065885.4791044057	29.0
1065917.991352314	29.0
1065950.503600222	30.0
1065983.0158481305	29.0
1066015.5280960386	28.0
1066048.0403439468	28.0
1066080.552591855	26.0
1066113.064839763	26.0
1066145.5770876713	26.0
1066178.0893355794	27.0
1066210.6015834878	29.0
1066243.113831396	29.0
1066275.6260793041	31.0
1066308.1383272123	31.0
1066340.6505751205	30.0
1066373.1628230286	27.0
1066405.6750709368	25.0
1066438.1873188452	24.0
1066470.1996588928	27.0
1066502.2119989404	30.0
1066534.2243389883	32.0
1066566.236679036	29.0
1066598.2490190836	27.0
1066630.2613591312	26.0
1066662.2736991788	27.0
1066694.2860392265	29.0
1066726.2983792743	29.0
1066758.310719322	29.0
1066790.3230593696	30.0
1066822.3353994172	26.0
1066854.3477394648	25.0
1066886.3600795125	25.0
1066918.3724195603	25.0
1066950.384759608	25.0
1066982.3970996556	26.0
1067013.735210455	27.0
1067045.0733212542	28.0
1067076.4114320537	28.0
1067107.749542853	27.0
1067139.0876536523	25.0
1067170.4257644517	24.0
1067201.7638752512	25.0
1067233.1019860504	28.0
1067264.4400968498	29.0
1067295.7782076492	30.0
1067327.1163184484	31.0
1067358.4544292479	31.0
1067389.7925400473	28.0
1067421.1306508465	28.0
1067452.363878209	28.0
1067483.597105571	28.0
1067514.8303329335	28.0
1067546.0635602956	26.0
1067577.296787658	27.0
1067608.5300150204	27.0
1067639.7632423826	26.0
1067670.996469745	25.0
1067702.2296971073	25.0
1067733.4629244695	24.0
1067764.696151832	25.0
1067795.929379194	27.0
1067827.1626065564	30.0
1067858.3958339188	27.0
1067889.6239941644	29.0
1067920.8521544097	28.0
1067952.0803146553	28.0
1067983.308474901	27.0
1068014.5366351462	26.0
1068045.7647953918	26.0
1068076.9929556374	26.0
1068108.2211158827	28.0
1068139.4492761283	29.0
1068170.677436374	28.0
1068201.9055966192	27.0
1068233.1337568648	27.0
1068264.3619171104	28.0
1068295.5900773557	25.0
1068331.308240162	31.0
1068367.0264029682	29.0
1068402.7445657745	25.0
1068438.4627285807	24.0
1068474.180891387	25.0
1068509.8990541932	24.0
1068545.6172169994	25.0
1068581.3353798056	28.0
1068617.053542612	29.0
1068655.2922493166	29.0
1068693.5309560213	29.0
1068731.7696627257	29.0
1068770.0083694304	28.0
1068808.2470761351	28.0
1068846.4857828398	28.0
1068884.7244895443	28.0
1068922.963196249	29.0
1068961.2019029537	27.0
1068999.4406096584	27.0
1069037.6793163628	27.0
1069069.3297058668	27.0
1069100.9800953707	27.0
1069132.6304848746	28.0
1069164.2808743785	27.0
1069195.9312638824	27.0
1069227.5816533864	27.0
1069259.2320428903	27.0
1069290.8824323942	28.0
1069322.532821898	28.0
1069354.183211402	30.0
1069385.833600906	28.0
1069417.4839904099	24.0
1069449.1343799138	27.0
1069480.7847694177	23.0
1069512.4351589216	24.0
1069544.0855484256	27.0
1069575.7359379295	26.0
1069607.3863274334	23.0
1069639.0367169373	22.0
1069670.6871064412	23.0
1069702.3374959452	25.0
1069733.987885449	29.0
1069765.638274953	28.0
1069797.288664457	28.0
1069831.782316931	28.0
1069866.2759694054	27.0
1069900.7696218796	28.0
1069935.2632743537	29.0
1069969.756926828	30.0
1070004.2505793022	30.0
1070039.5274700627	30.0
1070074.8043608232	31.0
1070110.0812515838	30.0
1070145.3581423443	29.0
1070180.6350331048	28.0
1070215.9119238656	26.0
1070258.664455658	24.0
1070301.4169874506	26.0
1070344.169519243	28.0
1070386.9220510358	27.0
1070429.6745828283	27.0
1070472.4271146208	31.0
1070514.1768287742	30.0
1070555.9265429275	29.0
1070597.6762570809	28.0
1070639.4259712342	29.0
1070681.1756853876	30.0
1070722.9253995412	28.0
1070764.6751136945	29.0
1070806.4248278479	31.0
1070848.1745420012	31.0
1070889.9242561546	28.0
1070927.5470605341	27.0
1070965.1698649134	26.0
1071002.792669293	26.0
1071040.4154736723	30.0
1071078.038278052	30.0
1071115.6610824312	28.0
1071153.2838868108	30.0
1071190.90669119	29.0
1071228.5294955696	29.0
1071266.1522999492	24.0
1071303.7751043285	25.0
1071343.5119733503	27.0
1071383.248842372	27.0
1071422.9857113936	27.0
1071462.7225804154	28.0
1071502.4594494372	26.0
1071542.196318459	25.0
1071581.9331874806	25.0
1071621.6700565023	28.0
1071661.4069255241	28.0
1071701.143794546	27.0
1071740.8806635675	29.0
1071780.6175325892	26.0
1071813.0625232244	27.0
1071845.5075138598	29.0
1071877.952504495	32.0
1071910.3974951303	32.0
1071942.8424857655	33.0
1071975.2874764006	33.0
1072007.732467036	30.0
1072040.1774576711	30.0
1072072.6224483065	30.0
1072105.0674389417	32.0
1072137.6819740857	31.0
1072170.2965092296	32.0
1072202.9110443736	32.0
1072235.5255795177	34.0
1072268.1401146615	33.0
1072300.7546498056	33.0
1072340.2339154293	29.0
1072379.713181053	29.0
1072419.192446677	28.0
1072458.6717123007	30.0
1072498.1509779245	29.0
1072537.6302435482	28.0
1072577.109509172	28.0
1072616.5887747956	29.0
1072656.0680404196	30.0
1072695.5473060433	30.0
1072735.026571667	27.0
1072774.5058372908	27.0
1072813.9851029145	28.0
1072859.127348387	29.0
1072904.269593859	29.0
1072949.4118393315	26.0
1072994.554084804	20.0
1073039.696330276	24.0
1073084.8385757485	27.0
1073129.9808212207	26.0
1073175.123066693	26.0
1073220.2653121655	26.0
1073265.4075576377	23.0
1073311.7403464506	22.0
1073358.0731352635	28.0
1073398.5827260052	28.0
1073439.0923167467	26.0
1073479.6019074884	25.0
1073520.1114982301	26.0
1073560.6210889718	25.0
1073601.1306797133	26.0
1073641.640270455	28.0
1073682.1498611968	27.0
1073722.6594519382	28.0
1073756.6187654894	27.0
1073790.5780790406	28.0
1073824.5373925918	28.0
1073858.496706143	28.0
1073892.4560196942	29.0
1073926.4153332454	29.0
1073960.3746467966	28.0
1073994.3339603478	20.0
1074028.293273899	18.0
1074062.2525874502	28.0
1074096.2119010014	30.0
1074138.9741056133	31.0
1074181.7363102254	32.0
1074224.4985148374	32.0
1074267.2607194495	28.0
1074310.0229240614	27.0
1074352.7851286735	28.0
1074383.7048685427	28.0
1074414.624608412	27.0
1074445.5443482809	26.0
1074476.46408815	27.0
1074507.3838280193	27.0
1074538.3035678884	27.0
1074569.2233077574	27.0
1074600.1430476266	27.0
1074631.0627874958	27.0
1074661.982527365	26.0
1074699.365716779	26.0
1074736.748906193	30.0
1074774.132095607	37.0
1074811.515285021	44.0
1074848.8984744349	50.0
1074886.281663849	47.0
1074923.664853263	38.0
1074961.0480426769	37.0
1074998.4312320908	40.0
1075035.814421505	41.0
1075073.197610919	43.0
1075110.5808003328	36.0
1075142.1003373961	32.0
1075173.6198744592	28.0
1075205.1394115225	26.0
1075236.6589485856	27.0
1075268.178485649	28.0
1075299.698022712	27.0
1075331.2175597753	27.0
1075362.7370968384	27.0
1075394.2566339017	27.0
1075425.7761709648	27.0
1075457.2957080281	27.0
1075488.8152450912	27.0
1075520.3347821545	27.0
1075551.8543192176	26.0
1075583.373856281	26.0
1075614.8933933442	26.0
1075650.5996781685	26.0
1075686.305962993	26.0
1075722.0122478174	26.0
1075757.7185326417	26.0
1075793.424817466	26.0
1075829.1311022905	26.0
1075864.8373871148	25.0
1075900.543671939	26.0
1075936.2499567636	26.0
1075971.8574623521	26.0
1076007.4649679407	26.0
1076043.0724735293	26.0
1076078.6799791178	25.0
1076114.2874847064	27.0
1076149.894990295	25.0
1076185.5024958835	29.0
1076221.110001472	28.0
1076256.7175070606	32.0
1076292.3250126492	29.0
1076329.304114901	27.0
1076366.2832171528	29.0
1076403.2623194046	29.0
1076440.2414216565	26.0
1076477.2205239083	25.0
1076508.1071286318	24.0
1076538.9937333555	23.0
1076569.880338079	24.0
1076600.7669428028	26.0
1076631.6535475263	26.0
1076662.54015225	26.0
1076693.4267569736	26.0
1076724.3133616974	26.0
1076755.199966421	26.0
1076786.0865711446	27.0
1076816.97309789	27.0
1076847.8596246352	24.0
1076878.7461513805	25.0
1076909.6326781258	26.0
1076940.519204871	26.0
1076971.4057316163	26.0
1077002.2922583616	26.0
1077033.178785107	26.0
1077064.0653118524	25.0
1077094.9518385977	24.0
1077125.8454230723	24.0
1077156.7390075473	24.0
1077187.632592022	22.0
1077218.5261764969	21.0
1077249.4197609716	22.0
1077280.3133454465	22.0
1077311.2069299212	23.0
1077342.100514396	25.0
1077372.9940988708	26.0
1077403.8876833455	24.0
1077436.5979097525	23.0
1077469.3081361596	26.0
1077502.0183625666	25.0
1077534.7285889736	25.0
1077567.4388153807	26.0
1077600.1490417877	26.0
1077632.8592681948	26.0
1077665.5694946018	26.0
1077698.2797210088	27.0
1077730.989947416	28.0
1077763.700173823	30.0
1077796.41040023	30.0
1077827.6102333572	28.0
1077858.8100664841	27.0
1077890.0098996114	25.0
1077921.2097327383	26.0
1077952.4095658655	26.0
1077983.6093989925	27.0
1078014.8092321197	27.0
1078046.0090652467	27.0
1078077.2088983739	29.0
1078108.4087315009	31.0
1078141.5880419225	30.0
1078174.7673523442	30.0
1078207.9466627657	24.0
1078241.1259731874	24.0
1078274.305283609	23.0
1078307.4845940308	23.0
1078340.6639044525	25.0
1078373.8432148742	26.0
1078407.0225252956	26.0
1078440.2018357173	26.0
1078473.381146139	27.0
1078506.5604565607	27.0
1078537.4020669959	26.0
1078568.2436774313	25.0
1078599.0852878664	26.0
1078629.9268983018	25.0
1078660.768508737	23.0
1078691.6101191724	23.0
1078722.4517296075	25.0
1078753.293340043	26.0
1078784.134950478	26.0
1078814.9765609135	26.0
1078845.8181713487	27.0
1078876.659781784	27.0
1078907.5013922192	24.0
1078938.3430026546	26.0
1078969.1846130898	29.0
1079000.0262235252	27.0
1079031.9732374048	24.0
1079063.9202512843	23.0
1079095.867265164	27.0
1079127.8142790433	25.0
1079159.761292923	27.0
1079191.7083068027	29.0
1079223.655320682	29.0
1079255.6023345618	26.0
1079287.5493484412	26.0
1079319.4963623208	26.0
1079351.4433762005	28.0
1079383.39039008	30.0
1079415.3374039596	29.0
1079447.284417839	28.0
1079479.2314317187	26.0
1079510.0598482168	26.0
1079540.888264715	25.0
1079571.7166812131	23.0
1079602.5450977113	24.0
1079633.3735142094	27.0
1079664.2019307073	27.0
1079695.0303472055	27.0
1079725.8587637036	27.0
1079756.6871802018	27.0
1079787.5155967	26.0
1079818.344013198	26.0
1079849.1724296962	26.0
1079880.0008461943	25.0
1079910.8292626925	25.0
1079941.6576791906	23.0
1079972.8662049228	22.0
1080004.074730655	24.0
1080035.283256387	26.0
1080066.4917821193	26.0
1080097.7003078514	26.0
1080128.9088335836	24.0
1080160.1173593157	23.0
1080191.325885048	24.0
1080222.53441078	26.0
1080253.7429365122	26.0
1080284.9514622444	25.0
1080316.1599879765	25.0
1080347.3685137087	25.0
1080378.5770394409	25.0
1080409.785565173	25.0
1080440.9940909052	25.0
1080472.2026166376	25.0
1080503.4111423697	25.0
1080534.619668102	25.0
1080565.828193834	25.0
1080597.3319969433	25.0
1080628.8358000529	25.0
1080660.3396031621	25.0
1080691.8434062714	25.0
1080723.3472093807	26.0
1080754.8510124902	26.0
1080786.3548155995	26.0
1080817.8586187088	26.0
1080849.3624218183	26.0
1080880.8662249276	27.0
1080912.3700280369	25.0
1080943.8738311462	26.0
1080975.3776342557	26.0
1081006.881437365	24.0
1081038.3852404743	26.0
1081069.8890435835	26.0
1081101.392846693	25.0
1081142.5992196763	23.0
1081183.8055926596	23.0
1081225.0119656431	25.0
1081266.2183386264	26.0
1081307.4247116097	26.0
1081348.631084593	27.0
1081389.8374575763	26.0
1081431.0438305596	27.0
1081472.250203543	25.0
1081513.4565765264	25.0
1081554.6629495097	28.0
1081595.869322493	26.0
1081637.0756954763	26.0
1081678.2820684595	28.0
1081719.488441443	26.0
1081756.3977230552	21.0
1081793.3070046671	24.0
1081830.2162862793	25.0
1081867.1255678914	29.0
1081904.0348495033	26.0
1081940.9441311155	26.0
1081977.8534127274	25.0
1082014.7626943395	23.0
1082051.6719759516	23.0
1082088.5812575636	25.0
1082125.4905391757	26.0
1082162.3998207878	28.0
1082199.3091023997	27.0
1082236.2183840119	26.0
1082273.127665624	25.0
1082310.036947236	26.0
1082345.2478873176	23.0
1082380.4588273992	22.0
1082415.6697674808	25.0
1082450.8807075624	26.0
1082486.091647644	25.0
1082521.3025877255	24.0
1082556.513527807	24.0
1082591.7244678887	26.0
1082626.9354079703	28.0
1082662.146348052	26.0
1082697.3572881336	26.0
1082732.5682282152	25.0
1082767.7791682968	25.0
1082802.9901083785	25.0
1082838.20104846	24.0
1082873.4119885417	24.0
1082909.9426145195	24.0
1082946.4732404973	25.0
1082983.003866475	21.0
1083019.5344924529	20.0
1083056.0651184306	21.0
1083092.5957444084	21.0
1083139.9105009977	25.0
1083187.225257587	25.0
1083234.5400141762	25.0
1083281.8547707652	24.0
1083329.1695273544	24.0
1083365.0002272779	24.0
1083400.830927201	24.0
1083436.6616271245	24.0
1083472.4923270477	24.0
1083508.3230269712	24.0
1083544.1537268944	24.0
1083579.9844268179	25.0
1083615.8151267413	27.0
1083650.3579767423	25.0
1083684.900826743	24.0
1083719.4436767441	24.0
1083753.986526745	26.0
1083788.529376746	26.0
1083823.072226747	25.0
1083857.6150767477	25.0
1083892.1579267487	22.0
1083939.459588546	25.0
1083986.7612503434	24.0
1084034.0629121407	25.0
1084081.364573938	27.0
1084128.6662357354	26.0
1084161.1979571667	24.0
1084193.7296785982	23.0
1084226.2614000295	23.0
1084258.7931214608	25.0
1084291.3248428924	25.0
1084326.5654488457	28.0
1084361.8060547994	32.0
1084397.0466607527	35.0
1084413.6800626242	35.0
1084445.1047404283	33.0
1084476.5294182324	28.0
1084507.9540960363	31.0
1084539.3787738404	35.0
1084570.8034516445	38.0
1084602.2281294486	39.0
1084639.1334818013	33.0
1084676.0388341537	33.0
1084712.9441865063	31.0
1084749.8495388587	28.0
1084786.7548912114	28.0
1084823.6602435638	26.0
1084860.5655959165	25.0
1084897.470948269	27.0
1084934.3763006215	25.0
1084971.281652974	26.0
1085008.1870053266	23.0
1085045.2693307474	23.0
1085082.3516561682	24.0
1085119.4339815893	26.0
1085156.51630701	25.0
1085193.598632431	23.0
1085230.6809578517	26.0
1085267.7632832727	25.0
1085304.8456086935	26.0
1085341.9279341144	28.0
1085379.0102595352	28.0
1085416.092584956	27.0
1085453.174910377	23.0
1085490.2572357978	23.0
1085527.3395612186	21.0
1085561.7597390541	18.0
1085596.1799168894	21.0
1085630.600094725	26.0
1085665.0202725604	27.0
1085699.440450396	24.0
1085733.8606282312	23.0
1085768.2808060667	23.0
1085802.7009839022	23.0
1085837.1211617377	23.0
1085871.541339573	23.0
1085904.2811759203	23.0
1085937.0210122673	23.0
1085969.7608486146	23.0
1086002.500684962	23.0
1086035.240521309	23.0
1086067.9803576563	23.0
1086100.7201940035	23.0
1086133.4600303508	23.0
1086166.199866698	23.0
1086198.9397030452	23.0
1086231.6795393925	23.0
1086262.451440677	23.0
1086293.2233419616	23.0
1086323.9952432462	23.0
1086354.7671445308	23.0
1086385.5390458154	23.0
1086416.3109471	23.0
1086447.0828483845	23.0
1086477.854749669	23.0
1086508.6266509537	23.0
1086539.398552238	23.0
1086570.1704535226	23.0
1086600.9423548072	23.0
1086631.7142560917	23.0
1086662.4861573763	23.0
1086693.258058661	23.0
1086724.0299599455	23.0
1086754.80186123	23.0
1086785.4032303605	23.0
1086816.004599491	25.0
1086846.6059686213	33.0
1086877.207337752	37.0
1086907.8087068824	39.0
1086938.4100760128	38.0
1086969.0114451433	35.0
1086999.6128142737	28.0
1087030.214183404	24.0
1087060.8155525345	24.0
1087091.4169216652	26.0
1087122.0182907956	25.0
1087152.619659926	24.0
1087183.2210290565	23.0
1087213.822398187	23.0
1087244.4237673173	30.0
1087275.0251364477	33.0
1087305.6265055782	34.0
1087336.2278747088	36.0
1087366.8292438393	37.0
1087397.4306129697	40.0
1087428.0319821	44.0
1087458.6333512305	47.0
1087489.234720361	49.0
1087519.8360894914	49.0
1087550.437458622	51.0
1087581.8131166662	49.0
1087613.18877471	41.0
1087644.5644327542	42.0
1087675.940090798	43.0
1087707.3157488422	44.0
1087738.6914068863	42.0
1087770.0670649302	37.0
1087801.4427229743	38.0
1087832.8183810185	41.0
1087864.1940390624	44.0
1087895.5696971065	41.0
1087926.9453551504	21.0
1087958.3210131945	22.0
1087989.6966712386	29.0
1088021.0723292825	32.0
1088052.4479873267	31.0
1088083.8236453708	27.0
1088115.1993034147	22.0
1088148.905904879	22.0
1088182.6125063435	23.0
1088216.319107808	25.0
1088250.0257092724	27.0
1088283.7323107368	33.0
1088317.4389122012	32.0
1088351.1455136656	32.0
1088384.85211513	32.0
1088418.5587165945	25.0
1088452.265318059	26.0
1088485.9719195233	21.0
1088519.6785209877	19.0
1088553.3851224522	17.0
1088587.0917239166	20.0
1088620.798325381	26.0
1088655.887807848	24.0
1088690.9772903149	23.0
1088726.0667727818	22.0
1088761.1562552485	22.0
1088796.2457377154	23.0
1088831.3352201823	24.0
1088866.4247026492	26.0
1088901.5141851162	23.0
1088936.603667583	24.0
1088971.6931500498	27.0
1089006.7826325167	26.0
1089041.8721149836	25.0
1089076.9615974505	26.0
1089112.0510799175	26.0
1089147.1405623844	27.0
1089182.2300448513	25.0
1089217.319527318	27.0
1089250.363648263	31.0
1089283.4077692083	35.0
1089316.4518901533	43.0
1089349.4960110984	39.0
1089382.5401320434	45.0
1089415.5842529887	35.0
1089448.6283739337	38.0
1089481.6724948788	33.0
1089514.7166158238	34.0
1089547.760736769	27.0
1089580.804857714	27.0
1089613.8489786591	27.0
1089646.8930996044	25.0
1089679.9372205494	25.0
1089712.9813414945	24.0
1089746.0254624395	24.0
1089780.4765630453	22.0
1089814.927663651	23.0
1089849.3787642568	20.0
1089883.8298648626	20.0
1089918.2809654684	21.0
1089952.7320660742	21.0
1089987.18316668	21.0
1090021.6342672857	21.0
1090056.0853678915	21.0
1090088.218798563	23.0
1090120.3522292343	24.0
1090152.4856599055	19.0
1090184.619090577	19.0
1090216.7525212483	20.0
1090248.8859519197	23.0
1090281.0193825911	25.0
1090313.1528132623	25.0
1090345.2862439337	24.0
1090377.4196746051	23.0
1090409.5531052765	23.0
1090441.686535948	23.0
1090473.322316697	24.0
1090504.9580974462	24.0
1090536.5938781956	25.0
1090568.2296589448	25.0
1090599.865439694	24.0
1090631.501220443	23.0
1090663.1370011924	22.0
1090694.7727819416	22.0
1090726.4085626907	23.0
1090758.0443434399	23.0
1090789.6801241892	25.0
1090821.3159049384	25.0
1090852.9516856875	25.0
1090884.5874664367	24.0
1090919.0443693695	22.0
1090953.5012723024	23.0
1090987.9581752352	22.0
1091022.4150781683	25.0
1091056.871981101	27.0
1091091.328884034	31.0
1091125.7857869668	24.0
1091160.2426898996	22.0
1091194.6995928325	28.0
1091229.1564957653	20.0
1091263.6133986982	10.0
1091298.0703016312	13.0
1091332.527204564	23.0
1091371.0426834908	28.0
1091409.5581624175	25.0
1091448.073641344	23.0
1091486.5891202707	23.0
1091525.1045991974	23.0
1091563.620078124	22.0
1091602.1355570506	21.0
1091640.6510359773	23.0
1091679.166514904	23.0
1091717.6819938307	25.0
1091756.1974727574	21.0
1091794.712951684	18.0
1091832.95142311	20.0
1091871.1898945363	21.0
1091909.4283659623	22.0
1091947.6668373886	21.0
1091985.9053088147	21.0
1092024.1437802408	20.0
1092056.6199004026	21.0
1092089.0960205644	26.0
1092121.5721407263	31.0
1092154.048260888	26.0
1092186.52438105	20.0
1092219.0005012117	18.0
1092251.4766213738	20.0
1092283.9527415356	21.0
1092316.4288616974	24.0
1092348.9049818593	26.0
1092381.381102021	27.0
1092426.8370303372	24.0
1092472.2929586533	23.0
1092517.7488869694	23.0
1092563.2048152855	22.0
1092608.6607436016	20.0
1092654.1166719177	21.0
1092686.6596911596	21.0
1092719.2027104015	21.0
1092751.7457296432	21.0
1092784.288748885	23.0
1092816.831768127	26.0
1092849.3747873688	27.0
1092881.9178066105	26.0
1092914.4608258524	25.0
1092947.0038450942	25.0
1092979.5468643361	26.0
1093012.0898835778	24.0
1093044.6329028197	22.0
1093077.1759220615	21.0
1093113.4386717053	20.0
1093149.7014213493	22.0
1093185.964170993	22.0
1093222.2269206368	22.0
1093258.4896702808	22.0
1093297.6215708004	24.0
1093336.7534713198	25.0
1093375.8853718394	27.0
1093415.017272359	29.0
1093454.1491728786	28.0
1093493.281073398	27.0
1093532.4129739176	27.0
1093571.5448744372	27.0
1093603.5683522096	28.0
1093635.5918299821	28.0
1093667.6153077546	29.0
1093699.638785527	30.0
1093731.6622632996	30.0
1093763.685741072	27.0
1093795.7092188445	25.0
1093827.732696617	22.0
1093859.7561743895	22.0
1093891.779652162	23.0
1093923.8031299345	26.0
1093955.826607707	24.0
1093987.8500854794	24.0
1094019.873563252	23.0
1094051.8970410244	23.0
1094083.920518797	24.0
1094115.9439965694	22.0
1094147.9674743419	21.0
1094180.0998261329	22.0
1094212.2321779241	22.0
1094244.3645297152	23.0
1094276.4968815062	24.0
1094308.6292332972	23.0
1094340.7615850884	25.0
1094372.8939368795	25.0
1094405.0262886705	22.0
1094437.1586404615	22.0
1094469.2909922528	22.0
1094501.4233440438	20.0
1094533.5556958348	21.0
1094565.6880476258	21.0
1094597.323958707	21.0
1094628.9598697883	20.0
1094660.5957808695	20.0
1094692.2316919507	22.0
1094723.867603032	22.0
1094755.5035141131	21.0
1094787.1394251944	22.0
1094818.7753362756	23.0
1094850.411247357	23.0
1094882.0471584382	25.0
1094913.6830695195	27.0
1094945.3189806007	28.0
1094976.954891682	27.0
1095008.5908027631	26.0
1095040.2267138443	27.0
1095071.8626249256	27.0
1095103.4985360068	27.0
1095135.134447088	25.0
1095167.6857168146	22.0
1095200.2369865412	23.0
1095232.7882562676	22.0
1095265.3395259941	24.0
1095297.8907957207	25.0
1095330.4420654473	23.0
1095362.9933351737	22.0
1095395.5446049003	22.0
1095428.095874627	23.0
1095460.6471443535	21.0
1095493.1984140798	22.0
1095525.7496838064	23.0
1095558.300953533	21.0
1095602.3969290643	20.0
1095646.4929045956	20.0
1095690.5888801268	21.0
1095734.6848556583	20.0
1095778.7808311896	26.0
1095822.8768067209	26.0
1095866.9727822521	20.0
1095902.2602599184	21.0
1095937.5477375847	21.0
1095972.835215251	23.0
1096008.1226929172	25.0
1096043.4101705835	26.0
1096078.6976482498	23.0
1096113.985125916	21.0
1096149.2726035824	22.0
1096184.5600812486	22.0
1096219.847558915	23.0
1096255.1350365812	20.0
1096290.4225142475	21.0
1096325.7099919138	22.0
1096358.7351734	22.0
1096391.760354886	24.0
1096424.7855363723	26.0
1096457.8107178586	23.0
1096490.8358993449	23.0
1096523.861080831	27.0
1096556.8862623172	28.0
1096589.9114438035	26.0
1096622.9366252897	21.0
1096655.9618067758	23.0
1096688.986988262	23.0
1096722.0121697483	22.0
1096755.0373512344	23.0
1096788.0625327206	24.0
1096821.087714207	21.0
1096863.4823319095	24.0
1096905.876949612	23.0
1096948.2715673146	25.0
1096990.6661850172	27.0
1097033.0608027198	26.0
1097075.4554204221	23.0
1097117.8500381247	22.0
1097160.2446558273	20.0
1097202.6392735299	20.0
1097233.4268657486	20.0
1097264.2144579673	21.0
1097295.002050186	21.0
1097325.7896424048	21.0
1097356.5772346235	21.0
1097387.3648268422	21.0
1097418.1524190607	21.0
1097448.9400112794	21.0
1097479.7276034981	21.0
1097510.5151957169	20.0
1097541.3027879356	20.0
1097572.0903801543	20.0
1097602.877972373	20.0
1097633.6655645918	20.0
1097664.4531568105	20.0
1097696.7493438558	20.0
1097729.0455309013	20.0
1097761.3417179466	20.0
1097793.6379049919	20.0
1097825.9340920374	20.0
1097858.2302790827	20.0
1097890.526466128	20.0
1097922.8226531735	20.0
1097955.1188402188	20.0
1097987.4150272643	20.0
1098019.7112143096	20.0
1098052.0074013548	20.0
1098085.7770959858	20.0
1098119.5467906166	20.0
1098153.3164852476	20.0
1098187.0861798786	20.0
1098220.8558745093	20.0
1098254.6255691403	20.0
1098288.3952637713	20.0
1098327.8471741201	20.0
1098367.2990844687	20.0
1098406.7509948176	20.0
1098446.2029051664	20.0
1098485.6548155153	20.0
1098525.1067258639	22.0
1098564.4987284676	24.0
1098603.8907310716	22.0
1098643.2827336753	22.0
1098682.674736279	22.0
1098722.066738883	24.0
1098761.4587414868	24.0
1098800.8507440905	21.0
1098840.2427466945	20.0
1098879.6347492982	22.0
1098919.026751902	24.0
1098958.4187545057	24.0
1098997.8107571097	21.0
1099036.6008460952	21.0
1099075.3909350808	20.0
1099114.1810240664	21.0
1099152.971113052	24.0
1099191.7612020376	23.0
1099230.5512910231	22.0
1099269.3413800087	21.0
1099308.1314689943	24.0
1099346.92155798	24.0
1099381.3477648168	24.0
1099415.7739716535	24.0
1099450.2001784905	22.0
1099484.6263853272	24.0
1099519.0525921641	20.0
1099553.478799001	21.0
1099587.9050058378	20.0
1099622.3312126747	21.0
1099656.7574195114	20.0
1099691.1836263484	20.0
1099734.284984939	19.0
1099777.38634353	20.0
1099820.4877021206	20.0
1099863.5890607114	24.0
1099906.690419302	25.0
1099949.791777893	21.0
1099992.8931364836	21.0
1100035.9944950743	22.0
1100074.3603782812	21.0
1100112.7262614882	20.0
1100151.092144695	21.0
1100189.458027902	23.0
1100227.823911109	22.0
1100266.1897943157	15.0
1100304.5556775227	15.0
1100342.9215607296	23.0
1100381.2874439366	20.0
1100419.6533271435	19.0
1100458.0192103505	20.0
1100496.3850935574	22.0
1100534.7509767644	21.0
1100573.1168599713	21.0
1100611.4827431783	23.0
1100649.8486263852	26.0
1100688.214509592	24.0
1100726.5803927989	23.0
1100764.9462760058	24.0
1100803.3121592128	25.0
1100841.6780424197	22.0
1100878.6535091023	21.0
1100915.628975785	21.0
1100952.6044424677	25.0
1100989.5799091503	25.0
1101026.555375833	29.0
1101063.5308425156	23.0
1101100.5063091982	21.0
1101137.4817758808	20.0
1101174.4572425636	21.0
1101211.4327092462	19.0
1101248.4081759288	19.0
1101285.3836426116	19.0
1101322.3591092941	20.0
1101359.3345759767	19.0
1101396.3100426595	19.0
1101433.3164896283	19.0
1101470.3229365968	19.0
1101507.3293835656	19.0
1101544.3358305343	19.0
1101581.3422775029	19.0
1101618.3487244716	19.0
1101655.3551714404	19.0
1101692.361618409	19.0
1101729.3680653777	19.0
1101766.3745123465	19.0
1101803.3809593152	19.0
1101840.3874062838	19.0
1101877.3938532525	19.0
1101914.4003002213	19.0
1101951.4067471898	19.0
1101987.7592905015	19.0
1102024.1118338131	19.0
1102060.4643771248	19.0
1102096.8169204365	19.0
1102133.1694637483	19.0
1102169.52200706	19.0
1102205.8745503717	19.0
1102242.2270936833	19.0
1102278.579636995	19.0
1102314.9321803066	19.0
1102351.2847236183	19.0
1102387.63726693	19.0
1102419.1208159681	19.0
1102450.6043650066	19.0
1102482.0879140447	19.0
1102513.5714630831	19.0
1102545.0550121213	19.0
1102576.5385611595	19.0
1102608.022110198	19.0
1102639.505659236	19.0
1102670.9892082743	19.0
1102702.4727573127	19.0
1102733.9563063509	20.0
1102765.4398553893	32.0
1102796.9234044275	32.0
1102828.4069534657	24.0
1102859.890502504	24.0
1102891.3740515423	23.0
1102925.099955596	23.0
1102958.8258596498	23.0
1102992.5517637036	24.0
1103026.2776677574	23.0
1103060.0035718111	21.0
1103093.729475865	19.0
1103127.4553799187	19.0
1103161.1812839727	19.0
1103194.9071880265	19.0
1103228.6330920802	19.0
1103262.358996134	19.0
1103296.0849001878	19.0
1103329.8108042416	19.0
1103366.8819273675	19.0
1103403.9530504935	19.0
1103441.0241736195	19.0
1103478.0952967454	19.0
1103515.1664198714	19.0
1103552.2375429973	19.0
1103589.3086661233	19.0
1103626.3797892493	19.0
1103663.4509123752	20.0
1103700.5220355012	19.0
1103737.5931586272	19.0
1103774.6642817531	20.0
1103811.735404879	19.0
1103848.806528005	19.0
1103884.3385748437	19.0
1103919.8706216824	19.0
1103955.4026685213	19.0
1103990.93471536	19.0
1104026.4667621986	19.0
1104061.9988090373	19.0
1104097.530855876	19.0
1104131.114677937	19.0
1104164.698499998	19.0
1104198.2823220592	19.0
1104231.8661441202	19.0
1104265.4499661813	19.0
1104299.0337882424	19.0
1104332.6176103037	19.0
1104366.2014323648	19.0
1104399.7852544258	19.0
1104433.369076487	19.0
1104466.952898548	19.0
1104500.536720609	19.0
1104534.1205426701	20.0
1104567.7043647312	26.0
1104601.2881867923	24.0
1104634.8720088534	21.0
1104668.4558309144	21.0
1104702.0396529755	23.0
1104735.6234750366	26.0
1104769.2072970977	28.0
1104802.791119159	26.0
1104836.37494122	25.0
1104868.2599841785	24.0
1104900.145027137	25.0
1104932.0300700953	23.0
1104963.9151130535	22.0
1104995.800156012	22.0
1105027.6851989704	20.0
1105059.5702419288	21.0
1105091.4552848872	21.0
1105123.3403278457	25.0
1105155.225370804	27.0
1105187.1104137625	23.0
1105218.9954567207	22.0
1105252.9522982968	23.0
1105286.9091398728	22.0
1105320.865981449	22.0
1105354.822823025	23.0
1105388.779664601	24.0
1105422.736506177	25.0
1105456.6933477533	23.0
1105490.6501893292	19.0
1105524.6070309053	20.0
1105558.5638724812	19.0
1105590.294971224	19.0
1105622.0260699664	19.0
1105653.757168709	19.0
1105685.4882674515	19.0
1105717.2193661942	19.0
1105748.950464937	19.0
1105780.6815636794	19.0
1105812.412662422	19.0
1105844.1437611645	20.0
1105875.8748599072	27.0
1105907.60595865	30.0
1105939.3370573923	29.0
1105971.068156135	29.0
1106002.7992548775	30.0
1106034.5303536202	31.0
1106066.2614523629	30.0
1106097.9925511053	28.0
1106128.5025156958	24.0
1106159.0124802864	24.0
1106189.5224448768	23.0
1106220.0324094675	20.0
1106250.542374058	20.0
1106281.0523386486	21.0
1106311.562303239	20.0
1106342.0722678297	21.0
1106372.58223242	26.0
1106403.0921970108	23.0
1106433.6021616012	19.0
1106464.1121261918	20.0
1106494.6220907823	20.0
1106525.132055373	20.0
1106555.6420199634	20.0
1106586.151984554	20.0
1106616.6619491444	20.0
1106647.9761246128	20.0
1106679.2903000813	22.0
1106710.6044755497	22.0
1106741.918651018	22.0
1106773.2328264865	23.0
1106804.5470019549	22.0
1106835.8611774233	22.0
1106867.1753528917	21.0
1106898.48952836	19.0
1106929.8037038285	18.0
1106961.117879297	19.0
1106992.4320547653	24.0
1107023.7462302337	26.0
1107055.060405702	27.0
1107086.3745811705	22.0
1107117.688756639	22.0
1107149.0029321073	24.0
1107180.3171075757	24.0
1107211.6312830441	22.0
1107248.7769108093	19.0
1107285.9225385748	21.0
1107323.06816634	19.0
1107360.2137941055	17.0
1107397.3594218707	20.0
1107434.5050496361	24.0
1107471.6506774013	25.0
1107513.3590201118	23.0
1107555.0673628224	22.0
1107596.7757055329	20.0
1107638.4840482434	20.0
1107670.1895336767	21.0
1107701.89501911	22.0
1107733.6005045432	19.0
1107765.3059899765	16.0
1107797.0114754098	14.0
1107828.7169608432	17.0
1107860.4224462765	18.0
1107892.1279317096	18.0
1107923.833417143	18.0
1107955.5389025763	17.0
1107987.2443880097	18.0
1108018.4669262941	19.0
1108049.6894645786	20.0
1108080.9120028631	20.0
1108112.1345411476	20.0
1108143.3570794319	18.0
1108174.5796177164	18.0
1108205.8021560009	19.0
1108237.0246942854	20.0
1108268.2472325698	20.0
1108299.4697708543	21.0
1108338.5874495218	20.0
1108377.7051281892	20.0
1108416.8228068566	22.0
1108455.940485524	23.0
1108495.0581641914	23.0
1108534.1758428589	22.0
1108573.2935215263	19.0
1108612.4112001937	15.0
1108643.7749291295	17.0
1108675.1386580653	21.0
1108706.5023870012	21.0
1108737.866115937	20.0
1108769.2298448728	19.0
1108800.5935738087	19.0
1108831.9573027445	19.0
1108863.3210316803	19.0
1108894.6847606162	19.0
1108926.048489552	19.0
1108957.4122184878	19.0
1108988.7759474237	19.0
1109020.1396763595	19.0
1109051.5034052953	19.0
1109082.8671342311	19.0
1109115.693060159	19.0
1109148.5189860866	19.0
1109181.3449120144	19.0
1109214.1708379423	19.0
1109246.9967638701	19.0
1109279.8226897977	19.0
1109312.7465452766	19.0
1109345.6704007557	19.0
1109378.5942562346	19.0
1109411.5181117137	19.0
1109444.4419671926	19.0
1109475.9147099513	19.0
1109507.38745271	19.0
1109538.8601954684	19.0
1109570.332938227	19.0
1109601.8056809858	19.0
1109633.2784237445	19.0
1109664.751166503	19.0
1109698.105828582	19.0
1109731.4604906614	19.0
1109764.8151527406	19.0
1109798.16981482	19.0
1109831.524476899	19.0
1109864.8791389784	19.0
1109898.2338010576	19.0
1109931.588463137	19.0
1109964.943125216	19.0
1109998.2977872954	19.0
1110034.9964715627	19.0
1110071.6951558301	19.0
1110108.3938400974	19.0
1110145.0925243646	19.0
1110181.7912086318	19.0
1110218.4898928993	18.0
1110250.292239303	20.0
1110282.0945857065	21.0
1110313.8969321102	20.0
1110345.6992785137	17.0
1110377.5016249174	18.0
1110409.3039713209	15.0
1110441.1063177246	16.0
1110472.908664128	18.0
1110504.7110105318	20.0
1110536.5133569352	20.0
1110568.315703339	23.0
1110600.1180497424	23.0
1110635.779993986	22.0
1110671.4419382294	22.0
1110703.4823821993	19.0
1110735.5228261692	18.0
1110767.5632701388	17.0
1110799.6037141087	18.0
1110831.6441580786	22.0
1110863.6846020485	24.0
1110895.7250460181	25.0
1110927.765489988	23.0
1110959.805933958	21.0
1110991.8463779278	20.0
1111023.8868218975	19.0
1111055.9272658674	21.0
1111087.9677098372	22.0
1111120.0081538071	18.0
1111152.0485977768	16.0
1111184.0890417467	19.0
1111216.1294857166	19.0
1111248.1699296865	19.0
1111280.2103736561	19.0
1111312.250817626	19.0
1111344.291261596	19.0
1111376.3317055658	19.0
1111408.3721495355	19.0
1111440.4125935053	19.0
1111472.4530374752	18.0
1111504.4934814451	18.0
1111536.5339254148	19.0
1111568.5743693847	21.0
1111593.4617635775	23.0
1111633.2318861936	23.0
1111673.0020088097	22.0
1111712.7721314258	20.0
1111752.5422540419	22.0
1111792.312376658	23.0
1111824.362058981	23.0
1111856.4117413042	19.0
1111888.4614236276	19.0
1111920.5111059507	21.0
1111952.5607882738	22.0
1111984.610470597	23.0
1112016.66015292	22.0
1112048.7098352432	21.0
1112080.7595175665	22.0
1112112.8091998897	22.0
1112164.2540418496	21.0
1112214.3909876382	23.0
1112263.1469325968	25.0
1112311.7097274284	23.0
1112360.7093142618	23.0
1112410.20539872	19.0
1112460.2145307383	21.0
1112510.6869902103	20.0
1112531.5920373136	22.0
1112561.5136001746	19.0
1112612.5665553065	19.0
1112663.6833961084	20.0
1112714.6986661563	18.0
1112765.4558051752	23.0
1112815.8270845914	18.0
1112866.0680671283	22.0
1112916.3403681037	23.0
1112966.6079372577	21.0
1113016.8396789334	21.0
1113067.0150556345	21.0
1113117.1414154938	21.0
1113167.351310667	21.0
1113217.693968527	19.0
1113268.0711656795	19.0
1113318.4000526476	21.0
1113368.6170735457	21.0
1113418.6835125056	21.0
1113468.6702964236	24.0
1113518.811870633	24.0
1113569.12945602	21.0
1113619.5194138943	20.0
1113669.8483510616	22.0
1113720.0616633538	20.0
1113770.3950052513	22.0
1113820.8631836202	22.0
1113871.3124014207	23.0
1113921.5789881723	21.0
1113971.5710603157	22.0
1114021.4138866179	18.0
1114071.845848236	20.0
1114122.5979073269	19.0
1114173.1892179279	18.0
1114223.259977786	18.0
1114273.1522827637	13.0
1114323.2186577804	12.0
1114373.436974371	15.0
1114423.7747891606	10.0
1114474.1869720623	13.0
1114524.62077626	21.0
1114575.019712191	20.0
1114625.3205446764	20.0
1114675.4719228025	20.0
1114725.6648787907	18.0
1114775.9522733837	18.0
1114826.2786888306	22.0
1114876.5555173678	21.0
1114926.7081052314	21.0
1114976.870149816	19.0
1115027.0805637743	18.0
1115077.328666415	18.0
1115127.5870631451	18.0
1115177.8253985287	20.0
1115228.0357565416	25.0
1115278.2400917427	23.0
1115328.4484191001	21.0
1115378.654750982	17.0
1115428.9940742208	18.0
1115480.0246279782	18.0
1115530.72139461	18.0
1115580.3195348806	18.0
1115629.9009316158	18.0
1115679.73159708	18.0
1115729.7941639116	18.0
1115780.0621023069	17.0
1115830.4870307732	18.0
1115881.0068151008	17.0
1115906.933877548	17.0
1115931.5466117407	18.0
1115982.0264778272	18.0
1116032.366509384	19.0
1116082.567232236	25.0
1116132.7805660402	24.0
1116183.0081545142	20.0
1116233.237389621	18.0
1116283.457167349	18.0
1116333.6712216616	16.0
1116383.9722002652	18.0
1116434.3644605135	20.0
1116484.8227120356	21.0
1116535.3238209062	21.0
1116585.8350772643	22.0
1116636.3276691139	20.0
1116686.768665746	19.0
1116737.1321352192	20.0
1116787.3929908006	20.0
1116837.536429112	18.0
1116887.5530307263	19.0
1116937.4481047182	18.0
1116987.2374251941	22.0
1117008.7114108931	23.0
1117036.9494159252	23.0
1117086.704662459	21.0
1117136.760070062	17.0
1117187.1883095305	18.0
1117237.9103751131	19.0
1117288.7553952674	17.0
1117339.514590531	18.0
1117389.9960290252	17.0
1117440.0721020673	17.0
1117489.7435316392	17.0
1117539.7450588408	17.0
1117590.7785436718	17.0
1117641.4599505453	17.0
1117691.5570182037	17.0
1117741.818512061	17.0
1117792.2035617863	17.0
1117842.6104451239	17.0
1117892.9347589435	17.0
1117943.0977213876	17.0
1117993.0912509956	17.0
1118043.0169471502	17.0
1118093.2634367817	17.0
1118143.7422249175	17.0
1118194.111812507	17.0
1118244.463511075	17.0
1118295.346827894	17.0
1118346.3745413527	17.0
1118397.0170134234	17.0
1118446.8792479944	17.0
1118495.9612465794	17.0
1118545.2773026275	16.0
1118595.7994771951	16.0
1118647.0993582942	17.0
1118698.102350133	17.0
1118748.166216282	19.0
1118798.4444836339	26.0
1118848.8796945268	23.0
1118899.320426434	20.0
1118949.6173041735	19.0
1118999.6519369995	19.0
1119049.7367740667	20.0
1119100.0368213411	22.0
1119150.4489716038	21.0
1119200.7932480995	20.0
1119250.9536490485	21.0
1119301.0888868787	21.0
1119351.5575886578	19.0
1119401.9186118364	19.0
1119451.8857387225	20.0
1119503.0506238942	19.0
1119554.8442629592	20.0
1119605.7685315104	25.0
1119655.0829058595	21.0
1119703.6192102404	19.0
1119752.8061839829	22.0
1119802.9183535601	21.0
1119853.7925390599	20.0
1119905.027671902	18.0
1119956.1429413927	18.0
1120006.7308147536	17.0
1120056.8634977636	19.0
1120107.1002696815	20.0
1120157.385637721	19.0
1120207.5955669028	19.0
1120257.876842513	22.0
1120308.281911329	21.0
1120358.708532482	18.0
1120409.0375096917	20.0
1120459.1757040569	21.0
1120509.1027314174	19.0
1120558.919618635	19.0
1120609.4653557292	16.0
1120660.2153481042	13.0
1120710.1797481661	17.0
1120760.0979125155	19.0
1120810.6909374865	19.0
1120861.5313152838	18.0
1120911.903979621	19.0
1120961.5215899579	28.0
1121011.1506279719	26.0
1121061.4312688175	20.0
1121112.1823284435	13.0
1121162.822375963	12.0
1121213.032874048	16.0
1121263.23418695	17.0
1121313.4497071116	12.0
1121363.6696547002	15.0
1121413.8822646292	17.0
1121464.1025946757	16.0
1121514.3272542243	20.0
1121564.5280321755	20.0
1121614.7783271652	20.0
1121665.4652415116	21.0
1121716.49578022	22.0
1121767.6336942678	20.0
1121818.6198877224	24.0
1121869.214094387	20.0
1121919.2327705813	20.0
1121968.6042219172	19.0
1122017.415614447	20.0
1122065.9217335016	20.0
1122115.6317979894	20.0
1122166.8367035727	20.0
1122218.6119223717	22.0
1122269.7658356691	19.0
1122319.9762872362	19.0
1122370.1857299844	20.0
1122420.4598480333	21.0
1122470.7324762593	20.0
1122520.9374270255	19.0
1122571.083183913	18.0
1122621.2450730056	18.0
1122671.4462150498	18.0
1122721.6837225158	19.0
1122771.9353918158	18.0
1122822.1742337595	17.0
1122872.38448043	22.0
1122922.5915970984	21.0
1122972.7977167424	16.0
1123023.0048339497	18.0
1123073.2109549204	17.0
1123123.4170765546	18.0
1123173.6241965084	20.0
1123223.8313163437	19.0
1123274.0374399305	20.0
1123324.2445610992	21.0
1123374.450685994	20.0
1123425.220150354	20.0
1123476.4561994518	22.0
1123526.6533993662	22.0
1123575.7302739471	20.0
1123625.1889517808	21.0
1123675.1844766703	21.0
1123725.662654099	20.0
1123776.4273734258	19.0
1123827.2055487134	19.0
1123877.711157466	18.0
1123928.0769111174	20.0
1123978.6927253199	20.0
1124029.2021992467	17.0
1124079.3162683386	18.0
1124128.9826282284	20.0
1124178.9399529018	21.0
1124229.9758605554	20.0
1124280.5401888539	19.0
1124330.096748649	18.0
1124379.912979393	18.0
1124430.127705522	18.0
1124480.6414152	19.0
1124531.2166860378	19.0
1124581.6203818175	21.0
1124631.7753839323	20.0
1124682.0938494648	18.0
1124732.509200519	20.0
1124782.639862903	22.0
1124832.413974407	19.0
1124882.972723741	20.0
1124933.2052139465	20.0
1124983.4812366024	18.0
1125033.7804938809	20.0
1125084.0785332439	19.0
1125134.3535475754	20.0
1125184.584882099	20.0
1125234.758499202	16.0
1125284.8677265933	17.0
1125334.9186603494	17.0
1125384.9598947759	20.0
1125435.2052415363	20.0
1125485.6113058417	19.0
1125535.9668680972	17.0
1125586.181123463	17.0
1125636.4107610427	17.0
1125686.6435333088	18.0
1125736.865730675	17.0
1125787.0671087345	17.0
1125837.2406231277	16.0
1125888.0362772758	16.0
1125938.9357049747	16.0
1125988.6955867133	16.0
1126038.2484044754	16.0
1126088.107935523	16.0
1126138.2906088808	16.0
1126188.7247494524	16.0
1126239.286876578	16.0
1126289.8322036876	16.0
1126340.2317753579	16.0
1126390.480508801	16.0
1126440.973163377	16.0
1126491.4181871978	16.0
1126541.5121505691	16.0
1126591.2570300484	16.0
1126641.4516990378	16.0
1126692.0401009652	16.0
1126742.3467031321	16.0
1126792.5543485917	16.0
1126842.7609970313	16.0
1126892.967645341	16.0
1126943.1752935925	16.0
1126993.3819432019	16.0
1127043.5885942588	17.0
1127093.7962428967	16.0
1127144.0028952777	16.0
1127194.2095491518	16.0
1127244.417198973	16.0
1127294.6238533251	16.0
1127344.830507567	16.0
1127395.0381609355	16.0
1127445.2448172905	16.0
1127495.4514742864	16.0
1127545.659129633	16.0
1127595.8657871655	16.0
1127646.0724461393	16.0
1127696.2791057914	16.0
1127746.4867629814	16.0
1127796.693423946	16.0
1127846.9000847624	16.0
1127897.1077447254	16.0
1127947.3144068797	16.0
1127997.5210704634	16.0
1128047.728732405	16.0
1128097.9353973332	16.0
1128148.142062922	16.0
1128198.3497260485	16.0
1128248.5563929374	16.0
1128298.763060499	16.0
1128348.9707264004	16.0
1128399.1773936986	16.0
1128449.3840640602	16.0
1128499.5907342425	16.0
1128549.7984020072	16.0
1128600.0050735155	16.0
1128650.2117449078	16.0
1128700.4194162432	16.0
1128750.6260889308	16.0
1128800.8327630986	16.0
1128851.0404356003	16.0
1128901.247111089	16.0
1128951.4537872192	16.0
1129001.6604632272	15.0
1129051.86813837	15.0
1129102.0748165	15.0
1129152.2814952717	14.0
1129202.489171601	23.0
1129252.6958508918	21.0
1129302.902531663	21.0
1129353.1092130947	19.0
1129403.316892065	14.0
1129453.5235747925	15.0
1129503.7302582057	18.0
1129553.9369422612	19.0
1129604.1446246884	21.0
1129654.3574506985	24.0
1129704.6975555774	21.0
1129754.7996646822	20.0
1129804.9394498433	20.0
1129855.1174369024	20.0
1129905.3300384157	19.0
1129955.5665722343	19.0
1130005.8135608921	21.0
1130056.0538910849	20.0
1130106.2775231823	19.0
1130156.503354572	21.0
1130206.8468413013	22.0
1130257.208085961	20.0
1130307.4338453396	21.0
1130357.4753769857	22.0
1130407.699006429	24.0
1130458.3658847064	25.0
1130509.0924316011	24.0
1130559.5723765078	21.0
1130609.6711332684	21.0
1130659.5094578594	21.0
1130709.4566569824	20.0
1130759.58453007	21.0
1130809.8856691602	18.0
1130860.334910654	18.0
1130910.8940618124	18.0
1130961.5132034123	20.0
1131012.135607443	19.0
1131062.705634743	18.0
1131113.167825182	18.0
1131163.4719969833	20.0
1131213.5804600476	21.0
1131263.467456734	21.0
1131313.1289469632	19.0
1131362.3161060237	17.0
1131412.2375881884	16.0
1131463.9252976377	15.0
1131514.7171928135	14.0
1131564.631560143	16.0
1131614.654915977	17.0
1131664.7801724724	15.0
1131714.9980427732	15.0
1131765.2888622098	15.0
1131815.6287264817	15.0
1131865.9890503413	15.0
1131916.33948631	15.0
1131966.6444084186	15.0
1132016.8730865507	15.0
1132067.124227932	15.0
1132117.5143324118	15.0
1132167.703074499	15.0
1132217.7447078077	15.0
1132268.0006821551	15.0
1132318.439179079	15.0
1132368.9534380902	15.0
1132419.4003626509	15.0
1132469.644645712	15.0
1132519.5984764737	15.0
1132569.2039075377	15.0
1132619.1926846984	15.0
1132670.1589968137	15.0
1132720.350511623	15.0
1132770.521330158	15.0
1132820.7210652027	20.0
1132870.9452337876	18.0
1132921.1813911155	18.0
1132971.4173436186	18.0
1133021.6426976016	19.0
1133071.8481487916	16.0
1133122.051842733	15.0
1133172.2614021176	15.0
1133222.473189537	15.0
1133272.6823009604	17.0
1133322.8870116742	16.0
1133373.1181342686	19.0
1133423.3504256683	20.0
1133473.5500781212	20.0
1133523.7448747754	14.0
1133574.0691927033	15.0
1133624.4554026194	15.0
1133674.8044047882	15.0
1133725.0353363089	15.0
1133775.1013025225	15.0
1133824.9759424222	15.0
1133875.200722283	15.0
1133925.8153888937	14.0
1133975.942790458	14.0
1134026.1691910874	15.0
1134076.6382774825	15.0
1134127.0936189936	15.0
1134177.3597909536	15.0
1134227.370178541	16.0
1134277.3951905128	15.0
1134327.555023717	15.0
1134377.8258920258	15.0
1134428.170107929	16.0
1134478.5447853496	15.0
1134528.8970763092	15.0
1134579.1671686477	16.0
1134629.2992936154	20.0
1134679.422285082	20.0
1134729.6644055902	17.0
1134779.979526271	17.0
1134830.2584575978	17.0
1134880.4731833765	16.0
1134930.7052363544	18.0
1134980.9493179868	19.0
1135031.1955455143	19.0
1135081.4336498086	18.0
1135131.654607788	18.0
1135181.8527027953	18.0
1135232.02821437	17.0
1135282.189241567	19.0
1135332.4103169127	21.0
1135382.8057610851	21.0
1135433.327438856	20.0
1135483.920786997	21.0
1135534.5308754982	21.0
1135585.1081164826	23.0
1135635.6046993013	20.0
1135685.979136154	16.0
1135736.2004974072	16.0
1135786.2455875569	20.0
1135836.1059655957	18.0
1135885.7872454852	20.0
1135935.2977148162	20.0
1135984.9935582408	25.0
1136035.3798971984	20.0
1136086.38387007	19.0
1136137.5967968872	17.0
1136188.5112621554	20.0
1136238.748437987	20.0
1136288.3050361846	20.0
1136337.7914853038	19.0
1136387.9739393252	17.0
1136438.862893872	21.0
1136489.9731281907	20.0
1136540.6940728563	17.0
1136590.64327792	21.0
1136640.1229414064	17.0
1136690.982767113	17.0
1136742.7995346596	19.0
1136793.4718869138	18.0
1136842.0868960936	21.0
1136891.1353043725	21.0
1136941.7052884668	21.0
1136993.1981082344	21.0
1137044.3162230402	17.0
1137094.2384632847	17.0
1137144.627405993	18.0
1137195.047588811	16.0
1137245.2529403716	17.0
1137295.4572956376	18.0
1137345.8659678875	19.0
1137397.5096676855	20.0
1137448.675572583	19.0
1137497.7123580675	16.0
1137545.8069004107	17.0
1137596.0089180667	16.0
1137647.7095571049	15.0
1137698.6180581306	19.0
1137748.7102423382	17.0
1137799.0306812918	16.0
1137849.4651400456	14.0
1137899.7883301484	16.0
1137949.8564176415	17.0
1137999.8067470177	17.0
1138049.9310850543	16.0
1138100.2709486324	15.0
1138150.675672134	19.0
1138200.9547966982	19.0
1138251.2141624335	18.0
1138301.5399884917	15.0
1138351.8995503753	12.0
1138402.2548028221	14.0
1138452.5668849468	16.0
1138502.8053946365	17.0
1138552.9527784612	17.0
1138603.013337129	16.0
1138653.014498205	15.0
1138703.0190413017	15.0
1138753.1160813484	19.0
1138803.3378229516	21.0
1138853.6672411684	21.0
1138904.054438562	21.0
1138954.4377475218	23.0
1139004.7531095135	22.0
1139054.9614341094	19.0
1139105.0660023512	18.0
1139155.25162116	20.0
1139205.5768904174	19.0
1139255.9205924359	19.0
1139306.1113515645	21.0
1139356.2805385387	21.0
1139406.4736757898	18.0
1139456.6911306246	19.0
1139506.9219008463	20.0
1139557.1552020984	22.0
1139607.3773687417	20.0
1139657.5831465148	21.0
1139708.1938587236	18.0
1139758.7270742005	18.0
1139808.2703769992	21.0
1139858.1351456637	22.0
1139908.282854349	16.0
1139958.6571228537	18.0
1140009.1259350067	16.0
1140059.5441922701	17.0
1140109.8099486646	15.0
1140160.0373541273	14.0
1140210.4562309866	16.0
1140261.0076803693	16.0
1140311.5835226807	17.0
1140362.0609450294	18.0
1140412.3300549283	18.0
1140462.3270173892	17.0
1140512.0632190928	16.0
1140561.6730521824	16.0
1140611.5333157778	21.0
1140661.8544938355	19.0
1140712.5344117985	16.0
1140763.2812905419	16.0
1140813.730966177	16.0
1140863.8401377022	18.0
1140914.1526716105	14.0
1140964.4275729782	18.0
1141014.8498563871	16.0
1141065.2123259054	13.0
1141115.3188116148	15.0
1141165.1548589722	13.0
1141215.2497618224	13.0
1141265.7763208367	12.0
1141316.030477121	13.0
1141366.2381618149	14.0
1141416.4996761775	12.0
1141466.7645672476	21.0
1141516.9928399492	17.0
1141567.155282775	17.0
1141617.2731845877	16.0
1141667.4524044832	14.0
1141717.697320128	21.0
1141767.9686343751	23.0
1141818.204645078	16.0
1141868.527229862	17.0
1141919.0005087794	13.0
1141969.3933229868	13.0
1142019.5215773573	14.0
1142069.3869113172	13.0
1142119.4338953253	13.0
1142169.792252227	13.0
1142220.2912719531	13.0
1142270.7072472759	13.0
1142320.880059816	14.0
1142371.6764510693	24.0
1142422.7953307847	19.0
1142473.6108342572	15.0
1142523.6338543955	16.0
1142572.5923644288	16.0
1142621.600778367	15.0
1142673.2171231664	19.0
1142724.2886450118	20.0
1142774.7899704305	18.0
1142825.3393698158	19.0
1142875.4944755742	18.0
1142925.3906273136	21.0
1142976.5203337856	19.0
1143028.0670124665	18.0
1143078.9199907	17.0
1143128.5683663564	14.0
1143177.6698160328	15.0
1143227.221022715	17.0
1143277.2325287396	17.0
1143327.6310294182	17.0
1143378.3144508942	18.0
1143429.159628813	19.0
1143480.0217465388	19.0
1143530.748483659	15.0
1143581.1691472053	16.0
1143631.1025775368	20.0
1143680.8357990421	19.0
1143731.7547037993	17.0
1143782.1178606425	19.0
1143832.2654909478	18.0
1143882.5395886844	16.0
1143932.8614626592	15.0
1143983.1140582215	16.0
1144033.2393985095	15.0
1144083.4500568456	15.0
1144133.8761018862	16.0
1144184.2804638161	15.0
1144234.5035989597	16.0
1144284.531877888	16.0
1144334.7201030627	19.0
1144385.0707071421	19.0
1144435.4988732515	17.0
1144485.9240998626	17.0
1144536.2812654679	16.0
1144586.51769309	15.0
1144636.6039051295	15.0
1144686.6041719064	15.0
1144736.7202007058	14.0
1144786.9465464153	19.0
1144837.2590612324	17.0
1144887.62767597	16.0
1144938.0180022954	14.0
1144988.3927429402	14.0
1145038.7073934167	15.0
1145088.9187403535	14.0
1145138.9778506788	15.0
1145188.9583413205	14.0
1145239.6495844321	14.0
1145289.8960492553	13.0
1145340.0240918123	13.0
1145390.6975501385	15.0
1145441.2834939423	13.0
1145491.3950377556	19.0
1145541.1929722014	20.0
1145591.1481796538	15.0
1145641.299540303	15.0
1145691.6188832154	14.0
1145742.0454553512	13.0
1145792.49753667	17.0
1145842.8856475388	15.0
1145893.1454187222	14.0
1145943.4904333411	13.0
1145993.8674105136	14.0
1146044.0703021875	13.0
1146094.0349946609	13.0
1146145.0876775444	14.0
1146195.7903952806	14.0
1146244.8376067705	14.0
1146294.846700796	14.0
1146345.8964703272	14.0
1146396.4936320065	15.0
1146446.6795749725	14.0
1146496.8916042068	13.0
1146547.119042906	13.0
1146597.351733917	13.0
1146647.574506546	13.0
1146697.7808194174	13.0
1146747.9991536716	13.0
1146798.593652482	14.0
1146849.1262845986	13.0
1146899.129597447	17.0
1146948.7492034496	21.0
1146998.9636546387	14.0
1147049.6479907576	15.0
1147100.0523343084	13.0
1147150.695754678	16.0
1147201.3841234497	13.0
1147251.5313057394	14.0
1147301.0248145496	14.0
1147351.4011099304	14.0
1147402.3953135416	14.0
1147452.48747193	13.0
1147502.4281383364	14.0
1147552.9237130247	13.0
1147603.5009955715	13.0
1147653.7346407897	13.0
1147704.0029836297	16.0
1147754.3030711475	15.0
1147804.5919884362	13.0
1147854.8333724597	13.0
1147904.998696486	13.0
1147955.0702852646	13.0
1148005.1959202967	13.0
1148055.6511835763	14.0
1148105.8865355279	16.0
1148155.9758203642	17.0
1148206.3407522282	17.0
1148256.584377116	16.0
1148306.7848718793	20.0
1148356.9873129542	20.0
1148407.1887256303	17.0
1148457.3891078932	17.0
1148507.591436459	17.0
1148557.7927366642	18.0
1148608.01184919	19.0
1148660.789354342	18.0
1148709.3983912948	17.0
1148759.1913588166	21.0
1148812.0764811703	18.0
1148865.203220249	19.0
1148915.9385640426	20.0
1148962.1084100313	18.0
1149010.842376833	19.0
1149066.6263827025	18.0
1149115.70323027	15.0
1149165.7619382802	14.0
1149216.63812009	15.0
1149267.5984241955	14.0
1149317.9761676085	15.0
1149368.2645792088	17.0
1149418.584055243	20.0
1149468.8477466644	18.0
1149518.996272908	19.0
1149569.0429750355	19.0
1149619.1374899242	18.0
1149669.3717766665	16.0
1149719.7020132681	16.0
1149770.0159903744	16.0
1149820.2575016299	16.0
1149870.686648297	12.0
1149921.2438811222	16.0
1149971.770479254	18.0
1149974.54356146	16.0
1150022.1109860465	16.0
1150072.1705577187	17.0
1150121.9810741032	19.0
1150171.813694077	20.0
1150222.1329615028	18.0
1150272.9681530367	21.0
1150324.072017532	22.0
1150375.072955982	21.0
1150425.6005266944	17.0
1150475.422271579	20.0
1150524.5853235791	19.0
1150573.4668508372	15.0
1150623.2103549696	19.0
1150674.1299744176	18.0
1150725.5404166498	22.0
1150776.5177292915	13.0
1150826.6091560826	14.0
1150876.582128155	17.0
1150926.8674786866	17.0
1150977.3971311937	19.0
1151027.9482951828	16.0
1151078.2882067098	15.0
1151128.3096481804	16.0
1151178.1978698373	19.0
1151228.4105391053	15.0
1151278.9785520607	15.0
1151329.5988407182	15.0
1151379.907227167	13.0
1151429.751717086	14.0
1151479.4877500914	13.0
1151530.1311403443	13.0
1151580.68381132	16.0
1151630.9039564845	19.0
1151681.8479031154	20.0
1151733.1168566928	19.0
1151784.2196609413	20.0
1151834.7515478958	17.0
1151884.4728531656	16.0
1151933.4082601883	16.0
1151982.1500979017	18.0
1152031.790214507	19.0
1152082.5135498068	19.0
1152133.884729545	18.0
1152185.1941829498	18.0
1152235.7682332809	19.0
1152286.014990836	19.0
1152336.293850404	17.0
1152386.5536461186	17.0
1152436.7461876331	18.0
1152486.8590617124	16.0
1152538.4319476723	15.0
1152591.6053009364	14.0
1152642.363196102	11.0
1152689.014871362	14.0
1152736.254923878	18.0
1152787.6378425872	14.0
1152840.7782270364	13.0
1152891.9355842064	17.0
1152942.3067787949	15.0
1152992.5795375286	15.0
1153042.6026110307	14.0
1153092.678629032	18.0
1153142.9260632587	18.0
1153193.2524089448	17.0
1153243.5199441593	17.0
1153293.721272796	12.0
1153343.963237468	11.0
1153394.2159695702	15.0
1153444.4436916523	17.0
1153494.6235667306	17.0
1153544.7439225987	17.0
1153594.9368753051	15.0
1153645.223882227	14.0
1153695.4704889252	18.0
1153745.865713092	20.0
1153796.3790157887	21.0
1153846.8785262369	23.0
1153897.2385586195	20.0
1153947.362974294	19.0
1153997.2083653898	17.0
1154046.76864143	15.0
1154096.7876920262	12.0
1154147.6162703652	13.0
1154198.180828454	13.0
1154248.4722483647	13.0
1154298.8799493937	13.0
1154349.3498242504	13.0
1154399.8214843927	13.0
1154450.2357981617	13.0
1154500.5382661326	13.0
1154550.6842086385	13.0
1154600.6474678095	13.0
1154650.4196081012	13.0
1154699.8589374223	13.0
1154750.5639990955	13.0
1154801.6062517848	16.0
1154851.3555716765	16.0
1154902.1743324967	16.0
1154953.8460125632	15.0
1155004.6990877886	15.0
1155053.5398882998	15.0
1155101.4290040995	13.0
1155152.2065021812	18.0
1155204.3232036321	18.0
1155255.3250105674	20.0
1155308.2308340278	19.0
1155361.094756813	15.0
1155411.4543244909	15.0
1155458.255683392	15.0
1155504.118704205	14.0
1155554.0404055165	15.0
1155607.343342347	14.0
1155660.3649905343	15.0
1155710.9593597443	15.0
1155761.8989905787	14.0
1155812.683401732	14.0
1155862.7384001168	14.0
1155912.0376443462	14.0
1155961.4638397088	14.0
1156011.6703803008	17.0
1156062.4830194628	16.0
1156113.3392382814	12.0
1156163.7141237312	13.0
1156213.9367731165	13.0
1156264.1667247338	14.0
1156314.375075804	13.0
1156364.5506137887	16.0
1156414.7288805728	15.0
1156464.934802728	11.0
1156515.1601195768	11.0
1156565.3864588216	14.0
1156615.5918552047	15.0
1156665.7770753675	10.0
1156715.9918670119	10.0
1156766.2091174521	11.0
1156816.8425896827	14.0
1156868.0187944374	14.0
1156919.3057723106	15.0
1156970.2591216178	15.0
1157020.4848988464	14.0
1157069.7098999415	13.0
1157117.8436165885	13.0
1157167.8976083973	13.0
1157221.018731629	13.0
1157270.336699241	13.0
1157321.2313399815	13.0
1157371.7009297742	13.0
1157421.886615491	13.0
1157472.2008481964	13.0
1157522.4504667236	13.0
1157572.5940336674	13.0
1157622.8305927066	14.0
1157673.0908033787	14.0
1157723.280437573	16.0
1157773.4584603512	17.0
1157823.6948627431	14.0
1157873.961167593	13.0
1157924.7395164259	16.0
1157975.6720076401	13.0
1158026.1340573125	13.0
1158075.8611796594	13.0
1158125.3864727563	13.0
1158175.1090582972	14.0
1158225.0382376197	15.0
1158275.1823454914	17.0
1158325.5131240988	14.0
1158375.9813597847	16.0
1158426.5207721416	14.0
1158477.0599505666	14.0
1158527.531389623	16.0
1158577.876684145	20.0
1158628.082376139	20.0
1158678.27411417	19.0
1158728.4799404144	15.0
1158778.6975680478	15.0
1158828.9170255025	17.0
1158879.1270486207	16.0
1158929.3719253764	17.0
1158979.659900188	16.0
1159029.932997034	15.0
1159080.1400533866	16.0
1159130.2641454712	16.0
1159180.349963153	16.0
1159230.4921498073	18.0
1159280.7251457307	18.0
1159331.0142705212	18.0
1159381.2925868463	18.0
1159431.5355758772	15.0
1159482.097926756	16.0
1159532.9291515904	17.0
1159583.7847857585	20.0
1159634.4077410582	19.0
1159684.5882954036	17.0
1159734.2060846717	17.0
1159783.2727038085	17.0
1159832.3692107887	15.0
1159883.7160238454	18.0
1159934.985969796	19.0
1159984.9099210177	23.0
1160034.9891608083	24.0
1160085.3047548262	22.0
1160135.7380492652	21.0
1160186.0990967078	22.0
1160237.268410122	23.0
1160289.7334311486	20.0
1160338.928029124	15.0
1160386.6639116623	17.0
1160436.1688628378	18.0
1160487.2607572647	17.0
1160538.9753259607	18.0
1160590.0283161595	15.0
1160640.292491833	15.0
1160690.611656157	14.0
1160740.7180833078	13.0
1160790.9603523414	16.0
1160841.3444434623	15.0
1160891.4366149288	16.0
1160941.518621898	16.0
1160963.950975061	15.0
1160991.737423288	14.0
1161042.0433491482	14.0
1161092.3229468125	12.0
1161142.998744837	12.0
1161194.1252708517	14.0
1161243.9115527768	14.0
1161292.8930956472	14.0
1161343.0662313304	14.0
1161394.1222089983	15.0
1161444.80180144	14.0
1161494.9651534231	15.0
1161545.1589622535	13.0
1161595.3772888181	13.0
1161645.6095424208	14.0
1161695.8466694362	14.0
1161746.0745062847	13.0
1161796.2791488236	13.0
1161846.4752608256	13.0
1161896.6757112655	10.0
1161946.8794558842	12.0
1161997.0886282604	13.0
1162047.2987500574	13.0
1162097.5093990383	13.0
1162147.717789683	15.0
1162197.923020516	14.0
1162248.1980721005	17.0
1162298.5972619946	15.0
1162348.8534714503	14.0
1162398.8478354411	16.0
1162448.8569047877	14.0
1162499.05815417	13.0
1162549.4069421785	13.0
1162599.753147623	13.0
1162650.0362094499	13.0
1162700.5728039038	12.0
1162750.9713800603	13.0
1162800.9033566688	13.0
1162850.6864371025	13.0
1162900.8896533812	12.0
1162951.4100664973	12.0
1163001.8080525128	13.0
1163051.9437051076	13.0
1163102.1999106545	14.0
1163152.582141961	13.0
1163202.930945277	13.0
1163253.094506165	12.0
1163303.0978657727	13.0
1163353.2563818456	14.0
1163403.7316396097	13.0
1163454.3275850692	12.0
1163504.743516862	13.0
1163554.798801234	17.0
1163604.6803346458	14.0
1163654.6550996166	14.0
1163704.725391345	13.0
1163754.8971294335	14.0
1163805.163506566	13.0
1163855.5023586822	13.0
1163905.8830920996	12.0
1163956.2706662286	12.0
1164006.6309347656	12.0
1164056.9332146577	12.0
1164107.1558207031	12.0
1164157.287939548	12.0
1164207.31805587	13.0
1164257.4485121535	12.0
1164307.8072267668	13.0
1164358.2047876827	14.0
1164408.457379397	12.0
1164458.7467009008	13.0
1164508.9718814765	13.0
1164559.0778507572	14.0
1164609.4203237754	12.0
1164659.8487597704	12.0
1164709.8676796942	12.0
1164759.8666501285	12.0
1164810.0580726247	12.0
1164860.3942589927	13.0
1164910.763435702	13.0
1164961.0214075039	12.0
1165011.2551013909	13.0
1165061.5525889217	14.0
1165111.882404632	14.0
1165162.2045401165	13.0
1165212.4769828399	13.0
1165262.6639530847	13.0
1165312.7434073132	14.0
1165362.7118513412	16.0
1165412.6854790782	15.0
1165463.2649599756	13.0
1165513.5713809389	13.0
1165563.8106844756	11.0
1165614.059046597	16.0
1165664.2866213927	15.0
1165714.4724559193	16.0
1165764.6294224707	11.0
1165814.7962548856	12.0
1165864.9848593327	12.0
1165915.197370229	8.0
1165965.4278297788	9.0
1166015.666441577	13.0
1166065.8992451588	14.0
1166116.115251002	13.0
1166166.3747664262	12.0
1166216.7065215171	13.0
1166267.0716480818	12.0
1166317.429020238	11.0
1166367.7368393787	12.0
1166417.9591634998	12.0
1166468.077432153	12.0
1166518.079744448	11.0
1166567.9383447082	11.0
1166618.0313456138	13.0
1166668.6492178524	12.0
1166719.0663832505	12.0
1166769.162081564	16.0
1166819.332510431	14.0
1166869.5877847085	14.0
1166919.8943723303	13.0
1166970.1972147878	14.0
1167020.4420396122	13.0
1167070.6019367524	13.0
1167120.6777375378	13.0
1167170.852635475	13.0
1167221.1916057307	13.0
1167271.469346826	11.0
1167321.698601123	15.0
1167372.2216246072	16.0
1167422.480492785	18.0
1167472.3926790257	19.0
1167522.4318424421	17.0
1167572.5451353176	16.0
1167622.7333581273	16.0
1167672.9830433293	13.0
1167723.2747424191	12.0
1167773.5876540316	13.0
1167823.8949941546	14.0
1167874.1729457122	14.0
1167924.4076470803	11.0
1167974.8983456406	13.0
1168026.0853292702	16.0
1168077.5194295342	16.0
1168128.6221792714	12.0
1168178.903766587	13.0
1168228.1871869278	16.0
1168276.8446981213	14.0
1168325.7270701595	16.0
1168375.3066702955	15.0
1168425.677849246	20.0
1168476.6720341118	24.0
1168527.9563279806	20.0
1168579.1348359738	20.0
1168629.8344817627	20.0
1168680.0585987733	22.0
1168730.2647725686	21.0
1168780.4739393422	18.0
1168830.6811122217	19.0
1168880.8892834762	19.0
1168931.096458585	18.0
1168981.3046311971	19.0
1169031.5587876467	18.0
1169081.756241637	16.0
1169131.9185089276	17.0
1169182.1130095716	18.0
1169232.3326392523	17.0
1169282.5648081934	15.0
1169332.7928782748	15.0
1169383.0060202505	16.0
1169433.2216801725	16.0
1169483.4390795247	16.0
1169533.6486309753	14.0
1169583.84787026	12.0
1169634.071146684	14.0
1169684.421895806	15.0
1169734.6244234634	16.0
1169784.6542810593	15.0
1169834.7940885576	15.0
1169885.065609802	20.0
1169935.3790997006	20.0
1169985.6334080512	21.0
1170036.1288233711	19.0
1170086.7595046812	20.0
1170137.1493399313	20.0
1170187.0789019575	19.0
1170236.765166622	19.0
1170286.693045741	19.0
1170336.9592086372	19.0
1170387.4747706237	20.0
1170438.0358956945	18.0
1170488.4014503094	14.0
1170538.5794294819	13.0
1170588.8233386916	18.0
1170639.0586084118	16.0
1170689.261203569	17.0
1170739.4755064752	19.0
1170789.6923228465	19.0
1170839.9026462405	13.0
1170890.1039841543	14.0
1170940.4850625973	13.0
1170984.6537130785	13.0
1171028.8223635599	14.0
1171072.991014041	14.0
1171117.1596645224	13.0
1171161.3283150035	13.0
1171205.4969654847	13.0
1171249.665615966	13.0
1171293.8342664472	13.0
1171338.0029169286	12.0
1171382.1715674098	12.0
1171426.340217891	12.0
1171470.5088683723	12.0
1171514.6775188535	12.0
1171558.8461693348	12.0
1171603.014819816	12.0
1171652.486664014	12.0
1171702.6625663948	12.0
1171753.3932792302	12.0
1171804.4586560999	12.0
1171855.5957813174	12.0
1171906.4956023851	12.0
1171956.8245605077	12.0
1172006.6239718117	12.0
1172056.816971735	12.0
1172107.428929626	12.0
1172158.1345230383	12.0
1172208.4635066143	12.0
1172258.8543609066	12.0
1172309.5656022783	12.0
1172360.4917799488	13.0
1172411.485209395	14.0
1172462.3864220325	17.0
1172513.0329074892	14.0
1172563.296062835	13.0
1172613.0923398656	14.0
1172662.4168027411	13.0
1172711.3547949507	13.0
1172760.0998607378	11.0
1172810.200679371	13.0
1172861.7071422166	14.0
1172913.5106486306	12.0
1172964.4075354773	12.0
1173014.11587686	12.0
1173063.7932016633	12.0
1173113.8413710203	12.0
1173164.2684513961	12.0
1173214.9125155867	12.0
1173265.5417167637	12.0
1173315.9557149715	12.0
1173366.1294065006	13.0
1173416.3289665023	12.0
1173466.5780342086	12.0
1173516.8470405107	12.0
1173567.0855044543	12.0
1173617.2664850175	12.0
1173667.4754535053	12.0
1173717.7130717074	12.0
1173767.9400139577	13.0
1173818.1804256209	12.0
1173868.4842496335	12.0
1173918.7667268526	12.0
1173968.9479496009	12.0
1174019.0427076058	12.0
1174069.1966479286	12.0
1174119.4585414436	12.0
1174169.7930947368	12.0
1174220.1252025093	12.0
1174270.3717635612	13.0
1174320.4753460188	13.0
1174370.3046737425	14.0
1174420.8451634233	12.0
1174471.053774128	12.0
1174521.2624230257	13.0
1174571.4711091453	12.0
1174621.6798353496	12.0
1174650.986665133	12.0
1174671.8885902385	12.0
1174722.107606405	12.0
1174772.3368013378	12.0
1174822.570899267	12.0
1174872.8049569277	13.0
1174923.0330914631	14.0
1174973.2491939669	13.0
1175023.4526517394	13.0
1175073.6401201573	13.0
1175123.8142511877	12.0
1175173.9823479925	12.0
1175224.1678113078	12.0
1175274.382659968	12.0
1175324.6219227454	12.0
1175374.8715978144	12.0
1175425.1120396159	12.0
1175475.3276138855	12.0
1175525.5716598176	12.0
1175575.8389808256	13.0
1175626.0735099085	13.0
1175676.2386226354	12.0
1175726.4991866047	14.0
1175777.265631283	14.0
1175828.0428336707	14.0
1175878.3658664727	14.0
1175928.1200956025	14.0
1175977.857091121	8.0
1176027.9516630673	10.0
1176078.3171733732	11.0
1176128.8548630134	14.0
1176179.4649024187	15.0
1176230.0444622939	13.0
1176280.489917636	12.0
1176330.6955288537	15.0
1176380.5937594017	14.0
1176430.5046702742	13.0
1176480.6254141687	13.0
1176530.9701078015	10.0
1176581.4638240759	9.0
1176631.9851435535	10.0
1176682.4002196658	13.0
1176732.6414467916	13.0
1176782.8892257127	13.0
1176833.1532736022	13.0
1176883.4016718057	13.0
1176933.6016203433	14.0
1176983.7441870666	13.0
1177033.8565921627	12.0
1177084.1150671556	13.0
1177134.4176133412	13.0
1177184.6120250537	14.0
1177234.8891976632	12.0
1177285.235891556	13.0
1177335.5765518122	12.0
1177385.844091684	12.0
1177435.9884497086	13.0
1177485.968459712	16.0
1177536.0674699943	13.0
1177586.5583022833	12.0
1177636.7926138206	12.0
1177687.5045870391	12.0
1177738.1683087358	12.0
1177788.2165402875	12.0
1177837.620343517	12.0
1177887.45116317	12.0
1177938.3113523107	12.0
1177989.0007871778	12.0
1178039.0483837533	12.0
1178089.41781823	12.0
1178140.1169496828	12.0
1178190.9494464912	13.0
1178241.6554184426	14.0
1178255.2604948694	12.0
1178291.9885037162	13.0
1178341.7893490377	13.0
1178391.053548044	14.0
1178439.969572768	13.0
1178490.99903678	11.0
1178542.3599650522	13.0
1178592.5497434307	12.0
1178642.7404131156	12.0
1178692.9928207106	12.0
1178743.2750240453	12.0
1178793.547458796	12.0
1178843.7644663712	12.0
1178893.9380992122	13.0
1178944.231574068	13.0
1178994.2843453053	15.0
1179044.5487169586	12.0
1179094.8804303298	13.0
1179145.0944732986	12.0
1179195.3421701558	13.0
1179245.7926696262	13.0
1179296.178088963	13.0
1179346.3300533013	12.0
1179396.297783965	13.0
1179446.3492703834	13.0
1179496.5560710803	13.0
1179546.8856715753	13.0
1179597.2593876421	13.0
1179647.5901296523	12.0
1179697.8227779807	12.0
1179748.0198155837	13.0
1179798.2262665187	12.0
1179848.4417303952	11.0
1179898.6641256933	12.0
1179948.8889688437	12.0
1179999.110552743	12.0
1180049.3287460818	11.0
1180099.5742461185	12.0
1180149.8057313769	11.0
1180199.9822716035	11.0
1180250.2356263371	12.0
1180300.6312246043	11.0
1180350.8853254241	12.0
1180400.8774888085	11.0
1180451.0497491201	11.0
1180501.4361803897	11.0
1180551.8002692594	11.0
1180601.8733203227	11.0
1180652.2096411975	11.0
1180702.4810114983	12.0
1180752.6860543508	11.0
1180802.909256128	12.0
1180853.133022041	11.0
1180903.346085545	11.0
1180953.5590426263	12.0
1181003.7755581273	11.0
1181053.9930632224	12.0
1181104.2081038589	11.0
1181154.4200978992	11.0
1181204.625015402	11.0
1181254.8328718008	11.0
1181291.523206447	11.0
1181291.8517713198	11.0
1181325.9570321154	11.0
1181360.0622929113	11.0
1181410.5642759148	11.0
1181461.809278523	11.0
1181511.5410717654	11.0
1181562.1157675143	11.0
1181612.6446217985	11.0
1181662.8510906715	11.0
1181714.3689545873	11.0
1181762.3370842088	11.0
1181813.378928182	11.0
1181864.150227373	11.0
1181913.9051994702	11.0
1181964.702998506	11.0
1182015.0756570823	11.0
1182064.8958301712	11.0
1182115.2844291674	11.0
1182165.6889955893	11.0
1182215.3875284358	11.0
1182265.9209831774	11.0
1182316.2630390334	11.0
1182366.34345	11.0
1182416.85547013	11.0
1182466.9452956119	11.0
1182516.905759335	11.0
1182567.2372143553	11.0
1182600.584309329	11.0
1182633.931404303	11.0
1182667.2784992768	11.0
1182700.6255942509	11.0
1182733.9726892246	11.0
1182767.3197841987	11.0
1182800.6668791724	11.0
1182850.6645548872	13.0
1182899.253200698	11.0
1182948.7550520897	11.0
1182998.9816660832	11.0
1183049.7361061869	12.0
1183100.7092578153	14.0
1183151.5392035586	15.0
1183201.9427901893	16.0
1183209.0763505339	16.0
1183252.6549184388	11.0
1183303.207666735	11.0
1183352.9664074727	11.0
1183402.5044831722	11.0
1183452.966140925	11.0
1183503.6982323192	11.0
1183554.1605286992	11.0
1183605.3961568214	11.0
1183656.3409360899	13.0
1183706.0647493352	11.0
1183755.4417860925	11.0
1183806.8443297306	11.0
1183859.1810196089	11.0
1183911.1169802747	11.0
1183961.5751025816	11.0
1184009.904805593	15.0
1184057.1110284177	12.0
1184106.684057819	11.0
1184158.6918160643	11.0
1184211.3399670739	11.0
1184262.489441086	11.0
1184312.7027609986	11.0
1184362.917111594	11.0
1184413.1684801138	11.0
1184463.5931037215	11.0
1184513.8414095836	11.0
1184563.8921843076	11.0
1184615.0031827379	11.0
1184664.7049618901	11.0
1184714.6002298647	11.0
1184765.35673424	11.0
1184816.0174988266	11.0
1184866.0310806215	11.0
1184916.4985822958	11.0
1184966.8447520286	12.0
1185017.6106464793	11.0
1185048.2980181014	12.0
1185067.8927287224	13.0
1185117.729210354	15.0
1185167.9927054783	13.0
1185218.5933596995	12.0
1185269.308455971	11.0
1185319.871623546	11.0
1185370.0538646039	11.0
1185419.7568042264	11.0
1185469.0826980637	11.0
1185519.5945086821	11.0
1185570.7321583575	11.0
1185621.0995301686	11.0
1185671.624242385	11.0
1185722.2956646308	11.0
1185772.955668959	11.0
1185823.447321983	11.0
1185873.6315245845	11.0
1185923.430347916	14.0
1185972.8492112043	12.0
1186023.079201196	12.0
1186075.869581048	11.0
1186125.110572635	11.0
1186173.285490947	11.0
1186222.8704295524	11.0
1186273.744600475	11.0
1186325.2251959757	11.0
1186376.4013373535	12.0
1186426.7552397044	12.0
1186477.098924076	13.0
1186527.3766119967	8.0
1186577.4911503592	11.0
1186627.6887019821	10.0
1186678.141576283	10.0
1186728.7603308249	12.0
1186779.408945139	11.0
1186829.931391551	12.0
1186880.183697541	11.0
1186930.063402065	11.0
1186979.5407965153	11.0
1187029.0170888724	12.0
1187081.0458587878	12.0
1187129.500007633	12.0
1187179.411500792	12.0
1187230.4512119503	11.0
1187281.2713547153	11.0
1187331.4506204159	11.0
1187381.698388064	11.0
1187431.995277077	11.0
1187482.2918196563	11.0
1187532.545618577	11.0
1187582.7241588128	11.0
1187632.8790795836	11.0
1187683.0607868456	11.0
1187733.270458983	11.0
1187783.5056224768	11.0
1187833.7584737232	11.0
1187884.0176943752	11.0
1187934.2743871934	11.0
1187984.5153626231	11.0
1188034.744903741	11.0
1188085.0477109868	11.0
1188135.3760083853	11.0
1188185.6607483642	11.0
1188235.8536346098	11.0
1188285.9475866521	11.0
1188336.0050125436	11.0
1188386.186229829	11.0
1188436.5016286792	11.0
1188486.8441615826	12.0
1188537.102332422	11.0
1188587.351428392	12.0
1188637.6783148528	13.0
1188687.9757229425	12.0
1188738.1666250385	12.0
1188788.2562350112	12.0
1188838.57034407	13.0
1188888.9899614817	12.0
1188939.2703751605	12.0
1188952.1451674635	12.0
1188989.2750618367	12.0
1189039.491608016	11.0
1189089.9149507165	11.0
1189140.1850083086	11.0
1189190.3335284663	11.0
1189240.5496970213	11.0
1189290.8156561304	11.0
1189341.0911343344	11.0
1189391.3240533082	11.0
1189441.5435322302	11.0
1189491.8146304116	11.0
1189542.0674237644	11.0
1189592.2434830712	11.0
1189642.4392000705	11.0
1189692.7464127208	11.0
1189742.962544938	11.0
1189793.1502117105	11.0
1189843.440058814	11.0
1189893.7228399687	11.0
1189943.9209645484	11.0
1189994.1601607958	11.0
1190044.5817275916	11.0
1190095.0870236394	11.0
1190145.5374238805	11.0
1190195.7936721707	11.0
1190245.7867281935	11.0
1190295.581818202	11.0
1190345.6553065851	11.0
1190396.1377497313	11.0
1190446.8002843969	11.0
1190497.264062546	11.0
1190547.4839987142	11.0
1190598.2840323062	11.0
1190649.199132016	11.0
1190699.7557923752	11.0
1190749.64499413	11.0
1190798.8242567978	11.0
1190848.5602728492	11.0
1190899.4471693598	11.0
1190950.4906224068	11.0
1191000.791433753	11.0
1191051.8648328146	11.0
1191102.326672282	11.0
1191151.7786683012	11.0
1191201.6044510356	11.0
1191251.8700992924	11.0
1191302.4377302884	11.0
1191353.0849622015	11.0
1191403.5530493	11.0
1191453.8200666318	11.0
1191504.217939883	11.0
1191554.6893154655	11.0
1191605.129922033	11.0
1191655.444171771	11.0
1191705.5614208586	11.0
1191755.4859713875	11.0
1191805.4235440793	11.0
1191856.3204620623	11.0
1191907.9809399557	10.0
1191959.3329236815	13.0
1192009.381607926	13.0
1192058.1191295376	10.0
1192106.9867379423	12.0
1192156.587227435	13.0
1192207.0643306146	15.0
1192258.2002223523	13.0
1192309.583730945	11.0
1192360.7554688293	11.0
1192411.3444462926	11.0
1192461.2182681304	11.0
1192510.6875261308	11.0
1192560.348261544	11.0
1192610.4221881193	11.0
1192660.911117908	11.0
1192711.6745718238	11.0
1192762.4958960828	11.0
1192813.1462376034	11.0
1192863.5278129093	11.0
1192914.545755001	11.0
1192965.0772500432	12.0
1193014.4027182658	11.0
1193064.0653648255	12.0
1193114.2573654659	11.0
1193164.849084143	12.0
1193215.5584476038	12.0
1193266.0384287792	13.0
1193316.2409632402	12.0
1193366.4551918248	12.0
1193416.6822225214	12.0
1193466.917018952	11.0
1193517.145519871	11.0
1193567.3629865353	14.0
1193617.5817862244	12.0
1193667.802875092	11.0
1193718.025073689	11.0
1193768.2473044582	12.0
1193818.4676657785	12.0
1193868.6846682345	11.0
1193919.012125794	12.0
1193969.4836956144	12.0
1194019.4345273867	13.0
1194069.4867079486	14.0
1194119.6402657097	11.0
1194169.8879632922	12.0
1194220.1978533592	12.0
1194270.527128944	11.0
1194320.8293941647	11.0
1194371.0736124937	12.0
1194421.2510953874	11.0
1194471.4475902142	11.0
1194521.7024639552	11.0
1194571.9641224504	11.0
1194622.18922831	10.0
1194672.422188281	12.0
1194722.6718554501	12.0
1194772.929770821	12.0
1194781.2881393093	12.0
1194823.185536863	12.0
1194873.4317598543	12.0
1194923.6595776791	12.0
1194973.861505403	11.0
1195024.0329427915	12.0
1195074.1338707164	14.0
1195124.5181137696	12.0
1195174.8764919282	12.0
1195226.2006592106	11.0
1195277.5276397679	11.0
1195327.8708043036	11.0
1195377.0539418024	11.0
1195426.1931621316	11.0
1195475.768408449	11.0
1195525.859876526	11.0
1195576.40189853	11.0
1195627.2318188439	11.0
1195678.137729272	11.0
1195728.9024753636	12.0
1195779.3538011028	11.0
1195829.4020469666	11.0
1195879.4001840528	11.0
1195930.0619907877	11.0
1195980.422275413	10.0
1196030.505573069	11.0
1196080.8839158684	12.0
1196131.439325518	11.0
1196181.8965247124	11.0
1196232.0422663223	12.0
1196281.956196069	12.0
1196331.9686950904	12.0
1196382.1264878071	11.0
1196432.4303618697	11.0
1196482.8443994764	12.0
1196533.3143909017	12.0
1196583.7687077383	11.0
1196634.139934772	11.0
1196684.3730792252	11.0
1196734.431975145	11.0
1196784.2396664384	11.0
1196834.5342104111	11.0
1196885.2977341316	11.0
1196935.2607267962	12.0
1196985.5237138572	11.0
1197035.934780596	12.0
1197086.2982416714	11.0
1197136.4860775326	12.0
1197186.8334681033	11.0
1197237.3478317943	11.0
1197287.8931547175	11.0
1197338.3082779204	11.0
1197373.45517318	11.0
1197388.4552047946	11.0
1197438.2675325521	11.0
1197487.631947434	11.0
1197538.7702138217	11.0
1197588.985438367	11.0
1197638.84964649	11.0
1197688.9383869807	11.0
1197739.2330359293	11.0
1197789.6588176226	11.0
1197840.1071049368	11.0
1197890.474571866	11.0
1197940.6865506766	11.0
1197990.7763061598	11.0
1198041.256415629	11.0
1198091.473251593	11.0
1198141.5333289257	11.0
1198191.6818064812	11.0
1198241.9160064782	11.0
1198292.2081965657	11.0
1198342.5160109617	11.0
1198392.7971378607	11.0
1198443.0266657253	11.0
1198493.2624439427	11.0
1198543.519497628	11.0
1198593.7687114922	11.0
1198643.9807855291	11.0
1198694.151342494	11.0
1198744.369052687	11.0
1198794.7270375947	11.0
1198844.88092962	11.0
1198895.038788455	11.0
1198945.2233197396	11.0
1198995.431864528	11.0
1199045.6607986751	11.0
1199095.904785346	11.0
1199146.1590126564	11.0
1199196.414831082	11.0
1199246.6643049386	11.0
1199296.9016340743	11.0
1199347.1455895044	11.0
1199397.4879163303	11.0
1199447.8042587494	11.0
1199497.9876706114	11.0
1199548.07448662	11.0
1199598.2071450497	11.0
1199648.4189247193	11.0
1199698.699471244	11.0
1199749.0042897118	11.0
1199799.2869573676	11.0
1199849.5147740217	11.0
1199899.7169811078	11.0
1199949.944496816	11.0
1200000.186186254	11.0
1200050.418222594	11.0
1200100.6899728007	11.0
1200151.0003588286	11.0
1200201.2968589584	11.0
1200251.532147672	11.0
1200301.6889557913	12.0
1200351.7880938589	12.0
1200401.9363165682	11.0
1200452.223697132	8.0
1200502.5785582555	9.0
1200552.8720969441	12.0
1200603.0279785309	14.0
1200653.3232893737	12.0
1200703.753985916	8.0
1200752.021062376	9.0
1200800.2881388362	9.0
1200850.5726117413	9.0
1200900.8245080567	10.0
1200950.9769463567	10.0
1201001.1621013486	10.0
1201051.3679809773	11.0
1201101.5914788083	9.0
1201151.8290923748	8.0
1201202.0723463881	11.0
1201252.3181337845	14.0
1201302.5588274973	10.0
1201352.7891513095	12.0
1201403.4424150598	11.0
1201455.238413354	10.0
1201505.2894112673	10.0
1201554.222028461	13.0
1201603.7236409378	15.0
1201653.6079951103	13.0
1201703.838537208	13.0
1201754.3399369284	13.0
1201805.0183563386	13.0
1201831.9055757874	12.0
1201855.760418975	12.0
1201906.4447992106	13.0
1201956.9464244978	14.0
1202007.1921357932	11.0
1202057.3981053147	10.0
1202107.6214391636	11.0
1202157.8591840402	10.0
1202208.1030396456	11.0
1202258.3383314759	11.0
1202308.6274866886	10.0
1202359.001311406	8.0
1202409.0829015186	9.0
1202459.2016829452	12.0
1202509.4201917092	12.0
1202559.7171961002	12.0
1202610.0363408804	11.0
1202660.3162078215	10.0
1202710.521776946	10.0
1202760.6910075687	11.0
1202810.9128579306	11.0
1202861.2035559437	11.0
1202911.535892425	9.0
1202961.8653482934	11.0
1203012.1448507428	11.0
1203062.3422759103	12.0
1203112.4603624584	11.0
1203162.5678556876	11.0
1203212.759774557	13.0
1203263.0276306078	14.0
1203313.3483555082	14.0
1203363.6890919358	15.0
1203414.0110728107	16.0
1203464.2692762306	13.0
1203514.4142908982	14.0
1203564.9677870448	13.0
1203615.8076369022	12.0
1203665.1340903952	11.0
1203714.835793766	11.0
1203765.2224997836	11.0
1203815.9589513	11.0
1203866.47687217	11.0
1203916.6990887823	11.0
1203966.9222997872	11.0
1204017.1445148233	13.0
1204067.3667291233	12.0
1204117.58894552	11.0
1204167.812159208	10.0
1204218.034375507	11.0
1204268.256593909	12.0
1204299.8993182636	12.0
1204331.5420426184	12.0
1204363.184766973	11.0
1204413.4069872934	10.0
1204463.62920689	11.0
1204513.8524266183	11.0
1204564.0746489775	12.0
1204614.296871989	12.0
1204664.5200937313	13.0
1204714.7413200391	12.0
1204764.9645431433	11.0
1204815.18776548	14.0
1204865.409991848	15.0
1204915.6322174803	16.0
1204965.8554432502	13.0
1205016.0776716515	14.0
1205066.2998992852	14.0
1205116.5221290293	12.0
1205166.745357485	11.0
1205216.967587127	10.0
1205267.1898188852	10.0
1205317.4130479356	10.0
1205367.6672638638	10.0
1205417.967118216	10.0
1205468.1665008392	11.0
1205518.2965352489	16.0
1205568.564937113	15.0
1205618.9106163867	13.0
1205669.1532982846	13.0
1205719.2855161568	14.0
1205769.5839362612	13.0
1205820.0724024437	11.0
1205870.645854308	12.0
1205921.1535126239	10.0
1205971.4574995015	10.0
1206021.4782548526	10.0
1206071.247602873	10.0
1206120.9281539812	10.0
1206170.9603917613	10.0
1206221.44962399	10.0
1206272.1437223982	10.0
1206322.6926160133	10.0
1206372.9337798986	10.0
1206423.1879496614	10.0
1206473.5246291733	10.0
1206523.901389796	10.0
1206574.2517204115	10.0
1206624.517280413	10.0
1206674.665254685	10.0
1206724.7196665946	10.0
1206774.7789279122	10.0
1206824.906232753	12.0
1206875.109656822	10.0
1206925.383494904	10.0
1206975.708670694	10.0
1207026.0595136175	10.0
1207076.400196215	10.0
1207126.6941874512	10.0
1207176.9193130198	11.0
1207227.4557457566	10.0
1207278.2650173116	11.0
1207328.7750814224	11.0
1207378.5838325561	10.0
1207428.028972627	22.0
1207477.9130296563	18.0
1207528.3852130126	15.0
1207579.171909096	13.0
1207629.7891532462	16.0
1207679.9679374197	12.0
1207730.2536397742	11.0
1207780.4883474733	11.0
1207830.7112353225	11.0
1207880.9331258049	12.0
1207931.1550169669	12.0
1207981.3769087836	11.0
1208031.5997993264	11.0
1208081.8206944498	11.0
1208132.0435863398	11.0
1208182.2804172651	12.0
1208232.8113890616	15.0
1208282.72565175	13.0
1208332.9614529968	10.0
1208383.327800464	9.0
1208433.7276720302	10.0
1208484.0790964598	11.0
1208534.3181034403	10.0
1208584.4073844736	10.0
1208634.4498828184	10.0
1208684.5984550826	11.0
1208734.8676372112	10.0
1208785.2256582805	10.0
1208835.6043730986	10.0
1208885.9279610706	10.0
1208936.1893637604	10.0
1208986.5741691906	10.0
1209036.9960537688	10.0
1209087.3479891517	10.0
1209137.5423782181	10.0
1209187.5544157696	10.0
1209237.675690734	10.0
1209288.3575937895	10.0
1209339.0618862372	10.0
1209389.3222680488	10.0
1209438.9946518845	10.0
1209489.042828768	10.0
1209539.6372060068	10.0
1209590.3341006644	10.0
1209640.6456745134	10.0
1209690.5767145855	10.0
1209741.1553139463	10.0
1209791.9121868329	10.0
1209841.8359744833	10.0
1209891.8562171264	10.0
1209942.4785178604	10.0
1209993.3502152828	10.0
1210044.165142454	10.0
1210094.6835532265	10.0
1210144.769952002	10.0
1210194.4292447413	10.0
1210244.1409692361	10.0
1210294.101649922	10.0
1210344.303780272	15.0
1210394.7115360517	15.0
1210445.2691302882	16.0
1210495.907508566	14.0
1210546.5421829307	14.0
1210597.0798152222	13.0
1210647.4210657636	14.0
1210697.509741855	14.0
1210747.605883436	14.0
1210797.839076963	16.0
1210848.1913894087	17.0
1210898.5792911875	18.0
1210948.9004505915	17.0
1210999.1329449683	11.0
1211049.3770197425	10.0
1211099.631027527	11.0
1211149.8865824165	13.0
1211200.1369502624	12.0
1211250.3752447045	10.0
1211300.5915524114	10.0
1211350.78697368	10.0
1211400.9618986933	10.0
1211451.122406087	10.0
1211501.3380251077	10.0
1211551.6278023052	10.0
1211601.9249988028	10.0
1211652.1567686892	10.0
1211702.320422392	10.0
1211752.507910806	10.0
1211802.7585635048	10.0
1211853.0340333087	10.0
1211903.274497431	15.0
1211953.4972788487	14.0
1212003.7191095399	11.0
1212053.9439548892	12.0
1212104.7547115842	12.0
1212156.1013074361	12.0
1212206.713837142	15.0
1212256.0351690033	14.0
1212305.3055325411	12.0
1212355.110138642	13.0
1212405.3839838107	12.0
1212456.0123355354	13.0
1212506.8288601218	14.0
1212557.6373677743	16.0
1212608.2113630583	10.0
1212658.3945324223	9.0
1212710.214369535	14.0
1212761.9543761157	16.0
1212811.3826639107	16.0
1212859.9388984723	12.0
1212909.378936085	12.0
1212959.7887804594	10.0
1213010.8528967304	10.0
1213062.0749679115	10.0
1213112.961541279	10.0
1213163.2190980047	10.0
1213213.344876687	10.0
1213263.793243386	10.0
1213314.3867745409	10.0
1213364.7953782582	10.0
1213414.7783786308	11.0
1213464.572853577	14.0
1213515.1562933726	11.0
1213565.7792198728	14.0
1213615.828411793	11.0
1213666.0921892948	12.0
1213716.464961954	12.0
1213766.7538643146	15.0
1213817.2715356702	15.0
1213867.9199892299	14.0
1213918.319611961	14.0
1213968.2598206277	15.0
1214018.0809695474	14.0
1214068.6527386298	16.0
1214119.5954657402	16.0
1214170.4477391785	15.0
1214220.8659745438	13.0
1214270.6625654607	15.0
1214320.4314096097	14.0
1214370.7520235155	15.0
1214421.4600602123	16.0
1214472.3630463905	15.0
1214523.244775825	14.0
1214573.8733988665	14.0
1214623.9999312258	13.0
1214673.3612308204	13.0
1214722.7652288466	14.0
1214773.8677091678	13.0
1214824.1243446835	11.0
1214874.469419696	10.0
1214924.8641943247	10.0
1214975.2726192768	10.0
1215025.6472787296	11.0
1215075.9444392142	10.0
1215126.1243186241	10.0
1215176.153610192	12.0
1215226.0068114286	13.0
1215275.6493920598	14.0
1215326.0392315758	10.0
1215376.4071088415	10.0
1215426.767074103	10.0
1215477.0179593214	10.0
1215527.0925001951	10.0
1215577.0857555799	13.0
1215627.6064375301	11.0
1215677.9224851183	14.0
1215728.3062721158	11.0
1215778.830854858	12.0
1215829.2665583973	12.0
1215879.4578081889	13.0
1215929.381741229	17.0
1215979.3353933524	19.0
1216029.6198446993	17.0
1216080.156213247	17.0
1216130.6981489477	13.0
1216181.0061092083	13.0
1216231.037814831	14.0
1216281.5926602653	17.0
1216333.010789912	15.0
1216357.19401133	14.0
1216384.584596707	13.0
1216435.3981537072	10.0
1216484.7766501806	10.0
1216532.729169015	10.0
1216581.6407219707	14.0
1216634.449111936	13.0
1216685.8171683447	14.0
1216735.231949179	14.0
1216787.7768336763	14.0
1216841.8486721679	16.0
1216894.207181545	14.0
1216942.314645179	13.0
1216987.1659509663	10.0
1217033.7115826663	10.0
1217084.1944846176	10.0
1217137.526751574	13.0
1217191.2233133686	11.0
1217242.8010260486	11.0
1217292.99858621	12.0
1217343.2087136041	11.0
1217393.4330730191	10.0
1217443.6696577782	10.0
1217493.9120616005	10.0
1217544.1542864928	10.0
1217594.3877890946	10.0
1217644.6132080322	10.0
1217694.8442318803	10.0
1217745.080012818	10.0
1217795.3130223677	10.0
1217845.5386549684	10.0
1217895.7498267535	10.0
1217945.9425209227	10.0
1217996.1850810968	11.0
1218046.4158861185	11.0
1218096.6401069749	13.0
1218147.0885815483	17.0
1218197.1711253233	18.0
1218247.1179469198	17.0
1218297.2719927984	15.0
1218347.583367806	11.0
1218397.9685663937	25.0
1218448.3239004212	20.0
1218498.5730694104	14.0
1218548.8087799796	10.0
1218599.1639728756	10.0
1218649.475416749	10.0
1218699.3659067692	13.0
1218749.940817795	12.0
1218799.7888166253	18.0
1218819.1383455624	18.0
1218850.3399605355	19.0
1218900.3476844188	15.0
1218952.3058148567	18.0
1219000.6146299506	18.0
1219050.2984653327	16.0
1219102.0279657887	15.0
1219152.9951924358	10.0
1219201.9670712368	10.0
1219251.464734028	10.0
1219302.1541167074	10.0
1219353.2862758804	10.0
1219403.8448307046	10.0
1219454.074409405	14.0
1219504.3661849413	19.0
1219554.6691603207	12.0
1219604.9123590125	11.0
1219655.0484269904	11.0
1219705.3816194325	13.0
1219755.034691085	13.0
1219804.9476475476	12.0
1219855.017314803	10.0
1219905.2266469034	12.0
1219955.5463359186	13.0
1220005.9351834746	12.0
1220056.3471116319	10.0
1220106.7378884081	10.0
1220157.0683196161	10.0
1220207.3113359804	10.0
1220257.4598730728	10.0
1220307.5512154705	10.0
1220357.7225083348	10.0
1220408.011969106	10.0
1220458.378694143	10.0
1220508.73969652	11.0
1220559.0206937809	11.0
1220609.192865221	15.0
1220659.3988525998	16.0
1220709.7691736778	17.0
1220760.1959116603	14.0
1220810.58338571	11.0
1220860.8512067047	12.0
1220910.9308477482	15.0
1220960.9848789226	16.0
1221011.5420639429	11.0
1221062.184642507	10.0
1221112.480161834	12.0
1221162.4192778876	9.0
1221212.5011719484	11.0
1221262.7553250822	10.0
1221313.1358805427	10.0
1221363.5672101178	10.0
1221413.9604516122	10.0
1221464.2429945657	10.0
1221514.3732158784	10.0
1221564.932226208	11.0
1221615.9618378314	14.0
1221664.9862570558	15.0
1221714.7401139091	15.0
1221765.2597710963	17.0
1221816.1389981094	16.0
1221866.7858699718	17.0
1221916.8278278988	10.0
1221966.5699557676	11.0
1222016.73725871	19.0
1222067.3120529996	20.0
1222117.8704758955	19.0
1222168.1031184783	19.0
1222218.314956438	21.0
1222268.5883237848	19.0
1222318.8408393613	13.0
1222369.0216625433	14.0
1222419.2834874894	14.0
1222469.5822132428	12.0
1222519.7038018284	9.0
1222570.4835299847	9.0
1222620.7699265704	9.0
1222670.4743790724	9.0
1222720.4616807608	9.0
1222770.5954976943	9.0
1222820.8512483083	9.0
1222871.1966885442	8.0
1222921.5930152964	9.0
1222972.001451938	9.0
1223022.376039416	9.0
1223072.6702730975	9.0
1223122.8748373922	9.0
1223173.324140727	9.0
1223223.8853962596	9.0
1223274.090364864	11.0
1223323.8832895765	9.0
1223374.5256116125	9.0
1223426.1176766867	9.0
1223477.0624103865	9.0
1223526.180341169	9.0
1223574.5764689923	9.0
1223624.4020859718	9.0
1223675.7027846968	9.0
1223727.1191267392	16.0
1223777.6190947853	21.0
1223828.641822947	16.0
1223878.955002838	14.0
1223928.2375817006	17.0
1223978.2022685178	16.0
1224028.9397281734	11.0
1224079.6613719861	12.0
1224129.905978096	14.0
1224180.1263263677	16.0
1224230.347324331	16.0
1224280.5668651832	14.0
1224330.922643399	15.0
1224381.3507376905	13.0
1224431.5504639468	15.0
1224481.5292541184	14.0
1224531.6028880603	14.0
1224581.8117194308	15.0
1224632.1298878116	14.0
1224682.4926909492	12.0
1224732.8132334321	16.0
1224783.0773425407	17.0
1224833.4337260916	15.0
1224883.658627096	17.0
1224933.7642719732	19.0
1224983.9356352468	17.0
1225034.1859732033	15.0
1225084.4857966749	13.0
1225134.7881706078	17.0
1225185.0461984598	14.0
1225235.236530894	17.0
1225285.492069137	18.0
1225336.292628015	17.0
1225387.4430456255	9.0
1225438.502491184	8.0
1225489.0150062884	8.0
1225538.6868455505	8.0
1225587.585891452	8.0
1225636.4507572397	8.0
1225686.5222529382	8.0
1225737.7757879132	6.0
1225789.3048152404	17.0
1225839.9398806742	9.0
1225890.1170118197	7.0
1225940.3519267994	8.0
1225990.6250992566	8.0
1226040.8961259543	8.0
1226091.123738909	8.0
1226141.3831702892	7.0
1226191.6846919311	7.0
1226241.9926001192	7.0
1226292.26539109	7.0
1226342.47082736	10.0
1226392.6001526788	13.0
1226442.675691411	13.0
1226492.8053096998	13.0
1226543.071191109	12.0
1226593.4219418794	12.0
1226643.738906498	12.0
1226693.9664662967	11.0
1226744.1870870495	12.0
1226794.4077085054	7.0
1226844.62833062	9.0
1226894.8499500982	10.0
1226945.0737414449	10.0
1226995.3338820296	12.0
1227045.6012124	12.0
1227095.835810234	9.0
1227146.0162490378	11.0
1227196.1772221404	14.0
1227246.3928687526	7.0
1227296.6702227956	7.0
1227346.9528714253	7.0
1227397.1782404569	7.0
1227447.3412059434	9.0
1227497.5222398078	9.0
1227547.7650994197	11.0
1227598.0376977378	14.0
1227648.2827708106	14.0
1227698.503382499	10.0
1227712.3017208942	9.0
1227748.7239962257	10.0
1227798.9856074324	9.0
1227849.3555911707	16.0
1227899.3500688279	17.0
1227949.54093298	17.0
1227999.9078037324	15.0
1228050.646819699	13.0
1228101.576954436	14.0
1228150.7053757561	17.0
1228200.4219807752	14.0
1228250.5331752447	10.0
1228300.9587427138	8.0
1228351.552023732	7.0
1228402.1403363668	8.0
1228452.5639391132	8.0
1228502.8060772268	8.0
1228553.0921820381	8.0
1228603.3779688994	8.0
1228653.6025383582	8.0
1228703.7253321214	8.0
1228754.0404199592	8.0
1228804.3408464405	8.0
1228854.3301755732	8.0
1228904.7334333297	8.0
1228955.106016166	8.0
1229005.1651611382	8.0
1229055.698166401	8.0
1229105.923005683	8.0
1229156.0928749628	8.0
1229206.6252234716	8.0
1229256.8047932046	8.0
1229306.947770647	8.0
1229357.2487887917	8.0
1229407.6051285572	8.0
1229457.8749276525	8.0
1229508.118440824	7.0
1229558.4297946915	7.0
1229608.7586312643	7.0
1229659.0615420335	7.0
1229709.304516945	7.0
1229759.471410111	8.0
1229809.568789645	8.0
1229859.707093762	8.0
1229909.9961897538	7.0
1229960.4036236745	8.0
1230010.8303599346	9.0
1230061.1633718456	7.0
1230111.3138948705	8.0
1230161.2839999397	13.0
1230211.2941537576	16.0
1230261.8808684456	13.0
1230312.3448379776	11.0
1230362.3320735618	7.0
1230412.4480417399	7.0
1230462.7573933292	7.0
1230513.1542779445	14.0
1230563.4816082057	15.0
1230613.6236640473	9.0
1230663.7468561498	8.0
1230714.2919356204	8.0
1230765.9960725284	8.0
1230816.6317721906	8.0
1230865.301853062	8.0
1230914.5370230302	10.0
1230964.4588936896	14.0
1231014.9944089649	15.0
1231065.8820521946	12.0
1231116.7829203175	14.0
1231167.3816071462	13.0
1231217.692583992	12.0
1231268.5401542464	13.0
1231319.2764752149	15.0
1231369.0859955412	9.0
1231418.5141775461	8.0
1231468.7511986669	8.0
1231519.5343641897	8.0
1231570.3534173884	8.0
1231620.5765961094	8.0
1231671.4088649368	8.0
1231722.919335817	8.0
1231773.768825652	8.0
1231823.1990313563	8.0
1231872.1923255795	8.0
1231923.745248012	7.0
1231976.4216725752	8.0
1232027.3312557198	14.0
1232075.327474795	11.0
1232123.3303071545	9.0
1232173.3180111614	9.0
1232224.9929786548	7.0
1232276.9416466048	7.0
1232327.8347759142	8.0
1232377.8405269766	8.0
1232427.896473094	8.0
1232478.0528064072	8.0
1232528.3034899875	8.0
1232578.628399314	8.0
1232628.993571314	8.0
1232679.3574283624	8.0
1232729.6831424995	8.0
1232779.9408608784	8.0
1232830.376534212	8.0
1232880.9504155128	8.0
1232931.072187649	8.0
1232980.7327898282	8.0
1233030.8388450104	8.0
1233081.4578903941	8.0
1233131.8585630194	8.0
1233182.0926506186	8.0
1233232.3405241685	8.0
1233282.5903001975	8.0
1233332.829629166	8.0
1233383.0476049709	8.0
1233433.2406395522	8.0
1233483.4438673502	8.0
1233534.0863106763	8.0
1233584.8235810855	8.0
1233635.154278343	8.0
1233685.01928687	8.0
1233734.919393162	8.0
1233784.9182342812	8.0
1233835.0103598589	8.0
1233885.1888050083	8.0
1233935.4421378032	8.0
1233985.756368752	8.0
1234036.1163259672	8.0
1234086.5023938767	8.0
1234136.895378537	8.0
1234187.2737433808	8.0
1234237.6161289224	8.0
1234287.8990156977	8.0
1234338.1036441964	8.0
1234388.3656490948	8.0
1234438.7130387432	8.0
1234488.9136401603	8.0
1234539.5652413717	8.0
1234589.8646847361	8.0
1234639.5932174155	8.0
1234689.6034549924	8.0
1234739.8645933438	8.0
1234790.2951983034	8.0
1234840.757550874	8.0
1234891.0849477719	8.0
1234941.4626226341	7.0
1234992.1189338283	8.0
1235042.916887691	8.0
1235093.683366475	8.0
1235144.2479124188	7.0
1235194.4735578988	8.0
1235244.2955662992	7.0
1235293.7663767375	8.0
1235343.0910295066	8.0
1235392.7622446876	7.0
1235443.042290563	8.0
1235493.8386554993	7.0
1235544.8425434304	8.0
1235595.6645431384	8.0
1235646.0207657465	8.0
1235696.3553464399	7.0
1235746.6881971355	10.0
1235796.8960472809	11.0
1235847.003501383	7.0
1235897.252611289	7.0
1235947.6950013603	8.0
1235998.2517790874	8.0
1236048.8091724436	9.0
1236099.2341479508	8.0
1236149.4292317447	8.0
1236199.3493478405	9.0
1236249.0417385853	8.0
1236298.7628910712	12.0
1236349.1690714029	12.0
1236400.019004531	19.0
1236450.6395200884	17.0
1236500.5743268214	13.0
1236550.8798831918	11.0
1236601.3291428175	12.0
1236651.5970416437	18.0
1236701.8799439045	14.0
1236752.1289540138	9.0
1236802.3237318827	10.0
1236852.4935314588	10.0
1236902.6778849368	14.0
1236952.8787605334	8.0
1237003.0978451166	8.0
1237053.3318687265	8.0
1237103.5771129967	8.0
1237153.8289264585	8.0
1237204.079102341	8.0
1237254.3242944991	8.0
1237304.5576845375	8.0
1237354.7786486468	8.0
1237405.0048320994	8.0
1237455.2679313151	8.0
1237505.5427583747	8.0
1237555.801681054	8.0
1237606.0261052204	8.0
1237656.195277842	8.0
1237706.339810871	8.0
1237756.6470262916	8.0
1237806.9327823306	8.0
1237857.2366105998	8.0
1237907.634464519	8.0
1237957.971933747	8.0
1238008.1132042094	8.0
1238058.0080978759	8.0
1238108.197422702	8.0
1238158.7014794662	8.0
1238208.899420738	8.0
1238259.1353345767	8.0
1238309.3781602702	8.0
1238359.675918288	8.0
1238410.0370145785	8.0
1238460.1828981196	8.0
1238510.2771047375	8.0
1238560.4618841214	8.0
1238610.7217303505	8.0
1238661.0225294956	8.0
1238711.3225498658	8.0
1238761.5658749996	8.0
1238811.8449082433	8.0
1238862.2327897146	8.0
1238912.5983137654	8.0
1238962.7937645772	8.0
1239012.7526215806	8.0
1239063.2756470814	8.0
1239113.0173032896	8.0
1239162.8750548526	7.0
1239213.5905502767	8.0
1239263.9922056394	8.0
1239314.2531469956	8.0
1239364.5405913126	8.0
1239414.8273320647	8.0
1239465.0868009322	8.0
1239515.3021307408	8.0
1239565.459402614	7.0
1239615.5504647624	7.0
1239665.7358748608	7.0
1239716.1066802521	7.0
1239766.386951024	8.0
1239816.6108428014	8.0
1239866.8357318153	8.0
1239917.0596234277	8.0
1239967.283515718	8.0
1240017.5084083483	8.0
1240067.7323020096	8.0
1240117.956197873	8.0
1240168.1810910236	8.0
1240218.4049867413	8.0
1240268.6288846857	8.0
1240318.8537814033	8.0
1240369.0817437293	8.0
1240419.465409526	8.0
1240469.4500876663	8.0
1240519.8366176242	8.0
1240570.0716237973	8.0
1240620.8024515887	8.0
1240671.331299194	10.0
1240720.461877204	7.0
1240770.240307016	7.0
1240820.4517109003	8.0
1240870.9800859091	7.0
1240921.6394511808	8.0
1240972.2391706575	7.0
1241022.6256776147	8.0
1241072.8124993632	7.0
1241123.192150009	8.0
1241173.7494323724	8.0
1241224.2832011492	7.0
1241274.57999497	8.0
1241324.5374738046	10.0
1241374.3265219245	8.0
1241424.2534833425	7.0
1241474.4228841125	7.0
1241524.8214220852	7.0
1241575.3481322348	8.0
1241625.8619176764	9.0
1241676.2108354191	10.0
1241726.5397400053	7.0
1241776.9289051646	11.0
1241827.1231597522	12.0
1241877.1782088056	12.0
1241927.417721962	8.0
1241977.8396919903	8.0
1242028.2716007875	8.0
1242078.5307374585	8.0
1242128.5701814839	8.0
1242178.5812746158	8.0
1242228.7145478986	8.0
1242278.9935440565	8.0
1242329.3678030972	8.0
1242379.7476524296	7.0
1242430.0448551623	8.0
1242480.2672816648	9.0
1242530.4908208305	8.0
1242580.7146802188	8.0
1242630.9597655712	7.0
1242681.3265376326	8.0
1242731.7602388768	8.0
1242782.1726769109	8.0
1242832.474429813	8.0
1242882.599817404	8.0
1242932.5014859238	8.0
1242981.95907711	7.0
1243032.5210391493	7.0
1243082.6049280227	9.0
1243132.8611191565	10.0
1243183.2042613148	14.0
1243233.5379918802	16.0
1243283.758383159	15.0
1243333.9250978197	14.0
1243384.226772887	14.0
1243434.4864814796	11.0
1243484.6716963353	13.0
1243534.8974882802	9.0
1243585.1508628638	8.0
1243635.3949307825	17.0
1243685.643110559	16.0
1243735.9559489228	15.0
1243786.2991364636	13.0
1243836.6366201076	13.0
1243878.6361132863	13.0
1243920.6356064652	14.0
1243962.6350996438	10.0
1244004.6345928228	7.0
1244046.6340860014	7.0
1244088.6335791803	8.0
1244130.633072359	8.0
1244172.632565538	8.0
1244214.6320587166	8.0
1244256.6315518955	8.0
1244298.6310450742	8.0
1244340.630538253	8.0
1244382.6300314318	8.0
1244424.6295246107	8.0
1244466.6290177894	8.0
1244508.628510968	8.0
1244550.628004147	8.0
1244592.6274973257	8.0
1244634.6269905046	8.0
1244676.6264836832	8.0
1244718.6259768622	8.0
1244760.6254700408	8.0
1244802.6249632197	8.0
1244844.6244563984	7.0
1244886.6239495773	7.0
1244928.623442756	9.0
1244970.622935935	12.0
1245012.6224291136	12.0
